Name,Ticker,"Sub-Sector","Market Cap","Additional Paid–in Capital","Investing Cash Flow","Net Change in Cash","Total Liabilities","Loans & Advances","Financing Cash Flow","Long Term Investments","Total Cash Dividend Paid","Reserves & Surplus","Capital Expenditure","Net Property,Plant & Equipment","Operating Cash Flow"
Reliance Industries Ltd,RELIANCE,"Oil & Gas - Refining & Marketing","1840019.2900303397","93104","-137535","9277","940087",,"-31891","123672","7180","736564","139967","1151837","178703"
HDFC Bank Ltd,HDFCBANK,"Private Banks","1169343.2606485","134117.36","-3650.91","21113.39","3861836.7800000003","2724938.16","-102477.54","1186472.89","14826.19","386906.81","4075.89","15257.94","127241.84"
Bharti Airtel Ltd,BHARTIARTL,"Telecom Services","1160404.30227762","71557.6","-60198","1601","351537.79999999993",,"-36533.2","4185.1","6934.9","38447.29999999999","39679.9","229077.8","98332.2"
ICICI Bank Ltd,ICICIBANK,"Private Banks","887112.8190763199","60613.28","-77139.93","51254.56","2319678.8499999996","1420663.71","5589.23","886376.81","7041.27","251868.03","4770.01","24271.85","122805.26"
State Bank of India,SBIN,"Public Banks","877739.4262527401","79115.6","-3386.58","31360.629999999997","6824634.070000001","4250830.74","-13739.08","2205601.11","12226.72","407028.69999999995","5637.22","47757.37","48486.29"
Tata Consultancy Services Ltd,TCS,"IT Services & Consulting","842073.68893932","0","-11886","-1925","72689",,"-42133","218","39571","106878","4146","24809","52094"
Bajaj Finance Ltd,BAJFINANCE,"Consumer Finance","574292.70542025","28281.33","-2765.02","-392.0500000000029","367189.94000000006","407844.14","70527.44","34440.84","2225.24","68287.37","1081.82","3818.1899999999996","-68154.47"
Larsen and Toubro Ltd,LT,"Construction & Engineering","537992.3385507901","138.43","-15488.83","228.4999999999991","263710.41000000003",,"6556.62","11444.65","3849.57","97242.13","4418.83","23132.809999999998","9160.71"
Hindustan Unilever Ltd,HINDUNILVR,"FMCG - Household Products","519095.19751365995","40346","6473","5258","30254",,"-13101","59","12473","8821","1275","9730","11886"
Life Insurance Corporation Of India,LICI,"Insurance","506347.690953555","17.12","40831.7","27892.649999999998","5533064.799999999","0","-3794.28","5298429.46","0","120884.27","776.73","21656.39","-9144.77"
Infosys Ltd,INFY,"IT Services & Consulting","483047.29062591","280","3546","-2254","60991",,"-39786","8930","18656","90548","2727","21962","33986"
Sun Pharmaceutical Industries Ltd,SUNPHARMA,"Pharmaceuticals","451146.9544091","1187.41","-5183.15","983.1200000000008","19422.190000000013",,"-7905.82","4697.7","3617.3","70790.68","2128.58","20290.82","14072.09"
Adani Power Ltd,ADANIPOWER,"Power Generation","424726.11618292","7409.83","-17142.05","-816.3899999999985","55105.429999999986",,"-5175.45","59.51","840.07","39161.71","11559.04","81197.34999999999","21501.11"
Maruti Suzuki India Ltd,MARUTI,"Four Wheelers","408817.6669722","13258.4","-14456.1","-2475","35731.3",,"-4155.1","57927.8","3930","82824.3","10640.6","40911.700000000004","16136.2"
Adani Ports and Special Economic Zone Ltd,ADANIPORTS,"Ports","408399.78971147997","9747.36","-9787.53","523.2299999999977","68319.93",,"-6915.52","3907.57","1336.28","52089.47","8048.92","87938.70999999999","17226.28"
Axis Bank Ltd,AXISBANK,"Private Banks","388638.42215172003","53358.07","-51177.8","-13794.480000000003","1470394.15","1081229.47","-7000.36","396685.07","309.09","132075.28999999998","2445.54","6781.32","44383.68"
ITC Ltd,ITC,"FMCG - Tobacco","385343.795444405","15834.7","-563.84","25.799999999999272","17604.759999999987",,"-17037.4","18432.32","17782.22","52943.94","2278.7","19699.629999999997","17627.04"
Kotak Mahindra Bank Ltd,KOTAKBANK,"Private Banks","381150.2237304","25584.9","-25225.57","13855.36","723480.6300000001","486165.52","22165.2","284255","397.62","130816.07","1212.85","3758.56","16915.73"
NTPC Ltd,NTPC,"Power Generation","380545.66242883","8034.04","-45799.73","563.2199999999939","332374.3500000001",,"-4073","19653.58","8206.54","166340.44999999998","41283.36","372295.86","50435.95"
Adani Enterprises Ltd,ADANIENT,"Commodities Trading","375991.59436953","13907.8","-25709.33","751.109999999997","141372.43",,"21947.34","7631.02","148.2","32489.63","29171.14","127689.9","4513.1"
Oil and Natural Gas Corporation Ltd,ONGC,"Oil & Gas - Exploration & Production","375269.72871497995","0","-42901.34","59.30000000000291","378420.92",,"-47907.55","92364.91","16984.74","337150.34","41030.8","439348.495","90868.19"
Mahindra and Mahindra Ltd,M&M,"Four Wheelers","374901.99406607996","2932.84","-18616.13","393.78999999999905","182839.88999999996",,"15834.11","19361.1","2806.43","73547.87000000001","10391.95","34595.119999999995","3175.81"
Titan Company Ltd,TITAN,"Precious Metals, Jewellery & Watches","364256.2655664","142","546","-2","29021",,"-7","651","976","11393","494","3856","-541"
UltraTech Cement Ltd,ULTRACEMCO,"Cement","335618.1365715","11311.01","-15835.56","-86.36999999999898","59738.700000000004",,"5075.76","2297.4","2011.65","59100.52","9129.33","92720.89","10673.43"
JSW Steel Ltd,JSWSTEEL,"Iron & Steel","319303.1106288","7720","-17012","3625","158715",,"-262","9398","1785","71471","12694","144776","20899"
HCL Technologies Ltd,HCLTECH,"IT Services & Consulting","316520.59020372","7","-4896","-1196","34807",,"-18561","91","16250","69105","1108","11107","22261"
Bharat Electronics Ltd,BEL,"Electronic Equipments","302113.15900257","0","616.94","-492.8700000000001","20830.74",,"-1696.43","742.97","1680.78","19242.91","1011.28","4266.8099999999995","586.62"
Bajaj Auto Ltd,BAJAJ-AUTO,"Two Wheelers","292188.05065125","115.57","-1053.42","1771.08","18921.16999999999",,"4230.07","23011.85","2235.32","34793.91","873.8399999999999","3720.98","-1405.57"
Hindustan Aeronautics Ltd,HAL,"Aerospace & Defense Equipments","289345.50375","0","-10771.09","293.85999999999876","73713.29000000001",,"-2578.51","1754.2","2541.35","34647.22","1756.92","8581.07","13643.46"
Bajaj Finserv Ltd,BAJAJFINSV,"Insurance","283255.6730636","14313.5","-7986.54","91.52000000000407","523084.8700000001","408490.77","70191.31","190129.78","1541.71","57922.21000000001","1863.57","5808.320000000001","-62113.25"
Coal India Ltd,COALINDIA,"Mining - Coal","282684.34835949","0","-10076.36","5814.799999999999","159034.59999999998",,"-13308.5","4416.07","16238.52","92942.19","13292.97","105249.95","29199.66"
Power Grid Corporation of India Ltd,POWERGRID,"Power Transmission & Distribution","278925.10853181","5509.28","-23533.27","332.84000000000015","173356.58000000002",,"-12357.18","3116.65","9765.64","77852.93000000001","24134.04","204477.08000000005","36223.29"
Nestle India Ltd,NESTLEIND,"FMCG - Foods","273839.9165832","0","-1810.9","-722.6700000000001","8183.109999999999",,"-1848.12","575.03","2458.6","3913.79","2008.64","6646.17","2936.35"
Avenue Supermarts Ltd,DMART,"Retail - Department Stores","270269.71868064","6113.47","-2185.31","18.359999999999843","2886.08",,"-259.3","2.01","0","14663.55","3423.04","17227.530000000002","2462.97"
Hindustan Zinc Ltd,HINDZINC,"Mining - Diversified","266385.236355","0","-2706","43","21164",,"-11411","823","12253","12481","3999","21214","14160"
Tata Steel Ltd,TATASTEEL,"Iron & Steel","258421.586430241","31288.08","-13985.25","2524.1200000000017","184105.80000000008",,"-7002.44","5751.46","4489.87","58634.11","15670.52","184784.99000000005","23511.81"
Asian Paints Ltd,ASIANPAINT,"Paints","249113.3064987","0","-940.91","-269.52999999999975","10296.2",,"-3752.58","1479.79","3140.21","19303.89","1830.07","9653.34","4423.96"
Hindalco Industries Ltd,HINDALCO,"Metals - Aluminium","242734.4307284","8235","-24609","-2015","140579",,"-1816","13626","778","115248","20649","117134","24410"
Adani Green Energy Ltd,ADANIGREEN,"Renewable Energy","224543.0534496","3830","-19828","604","88191",,"12068","939","0","2961","24776","94391","8364"
Eternal Ltd,ETERNAL,"Online Services","223724.172283786","33116","-7993","357","5313",,"8042","10920","0","-3721","936","3410","308"
Shriram Finance Ltd,SHRIRAMFIN,"Consumer Finance","217272.13880196","17543.01","3629.85","4499.039999999994","237252.34000000005","245392.79","44521.09","15787.96","1859.3","38550.729999999996","254.59","1119.4699999999998","-43651.9"
Wipro Ltd,WIPRO,"IT Services & Consulting","206682.456642816","269.9","-8044","2502.2999999999984","45351.2",,"-6396.3","2778.5","6275","79999.8","1473.7","13348.5","16942.6"
Grasim Industries Ltd,GRASIM,"Cement","201515.67663226998","35189.31","-23313.19","2495.050000000003","342216.6000000001",,"42977.89","119660.37","1584.05","62727.119999999995","17181.34","133463.56","-17169.65"
Indian Oil Corporation Ltd,IOC,"Oil & Gas - Refining & Marketing","194929.574638932","79.94","-31848.19","-573.4200000000001","316196.87",,"-3424.51","56849.59","9545.1","172635.82","5105.48","274855.62","34699.28"
Eicher Motors Ltd,EICHERMOT,"Trucks & Buses","187891.5140298","434.67","-2460.68","120.57000000000016","5877.919999999996",,"-1398.67","13943.35","1397.45","20834.4","1039.33","3964.9400000000005","3979.92"
SBI Life Insurance Company Ltd,SBILIFE,"Insurance","187011.23867321998","155.66","-21788.86","3542.980000000001","438796.73000000004","0","-214.81","446153.52","270.6","15827.44","106.19","590.3399999999999","25546.65"
Divi's Laboratories Ltd,DIVISLAB,"Labs & Life Sciences Services","182987.492194","80","-804","50","1952",,"-799","65","796","14836","1438","6464","1653"
Varun Beverages Ltd,VBL,"Soft Drinks","173850.0218016","9706.36","-2724.96","-482.1200000000001","5799.780000000001",,"-1266.47","174.28","507.25","9195.669999999998","2739.1","15553.515000000001","3509.31"
BSE Ltd,BSE,"Stock Exchanges & Ratings","171823.18862322","0","-758.37","-550.19","5765.95",,"-205.99","1324.65","205.99","4396.66","153.23","315.89","414.17"
Interglobe Aviation Ltd,INDIGO,"Airlines","164889.47876708","4070.5","-12758.1","377.7999999999993","106475.3",,"-11015.4","1318.3","0","4911.299999999999","1604.8","51784.7","24151.3"
Solar Industries India Ltd,SOLARINDS,"Commodity Chemicals","164782.390155","149.13","-1659.75","331.44999999999993","3555.620000000001",,"-476.36","147.3","76.92","4219.11","1005.95","3263.2200000000003","2467.56"
Adani Energy Solutions Ltd,ADANIENSOL,"Power Infrastructure","161704.65643961998","11948.81","-15222.12","1448.3199999999988","50890.990000000005",,"7975.22","348.72","0","8918.109999999999","9378.14","43618.049999999996","8695.22"
TVS Motor Company Ltd,TVSMOTOR,"Two Wheelers","161624.68881593","0","-2898.96","1759.2","38208.619999999995",,"1155.24","732.07","475.09","8455.87","2478.06","7327.289999999999","3502.92"
Hitachi Energy India Ltd,POWERINDIA,"Heavy Electrical Equipments","158343.3195575","2500.99","-109.99","3678.51","4399.21",,"2294.73","0","16.89","1704.1999999999998","129.09","774.97","1493.77"
ICICI Prudential Asset Management Company Ltd,ICICIAMC,"Asset Management","155068.6680648","3.35","-512.88","-7.670000000000073","810.46","0","-2068.29","3285.19","2012.34","3495.94","411.62","597.9300000000001","2573.5"
Jio Financial Services Ltd,JIOFIN,"Consumer Finance","154955.92446694098","29610.74","6406.18","285.1400000000008","10003.46","10053.12","3962.35","118910.32","0","87532.64","41.8","93.90999999999998","-10083.39"
Torrent Pharmaceuticals Ltd,TORNTPHARM,"Pharmaceuticals","149904.2542848","0","-548.78","-261.6599999999996","6804.9",,"-2297.99","43.57","1083.03","7421.46","611.87","3978.9900000000007","2585.11"
Cummins India Ltd,CUMMINSIND,"Industrial Machinery","149674.14","0","-580.04","-63.1400000000001","2607.0899999999997",,"-1167.96","550.15","1053.36","7505.96","238.04","2345.5899999999997","1684.86"
Pidilite Industries Ltd,PIDILITIND,"Diversified Chemicals","148147.37965488","102.45","-1541.59","-172.89999999999986","4025.93",,"-917.94","389.36","813.38","9601.15","452.34","3130.6399999999994","2286.63"
Vodafone Idea Ltd,IDEA,"Telecom Services","147129.84153135802","112617","-16248.3","89.00000000000091","268175.2",,"7046.7","0","0","-291280.2","10336.5","74778.29999999999","9290.6"
Trent Ltd,TRENT,"Retail - Apparel","145746.30413539","1924.3","-923.31","43.920000000000186","3836.2799999999997",,"-693.67","845.56","113.59","3501.8899999999994","1268.19","4012.769999999999","1660.9"
Hyundai Motor India Ltd,HYUNDAI,"Four Wheelers","145233.596214","0","-409.57","3872.5","13800.890000000001",,"-62.85","0","0","15483.92","5306.84","11669.875","4344.92"
DLF Ltd,DLF,"Real Estate","144384.93181098","25071.15","-3474.99","-642.3299999999995","25922.170000000006",,"-2402.56","20980.61","1233.59","16984.010000000002","96.02","2643.7266","5235.22"
Bharat Heavy Electricals Ltd,BHEL,"Heavy Electrical Equipments","142207.4674182","0","-2730.91","-1395.83","44126.79",,"-856.81","275.57","87.44","24025.75","281.54","3074.33","2191.89"
Power Finance Corporation Ltd,PFC,"Specialized Finance","141689.8690656","2946.07","-2312.03","-323.4600000000064","1022931.2699999998","1091898.4","94257.93","12792.48","8144.01","111492.18","840.47","848.9000000000001","-92269.36"
Tech Mahindra Ltd,TECHM,"IT Services & Consulting","141015.4034801","1765","20","-28.600000000000364","16474.9",,"-5834.3","289.3","3876.9","25154.1","593.5","5930.699999999998","5785.7"
ABB India Ltd,ABB,"Heavy Electrical Equipments","139965.4816875","43.28","363.66","616.94","5802.490000000002",,"-966.23","1.56","915.15","7750.33","239.95","1296.48","1219.51"
Tata Motors Ltd,TMCV,"Trucks & Buses","139818.12223281","0","0","0.1","0.08",,"0.1","0","0","-0.08","0","0","0"
Samvardhana Motherson International Ltd,MOTHERSON,"Auto Parts","139191.283180127","31317.9","-4836.1","-1100.6000000000004","54741.1",,"-2550.7","6530.5","746.3","2858.7999999999956","4561","29226.399999999994","6286.2"
Polycab India Ltd,POLYCAB,"Electrical Components & Equipments","138497.5204452","862.37","-1239.31","-59.059999999999945","3841.9000000000015",,"-628.28","0","451.08","8812.119999999999","969.73","3712.64","1808.53"
Bank of Baroda Ltd,BANKBARODA,"Public Banks","136291.25022754498","31431.76","-6493.92","32187.880000000005","1718570.91","1237240.4","3790.22","427379.68","3930.24","114035.42","6332.49","13544.51","34891.58"
CG Power and Industrial Solutions Ltd,CGPOWER,"Heavy Electrical Equipments","134383.227270925","761.28","-568.08","209.7199999999999","3374.96",,"-166.62","0.76","198.75","2776.8900000000003","427.32","1344.3400000000001","944.42"
Tata Motors Passenger Vehicles Ltd,TMPV,"Four Wheelers","133027.987495","14363","-49982","-5666","254219",,"-18786","8457","2492","96058","38042","149475","63102"
Muthoot Finance Ltd,MUTHOOTFIN,"Consumer Finance","132857.96276268","1510.66","-1374.65","2141.9300000000003","102841.50000000003","120566.57","30041.47","2400.72","964.81","27454.5","217","664.694","-26524.89"
Tata Power Company Ltd,TATAPOWER,"Power Transmission & Distribution","132127.29026845","3107.54","-15436.29","1536.29","113587.25999999998",,"4292.39","15013.97","964.5","32413.57","17272.84","89255.51000000001","12680.19"
Siemens Ltd,SIEMENS,"Conglomerates","131636.3834682","156.7","-502","644.2","9933.2",,"-523.3","1.4","356.8","15128.8","342.3","1837.6000000000001","1669.5"
HDFC Life Insurance Company Ltd,HDFCLIFE,"Insurance","130536.99476802","3895.51","-13632.54","3571.989999999999","333256.95999999996","0","1607.47","334755.68","0","10105.48","300.72","2251.73","15597.06"
Vedanta Ltd,VEDL,"Metals - Diversified","130322.7578055","27424","-19158","1181","146187",,"-19223","1623","21191","13397","17005","133739","39562"
Cholamandalam Investment and Finance Company Ltd,CHOLAFIN,"Consumer Finance","129459.55326788999","4963.91","-2948.12","4434.009999999995","178218.07000000004","182037.64","39795.28","6367.41","168.11","18534.55","199.53","1790.7600000000002","-32413.15"
Britannia Industries Ltd,BRITANNIA,"FMCG - Foods","128732.0607972","244.98","87","-194.21000000000004","4455.429999999999",,"-2761.86","1753.79","1767.54","4086.65","374.85","2858.64","2480.65"
Bharat Petroleum Corporation Ltd,BPCL,"Oil & Gas - Refining & Marketing","127443.59871","4543.3","-19179.99","-1742.8100000000004","136998.13999999998",,"-6240.61","22867.45","6560.92","72609.62999999999","15143.12","113685.44999999998","23677.79"
Indian Railway Finance Corp Ltd,IRFC,"Specialized Finance","126934.398778","1900.87","-0.1","5657.5199999999995","436166.9099999999","5171.59","-2571.95","38.18","3005.76","37698.39","0.82","21.29","8229.57"
Tata Capital Ltd,TATACAP,"Consumer Finance","126753.78394476001","5074.29","3167.12","2707.040000000001","214094.37","221950.37","29412.4","9866.39","77.77","18384.32","1022.24","2019.1200000000003","-29872.48"
Jindal Steel Ltd,JINDALSTEL,"Iron & Steel","124448.96914407","1960.24","-12322.78","-689.4100000000016","38346.32000000001",,"809.41","495.61","199.87","45123.46","10607.09","64146.409999999996","10823.96"
Siemens Energy India Ltd,ENRIN,"Power Generation","123203.4499098","0","-3482.6","132.2","5163.9",,"-55.3","0","0","4310.1","216","611.7999999999998","3670.1"
LTM Ltd,LTM,"IT Services & Consulting","122876.9126031","662.1","-1603.6","268.8000000000002","13040.799999999994",,"-2926.4","532.2","1991.1","23333.300000000003","930.6","5255.5","4798.8"
Union Bank of India Ltd,UNIONBANK,"Public Banks","121374.3291513","25728.27","-1891.35","12037.900000000001","1400525.9199999997","956728.68","-3550.15","361903.36","2748.1","80368.2","1669.16","9824.09","17479.4"
GE Vernova T&D India Ltd,GVT&D,"Heavy Electrical Equipments","119814.4155879","271.76","-495.28","339.25000000000006","2887.9700000000003",,"-69.05","0","0","1450.14","87.37","426.5899999999999","903.58"
Tata Consumer Products Ltd,TATACONSUM,"Tea & Coffee","119608.76216232","9986.29","-1311.39","35.06999999999971","11089.879999999994",,"-1075.39","574.42","820.3","11702.279999999999","448.57","3646.579999999998","2421.85"
Punjab National Bank,PNB,"Public Banks","117480.86608549599","50929.71","-1577.63","19359.39","1725626.62","1086273.14","-1138.26","524840.31","1651.65","79909.66","1601.41","13083.3","22075.28"
Billionbrains Garage Ventures Ltd,GROWW,"Investment Banking & Brokerage","116711.2249797","2891.83","139.73","53.23000000000002","5220.389999999998","635.42","875.66","381.26","0","1553.8000000000002","16.49","39.58099999999996","-962.16"
Bajaj Holdings and Investment Ltd,BAJAJHLDNG,"Asset Management","116502.046268","444.42","3054.46","43.13000000000011","2596.5299999999997","0","-1054.57","73808.32","1020.42","62131.840000000004","0.78","203.01","-1956.76"
Apollo Hospitals Enterprise Ltd,APOLLOHOSP,"Hospitals & Diagnostic Centres","116156.43515745","2863.7","-3380.6","72.60000000000014","9546.300000000003",,"1316.8","1054.5","278.4","5276.7","1712.7","10878.7","2136.4"
Canara Bank Ltd,CANBK,"Public Banks","115795.93398516001","13983.85","-2437.17","54725.420000000006","1624084.79","1049332.06","-3505.99","426188.44","2920.75","89618.78","0","10301.59","60668.58"
HDFC Asset Management Company Ltd,HDFCAMC,"Asset Management","115056.59313606001","698.74","-597.93","1.8000000000004093","620.6700000000001","0","-1475.07","8254.84","1495.05","7324.34","44.79","192.62000000000003","2074.8"
Cipla Ltd,CIPLA,"Pharmaceuticals","113051.6864127","1692.6","-3681.88","30.30999999999949","6044.26",,"-1292.79","639.54","1049.83","29339.33","1548.2","7676.46","5004.98"
Indus Towers Ltd,INDUSTOWER,"Telecom Infrastructure","112832.16576414","2134.3","-10910.5","86.60000000000036","30669.59999999999",,"-8647.9","0","0","27725.9","6784","44947.09999999999","19645"
Dr Reddy's Laboratories Ltd,DRREDDY,"Pharmaceuticals","110073.47550505","855.3","-5785.3","748.5999999999999","14095.4",,"1891.1","720.4","666.2","32610.899999999998","3439.8","19378.099999999995","4642.8"
Indian Bank,INDIANB,"Public Banks","109131.02174062","6290.02","-348.4","12784.49","806736.97","571071.18","-4263.51","228420.86","1616.36","63875.92999999999","539.94","8857.33","17396.4"
Marico Ltd,MARICO,"FMCG - Personal Products","108646.582831425","608","-621","93","4015",,"-649","215","500","3237","161","1032","1363"
Bosch Ltd,BOSCHLTD,"Auto Parts","108625.07612","0.8","-1954.8","-110.49999999999989","6427.8",,"-529.1","6290.2","501.7","13783","315.4","2018.3999999999996","2373.4"
Ambuja Cements Ltd,AMBUJACEM,"Cement","106909.25942765","32375.75","-7528.68","300.71000000000004","17129.620000000014",,"5592.04","89.35","562.98","20574.879999999997","8687.05","40872.18000000001","2237.35"
Mankind Pharma Ltd,MANKIND,"Pharmaceuticals","106691.608188","3007.54","-12624.07","21.8700000000008","13083.460000000001",,"10232.56","351.09","0","11283.59","530.76","4450.489999999998","2413.38"
Zydus Lifesciences Ltd,ZYDUSLIFE,"Pharmaceuticals","104733.86484915","0","-8377.1","413.7999999999995","10330.7",,"2014.2","1556.7","302.5","23852.5","1712.6","8884.3","6776.7"
Max Healthcare Institute Ltd,MAXHEALTH,"Hospitals & Diagnostic Centres","104691.83438273","5184.15","-1614.11","-318.59999999999997","5805.570000000001",,"-163.8","2.89","145.58","3224.58","965.53","8426.039999999999","1459.31"
Godrej Consumer Products Ltd,GODREJCP,"FMCG - Personal Products","104667.68819049001","1463.79","-343.12","52.14000000000033","7293.58",,"-2181.49","541.85","2557.28","10433.119999999999","599.34","2029.6899999999987","2576.75"
Lupin Ltd,LUPIN,"Pharmaceuticals","104496.68548865","1287.59","-4171.89","559.9299999999998","11684.120000000003",,"1731.88","87.27","365.31","15824.59","1682.43","8003.379999999997","2999.94"
LG Electronics India Ltd,LGEINDIA,"Home Electronics & Appliances","103438.12481688001","0","-28.57","1518.8700000000001","5546.979999999999",,"-106.45","0","0","5291.4","339.33","1404.42","1653.89"
Gail (India) Ltd,GAIL,"Gas Distribution","102334.539563652","0","-6623.04","171.14999999999964","47935.32000000001",,"-8940.85","22764.61","4275.44","78422.45","7929.71","86256.56999999999","15735.04"
GMR Airports Ltd (India),GMRAIRPORT,"Construction & Engineering","99782.3227464","55.62","-3673.35","-1240.6599999999999","50335.560000000005",,"-1009.87","1627.82","73.71","-4094.29","4128.88","31170.13","3442.56"
Hero MotoCorp Ltd,HEROMOTOCO,"Two Wheelers","99406.1715984","97.69","-1703.35","-221.34999999999945","8986.23",,"-2815.39","7748.27","2799.83","19134.350000000002","856.63","6768.4","4297.39"
Mazagon Dock Shipbuilders Ltd,MAZDOCK,"Shipbuilding","98335.9764","0","-1299.1","66.91000000000031","20864.58",,"-712.04","765.04","711.97","7738.19","743.14","1598.9200000000003","2078.05"
JSW Energy Ltd,JSWENERGY,"Power Generation","94324.56035628001","7241.79","-22989.73","1072.130000000001","60370.350000000006",,"20223.38","7653.69","363.85","18374.39","6708.57","63176.71","3838.48"
Indian Hotels Company Ltd,INDHOTEL,"Hotels, Resorts & Cruise Lines","93889.58969292","6757.81","-1869.46","-222.43000000000018","5200.369999999997",,"-547.34","1379.89","251.77","4260.56","1074.12","10324.09","2194.37"
United Spirits Ltd,UNITDSPR,"Alcoholic Beverages","93435.49057638","4568","-1114","276","5072",,"-557","50","355","3391","162","1783","1947"
Lloyds Metals and Energy Ltd,LLOYDSME,"Mining - Iron Ore","93097.43480544","2700.19","-3975.95","37.36000000000013","3014.5800000000004",,"2807.97","0.04","52.28","2696.6200000000003","785.92","5793.58","1205.34"
Aditya Birla Capital Ltd,ABCAPITAL,"Diversified Financials","92540.97404838","9135.13","932.73","2776.489999999998","246296.25","152643.8","29778.39","112953.19","61.56","18645.5","457.65","1496.4299999999998","-27934.63"
Bharat Forge Ltd,BHARATFORG,"Iron & Steel","90272.69549424","2310.32","-1964.18","-737.5400000000002","10747.920000000002",,"-569.7","709.74","422.09","6846.09","1450.46","8078.356999999999","1796.34"
Ashok Leyland Ltd,ASHOKLEY,"Trucks & Buses","90228.27977327199","2556.28","-5758.6","1327.4499999999998","65701.45",,"6957.58","1942.73","2040.77","9382.05","1648.08","7024.9000000000015","128.47"
Ntpc Green Energy Ltd,NTPCGREEN,"Renewable Energy","89260.110183717","9026","-17793.2","-79.57999999999993","26889.269999999993",,"15714.7","3199.42","0","988.0100000000002","11985.1","35799.37","1998.92"
Meesho Ltd,MEESHO,"Retail - Online","89075.353873545","11091.74","-2637.96","6.670000000000073","5780.5599999999995",,"2105.26","0","0","-10044.23","22.9","95.77000000000001","539.37"
ICICI Lombard General Insurance Company Ltd,ICICIGI,"Insurance","89050.6648464","6934.27","-1137.26","-247.01000000000005","54535.09","0","-257.05","53507.77","0","7054.92","231.15","802","1147.3"
Shree Cement Ltd,SHREECEM,"Cement","88109.186616","2408.63","-3726.01","-101.93000000000029","6885.79",,"-1296.25","1396.47","379.87","19093.039999999997","4104.72","13087.45","4920.33"
Lodha Developers Ltd,LODHA,"Real Estate","87912.182864","9527.9","46.7","-893.3999999999999","29334.200000000004",,"-2505.7","493","223.9","9651.1","474.2","1031.5","1565.6"
REC Ltd,RECLTD,"Specialized Finance","87686.3592","1577.53","-1302.04","-332.5200000000041","536125.7699999998","559088.08","40033.6","6673.64","5608.77","73606.91","82.88","704.85","-39064.08"
Multi Commodity Exchange of India Ltd,MCX,"Stock Exchanges & Ratings","87596.1143553","216.84","-750.83","159.09999999999997","2440.77",,"-40.2","874.08","38.96","1616.5600000000002","95.9","430.00999999999993","950.13"
Aurobindo Pharma Ltd,AUROPHARMA,"Pharmaceuticals","87313.59556625","75.11","-1866.04","2178.36","16832.500000000007",,"119.78","251.7","1.04","32520.13","2519.55","17089.39","3924.62"
Waaree Energies Ltd,WAAREEENER,"Renewable Energy Equipment & Services","86444.9791942","5440.7","-6805.51","388.4399999999996","10110.760000000002",,"4035.74","0","0","3751.2200000000003","3274.1","5928.75","3158.21"
PB Fintech Ltd,POLICYBZR,"Online Services","84553.356966","7810.24","491.48","235.65000000000003","1091.5899999999992",,"-72.69","1533.23","0","-1469.8099999999995","97.12","416.45000000000005","-183.14"
Oracle Financial Services Software Ltd,OFSS,"Software Services","84482.87164515","1909.2","-2371.9","-2269.1","1704.8999999999999",,"-2096.1","0","2080.6","6409.599999999999","35.2","196.29999999999995","2198.9"
Lenskart Solutions Ltd,LENSKART,"Retail - Speciality","84182.96551755999","6765.01","-261.64","434.21000000000015","4183.380000000001",,"-534.78","50.01","0","-979.5700000000006","426.7","3598.7149999999992","1230.63"
Steel Authority of India Ltd,SAIL,"Iron & Steel","82213.975352256","235.12","-5268.5","222.1999999999989","77812.14",,"-4423.6","4975.58","413.05","54539.96","6221.15","80532.84999999999","9914.3"
Oil India Ltd,OIL,"Oil & Gas - Exploration & Production","82046.09697804","0","-13514.41","300.6200000000008","50117.630000000005",,"2482.99","30969.32","2109.29","48141.11","12968.99","52335.810000000005","11332.04"
Hindustan Petroleum Corp Ltd,HINDPETRO,"Oil & Gas - Refining & Marketing","81442.406838175","0","-10556.61","-467.1100000000006","143625.56000000003",,"-4138.24","23793.88","2336.26","49016.08","9579.33","103022.57","14227.74"
Dabur India Ltd,DABUR,"FMCG - Personal Products","79975.68985548","548.02","-448.26","133.1500000000001","5019.490000000002",,"-1405.34","5380.31","974.78","10075.439999999999","569.54","3062.1499999999996","1986.75"
NHPC Ltd,NHPC,"Renewable Energy","79858.02669975","0","-7550.17","-620.4700000000005","57516.53999999998",,"1903.51","444.12","2309.9","29623.13","8851.41","72768.84","5026.19"
Bharti Hexacom Ltd,BHARTIHEXA,"Telecom Services","79785","104","-2340.6","-22.699999999999363","13318.899999999996",,"-2264.7","0","200","5578.1","1492.1","8809.899999999998","4582.6"
Persistent Systems Ltd,PERSISTENT,"Software Services","79429.42508004","343.87","-516.83","11.889999999999986","2402.4799999999996",,"-628.2","641.5","460.01","5897.27","236.69","1384.6460000000004","1156.92"
IDBI Bank Ltd,IDBI,"Private Banks","78815.10794275","5323.56","-338.28","18467.100000000002","351533.23","218399.16","-6990.32","118452.8","1625.46","45544.090000000004","349.67","12200.02","25795.7"
FSN E-Commerce Ventures Ltd,NYKAA,"Wellness Services","78259.66970448001","1260.49","-205.43","49.16","2636.8699999999994",,"-212.04","0.16","0","-245.22000000000003","127.22","640.25","466.63"
NMDC Ltd,NMDC,"Mining - Iron Ore","77790.0016824","0","305.7","-24.570000000000164","11299.7",,"-2224.55","974.53","2459.8","28816.59","3230.34","9682.050000000001","1894.28"
SRF Ltd,SRF,"Diversified Chemicals","77459.78651325","510.09","-1482.31","-65.34000000000015","8895.19",,"-1070.52","122.76","213.18","11818.67","1231.45","14436.080000000002","2487.49"
Torrent Power Ltd,TORNTPOWER,"Power Transmission & Distribution","76220.44991418","3437.56","-3650.18","-61.72000000000003","18242.929999999993",,"-1216.45","22.15","901.69","13673.85","4330.21","25806.869999999995","4804.91"
Havells India Ltd,HAVELLS,"Electrical Components & Equipments","75760.08137676","263.57","-895.14","-16.629999999999995","5277.58",,"-693.48","888.37","627.1","9129.17","1484.45","4292.599999999999","1571.99"
National Aluminium Co Ltd,NATIONALUM,"Metals - Aluminium","73906.06310888","0","-3970.54","77.90999999999963","5076.72",,"-1757.66","259.29","1836.64","16887.12","1201.3","12632.399999999998","5806.11"
ICICI Prudential Life Insurance Company Ltd,ICICIPRULI,"Insurance","73864.763345625","3794.4","6874.67","-1115.69","302304.76","0","1422.48","303475.44","86.8","6643.98","257.01","1351.28","-9412.84"
One 97 Communications Ltd,PAYTM,"Online Services","73844.783763","26772.2","-2031.1","-2205.1","6450.600000000003",,"-52.7","2581.3","0","-11809.300000000001","321.9","905.1999999999999","-121.3"
Fortis Healthcare Ltd,FORTIS,"Hospitals & Diagnostic Centres","73578.22110408","7215.19","-779.84","-69.75999999999999","4207.590000000002",,"-713.85","169.1","108.87","946.3700000000008","846.94","6320.250900000002","1423.93"
Laurus Labs Ltd,LAURUSLABS,"Pharmaceuticals","73479.87937601999","732.84","-680.33","-39.40000000000006","4733.05",,"39.28","233.26","43.13","3631.87","641","4335.279999999999","601.65"
AU Small Finance Bank Ltd,AUBANK,"Consumer Finance","72909.3165114","5330.04","-4779.63","3090.0299999999997","140679.36999999997","107092.48","2407.25","37847.52","74.32","10967.48","264.36","912.47","5462.41"
Suzlon Energy Ltd,SUZLON,"Renewable Energy Equipment & Services","72102.566228063","12499.09","-748.98","685.99","6853.869999999998",,"343.01","0.03","0","-9125.21","370.61","1315.3199999999997","1091.96"
Federal Bank Ltd,FEDERALBNK,"Private Banks","71464.5918168","10831.53","-3798.58","12403.310000000001","325387.41","244995.36","7400.97","66057.68","294","23215.630000000005","754.65","1527.55","8800.92"
Nippon Life India Asset Management Ltd,NAM-INDIA,"Asset Management","70403.3293131","1148.61","-81.59","2.3200000000001637","457.22","0","-1115.62","3323.76","1201.52","2429.6099999999997","538.53","871.69","1199.53"
Biocon Ltd,BIOCON,"Biotechnology","70076.08411625","258.1","-202.9","2004.2999999999997","30827.1",,"-1854","679.7","82.9","20785.600000000002","2343.3","23686.000000000004","4061.2"
Indusind Bank Ltd,INDUSINDBK,"Private Banks","69897.94264728001","18838.26","-685.21","22468.08","490480.35000000003","345018.63","4875.5","114456.72","1284.9","45075.5","730.99","2496.36","18277.79"
L&T Finance Ltd,LTF,"Consumer Finance","69062.740248435","8110.4","366.9","1592.7199999999993","114149.70000000003","117821.03","15415.06","10563.81","686.77","17368.739999999998","239.46","1173.7099999999998","-14189.24"
Yes Bank Ltd,YESBANK,"Private Banks","69048.1649132","39981.1","8513.66","9248.81","376280.26","246120.16","-5651.25","84724.68","0","1580.489999999998","741.73","3078.4","6386.4"
Bajaj Housing Finance Ltd,BAJAJHFL,"Consumer Finance","68836.39147959","4744.07","-797.55","-2.2299999999995634","82861.94999999998","99512.86","17870.19","2533.32","0","6874.58","41","141.08999999999997","-17074.87"
General Insurance Corporation of India,GICRE,"Insurance","67790.016","1544.07","-275.07","-53.48000000000002","133267.85","0","-1754.4","143280.23","1754.4","59078.43","25.41","299.18","1975.99"
Adani Total Gas Ltd,ATGL,"Gas Distribution","67154.40366798","0","-933.36","86.85999999999999","3457.6600000000017",,"56.35","782.8","27.5","4097.07","940.92","5497.870000000001","963.87"
Glenmark Pharmaceuticals Ltd,GLENMARK,"Pharmaceuticals","67135.5724611","1686.56","57.99","17.43999999999994","7141.900000000002",,"787.05","56.36","70.44","7134.66","749.57","4228.431","-827.6"
Dixon Technologies (India) Ltd,DIXON,"Home Electronics & Appliances","66863.8417321","452.46","-1092.81","30.370000000000054","13279.599999999999",,"-26.57","535.6","32.91","2545.69","939.35","2973.69","1149.75"
Swiggy Ltd,SWIGGY,"Online Services","66806.21177307","40466.93","-1372.44","361.46000000000004","4985.829999999998",,"3903.37","1354.02","0","-30476.09","750.81","2787.9970000000003","-2169.47"
Alkem Laboratories Ltd,ALKEM,"Pharmaceuticals","65001.51225","0","-1288.25","-186.4000000000001","5257.469999999999",,"-810.99","943.24","504.62","11960.96","675.62","2961.4700000000003","1912.84"
Indian Overseas Bank,IOB,"Public Banks","64490.31922345501","9636.5","-578.92","2404.73","362474.62000000005","245555.17","144.1","110587.97","0","3340.26","603.27","4654.82","2839.55"
Bank of India Ltd,BANKINDIA,"Public Banks","63359.478691122","22029.55","-854.48","17714.210000000003","977415.88","653518.22","34.24","268002.29","1274.75","54142.8","723.05","12046.94","18534.45"
CPSE ETF,CPSEETF,"Equity","63157.683627809995",,,,,,,,,,,,
Schaeffler India Ltd,SCHAEFFLER,"Auto Parts","62754.3604683","60","-340.72","499.85999999999996","2164.72",,"-449.45","0","437.65","5956.7","463.83","2388.96","1290.03"
Phoenix Mills Ltd,PHOENIXLTD,"Real Estate","62418.99210175","2491.3","-2162.12","-125.82999999999996","7574.619999999998",,"-47.27","479.48","89.5","7885.339999999999","2617.29","17017.2208","2083.56"
Linde India Ltd,LINDEINDIA,"Commodity Chemicals","61886.49641995","697.25","-1304.86","-833.4399999999998","1322.8000000000009",,"-112.18","57.59","102.02","3037.41","1330.52","2891.506","583.6"
Info Edge (India) Ltd,NAUKRI,"Online Services","61033.06009555","2655.59","-817.77","-68.91999999999994","5954.32",,"-126.99","36512.61","310.21","32118.039999999997","82.25","423.19199999999995","875.84"
UNO Minda Ltd,UNOMINDA,"Auto Parts","61002.53698584","1496.11","-1479.43","-42.73000000000002","5616.85",,"365.23","845.06","143.09","4109.71","1655.71","5024.400000000001","1071.47"
Jindal Stainless Ltd,JSL,"Iron & Steel","60720.98227968001","4119.73","-3433.13","-597.1600000000005","19208.81",,"-1882.39","1641.65","244.86","12403.48","1885.46","15627.480000000001","4718.36"
Bank of Maharashtra Ltd,MAHABANK,"Public Banks","60570.99523125","3867.25","-494.94","11883.210000000001","340776","236083.8","4750.31","82215.73","991.39","17149.17","519.41","2915.62","7627.84"
Coforge Ltd,COFORGE,"IT Services & Consulting","60298.892147119994","2417.4","-2438.1","474.29999999999995","3943.3",,"1675.3","0","509.7","3894.9","614.4","2137.399999999999","1237.1"
Prestige Estates Projects Ltd,PRESTIGE,"Real Estate","59776.74159696","7740.8","-1348.4","-258.5","42332.399999999994",,"959.2","392.5","77.5","7251.499999999999","1582.9","11915.6","130.7"
Colgate-Palmolive (India) Ltd,COLPAL,"FMCG - Personal Products","59439.74045436","12.8","55.97","-220.88999999999987","1354.0800000000002",,"-1671.32","0","1626.21","1624.47","71.42","814.87","1394.46"
SBI Cards and Payment Services Ltd,SBICARD,"Payment Infrastructure","59413.482462215004","1166.1","-2490.57","55.47999999999956","51764.08","53934.62","4686.51","6235.1","287.11","11664.26","55.76","330.26","-2140.46"
Berger Paints India Ltd,BERGEPAINT,"Paints","59285.41297614","118.85","-649.82","13.68999999999994","2958.13",,"-605.54","198.95","408.03","5918.66","429.44","3466.06","1269.05"
Oberoi Realty Ltd,OBEROIRLTY,"Real Estate","59147.17589279","2832.36","-2392.27","-29.29000000000005","7010.430000000002",,"200.4","458.44","363.6","12508.9","692.31","6289.19","2162.58"
IDFC First Bank Ltd,IDFCFIRSTB,"Private Banks","58717.316151171995","16531.54","-3173.91","2617.92","306068.06000000006","233112.53","-8673.26","80505.24","0","14302.129999999997","919.48","2875.82","14465.09"
Abbott India Ltd,ABBOTINDIA,"Pharmaceuticals","58318.709339","0","182.18","268.85","1684.160000000001",,"-925.17","0","871.22","4211.9","52.6","347.89","1011.84"
Tube Investments of India Ltd,TIINDIA,"Cycles","57502.621851209995","395.5","-1615.31","120.50000000000011","8187.109999999999",,"522.4","30.86","162.21","5120.88","1212.95","4181.65","1213.41"
Vishal Mega Mart Ltd,VMM,"FMCG - Foods","57111.440230484","113.66","-610.5","309.99999999999994","3591.759999999999",,"-478.57","0","0","1690.2099999999998","263.84","2264.7959999999994","1399.07"
Rail Vikas Nigam Ltd,RVNL,"Specialized Finance","56212.141896","0","1629.39","2023.4099999999999","10910.689999999999",,"-1484.17","2559.38","439.94","7485.69","431.75","1027.36","1878.19"
Fertilisers And Chemicals Travancore Ltd,FACT,"Fertilizers & Agro Chemicals","56120.55230501999","0","-282.26","-217.33999999999997","4664.880000000001",,"-75.05","158.07","62.68","723.62","153.34","1167.22","139.97"
Max Financial Services Ltd,MFSL,"Insurance","56094.95487834","4680.45","-9703.31","609.8999999999999","183595.44000000003",,"1961.41","179840.6","0","525.3800000000001","218.08","84.69560000000001","8351.8"
HDB Financial Services Ltd,HDBFS,"Consumer Finance","55785.506099959995","3371.4","1159.02","302.6100000000006","92843.54","103343.04","12769.92","2060.13","238.1","11652.57","209.79","735.09","-13626.33"
Coromandel International Ltd,COROMANDEL,"Fertilizers & Agro Chemicals","55117.65406724","244.31","-2637.69","-871.9","7694.539999999996",,"-697.82","169.19","352.82","10814.060000000001","850.64","4236.849999999999","2463.61"
JSW Infrastructure Ltd,JSWINFRA,"Ports","54818.90248637","2784.83","-1691.24","-112.13999999999999","6318.28",,"-521.34","22.98","115.5","6497.370000000001","2075.57","10800.55","2100.44"
MRF Ltd,MRF,"Tires & Rubber","53915.5303875","9.42","-2082.23","67.56999999999994","11078.349999999995",,"282","1134.82","84.82","18474.800000000003","1308.17","14389.41","1867.8"
Hindustan Copper Ltd,HINDCOPPER,"Mining - Copper","53631.1521492","479.1","-402.26","-10.319999999999965","1046.8999999999999",,"-152.28","27.07","88.97","1698.3000000000002","419.93","2497.38","544.22"
UPL Ltd,UPL,"Fertilizers & Agro Chemicals","53607.38439243","4866","-1823","3535","48186",,"-4793","2008","77","24188","1695","20486","10151"
Knowledge Realty Trust,KRT,"Real Estate","52055.416211799","3590.7","-479.92","-54.620000000000346","22614.83000000001",,"-2297.84","93.33","64.31","-1745.6499999999999","660.19","19915.148000000005","2723.14"
Godrej Properties Ltd,GODREJPROP,"Real Estate","51789.65898754","14355.55","-4272.71","194.4399999999996","37875.99000000001",,"6709.53","2221.6","0","2806.3199999999997","211.53","1377.05","-2242.38"
APL Apollo Tubes Ltd,APLAPOLLO,"Building Products - Pipes","51563.94239255","408.37","-374.71","23.639999999999986","3387.52",,"-814.93","126.17","152.63","3744.84","722.5","3865.9399999999996","1213.28"
Altius Telecom Infrastructure Trust,ALTIUSINVIT,"Telecom Infrastructure","51196.32","0","-11056.4","377.5","59652.600000000006",,"4367.7","0","0","-16232.9","684.8","62624.3","7066.2"
Motilal Oswal Financial Services Ltd,MOTILALOFS,"Diversified Financials","50944.445794440006","497.79","-1077.28","882.4599999999999","22785.680000000008","10438.08","745.14","8850.64","299.85","10519.869999999999","183.66","868.5","1214.6"
Apar Industries Ltd,APARINDS,"Electrical Components & Equipments","50917.356094","1190.25","-705.24","102.4199999999999","6760.010000000001",,"-482.91","11.06","204.61","3273.12","509.69","1670.8100000000002","1290.57"
Patanjali Foods Ltd,PATANJALI,"Packaged Foods & Meats","50830.993015425","4704.38","-14.1","-428.27","4146.319999999999",,"-611.27","20.62","291.05","6594.089999999999","144.31","4121.3258000000005","197.1"
Tata Communications Ltd,TATACOMM,"Telecom Services","50604.6","725.01","-2173.33","-198.14999999999998","23419.57",,"-935.63","1798.23","477.19","2011.16","2205.59","12933.989999999998","2910.81"
Thermax Limited,THERMAX,"Industrial Machinery","49735.514733209995","64.55","-1220.12","-53.77999999999993","7065.4",,"123.55","130.72","135.23","4849.8099999999995","902.67","3234.13","1042.79"
Sundaram Finance Ltd,SUNDARMFIN,"Consumer Finance","49371.6753925","0","931.11","-233.21000000000004","62139.83999999998","64647.22","7820.93","6481.03","330.65","13086.62","57.37","978.48","-8985.25"
NLC India Ltd,NLCINDIA,"Metals - Diversified","49177.067338185","0","-7159.56","-378.50999999999976","35959.09000000001",,"-2196.07","8.08","440.32","17336.33","7340.18","45996.350000000006","8977.12"
KEI Industries Ltd,KEI,"Cables","48945.5926281","2603.17","-1500.66","385.66999999999985","1448.8600000000008",,"1918.54","1.72","41.76","3163.4700000000003","697.66","1378.56","-32.21"
Bharat Dynamics Ltd,BDL,"Aerospace & Defense Equipments","47792.41875","0","-407.13","-459.99","7804.919999999998",,"-220.25","3.91","216.7","3825.67","282.74","950.5362999999999","167.39"
Radico Khaitan Ltd,RADICO,"Alcoholic Beverages","47758.5800965","401.03","-171.49","-46.079999999999984","1913.8799999999999",,"-237.45","198.27","40.13","2325.92","180.95","1829.2593999999997","362.86"
360 One Wam Ltd,360ONE,"Investment Banking & Brokerage","44993.1326628","4836.33","-1065.15","297.4499999999998","12703.110000000004","8395.15","3773.47","7608.12","216.69","2189.4800000000005","55.24","699.73","-2410.87"
Premier Energies Ltd,PREMIERENE,"Renewable Energy","44881.653615359995","1436.78","-2410.29","545.5799999999999","4018.6000000000004",,"1607.82","9.7","22.39","1340.2500000000002","620.2","1220.3239999999998","1348.05"
Supreme Industries Ltd,SUPREMEIND,"Plastic Products","44049.1077099","47.49","-798.09","-234.39","1507.3800000000008",,"-440.02","719.62","406.49","5587.54","890.44","3027.1","1003.72"
PI Industries Ltd,PIIND,"Diversified Chemicals","44012.14079748","2199.9","-1420.7","-294.20000000000005","2092.4",,"-286.5","271.6","227.6","7941.9","850","4205","1413"
Anthem Biosciences Ltd,ANTHEM,"Biotechnology","43957.37763305","125.19","-152.11","132.62999999999997","397.7100000000002",,"-133.6","16.93","0","2172.86","314.67","1001.98","418.34"
Authum Investment & Infrastructure Ltd,AIIL,"Specialized Finance","43127.9170175","661.89","-290.3","-91.29999999999998","1398.0599999999981","2104.16","-126.72","12738.77","0","14010.470000000001","72.65","420.54999999999995","325.72"
Mahindra and Mahindra Financial Services Ltd,M&MFIN,"Consumer Finance","42936.9454749","7195.4","-1076.74","926.7100000000028","122532.27999999998","123513.56","17605.33","10589.79","777.78","14087.08","441.89","1273.11","-15601.88"
Voltas Ltd,VOLTAS,"Home Electronics & Appliances","42876.0446092","4.77","157.94","-165.88","6567.350000000001",,"-99.71","2844.55","181.99","6475.4","208.18","983.52","-224.11"
Page Industries Ltd,PAGEIND,"Apparel & Accessories","42702.606609","41.2","11.66","205.10000000000002","1235.83",,"-1010.15","0","914.62","1354.84","79.57","829.8000000000001","1203.59"
Mphasis Ltd,MPHASIS,"IT Services & Consulting","42514.03874","370.4","31.94","181.43000000000006","5115.950000000002",,"-1755.71","423.78","1040.1","9067.91","61.84","1471.7080000000005","1905.2"
Indian Railway Catering and Tourism Corporation Ltd,IRCTC,"Online Services","42228","0","-252.4","-328.8299999999999","3136.0899999999997",,"-909.8","0","880","3503.36","47.63","839.8111000000001","833.37"
IPCA Laboratories Ltd,IPCALAB,"Pharmaceuticals","41774.93653588","96.52","-869.5","168.83999999999992","3355.36",,"-282.98","216.32","101.48","6826.5599999999995","775.52","4723.08","1321.32"
Balkrishna Industries Ltd,BALKRISIND,"Tires & Rubber","41659.854445","0","-1479.51","5.620000000000118","5247.060000000002",,"-279.01","1561.57","309.51","10348.94","1483","7926.990000000001","1764.14"
J K Cement Ltd,JKCEMENT,"Cement","41296.01674695","756.8","-1890.33","122.89000000000017","10626.32",,"73.83","144.19","154.43","5254.91","1719.8","10676","1939.39"
Housing and Urban Development Corporation Ltd,HUDCO,"Specialized Finance","41225.1267","1.26","-938.52","-325.8099999999977","110527.59999999999","124312.67","32215.38","1317.88","1151.09","15964.89","21.74","103.93000000000002","-31602.67"
Gujarat Fluorochemicals Ltd,FLUOROCHEM,"Specialty Chemicals","41202.538","741.17","-1120.54","23.6400000000001","3304.15",,"598.94","10.5","32.96","6450.44","882.15","5847.639999999999","545.24"
Embassy Office Parks REIT,EMBASSY,"Real Estate","41181.243664634996","0","-1635.33","-348.3499999999997","26174.559999999994",,"-1792.34","2952.91","2137.44","-6065.05","1750.97","37360.255","3079.32"
UTI Nifty 50 ETF,NIFTYBETA,"Equity","40951.792829640006",,,,,,,,,,,,
Ajanta Pharma Ltd,AJANTPHARM,"Pharmaceuticals","39839.47178112","3.66","-376.52","47.30000000000007","1114.14",,"-733.41","25.24","349.37","3761.56","317.92","1903.59","1157.23"
GlaxoSmithKline Pharmaceuticals Ltd,GLAXO,"Pharmaceuticals","39756.20805912","0","-45.8","474.6800000000002","2156.7699999999995",,"-769.42","0","749.38","1781.9","23.02","290.9314","1289.9"
Petronet LNG Ltd,PETRONET,"Oil & Gas - Storage & Transportation","39697.50232892","0","-3188.54","-942.25","7446.89",,"-2151.63","669.98","1500","18377.53","1456.89","10477.75","4397.92"
Cochin Shipyard Ltd,COCHINSHIP,"Shipbuilding","39667.3200084","931.52","537.6","-35.73999999999995","7813.819999999999",,"-276.69","0.19","256.5","4516.200000000001","403.21","3562.7000000000003","-296.65"
Aster DM Healthcare Ltd,ASTERDM,"Hospitals & Diagnostic Centres","39536.514225959996","2230.61","6015.12","82.35999999999967","2948.72",,"-6357.81","243.69","6175.32","323.55999999999995","356.73","3942.94","425.05"
Astral Ltd,ASTRAL,"Building Products - Pipes","38782.79553699","401.4","-512.6","-1.2999999999999972","1355.1",,"-118.3","0","100.7","3188.7","544.8","2432","629.6"
Narayana Hrudayalaya Ltd,NH,"Hospitals & Diagnostic Centres","38637.7126104","506.41","-1324.67","205.41999999999985","3642.6400000000003",,"544.31","104.26","81.24","2916.8500000000004","1081.96","4232.672","985.78"
Container Corporation of India Ltd,CONCOR,"Logistics","38396.968193025","0","-628.63","168.8499999999999","1965.1599999999999",,"-914.06","1009.44","731.14","12075.54","910.38","7432.799999999999","1711.54"
L&T Technology Services Ltd,LTTS,"Software Services","37978.92040958","1276.2","-442.8","212.79999999999995","3996.5999999999985",,"-799.5","467.9","592.8","5175.3","185.1","1027","1455.1"
Godrej Industries Ltd,GODREJIND,"Diversified Chemicals","37861.916313429996","930.38","-4562.01","976.039999999999","66380.13999999998",,"10688.83","6223.78","67.56","9187.480000000001","780.84","6168.739999999999","-5150.78"
AIA Engineering Ltd,AIAENG,"Industrial Machinery","36975.3970014","4.57","-202.82","216.77999999999997","896.0700000000008",,"-742.71","93.47","137.16","6903.76","137.07","1231.2133","1162.31"
Sona BLW Precision Forgings Ltd,SONACOMS,"Auto Parts","36612.587915820004","2937.34","-1762.33","956.5000000000002","892.3499999999991",,"1943.64","45.69","189.2","1935.71","417.13","2072.701","775.19"
Gland Pharma Ltd,GLAND,"Pharmaceuticals","36605.582062140005","1933.04","1717.87","2199.12","2022.1000000000013",,"-433.48","0","329.49","7201.2300000000005","394.17","4049.59","914.73"
Navin Fluorine International Ltd,NAVINFLUOR,"Specialty Chemicals","36142.31518935","33.64","-511.07","13.03999999999995","2204.1499999999996",,"-46.7","8.12","59.5","2582.6600000000003","566.77","3003.95","570.81"
Godfrey Phillips India Ltd,GODFRYPHLP,"FMCG - Tobacco","35958.4751328","0","402.32","18.189999999999998","1715.0499999999993",,"-491.38","3018.29","469.26","5235.42","167.75","754.48","107.25"
Endurance Technologies Ltd,ENDURANCE,"Auto Parts","35901.37869504","16.04","-988.28","514.2300000000001","3408.52",,"-29.18","15.68","119.56","5560.71","1053.42","3854.286","1531.69"
United Breweries Ltd,UBL,"Alcoholic Beverages","35662.96649712","629.38","-239.42","212.77","3853.150000000002",,"217.14","7.85","264.63","3708.0999999999995","258.3","1989.33","235.05"
Indian Renewable Energy Development Agency Ltd,IREDA,"Specialized Finance","35612.624784436","864.26","-517.65","-16.920000000000073","69468.40999999999","75281.92","14960.41","600.14","0","6714.5199999999995","27.31","348.7900000000001","-14459.68"
Kalyan Jewellers India Ltd,KALYANKJIL,"Precious Metals, Jewellery & Watches","35479.789811484996","1623.45","-176.55","192.61000000000013","10322.359999999999",,"-840.24","5.27","123.61","2148.6899999999996","464.83","2848.8740000000003","1209.4"
Bagmane Prime Office REIT,BAGMANE,"Real Estate","35360","0","-488.37","155.66999999999996","5646.199999999999",,"-951.85","0","0","1579.71","458.61","6094.65","1595.89"
3M India Ltd,3MINDIA,"Stationery","35079.42798","9.5","321.96","-111.5100000000001","1168.0900000000006",,"-788.57","0","771.66","1825.73","55.42","426.98","355.1"
Poonawalla Fincorp Ltd,POONAWALLA,"Consumer Finance","35028.22478748","5538.72","-481.91","-230.53000000000065","26855.28","32694.96","10820.81","1341.63","0","2481.3599999999997","43.32","254.23000000000002","-10569.43"
Ather Energy Ltd,ATHERENERG,"Two Wheelers","34815.027435079995","4009.1","-100.1","-117.90000000000009","1607.6000000000004",,"702.9","0","0","-3545.2","339","644.9000000000001","-720.7"
J B Chemicals and Pharmaceuticals Ltd,JBCHEPHARM,"Pharmaceuticals","34738.48163016","164.06","-295.9","26.88000000000011","832.0499999999993",,"-579.67","27.98","237.04","3253.69","120.31","809.4152999999999","902.45"
Welspun Corp Ltd,WELCORP,"Iron & Steel","34721.89619976","1028.37","193.8","328.3900000000001","7451.539999999999",,"-1369.08","854.99","130.94","6277.8","852.72","5120.639999999999","1503.67"
Blue Star Ltd,BLUESTARCO,"Home Electronics & Appliances","34500.500247159995","1171.11","-463.05","62.84000000000003","5180.9800000000005",,"-162.18","17.94","143.92","1852.7900000000002","372.03","1600.89","688.07"
National Highways Infra Trust,NHIT,"Roads","34238.195106","0","-18309.37","1.6000000000003638","23055.52",,"16212.3","0","1047.27","-997.68","18257.31","26123.6654","2098.67"
Delhivery Ltd,DELHIVERY,"Logistics","34201.41535432","15768.23","-102.12","32.97000000000003","2630.9999999999973",,"-432.27","1022.11","0","-6410.639999999999","483.18","2562.8179999999993","567.36"
Tata Investment Corporation Ltd,TATAINVEST,"Asset Management","33499.1454816","305.02","-165.99","-102.41","3750.8900000000094","0","-142.63","34626.44","141.71","30735.149999999998","0.74","160.51839999999999","206.21"
Global Health Ltd,MEDANTA,"Hospitals & Diagnostic Centres","33315.15405732","1072.03","-720.94","-194.41000000000008","1378.7300000000012",,"-97.23","2.71","0","2260.66","516.55","3047.34","623.76"
Emcure Pharmaceuticals Ltd,EMCURE,"Pharmaceuticals","32874.8274498","785.25","-96.05","-58.299999999999955","3480.1799999999994",,"-813.96","19.34","0","3471.45","406.93","2803.21","851.71"
KPR Mill Ltd,KPRMILL,"Textiles","32764.58097","38.63","-450.03","39.40999999999997","959.5200000000001",,"-911.88","1.5","170.9","4929.19","168.69","2500.73","1401.32"
Physicswallah Ltd,PWL,"Education Services","32185.8390875","1917.71","-1513.22","0.4399999999999409","2614.53",,"1006.76","60.04","0","-1445.99","166.78","1264.715","506.9"
Dalmia Bharat Ltd,DALBHARAT,"Cement","32013.756858040004","7360","-2270","-192","12671",,"-39","675","169","9976","2664","18183","2117"
ITC Hotels Ltd,ITCHOTELS,"Hotels, Resorts & Cruise Lines","31977.852295768","10546.75","-2205.74","27.390000000000327","1743.9499999999982",,"1429.68","502.48","0","-62.70000000000073","385.93","8326.73","803.45"
Escorts Kubota Ltd,ESCORTS,"Tractors","31859.5310484","3189.91","-193.85","107.48000000000002","2731.789999999998",,"-701.86","3272.95","305.46","7080.889999999999","255.72","2203.5","1003.19"
Procter & Gamble Hygiene and Health Care Ltd,PGHH,"FMCG - Personal Products","31230.4741056","75.19","-34.28","-107.29999999999995","1017.74",,"-666.23","0","665.45","629.3399999999999","55.03","172.08000000000007","593.21"
Hexaware Technologies Ltd,HEXT,"IT Services & Consulting","31216.39686204","596.7","-914.1","-5.800000000000068","4589.699999999999",,"-830.8","0.5","699.5","5658","167.5","1603.5999999999995","1739.1"
Schneider Electric Infrastructure Ltd,SCHNEIDER,"Heavy Electrical Equipments","31083.52455","0","-66.36","211.12999999999997","1185.19",,"-30.4","0","0","409.64","63.09","505.3499999999999","307.89"
Jubilant Foodworks Ltd,JUBLFOOD,"Restaurants & Cafes","31078.411191034997","47.73","-850.06","-31.50999999999999","6221.2",,"-849.45","119.47","78.9","1923.05","875.94","5012.897","1668"
Bandhan Bank Ltd,BANDHANBNK,"Private Banks","30955.710024540003","5421.08","-3878.72","-6601.039999999999","167230.63","131987.32","-5474.65","40712.28","241.65","17327.050000000003","288.07","1180.38","2752.33"
CRISIL Ltd,CRISIL,"Stock Exchanges & Ratings","30814.79526329","368.45","-267.42","18.220000000000027","1548.799999999999",,"-469.94","494.03","431.47","2657.6800000000003","73.4","756.7500000000002","755.58"
UCO Bank,UCOBANK,"Public Banks","30759.538175487","5042.11","-680.49","7101.55","331476.20999999996","215134.58","5869.5","94152.51","334.77","13303.23","371.57","3851.95","1912.54"
Central Bank of India Ltd,CENTRALBK,"Public Banks","30638.99331249","8596.17","-450.77","-1410.4099999999999","444513.0900000001","283505.4","1500","141652.26","0","19233.910000000003","455.21","5214.03","-2459.64"
Cholamandalam Financial Holdings Ltd,CHOLAHLDNG,"Diversified Financials","30632.137376059996","2742.73","-1037.72","4412.689999999995","197665.96000000002","182037.64","39651.71","24271.21","103.97","9752.890000000001","341.48","2040.45","-34201.3"
Mindspace Business Parks REIT,MINDSPACE,"Real Estate","30588.070829292","0","-1499.89","44.73999999999978","12277.500000000005",,"-472.72","3.89","1243.7","-2527.66","1488.77","24838.732000000004","2017.35"
Star Health and Allied Insurance Company Ltd,STARHEALTH,"Insurance","30585.214033959997","6074.98","-1150.57","223.84999999999997","13529.74","0","-4.19","17702.66","0","396.40000000000055","82.71","184.94","1378.61"
Garden Reach Shipbuilders & Engineers Ltd,GRSE,"Shipbuilding","30326.49648","0","169.78","-1.3799999999999955","8283.229999999998",,"-186.75","0","119.02","1964.71","67.06","543.16","15.59"
Krishna Institute of Medical Sciences Ltd,KIMS,"Hospitals & Diagnostic Centres","30242.5007073","1034","-1115.8","9.100000000000023","3270.4000000000005",,"543.1","77.1","0","1023.8000000000002","1008.9","4195.1","581.8"
LIC Housing Finance Ltd,LICHSGFIN,"Home Financing","30077.44484","4047.52","-938.54","-134.23999999999796","277684.87","302765.82","17413.47","7200.75","495.21","32194.19","73.35","428.5400000000001","-16609.17"
Manappuram Finance Ltd,MANAPPURAM,"Consumer Finance","29978.91169533","1419.17","-124.8","540.9699999999999","36755.82000000001","42251.56","1132.34","787.73","338.57","10843.73","195.82","1109.8749999999998","-466.57"
Angel One Ltd,ANGELONE,"Investment Banking & Brokerage","29639.9603175","1989.08","-340.82","-283.7499999999998","11249.540000000003","3698.78","1916.91","201.59","198.58","3542.0200000000004","163.87","502.97","-1859.84"
Aditya Birla Sun Life AMC Ltd,ABSLAMC,"Asset Management","29519.62778795","34.09","-304.98","4.579999999999984","387.56000000000006","0","-398.92","3691.69","388.94","3548.42","31.28","108.10000000000001","708.48"
Anand Rathi Wealth Ltd,ANANDRATHI,"Asset Management","29337.001436579998","32.96","63.63","202.31000000000003","316.92","0","-142.29","263.66","107.93","923.68","13.34","188.55280000000002","280.97"
Himadri Speciality Chemical Ltd,HSCL,"Commodity Chemicals","29334.048565859997","1009.37","-235.14","-59.76999999999998","885.0599999999996",,"-271.49","578","24.68","2578.8","170.85","1709.6491999999998","446.86"
SJVN Ltd,SJVN,"Renewable Energy","28915.43289765","0","-6429.63","-7.680000000000291","31873.82",,"3939","60.7","707.24","10248.85","6668.76","38024.21","2482.95"
Exide Industries Ltd,EXIDEIND,"Batteries","28861.75","737.88","-1933.92","-146.39999999999998","7455.5599999999995",,"514.62","6149.69","170","13090.6","1948.72","7516.64","1272.9"
Go Digit General Insurance Ltd,GODIGIT,"Insurance","28761.16485441","3408.59","-2837.43","-141.3599999999999","17147.239999999998","0","1092.04","19409.32","0","-50.40000000000009","17.8","216.25999999999996","1604.03"
Nippon India Silver ETF,SILVERBEES,"Silver","28516.761711659998",,,,,,,,,,,,
Metro Brands Ltd,METROBRAND,"Footwear","28422.709883040003","316.81","122.39","46.91999999999996","1596.48",,"-773","20.62","541.96","1255.97","87.4","1462","697.53"
Aditya Infotech Ltd,CPPLUS,"Electronic Equipments","28288.8304194","247.9","88.21","96.46999999999998","2156.88",,"-18.95","0.52","18","758.7900000000001","26.49","229.55899999999997","27.21"
Dr. Lal PathLabs Ltd,LALPATHLAB,"Hospitals & Diagnostic Centres","27875.719034640002","124.79","-303.16","-68.30000000000001","506.96000000000004",,"-334.03","0","207.3","1964.33","53.87","548.8969999999999","568.89"
Karur Vysya Bank Ltd,KARURVYSYA,"Private Banks","27699.247405445","2089.17","-2150.8","2148.16","107608.20999999999","84004.54","-188.12","23831.25","192.54","9679.35","167.97","490.17","4487.08"
PNB Housing Finance Ltd,PNBHOUSING,"Home Financing","27643.379031840002","6463.63","757.1","103.63000000000011","65657.23000000001","74645.32","7403.86","3380.92","0","10139.57","49.05","255.32","-8057.33"
ITI Ltd,ITI,"Telecom Equipments","27537.5662562","447.99","651.03","30.390000000000043","8820.9",,"-485.33","53.55","0","156.70000000000005","15.87","2728.33","-135.31"
Timken India Ltd,TIMKEN,"Industrial Machinery","27501.47352508","534.87","-337.22","22.749999999999986","580.4999999999995",,"-27.33","0.03","18.8","2234.78","377.55","1186.9209999999998","387.3"
TVS Holdings Ltd,TVSHLTD,"Auto Parts","27452.9419176","36.42","-2857.47","1886.15","43738.77999999999","31312.83","1208.71","1319.79","424.47","4640.85","2482.59","8079.63","3534.91"
Tata Technologies Ltd,TATATECH,"IT Services & Consulting","27386.16567435","10.07","-65.22","147.64","3084.810000000001",,"-486.39","4.07","416.48","3052.04","31.48","312.15999999999997","699.25"
ZF Commercial Vehicle Control Systems India Ltd,ZFCVINDIA,"Auto Parts","27332.288544","0","-226.83","15.139999999999972","570.6500000000004",,"-44.11","1.77","32.24","3205.06","166.35","804.9600000000002","286.08"
Inventurus Knowledge Solutions Ltd,IKS,"Health Care Equipment & Supplies","27298.16390104","112.84","241.24","169.64","1129.6599999999994",,"-389.49","113.74","0","1659.8300000000002","42.38","605.837","317.89"
Nuvama Wealth Management Ltd,NUVAMA,"Diversified Financials","26893.35432344","1630.59","-63.39","166.02999999999997","24894.440000000002","4600.34","600.53","220.76","513.93","1823.5800000000002","33.1","306.916","-371.11"
New India Assurance Company Ltd,NIACL,"Insurance","26878.88","1890.85","4966.46","1233.57","80728.35","0","-343.18","80942.3","0","26280.260000000002","115.85","524.4499999999999","-3389.71"
Honeywell Automation India Ltd,HONAUT,"Electronic Equipments","26683.716414","15.8","-8.1","308","1566.3999999999992",,"-110.2","0","88.4","4013.6","27.9","204.79999999999998","426.3"
Brookfield India Real Estate Trust,BIRET,"Real Estate","26569.465901904","0","-80.66","196.24","10577.160000000003",,"-1571.05","1071.95","943.23","-1080.77","1.3","23855.45","1847.95"
Motherson Sumi Wiring India Ltd,MSUMI,"Cables","26340.961058856","0","-60.1","-152.7","2030.5000000000005",,"-457.4","0","352.8","1256.2","171.8","727.3000000000002","364.8"
Wockhardt Ltd,WOCKPHARMA,"Pharmaceuticals","26192.11272111","2239","-780","-393","3443",,"409","0","0","2033","365","3761","-22"
PTC Industries Ltd,PTCIL,"Iron & Steel","26114.0218482","1114.24","-501.93","55.25","197.1699999999998",,"543.59","2.74","0","257.44000000000005","189.98","571.0868","13.59"
Tata Elxsi Ltd,TATAELXSI,"Software Services","26009.64719064","5.72","-311.35","2.0400000000000205","725.7600000000004",,"-498.59","0","435.94","2791.96","16.34","319.66","811.98"
Mangalore Refinery and Petrochemicals Ltd,MRPL,"Oil & Gas - Refining & Marketing","25961.245683701","346.39","-939.61","0.37000000000011823","21471.989999999998",,"-937.92","55.24","350.52","10862.92","990.29","20447.072000000004","1877.9"
Shyam Metalics and Energy Ltd,SHYAMMETL,"Iron & Steel","25674.69514512","2139.58","-1904.45","23.710000000000043","5042.0999999999985",,"-35.99","1293.53","137.88","8135.530000000001","2148.32","9065.09","1964.15"
Gujarat Energy Ltd,GUJGASLTD,"Gas Distribution","25649.4160575","0","-1921.25","-589.1200000000001","4161.47",,"-473.73","171.62","389.07","8351.96","751.73","9046.45","1805.86"
Central Depository Services (India) Ltd,CDSL,"Stock Exchanges & Ratings","25594.14","0","-298.33","13.759999999999962","358.24000000000024",,"-230.59","569.64","229.9","1551.34","155.75","453.51","542.68"
IRB Infrastructure Developers Ltd,IRB,"Construction & Engineering","25520.814","6440.25","375.36","1626.8600000000001","34021.94",,"-719.71","17080.56","241.56","12782.43","198.66","986.2720000000045","1971.21"
AWL Agri Business Ltd,AWL,"FMCG - Foods","25452.478678543","3951.64","-278.33","327.6300000000001","12988.530000000002",,"-1543.73","373.72","0","5464.620000000001","995.54","6360.1","2149.69"
ACC Ltd,ACC,"Cement","25381.326467079998","845.03","-1262.48","-553.26","6853.98",,"-1002.26","50.46","142.61","17521.82","1968.44","12496.310000000001","1711.48"
Force Motors Ltd,FORCEMOT,"Four Wheelers","25144.2607746","59.2","-351.23","58.39999999999998","2098.2199999999993",,"-561.84","103.13","26.35","2961.05","366.9","1829.8299999999997","971.47"
NBCC (India) Ltd,NBCC,"Construction & Engineering","25112.7","0","572.79","960.87","11016.380000000003",,"-269.11","19.14","267.13","2209.06","319.81","535.42","657.19"
Gillette India Ltd,GILLETTE,"FMCG - Personal Products","25040.11000365","32.9","-27.4","-57.97999999999996","894.5899999999998",,"-358.43","0","358.43","957.62","43.64","359.4699999999999","327.85"
Aegis Logistics Ltd,AEGISLOG,"Oil & Gas - Storage & Transportation","24919.245","1570.13","-1463.05","378.49","5358.379999999998",,"1283.35","0.01","134.75","3025.59","944.87","6379.166399999999","558.19"
Deepak Nitrite Ltd,DEEPAKNTR,"Commodity Chemicals","24878.0906784","434.17","-1489.42","-58.56000000000006","2283.6599999999985",,"806.16","2.98","102.29","4927.22","1136.3","4053.31","624.7"
Amber Enterprises India Ltd,AMBER,"Home Electronics & Appliances","24828.17474665","1078.98","-952.91","80.92000000000002","6116.210000000001",,"322.94","118.76","0","1172.9899999999998","574.79","2777.0406","710.89"
Sai Life Sciences Ltd,SAILIFE,"Biotechnology","24208.74372695","1373.17","-536.39","79.09000000000003","1017.4200000000003",,"301.43","1.94","0","734.2999999999997","369.28","1612.67","314.05"
Kirloskar Oil Engines Ltd,KIRLOSENG,"Industrial Machinery","24178.13848664","10.97","-522.35","248.16000000000008","7419.4000000000015",,"1509.45","90.2","87.07","3046.1600000000003","308.25","979.0899999999999","-738.94"
Tenneco Clean Air India Ltd,TENNIND,"Auto Parts","24123.42954893","76.59","-26.78","102.83000000000004","1219.1099999999997",,"-432.78","0.33","409.24","1129.78","64.78","612.9399999999999","562.39"
CESC Ltd,CESC,"Power Generation","23946.42981795","0","-3012.53","905.8399999999997","28378.6",,"1336.87","59.37","603.07","11876.5","1863.16","22288.72","2581.5"
Apollo Tyres Ltd,APOLLOTYRE,"Tires & Rubber","23778.73234506","3131.77","-201.98","-25.409999999999854","12460.999999999998",,"-1646.57","45.15","381.06","11570.42","768.61","16364.303","1823.14"
Great Eastern Shipping Company Ltd,GESHIP,"Oil & Gas - Storage & Transportation","23776.44299294","74.76","-148.26","824.0800000000004","3396.5",,"-1675.02","0","501.11","14041.63","1175.35","8268.01","2647.36"
Nexus Select Trust,NXST,"Real Estate","23729.445","0","-964.77","-20.09999999999991","6381.650000000001",,"-587.74","213.93","1278.79","-956.37","145.62","18392.73","1532.41"
Acutaas Chemicals Ltd,ACUTAAS,"Biotechnology","23583.79540332","813.15","-223.94","155.52","229.19000000000023",,"261.12","0.2","12.28","455.5400000000001","194.64","643.8113999999999","118.34"
Piramal Pharma Ltd,PPLPHARMA,"Pharmaceuticals","23361.86061635","4737.2","-488.34","-36.870000000000005","7303.770000000001",,"-440.83","271.09","14.47","2063.92","664.38","7962.12","892.3"
Nippon India ETF Nifty IT,ITBEES,"Equity","23187.2674338",,,,,,,,,,,,
Bharat 22 ETF,ICICIB22,"Equity","23032.21960039",,,,,,,,,,,,
Sumitomo Chemical India Ltd,SUMICHEM,"Commodity Chemicals","22998.1397862","235.06","-392.06","-8.409999999999982","1058.1899999999996",,"-69.08","67.07","44.03","2166.94","29.46","524.3639999999999","452.73"
MTAR Technologies Ltd,MTARTECH,"Industrial Machinery","22937.4270087","319.96","-102.72","-37.31","401.34999999999997",,"-35.84","0.01","0","378.2","100.31","491.81999999999994","101.25"
KIOCL Ltd,KIOCL,"Iron & Steel","22887.90627536","0","-157.46","105.83","597.7100000000002",,"-80.02","0","0","1103.75","9.31","1121.26","343.31"
R R Kabel Ltd,RRKABEL,"Cables","22195.8243012","588.21","-169.02","134.18","1364.3000000000004",,"-191.2","186.77","62.11","1507.87","367.06","1003.71","494.4"
Aegis Vopak Terminals Ltd,AEGISVOPAK,"Oil & Gas - Storage & Transportation","22121.050077885","910.11","-378.25","486.11","4202.740000000001",,"386.18","0","0","20.840000000000032","127.84","4743.6811","478.18"
Netweb Technologies India Ltd,NETWEB,"IT Services & Consulting","21874.903724789998","257.68","111.59","80.41","363.0300000000001",,"-17.97","0","11.27","261.32","22.91","56.05","-13.21"
Indraprastha Gas Ltd,IGL,"Gas Distribution","21672.024768","0","-1519.09","-74.41999999999973","4947.16",,"-754.13","1596.72","734.8","10335.77","1164.22","8730.54","2198.8"
Astrazeneca Pharma India Ltd,ASTRAZEN,"Pharmaceuticals","21523.75","0","30.8","30.569999999999993","747.77",,"-65.59","0","60","765.35","1.75","64.24000000000001","65.36"
Data Patterns (India) Ltd,DATAPATTNS,"Aerospace & Defense Equipments","21464.813554289998","804.77","89.04","-50.47999999999999","330.88",,"-49.64","0","36.39","692.25","106.43","224.99","-89.88"
Pfizer Ltd,PFIZER,"Pharmaceuticals","21444.70685232","1320.67","-71.34","383.06999999999994","693.700000000001",,"-205.34","0","160.25","2850.99","28.15","185","659.75"
Onesource Specialty Pharma Ltd,ONESOURCE,"Biotechnology","21408.95687874","7698.23","-201.06","143.10000000000002","1776.48",,"412.01","6.91","0","-1829.0899999999992","128.15","2343.8550000000005","-67.85"
Grindwell Norton Ltd,GRINDWELL,"Industrial Machinery","21355.6736","27.91","-215.07","22.170000000000016","785.0499999999996",,"-221.25","275.64","188.22","2172.23","94.06","825.4222","458.49"
Neuland Laboratories Ltd,NEULANDLAB,"Pharmaceuticals","21328.4074736","497.77","-297.99","44.34999999999999","655.0700000000003",,"24.96","1.53","17.96","1014.1400000000001","206.46","723.119","317.38"
HFCL Ltd,HFCL,"Telecom Equipments","21322.693880242","1505.98","-518.39","47.190000000000026","3426.9700000000016",,"169.58","156.66","28.85","2428.96","409.2","1427.3","396"
HBL Engineering Ltd,HBLENGINE,"Batteries","21278.87002969","230.11","-319.89","-106.51","497.17000000000024",,"-25.76","208.8","13.86","1224.92","121.65","459.5225","239.14"
Kalpataru Projects International Ltd,KPIL,"Power Infrastructure","21233.85836964","1677.63","-718.36","595.25","19103.959999999995",,"399.66","0","129.96","4801.54","574.62","3058.7999999999997","913.95"
Asahi India Glass Ltd,ASAHIINDIA,"Auto Parts","21132.18958084","238.62","-1191.28","-13.39999999999992","4147.43",,"457.91","49.71","48.62","2406.07","1267.98","4501.81","719.97"
Hatsun Agro Product Ltd,HATSUN,"FMCG - Foods","20916.0623652","881.98","-879.05","7.000000000000114","3147.34",,"-564.15","37.22","133.65","813.3","657.69","3413.6600000000003","1450.2"
Aadhar Housing Finance Ltd,AADHARHFC,"Consumer Finance","20900.7069687","2310.77","159.53","522.1100000000001","16851.249999999996","20484.1","3389.23","513.18","0","3603.4900000000002","14.8","91.87","-3026.65"
Triveni Turbine Ltd,TRITURBINE,"Heavy Electrical Equipments","20871.394846245003","0","-6.84","69.07999999999998","819.2200000000003",,"-110.81","2.77","104.9","1184.59","42.87","338.88800000000003","186.73"
Ramco Cements Ltd,RAMCOCEM,"Cement","20792.5479781","50.59","-541.63","75.25","8886.96",,"-781.9","90.06","59.13","7367.43","1024.02","13730.39","1398.78"
CreditAccess Grameen Ltd,CREDITACC,"Consumer Finance","20731.226409929997","2520.92","708.34","164.19999999999982","20846.480000000007","24274.45","-1669.38","893","159.44","4275.33","33.65","231.40000000000003","1125.24"
Natco Pharma Ltd,NATCOPHARM,"Pharmaceuticals","20710.4742681","1201.9","-1436.5","49.599999999999966","1018.3000000000018",,"-210.7","152.8","107.8","6369.299999999999","511.6","2866","1696.8"
Atul Ltd,ATUL,"Diversified Chemicals","20585.675096","0","-494.24","-8.890000000000015","1317.21",,"-117.78","949.68","58.88","5569.09","270.18","2942.53","603.13"
Godawari Power and Ispat Ltd,GPIL,"Iron & Steel","20575.32195735","0","-436.31","209.55000000000004","1220.12",,"-249.6","471.41","79.42","4844.7","538.24","3135.6081","895.46"
Craftsman Automation Ltd,CRAFTSMAN,"Industrial Machinery","20456.1624225","1460.09","-1642.82","33.930000000000064","4259.700000000001",,"1393.42","10.61","23.77","1384.72","991.6","3823.05","283.33"
Gujarat Mineral Development Corporation Ltd,GMDCLTD,"Mining - Diversified","20441.04","0","-808.13","68.09999999999991","1340.16",,"-183.14","484.25","303.69","6348.14","644.02","2293.6200000000003","1059.37"
KPIT Technologies Ltd,KPITTECH,"IT Services & Consulting","20438.81960252","0","-627.8","419.29","2051.61",,"-342.44","193.76","192.75","2640.46","129.53","808.2250000000001","1389.53"
Sun Tv Network Ltd,SUNTV,"TV Channels & Broadcasters","20391.9086619","471.82","-1064.27","-19.06000000000006","982.1199999999999",,"-617.87","2285.46","591.13","10978.42","383.73","1256.01","1663.08"
RBL Bank Ltd,RBLBANK,"Private Banks","20324.304198","8995.05","-280.74","-1607.87","131129.57","92618.27","-503.07","32103.09","90.96","6066.6","288.34","644.49","-824.06"
Affle 3i Ltd,AFFLE,"Advertising","20307.79565916","1446.72","-91.8","242.38","665.0799999999999",,"-91.81","62.86","0","1486.7900000000002","159.9","323.754","425.99"
Eris Lifesciences Ltd,ERIS,"Pharmaceuticals","20205.87726992","29.34","-78.2","105.4899999999999","3472.37",,"-881.32","62","100.05","2811.3999999999996","155","735.6199999999999","1065.01"
Carborundum Universal Ltd,CARBORUNIV,"Industrial Machinery","20176.11926433","60.09","-371.25","-176.95","904.0800000000006",,"-109.94","201.42","91.2","3449.5","277.65","1426.3579999999997","304.24"
EIH Ltd,EIHOTEL,"Hotels, Resorts & Cruise Lines","20167.9948695","1573.05","-423.65","288.61000000000007","1087.380000000001",,"-112.82","408.74","83.25","2914.71","484.59","3048.9550000000004","825.08"
Kaynes Technology India Ltd,KAYNES,"Electrical Components & Equipments","20117.0996654","1999.45","-354.66","28.00999999999999","1796.9799999999989",,"464.99","132.38","0","776.7299999999998","948.75","1103.031","-82.32"
Cube Highways Trust,CUBEINVIT,"Roads","19892.2324776","0","-154.99","574.8699999999999","16498.31",,"-2186.5","0","0","-2281","181.3","24502.82","2916.36"
Prime Focus Ltd,PFOCUS,"Animation","19853.718144995","2159.2","-352.47","75.58999999999997","6432.33",,"132.64","0.8","0","-1430.2599999999998","365.5","2014.4600000000005","295.42"
Sterlite Technologies Ltd,STLTECH,"Telecom Equipments","19765.90754115","1002","-295","57","3457",,"4","90","0","890","137","2763","348"
IIFL Finance Ltd,IIFL,"Investment Banking & Brokerage","19733.43628","4721.92","-1148.66","-403.2399999999998","53689.22","55364.26","5526.25","4437.99","0","7605.139999999999","60.7","1509.8200000000002","-4780.83"
Sagility Ltd,SAGILITY,"Specialized Finance","19708.39261873","5052.37","-958.37","-0.3700000000000614","2580.8600000000033",,"-256.07","0","0","-1395.5899999999997","124.44","2950.241000000001","1214.07"
UTI BSE Sensex ETF,SENSEXBETA,"Equity","19655.147617868",,,,,,,,,,,,
Sarda Energy & Minerals Ltd,SARDAEN,"Iron & Steel","19530.73188975","194.03","-2131.89","-46.22999999999979","3732.3099999999977",,"1199.96","143.32","35.24","6057.16","490.32","6403.49","885.7"
Bayer Cropscience Ltd,BAYERCROP,"Fertilizers & Agro Chemicals","19394.7598026","139.4","85.6","-271.79999999999995","2395.5000000000005",,"-619.4","0","561.8","2666.1","40.9","588.4","262"
Computer Age Management Services Ltd,CAMS,"Diversified Financials","19352.71022392","116.76","-132.16","7.2099999999999795","477.38",,"-338.05","0.01","344.86","952.3599999999999","118.38","270.1603","477.42"
Syrma SGS Technology Ltd,SYRMA,"Electronic Equipments","19339.5476908","1064.09","-103.29","2.469999999999999","2377.61",,"-70.7","8.03","26.61","507.83000000000015","245.15","882.5249999999999","176.46"
TD Power Systems Ltd,TDPOWERSYS,"Heavy Electrical Equipments","19234.8443016","177.53","-33.97","-1.1999999999999957","503.4799999999998",,"-6.75","0.01","18.74","651.5400000000001","55.97","215.67110000000002","39.52"
Granules India Ltd,GRANULES,"Pharmaceuticals","18799.113411665","156.88","-689.05","85.01000000000009","2505.640000000001",,"-92.51","22.04","36.36","3534.44","571.69","2866.6600000000003","866.57"
Syngene International Ltd,SYNGENE,"Labs & Life Sciences Services","18757.650820155","243.7","-744.4","281.3999999999999","2069.1",,"-141.8","36.2","50.3","4080.6000000000004","770.1","4067.7999999999997","1167.6"
Emami Ltd,EMAMILTD,"FMCG - Personal Products","18717.12","0","-344.59","51.65999999999997","831.8499999999997",,"-499.61","251.72","349.2","2651.14","44.57","645.5104000000001","895.86"
Crompton Greaves Consumer Electricals Ltd,CROMPTON,"Home Electronics & Appliances","18712.1662675","389.25","-131.09","31.61999999999989","2482.0299999999997",,"-574.7","0","192.97","2872.12","109.5","847.8499999999995","737.41"
Belrise Industries Ltd,BELRISE,"Auto Parts","18685.683273616","62.77","-981.14","-108.21000000000001","4512.300000000002",,"168.54","108.82","0","2308.47","867.72","3161.2430000000004","704.39"
Tata Chemicals Ltd,TATACHEM,"Diversified Chemicals","18595.93451261","1259","-1667","123","15249",,"29","8339","499","20080","2005","19256","1761"
City Union Bank Ltd,CUB,"Private Banks","18580.97615214","908.52","-119.69","-1652.9800000000002","68156.6","52081.25","-2661.59","17336.14","111.1","8484","197.78","322.34","1128.3"
Emmvee Photovoltaic Power Ltd,EMMVEE,"Renewable Energy Equipment & Services","18039.049834815","3.17","-985.6","36.27999999999997","3377.1499999999996",,"408.13","0","0","522.84","988.47","2059.5","613.75"
Castrol India Ltd,CASTROLIND,"Commodity Chemicals","18033.679305088","0","198.73","-26.249999999999773","1494.55",,"-1315.12","442.8","1285.86","1405.74","97.33","405.67","1090.14"
Capri Global Capital Ltd,CGCL,"Consumer Finance","17889.25495","1842.13","60.05","866.8999999999996","16527.23","18251.5","5118.49","160.42","12.37","2379.46","65.39","344.473","-4311.64"
Elgi Equipments Ltd,ELGIEQUIP,"Industrial Machinery","17819.02454395","25.1","-282.9","-109.1","1171.2999999999997",,"-217.1","45.5","63.2","1808.8000000000002","94.8","435.10000000000014","390.9"
Ratnamani Metals and Tubes Ltd,RATNAMANI,"Building Products - Pipes","17801.96616","18.12","-387.72","18.319999999999993","1238.31",,"-130.18","0","98.13","3604.9","329.08","1515.8032","536.22"
Chambal Fertilisers and Chemicals Ltd,CHAMBLFERT,"Fertilizers & Agro Chemicals","17796.97503274","0","739.25","-2.1100000000001273","2612.3900000000003",,"-2135.26","543.97","320.52","8327.37","573","6870.91","1393.9"
Nava Limited,NAVA,"Iron & Steel","17754.08504986","0","-1270.39","723.58","1850.679999999998",,"-163.08","597.13","114.57","7582.93","851.9","5627.7319","2157.05"
Vardhman Textiles Ltd,VTL,"Textiles","17638.957755","52.58","-891.63","19.25999999999999","2467.6099999999983",,"-732.91","1381.07","118.44","9786.54","1032.62","4394.25","1643.8"
Anant Raj Ltd,ANANTRAJ,"Real Estate","17587.1855691","1415.96","-72.13","25.010000000000005","1045.8500000000001",,"0.53","310.7","24.96","2677.2599999999998","62.16","1403.67","96.61"
CIE Automotive India Ltd,CIEINDIA,"Auto Parts","17560.68443133","1537.18","-802.36","-70.40999999999997","3276.380000000002",,"-526.03","52.98","264.43","5542.599999999999","377.41","3292.2090000000007","1257.98"
Sundram Fasteners Ltd,SUNDRMFAST,"Auto Parts","17536.26311835","0","-381.49","14.229999999999972","1694.019999999999",,"-27.55","114.05","151.81","3789.3","395.72","2445.62","423.27"
Redington Ltd,REDINGTON,"Technology Hardware","17525.819194157997","248.48","546.54","-331.93999999999994","18375.32",,"-1171.1","0","484.7","8316.210000000001","163.17","578.6300000000001","292.62"
Chalet Hotels Ltd,CHALET,"Hotels, Resorts & Cruise Lines","17521.720101270002","2017.35","-1354.91","91.06999999999988","3957.0400000000004",,"495.59","9.72","0","810.44","969.12","5310.2300000000005","950.39"
Urban Company Ltd,URBANCO,"Online Services","17471.596025247","2646.12","-199.5","18.939999999999998","414.0299999999996",,"163.88","167.07","0","-899.6599999999999","12.14","126.97","54.56"
Kansai Nerolac Paints Ltd,KANSAINER,"Paints","17354.615196853","1.88","-378.62","-72.38","1812.5699999999997",,"-366.12","3.81","303.14","6340.44","326.3","2464.9100000000003","672.36"
Avanti Feeds Ltd,AVANTIFEED,"Packaged Foods & Meats","17269.1336025","0","-485.12","13.610000000000014","507.87999999999977",,"-85.63","59.93","97.51","2787.34","152.53","594.3399999999999","584.36"
Pine Labs Ltd,PINELABS,"Software Services","17140.321479479","2343.02","-485.53","-636.89","7192.240000000002",,"-201.08","30.2","0","1060.4699999999998","150.24","658.6759999999999","49.72"
Firstsource Solutions Ltd,FSL,"Outsourced services","17085.271501584","225.12","-744.25","-20.559999999999977","3659.68",,"22.59","11.53","275.86","3175.52","241.2","1362.7659999999996","701.1"
ACME Solar Holdings Ltd,ACMESOLAR,"Renewable Energy","17050.77876281","4578.66","-3976.13","975.1199999999999","13631",,"3408.23","275","0","-189.09999999999945","3265.99","13677.48","1543.02"
DCM Shriram Ltd,DCMSHRIRAM,"Diversified Chemicals","17004.60712534","2.31","-849.8","276.63","5727.01",,"-1.39","55.83","127.87","6973.799999999999","858.78","7268.360000000001","1127.82"
Bikaji Foods International Ltd,BIKAJI,"FMCG - Foods","16969.839552","360.53","-121.92","15.820000000000007","446.89",,"-55.72","20.04","25.04","997.6000000000001","122.76","993.487","193.46"
Century Plyboards (India) Ltd,CENTURYPLY,"Wood Products","16957.35346175","18.93","-678.07","-20.520000000000095","2188.9",,"660.28","2.8","22.22","2323.9300000000003","665.33","2770.9852","-2.73"
Bharat Coking Coal Ltd,BHARATCOAL,"Mining - Coal","16816.427","0","-782.31","-118.27999999999994","11177.350000000002",,"-132.46","0","44.43","1805.73","770.18","6118.5","796.49"
Aarti Industries Ltd,AARTIIND,"Specialty Chemicals","16800.815740485","1349.63","-1397.67","-228.90000000000003","5508.299999999999",,"-73.17","47.63","36.25","4074.2299999999996","1385.97","7796.460000000001","1241.94"
Kajaria Ceramics Ltd,KAJARIACER,"Building Products - Ceramics","16782.5211973","184.56","-371.89","-79.44999999999999","945.3299999999999",,"-208.55","33.86","175.19","2543.85","220.51","1794.2099999999998","500.99"
Black Box Ltd,BBOX,"Software Services","16758.214500825","238.63","-104.85","-0.30999999999997385","2313.4",,"192.15","32.8","0","402.90999999999997","44.38","406.4","-87.61"
Punjab & Sind Bank,PSB,"Public Banks","16703.007607879998","4018.63","-167.61","1437.0499999999997","148595.30000000005","97299.9","3898.16","46912.31","135.56","2240.54","167.61","1778.86","-2293.5"
Deepak Fertilisers and Petrochemicals Corp Ltd,DEEPAKFERT,"Fertilizers & Agro Chemicals","16635.6205785","994.81","-1061.51","129.18000000000006","6650.9400000000005",,"-688.97","2.48","117.24","5115.57","1135.63","7670.62","1879.66"
Brigade Enterprises Ltd,BRIGADE,"Real Estate","16628.165835375","3203.08","-589.9","1265.07","16160.369999999999",,"859.66","6.41","46.25","2191","639.38","7007.4","995.31"
IFCI Ltd,IFCI,"Specialized Finance","16545.784306670997","2007.64","-69.73","-638.19","10644.6","1361.3","415.28","15322.75","84.72","3988.7999999999993","46.86","1284.42","-983.74"
Inox Wind Ltd,INOXWIND,"Heavy Electrical Equipments","16464.921730194","2159.4","-406","8.890000000000043","3186.5200000000004",,"276.93","264.75","0","1110.7199999999998","620.49","2519.9225","137.96"
Vertis Infrastructure Trust,VERTIS,"Roads","16458.8255782","241.12","-5384.34","323.8299999999999","6336.9400000000005",,"4470.73","0","1745.53","-5563.32","6762.88","47.26499999999942","1237.44"
Sammaan Capital Ltd,SAMMAANCAP,"Home Financing","16432.57762624","13209.2","-5577.75","820.809999999999","48358.59999999999","44914.85","-2373.07","14218.99","145.49","8450.55","49.41","390.75999999999993","8771.63"
Central Mine Planning & Design Institute Ltd,CMPDI,"Mining - Diversified","16321.326","0","-456.62","13.299999999999983","641.68",,"-201.22","0","200.97","1899.05","41.9","255.26","671.14"
Zydus Wellness Ltd,ZYDUSWELL,"FMCG - Foods","16307.3277036","3537","-207","-13.300000000000011","770.3",,"-186.3","0.7","31.8","2071","66.3","307.1000000000013","380"
National Securities Depository Ltd,NSDL,"Stock Exchanges & Ratings","16281","0","-502.32","39.150000000000034","979.5000000000002",,"-16.38","1312.37","16.38","1965.34","74.28","343.11","557.85"
Rubicon Research Ltd,RUBICON,"Pharmaceuticals","16278.908887020001","259.86","-65","54.370000000000005","910.45",,"-39.81","0.05","0.3","265.71000000000004","70.22","280.38","159.18"
JSW Cement Ltd,JSWCEMENT,"Cement","16217.111798891001","0","-558.03","-53.12000000000003","7611.1",,"-231.77","265.92","0","1366.2","1151.66","7605.271","736.68"
Gallantt Ispat Ltd,GALLANTT,"Iron & Steel","16162.204100825","10.5","-459.9","5.009999999999977","705.7999999999995",,"-113.89","17.73","8.92","2590.78","242.22","2015.3351","578.8"
IndiGrid Infrastructure Trust,INDIGRID,"Power Transmission & Distribution","16096.438621661999","0","-1779.61","-127.10999999999967","21136.940000000002",,"-1249.09","138.95","1207.4","-3173.55","763.55","21776.706000000002","2901.59"
Cohance Lifesciences Ltd,COHANCE,"Pharmaceuticals","16073.5583871","109.57","-253.31","38.17000000000002","1190.5600000000006",,"3.32","144.95","0","1561.55","155.71","1313.92","288.16"
Jubilant Pharmova Ltd,JUBLPHARMA,"Pharmaceuticals","16063.62657856","0","512.5","131.89999999999986","6345.6",,"-1452.7","43.5","79.6","6239.1","1115.6","6106.9","1072.1"
Fractal Analytics Ltd,FRACTAL,"IT Services & Consulting","16055.522681879998","1289.4","-190.9","183.7","1036.1",,"-22.4","432.2","0","460.6999999999998","82.8","318.1000000000002","397"
Finolex Cables Ltd,FINCABLES,"Cables","15901.10369965","109.1","-82.09","-2.950000000000017","791.2900000000001",,"-128.11","1571.68","121.99","5355.5599999999995","0","793.9000000000001","207.25"
BASF India Ltd,BASF,"Diversified Chemicals","15684.3045313","220.32","-113.51","130.66000000000003","4828.160000000001",,"-128.57","1.5","64.72","3370.6699999999996","202.14","873.96","372.74"
Gabriel India Ltd,GABRIEL,"Auto Parts","15644.2615054","27.18","-148.83","-25.960000000000022","839.0199999999999",,"-80.95","1.62","60.98","1141.74","208.58","697.3999999999999","203.82"
Anupam Rasayan India Ltd,ANURAS,"Specialty Chemicals","15614.2957165","1811.66","-329.91","-136.77","2187.2499999999995",,"223.27","1.57","13.42","836.22","409.92","2277.495","-30.13"
Ola Electric Mobility Ltd,OLAELEC,"Two Wheelers","15527.2740084","6899","-2864","174","5932",,"5429","38","0","-6167","977","3342","-2391"
Sansera Engineering Ltd,SANSERA,"Auto Parts","15496.993773760001","1374.27","-957.1","2.8799999999999955","967.9000000000002",,"583.42","50.83","16.2","1363.6399999999999","595.76","2096.016","376.56"
LMW Ltd,LMW,"Industrial Machinery","15378.1785","0","72.84","21.50999999999999","1230.470000000001",,"-80.37","342.79","80.12","2766.74","130.12","990.94","29.04"
Caplin Point Laboratories Ltd,CAPLIPOINT,"Pharmaceuticals","15328.51861536","19.36","-333.3","60.74999999999999","321.46000000000004",,"-38.32","279.13","37.99","2599.3599999999997","191.52","686.51","432.37"
Shipping Corporation of India Ltd,SCI,"Logistics","15238.61461215","521.77","-315.92","-701.98","3389.070000000002",,"-1235.57","650.2","23.21","7324.18","291.92","6715.730000000001","849.51"
Jyoti CNC Automation Ltd,JYOTICNC,"Industrial Machinery","15236.21031652","1266.44","-328.96","-288.96","1105.8199999999995",,"145.43","0.45","0","374.23","309.83","642.27","-105.43"
BEML Ltd,BEML,"Rail","15231.89232","612.04","-205.24","-161.55","3157.0599999999995",,"-139.43","5.81","85.12","2233.57","193.37","665.6448","183.12"
International Gemological Institute Ltd,IGIL,"Education Services","15224.98609008","1511.01","-1633.59","-51.950000000000045","441.30999999999995",,"1188.26","0","189.77","-534.6899999999999","39.52","319.13700000000006","393.38"
JBM Auto Ltd,JBMA,"Auto Parts","15220.77083104","46.3","-556.08","62.01999999999998","4463.419999999999",,"224.18","94.35","19.2","1280.69","122.12","1775.8513","393.92"
Gujarat State Petronet Ltd,GSPL,"Gas Distribution","15140.61227496","418.45","-2753.73","-556.4600000000002","5251.830000000004",,"-543.58","1792.15","460.13","10663.109999999999","975.92","12816.44","2740.85"
Chennai Petroleum Corporation Ltd,CHENNPETRO,"Oil & Gas - Refining & Marketing","15072.811908","250.04","-649.49","183.79999999999984","8902.539999999997",,"-519.08","280.1","819.01","7807.7","685.49","7499.35","1352.37"
Niva Bupa Health Insurance Company Ltd,NIVABUPA,"Insurance","15061.069515920999","1949.61","-2347.6","77.5300000000002","6702.39","0","770.97","8175.08","0","-721.3899999999999","41.42","75.24999999999997","1654.16"
Nippon India ETF Gold BeES,GOLDBEES,"Gold","15032.12333826",,,,,,,,,,,,
Amara Raja Energy & Mobility Ltd,ARE&M,"Batteries","14910.16127826","702.53","-1132.26","59.48999999999995","2771.969999999998",,"-159.56","352.09","190.35","6668.3","1200.13","4845.55","1351.31"
Allied Blenders and Distillers Ltd,ABDL,"Alcoholic Beverages","14887.572786975","1139.92","-182.36","60.81000000000006","1976.97",,"921.59","0.01","0","346.99","130.49","645.1532","-678.42"
Choice International Ltd,CHOICEIN,"Investment Banking & Brokerage","14811.2956025","48.37","-161.09","-6.269999999999982","1509.7700000000004","398.33","449.28","31.25","0","596.15","155.42","176.60630000000003","-294.46"
Poly Medicure Ltd,POLYMED,"Health Care Equipment & Supplies","14792.4039706","1378.34","-1194.28","-3.3500000000000227","426.46",,"950.51","20.51","30.34","1336.66","331.03","1144.092","240.42"
Jammu and Kashmir Bank Ltd,J&KBANK,"Private Banks","14792.184025479","2919.5","-102.1","1586.67","155215.21999999997","104183.82","-1034.38","41121.71","236.75","11178.68","102.1","2191.84","2723.15"
Alembic Pharmaceuticals Ltd,APLLTD,"Pharmaceuticals","14788.42663414","748.39","-568.41","-36.72999999999996","2583.4100000000008",,"443.73","127.21","216.22","4403.24","563.62","3360.7599999999998","87.95"
Ventive Hospitality Ltd,VENTIVE,"Hotels, Resorts & Cruise Lines","14673.41923064","4224.11","-1661.47","379.54999999999995","3935.550000000001",,"1363.56","0","0","559.0900000000001","55.41","7070.7519999999995","677.46"
Sobha Ltd,SOBHA,"Real Estate","14666.92712532","2905.06","-1179.94","12.819999999999936","12644.099999999999",,"992.84","114.62","30.27","1548.5099999999998","131.25","987.9829999999998","199.92"
Cemindia Projects Ltd,CEMPRO,"Construction & Engineering","14628.571715520002","785.12","-244.96","-251.10000000000002","4666.49",,"-208.84","41.86","29.16","1031.1","227.85","1095.76","202.7"
CCL Products (India) Ltd,CCL,"Tea & Coffee","14598.5398176","0","-414.84","-72.14999999999998","2273.7299999999996",,"53","0","26.71","1940.52","417.95","2072.0699999999997","289.69"
Dr. Agarwal's Health Care Ltd,AGARWALEYE,"Hospitals & Diagnostic Centres","14570.54951436","2051.23","-750.33","-8.140000000000043","1737.79",,"381.86","0","0.79","-216.23000000000002","320.9","1510.1899999999998","360.33"
Graphite India Ltd,GRAPHITE,"Electrical Components & Equipments","14468.539613670002","200.97","-202.07","71.71000000000004","1359.6199999999992",,"-226.45","1004.22","214.91","5625.849999999999","167.35","1090.93","500.23"
SPR Auto Technologies Ltd,SHRIPISTON,"Auto Parts","14456.271240320002","0","-384.75","-11.420000000000002","1225.2099999999996",,"-61.05","10","44.05","2349.61","168.14","1081.821","434.38"
Zen Technologies Ltd,ZENTEC,"Electronic Equipments","14426.773691720002","1090.45","-823.11","37.450000000000045","313.13",,"1006.83","4.03","8.98","601.21","32.3","145.24939999999998","-146.27"
Ksb Ltd,KSB,"Industrial Machinery","14406.9666316","0.32","50.47","70.94000000000001","1113.8199999999995",,"-72.11","96.51","69.62","1643.6100000000001","93.52","537.7880000000001","92.58"
Aether Industries Ltd,AETHER,"Specialty Chemicals","14405.55098645","1544.11","-417.89","-315.87999999999994","418.3499999999995",,"1.92","0.21","0","549.1900000000003","304.4","1480.59","100.09"
Devyani International Ltd,DEVYANI,"Restaurants & Cafes","14328.441766001999","1252.51","-461.14","13.730000000000018","3936.3099999999995",,"-425.35","1.2","0","-279.03","490.95","3549.136999999999","900.22"
Kfin Technologies Ltd,KFINTECH,"Business Support Services","14293.390622935001","576.86","-321.82","-18.250000000000014","342.1700000000002",,"-95.33","1.09","98.52","658.89","86.15","278.932","398.9"
E I D-Parry (India) Ltd,EIDPARRY,"Sugar","14199.38778181","541.44","-2782.66","-772.4299999999997","11439.57",,"73.84","390.25","154.27","7396.889999999999","1046.39","6249.5","1936.39"
Usha Martin Ltd,USHAMART,"Iron & Steel","14169.8437405","131.57","-219.33","110.93999999999998","979.75",,"-91.49","68.01","83.8","2589.79","244.65","1468.4099999999999","421.76"
Aditya Birla Real Estate Ltd,ABREL,"Textiles","14138.6470497","643.22","-437.95","487.03999999999974","12594.970000000003",,"2218.43","672.12","55.32","3085.3500000000004","286.07","1463.71","-1293.44"
Clean Max Enviro Energy Solutions Ltd,CLEANMAX,"Renewable Energy","14110.382050479999","2898.3","-3606.47","278.97000000000025","9819.939999999999",,"2481.24","76.15","15.91","-339.8900000000003","2910.62","9952.918000000001","1404.2"
Fine Organic Industries Ltd,FINEORG,"Specialty Chemicals","14085.499574160001","0","-675.56","-505.9","215.4299999999998",,"-34.34","35.27","30.66","2279.9","127.6","390.29569999999995","204"
LT Foods Ltd,LTFOODS,"Packaged Foods","14025.54640816","824.17","-219.04","93.01000000000002","3559.3299999999995",,"-150.45","223.42","103.95","2994.7599999999998","239.05","1369.2555000000002","462.5"
Jindal SAW Ltd,JINDALSAW,"Building Products - Pipes","13998.333497676002","642.34","-946.81","-248.69999999999982","9272.109999999999",,"-1073.28","92.7","127.12","11867.95","1076.01","10800.357899999997","1771.39"
JSW Holdings Ltd,JSWHL,"Asset Management","13997.3500056","0","-169.69","-0.6599999999999966","3954.76","0","0","34045.25","0","31299.35","0","0","169.03"
Techno Electric & Engineering Company Ltd,TECHNOE,"Construction & Engineering","13987.34976498","1227.01","-1630.25","-2.0799999999999272","1304.17",,"1175.16","34.74","81.41","2489.3500000000004","168.4","511.9","453.01"
Ingersoll-Rand (India) Ltd,INGERRAND,"Industrial Machinery","13987.14944","0","-36.92","-11.360000000000014","322.47999999999996",,"-239.51","0","236.76","577.77","48.95","187.07999999999998","265.07"
eClerx Services Ltd,ECLERX,"Outsourced services","13970.356542320002","0","142.73","187.75","830.9800000000002",,"-609.6","21.92","4.7","2417.59","121.47","566.2060000000001","654.62"
Travel Food Services Ltd,TRAVELFOOD,"Airports","13959.34209884","90.4","-214.89","-42.79000000000002","832.48",,"-342.69","279.12","197.95","949.84","61.9","410.57","514.79"
Vinati Organics Ltd,VINATIORGA,"Specialty Chemicals","13781.309118079998","166.64","-442.52","0.1200000000000454","485.8200000000005",,"-15.58","25.89","72.43","2616.27","500.27","2162.13","458.22"
Doms Industries Ltd,DOMS,"Stationery","13733.7704368","360.4","-139.57","4.010000000000019","428.9",,"-39.75","1.49","15.17","581.72","210.02","635.8671999999999","183.33"
Rainbow Children's Medicare Ltd,RAINBOW,"Hospitals & Diagnostic Centres","13613.2596754","403.01","-267.8","10.140000000000015","901.98",,"-117.72","0","30.46","963.6300000000001","145.67","1426.6","395.66"
Nippon India ETF Nifty Bank BeES,BANKBEES,"Equity","13611.38155525",,,,,,,,,,,,
Leela Palaces Hotels & Resorts Ltd,THELEELA,"Hotels, Resorts & Cruise Lines","13588.74605582","7117.71","-5729.73","59.04000000000087","4661.160000000001",,"5235.89","14.15","0","-3595.04","207.71","5969.194","552.88"
Engineers India Ltd,ENGINERSIN,"Construction & Engineering","13567.70288422","0","-36.09","-112.02","2596.189999999999",,"-185.16","1389.09","168.61","2388.26","41.91","340.45","109.23"
Welspun Living Ltd,WELSPUNLIV,"Textiles","13539.296735810001","0","57.9","82.74000000000001","5346.66",,"-663.14","10.7","12.34","4725.18","712.7","4192.1900000000005","687.98"
Jain Resource Recycling Ltd,JAINREC,"Metals - Diversified","13523.913050660001","136.32","-25.97","-57.82","1111.5100000000002",,"-35.43","26.01","0","525.04","38.97","91.79599999999999","3.58"
Aequs Ltd,AEQUS,"Aerospace & Defense Equipments","13502.437409565","979.42","-69.87","-18.330000000000005","1186.81",,"25.4","76.9","0","-844.3299999999999","265.16","901.909","26.14"
Aptus Value Housing Finance India Ltd,APTUS,"Home Financing","13474.987025760001","1769.73","-90.02","-33.539999999999964","6926.75","10630.27","1461.39","52.92","224.68","2433.5400000000004","6.91","34.699999999999996","-1404.91"
V Guard Industries Ltd,VGUARD,"Electrical Components & Equipments","13455.74155188","206.34","-96.92","2.5299999999999727","1231.299999999999",,"-377.51","70.6","61.05","1847.91","120.66","792.1399999999998","476.96"
JSW Dulux Ltd,JSWDULUX,"Paints","13335.114745480001","0","123","-25.5","1573.1999999999998",,"-459.5","0","432.6","1284.7","106.5","548","311"
Ircon International Ltd,IRCON,"Construction & Engineering","13268.79605992","0","53.57","100.05999999999995","13159.329999999998",,"1156.02","885.72","277.46","6138.25","1052.07","3428.6600000000003","-1109.53"
PG Electroplast Ltd,PGEL,"Electronic Equipments","13189.08545823","2208.43","-1201.38","51.039999999999964","2294.4999999999995",,"1329.01","8.29","5.23","591.4700000000003","488.21","1212.1765999999998","-76.59"
Maharashtra Scooters Ltd,MAHSCOOTER,"Two Wheelers","13154.281768","0","35.79","1.2699999999999818","3724.6400000000003","0","-193.28","34563.17","193.28","30851.43","0","0.16000000000000003","158.76"
INOX India Ltd,INOXINDIA,"Industrial Machinery","13153.44642","0","-140.56","-1.4400000000000048","779.9",,"17.15","0.17","0","855.54","125.04","354.44750000000005","121.97"
Canara HSBC Life Insurance Company Ltd,CANHLIFE,"Insurance","13120.198816316999","125","-714.47","474.3399999999999","41397.42","0","-19","41166.41","19","441.86","11.56","46.28999999999998","1207.81"
Five-Star Business Finance Ltd,FIVESTAR,"Consumer Finance","13107.25821959","2395.35","-585.16","-37.24000000000024","8115.969999999997","11683.71","1592.87","212.22","0","3871.9200000000005","82.72","148.76","-1044.95"
Garware Hi-Tech Films Ltd,GRWRHITECH,"Commodity Chemicals","13092.15099082","5.92","-275.48","2.190000000000012","310.2",,"-52.05","113.44","23.53","2342.64","58.6","1481.35","329.72"
Vijaya Diagnostic Centre Ltd,VIJAYA,"Hospitals & Diagnostic Centres","13085.37689976","54.16","-181.87","-9.450000000000003","474.4699999999999",,"-52.05","0.04","10.26","731.2900000000001","95.55","801.9124999999999","224.47"
Motilal Oswal NASDAQ 100 ETF,MON100,"Equity","13055.298210660001",,,,,,,,,,,,
Happy Forgings Ltd,HAPPYFORGE,"Heavy Machinery","13022.250627219999","597.78","-320.2","12.299999999999997","365.66",,"40.17","0","37.68","1232.92","280.85","1030.51","292.33"
Alivus Life Sciences Ltd,ALIVUS,"Pharmaceuticals","13020.200643839999","1005.72","-615.65","-230.35999999999999","594.0899999999999",,"-6.23","0.08","0","1787.1499999999999","166.19","1048.842","391.52"
Azad Engineering Ltd,AZAD,"Renewable Energy Equipment & Services","12965.43072468","1139.27","-917.71","12.649999999999977","467.66",,"876.69","0","0","241.5999999999999","293.25","515.81","53.67"
Supreme Petrochem Ltd,SPLPETRO,"Specialty Chemicals","12941.94536315","0","-330.25","-200.54999999999998","1216.7999999999995",,"-211.91","5.36","178.64","2193.68","377.84","1394.4699999999998","341.61"
Paradeep Phosphates Ltd,PARADEEP,"Fertilizers & Agro Chemicals","12910.689506984","737.82","-596.6","783","7069.4400000000005",,"-6.41","3.34","40.74","2523.1499999999996","368.65","3843.8806","1386.01"
CEAT Ltd,CEATLTD,"Tires & Rubber","12812.16214008","567.03","-922.44","-7.220000000000027","6836.13",,"-176.74","189.84","121.36","3761.05","943.36","7477.86","1091.96"
Arvind Ltd,ARVIND,"Apparel & Accessories","12777.9967518","578.15","-493.23","-1.2700000000000387","4160.749999999998",,"-270.92","149.21","129.98","2946.13","535.12","3978.63","762.88"
Kirloskar Brothers Ltd,KIRLOSBROS,"Industrial Machinery","12751.485337080001","41.47","-236.44","57.20999999999998","1564.1100000000001",,"-91.87","267.94","47.25","2035.4999999999998","89.58","680.557","385.52"
Apollo Micro Systems Ltd,APOLLO,"Electronic Equipments","12745.0850448","339.35","-91.29","40.079999999999984","691.9200000000001",,"121.13","0","1.53","236.89999999999998","92.21","254.16110000000003","10.24"
NMDC Steel Ltd,NSLNISP,"Iron & Steel","12663.14787785","0","-505.68","0.38999999999987267","15355.259999999998",,"-1459.91","0","0","10183.87","427.55","20848.539999999997","1965.98"
Atlanta Electricals Ltd,ATLANTAELE,"Electrical Components & Equipments","12651.032745","18.8","-140.71","0.14999999999999147","516.29",,"57.28","0.93","0","316.78999999999996","113.09","189.22","83.58"
Tbo Tek Ltd,TBOTEK,"Tour & Travel Services","12593.03499726","439.29","-443.37","210.20999999999998","5010.94",,"364.78","2.03","0","744.9100000000001","53.14","276.93299999999994","288.8"
Shaily Engineering Plastics Ltd,SHAILY,"Industrial Machinery","12574.18089824","181.62","-71.33","-3.1399999999999935","384.92999999999995",,"-41.87","0","4.59","356.88","72.22","479.3559","110.06"
KEC International Ltd,KEC,"Construction & Engineering","12556.654","936.04","-46.36","340.59","16816.92",,"-32.12","0","102.79","4358.17","182.52","1406.91","419.07"
Jaiprakash Power Ventures Ltd,JPPOWER,"Renewable Energy","12548.683112237","220.83","39.11","861.4999999999999","5483.599999999997",,"-891.89","490.32","0","1401.38","242.75","12944.949999999999","1714.28"
India Cements Ltd,INDIACEM,"Cement","12403.635470025","1503.31","2014.6","19.909999999999854","3634",,"-1738.47","119.37","0","8380.92","62.43","11771.1066","-256.22"
Privi Speciality Chemicals Ltd,PRIVISCL,"Specialty Chemicals","12394.5966138","0","-293.97","25.76999999999999","1672.5899999999997",,"38.63","0.83","7.81","1064.37","299.14","1294.6812","281.11"
Indegene Ltd,INDGN,"Business Support Services","12372.69354144","992.9","-677","52.39999999999998","710.3000000000009",,"287.5","0","0","1573.9","30","315.00000000000006","441.9"
Trident Ltd,TRIDENT,"Textiles","12366.982537889999","333.37","-205.12","57.39999999999998","2539.73",,"-682.16","0.35","181.16","3778.0200000000004","229.64","4507.21","944.68"
Aditya Birla Lifestyle Brands Ltd,ABLBL,"Retail - Apparel","12323.719035156","0","139.3","53.059999999999945","7001.950000000002",,"-1230.41","0","0","1276.48","246.48","2203.29","1144.17"
JM Financial Ltd,JMFINANCIL,"Investment Banking & Brokerage","12252.33194514","2043.82","-2474.51","-1691.58","14116.890000000003","9917.58","-4785.75","5464.14","196.08","7588.4","33.97","536.8299999999999","5568.68"
UTI Asset Management Company Ltd,UTIAMC,"Asset Management","12183.309820475","122.16","123.55","105.88999999999999","498.079999999999","0","-554.01","4557.5","598.66","4348.79","69.82","419.48","536.35"
Minda Corporation Ltd,MINDACORP,"Auto Parts","12177.57353514","484.6","-1409.1","-76.19999999999993","2671.499999999999",,"788.5","1475.6","33","1665.8000000000002","350.1","1491.1000000000001","544.4"
Indiamart Intermesh Ltd,INDIAMART,"Online Services","12015.7034688","935.5","-486.35","-11.329999999999984","1944.6599999999987",,"-148.19","664.95","119.89","1189.79","7.86","61.198000000000036","623.21"
Tega Industries Ltd,TEGA,"Industrial Machinery","11859.658406280001","90.78","-129.03","27.979999999999997","692.31",,"-38.02","22.13","13.31","1239.38","0","608.168","195.03"
Gravita India Ltd,GRAVITA,"Metals - Lead","11764.67459209","1023.35","-863.63","58.799999999999955","437.18999999999954",,"640.25","36.85","35.38","1031.8000000000002","107.31","469.1700000000001","282.18"
Thangamayil Jewellery Ltd,THANGAMAYL,"Precious Metals, Jewellery & Watches","11751.49049968","522.15","-137.92","75","1456.8700000000001",,"636.91","0","16.46","549.12","58.32","211.88000000000002","-423.99"
Concord Biotech Ltd,CONCORDBIO,"Pharmaceuticals","11675.1683664","81.97","-159.99","-14.239999999999995","221.53",,"-98.77","18.73","91.54","1720.29","111.17","844.7439","244.52"
Jupiter Wagons Ltd,JWL,"Rail","11669.348471645","1254.23","-627.56","318.22000000000014","1231.5200000000002",,"841.59","33.63","55.14","1041.83","508.15","918.9807","104.19"
Honasa Consumer Ltd,HONASA,"FMCG - Personal Products","11607.56740095","749.54","-145.12","-74.05","628.3600000000002",,"-31.11","0","0","105.11000000000001","20.39","150.47899999999998","102.18"
Jubilant Ingrevia Ltd,JUBLINGREA,"Specialty Chemicals","11599.263596205","571.32","-388.77","-9.42999999999995","2088.0599999999995",,"-128.76","20.51","79.77","2339.94","365.79","3100.0550000000003","508.1"
Signatureglobal (India) Ltd,SIGNATURE,"Real Estate","11532.414963825","1045.56","45.68","687.01","12136.760000000002",,"140.67","0.07","0","-332.88","44.68","143.529","500.66"
PCBL Chemical Ltd,PCBL,"Commodity Chemicals","11514.68310606","610.95","-690.32","6.239999999999959","8012.73",,"-63.93","516.11","207.6","2936.74","773.82","6588.96","760.49"
Blue Dart Express Ltd,BLUEDART,"Logistics","11483.1336593","34.75","-299.72","1.7099999999999795","2103.7199999999993",,"-433.69","0","59.32","1500.53","253.89","1890.53","735.12"
HEG Ltd,HEG,"Electrical Components & Equipments","11444.53241665","0","-206.85","-86.29000000000002","1194.3899999999996",,"-159.15","1007.16","87.25","4415.17","182.23","2008.7403000000002","279.71"
Shadowfax Technologies Ltd,SHADOWFAX,"Logistics","11421.969742580999","787.11","-119.27","60.98999999999998","598.8199999999999",,"130.39","0","0","-538.95","86.09","252.22","49.87"
Home First Finance Company India Ltd,HOMEFIRST,"Home Financing","11272.11468471","1145.03","-0.21","18.649999999999636","9690.400000000001","10648.7","2217.2","360.24","30.12","1358.24","11.93","46.11","-2198.34"
Lumax AutoTechnologies Ltd,LUMAXTECH,"Auto Parts","11244.6581709","45.29","-216.1","21.130000000000017","1942.0100000000002",,"-53.26","198.26","39.71","875.76","180.28","1172.3418000000001","290.49"
Nuvoco Vistas Corporation Ltd,NUVOCO,"Cement","11239.70413491","5618.16","-337.12","78.82999999999993","9155.32",,"-912.57","0.83","0","3027","350.12","11464.68","1328.52"
SBI Nifty 50 ETF,SETFNIF50,"Equity","11236.228304982",,,,,,,,,,,,
Afcons Infrastructure Ltd,AFCONS,"Construction & Engineering","11232.14263074","1384.35","-130.83","26.910000000000025","11857.16",,"289.94","0.78","32.37","3508.39","344.49","2770.6899999999996","-132.2"
Reliance Power Ltd,RPOWER,"Power Generation","11220.346630758","8544.73","450.67","-46.35999999999967","24945.739999999998",,"-2434.95","172.57","0","3130.3199999999997","0","33234.79","1937.92"
Indian Energy Exchange Ltd,IEX,"Power Trading & Consultancy","11201.44413707","0","-196.37","-40.97000000000003","1060.09",,"-271.85","455.81","267","1031.86","7.85","36.09109999999998","427.25"
Sanofi Consumer Healthcare India Ltd,SANOFICONR,"Pharmaceuticals","11179.98514368","0","1.9","325.29999999999995","158.29999999999995",,"-115.6","0","115.2","250","9.9","27.900000000000002","439"
Can Fin Homes Ltd,CANFINHOME,"Home Financing","11164.97338125","272.98","-784.54","0.3000000000000398","35899.850000000006","37696.44","-148.53","2373.98","133.15","4767.879999999999","16.65","50.349999999999994","933.37"
Prudent Corporate Advisory Services Ltd,PRUDENT,"Asset Management","11142.1235212","0.95","-142.38","0.3600000000000172","275.99000000000007","0","-17.87","365.24","8.28","646.03","17.9","162.07","160.61"
Zensar Technologies Ltd,ZENSARTECH,"IT Services & Consulting","11116.940456895","67.3","-472.9","-172.39999999999998","1103.2000000000007",,"-264.5","460","204.1","3957","36.9","252.79999999999984","565"
Park Medi World Ltd,PARKHOSPS,"Hospitals & Diagnostic Centres","11066.500666544","29.7","-91.17","26.370000000000005","1007.4299999999998",,"-73.61","0.09","0","963","158.91","857.8109999999999","191.15"
Kotak Nifty Bank ETF,BANKNIFTY1,"Equity","11053.95724732",,,,,,,,,,,,
Bls International Services Ltd,BLS,"Outsourced services","11048.83007712","325.23","-1118.57","-131.2499999999999","785.3599999999991",,"158.49","56.62","21.12","1364.43","161.21","379.6570999999998","828.83"
Godrej Agrovet Ltd,GODREJAGRO,"Agro Products","11045.30930514","438.89","-81.53","-13.029999999999973","2902.980000000001",,"-900.84","138.63","192.27","1749.7400000000002","224.67","2660.8700000000003","969.34"
Viyash Scientific Ltd,VIYASH,"Pharmaceuticals","10985.342960363001","920.45","-24.78","-2.1499999999999986","827.8599999999999",,"-60.73","0.01","1.85","-266.0400000000001","39.09","314.90899999999993","83.36"
Tamilnad Mercantile Bank Ltd,TMB,"Private Banks","10969.79697585","769.23","-99.21","840.1299999999999","57550.88000000001","43983.67","-959.5","15100.8","158.35","8081.110000000001","105.27","284.48","1898.84"
Astra Microwave Products Ltd,ASTRAMICRO,"Communication & Networking","10957.60337328","285.09","-76.32","-25.169999999999987","752.74",,"141.3","32.19","19.06","794.3900000000001","78.67","232.02","-90.15"
MedPlus Health Services Ltd,MEDPLUS,"Online Services","10929.90794148","1224.63","-317.61","-5.160000000000053","1620.19",,"-227.98","0","0","491.9899999999998","59.45","1271.1889999999999","540.43"
Sandur Manganese and Iron Ores Ltd,SANDUMA,"Mining - Diversified","10921.316856138","0","-1553.5","-9.210000000000036","3020.880000000001",,"703.74","95.01","16.22","2450.65","87.51","3143.3999999999996","840.55"
Elecon Engineering Company Ltd,ELECON,"Heavy Electrical Equipments","10911.44659625","28.78","-315.77","49.160000000000025","730.7800000000001",,"-67.37","81.25","33.66","1947.47","66","797.6900000000002","432.3"
Whirlpool of India Ltd,WHIRLPOOL,"Home Electronics & Appliances","10860.228648","12.69","60.88","324.72","2732.7700000000004",,"-307.23","0","63.44","3810.22","119.81","1214.73","571.07"
South Indian Bank Ltd,SOUTHBANK,"Private Banks","10836.8304246","2856.85","4434.02","2237.9200000000005","114750.83000000002","85682.07","156.85","21776.68","78.49","6989.549999999999","158.28","1018.3","-2352.95"
Nazara Technologies Ltd,NAZARA,"Theme Parks & Gaming","10782.38452352","2687.75","-1138.59","-268.16999999999996","1180.88",,"804.92","1117.39","0","140.25","147.78","250.1500000000001","65.5"
Aavas Financiers Ltd,AAVAS,"Home Financing","10768.182154260001","1364.94","176.23","-9.240000000000009","14257.649999999998","16229.71","1474.66","230.02","0","2916.7400000000002","30.07","144.11","-1660.13"
Metropolis Healthcare Ltd,METROPOLIS,"Hospitals & Diagnostic Centres","10746.01590144","246.19","-199.25","-23.129999999999995","524.45",,"-86.63","1.75","0","1066.5","68.61","471.13290000000006","262.75"
Lloyds Enterprises Ltd,LLOYDSENT,"Iron & Steel","10744.528306143","0","-293.85","-9.430000000000035","1236.7800000000009",,"139.91","2463.03","26.01","2327.21","69.19","183.8797","144.51"
Balrampur Chini Mills Ltd,BALRAMCHIN,"Sugar","10715.968340825","5.27","-880.43","0.04000000000007731","3333.6100000000006",,"455.31","431.22","60.57","3770.04","892.41","2751.16","425.16"
Brainbees Solutions Ltd,FIRSTCRY,"Retail - Apparel","10714.925647922999","4492.96","-1438.44","-90.52000000000021","3389.8500000000004",,"1431.37","5.01","0","151.97000000000025","223.46","1706.2980000000002","-83.45"
Action Construction Equipment Ltd,ACE,"Heavy Machinery","10674.31551606","183.37","-382.36","0.6300000000000061","1093.8099999999997",,"-28.99","542.59","23.8","1415.62","221","742.8611999999998","411.98"
IIFL Capital Services Ltd,IIFLCAPS,"Diversified Financials","10644.83849034","152.17","-176.97","203.90999999999997","5445.84","930.85","-490.01","485.9","92.95","2293.0699999999997","48.19","389.6","870.89"
Mahanagar Gas Ltd,MGL,"Gas Distribution","10624.53780168","0","-1051.86","22.38000000000011","2375.45",,"-331.53","107.5","296.38","5781.4","1183.94","5496.37","1405.77"
Bombay Burmah Trading Corporation, Ltd,BBTC,"Tea & Coffee","10592.769858","95.42","-904.71","-471.51999999999975","4907.860000000003",,"-1844.32","4217.39","996.65","5522.37","331.99","2951.963100000001","2277.51"
Corona Remedies Ltd,CORONA,"Pharmaceuticals","10591.704039839999","41.58","-83.84","0.06999999999999318","323.52",,"-106.59","25.95","0","503.59999999999997","91.65","385.6689999999999","190.5"
Strides Pharma Science Ltd,STAR,"Pharmaceuticals","10523.35875738","1509.45","-90.25","-48.460000000000036","3342.9200000000005",,"-642.58","339.71","22.99","950.22","242.5","1143.8460000000005","684.37"
Kirloskar Pneumatic Company Ltd,KIRLPNU,"Industrial Machinery","10511.5343058","21.41","-155.18","14.069999999999993","538.3000000000001",,"-45.75","175.96","48.6","1061.85","77.94","333.22900000000004","215"
Edelweiss Financial Services Ltd,EDELWEISS,"Diversified Financials","10506.5013483","3055.32","3725.94","2349.6000000000004","35364.229999999996","12221.3","-3428.09","17574.13","137.54","1277.2400000000002","165.52","1197.4859999999999","2051.75"
Tilaknagar Industries Ltd,TI,"Alcoholic Beverages","10450.382481","518.35","-76.93","7.079999999999984","330.5699999999998",,"-94.41","21.35","9.61","170.26","6.86","372.92539999999997","178.42"
JK Tyre & Industries Ltd,JKTYRE,"Tires & Rubber","10408.692794655","1168.49","-463.12","15.20999999999998","9451.079999999998",,"-237.44","111.37","91.25","3627.09","638.74","7152.8099999999995","715.77"
Ujjivan Small Finance Bank Ltd,UJJIVANSFB,"Private Banks","10408.587287882001","782.09","-1793.44","633","41630.840000000004","31390","398.24","11729.99","290.08","3276.67","167.21","456.91","2028.2"
Finolex Industries Ltd,FINPIPE,"Building Products - Pipes","10356.75790875","151.27","8.34","42.24000000000001","1285.0600000000018",,"-348.78","2765.59","154.6","5821.929999999999","115.5","1081.5700000000002","382.68"
Diamond Power Infrastructure Ltd,DIACABS,"Electrical Components & Equipments","10281.2053806","1005.08","-68.71","2.7199999999999998","2665.7900000000004",,"-5.89","0","0","-1936.44","67.67","1302.5","77.32"
Railtel Corporation of India Ltd,RAILTEL,"Communication & Networking","10279.657176210001","0","-82.31","60.39","3161.59",,"-112.64","0","91.46","1678.68","325.06","1202.7700000000002","255.34"
ESAB India Ltd,ESABINDIA,"Industrial Machinery","10230.201092","9.32","-15.89","26.75","285.85000000000014",,"-157.44","0.61","156.36","336.54","27.96","145.37","200.08"
SKF India (Industrial) Ltd,SKFINDUS,"Industrial Machinery","10207.45622061","0","0","0.01","0.07",,"0.01","0","0","-0.07","0","0","0"
Ramkrishna Forgings Ltd,RKFORGE,"Rail","10132.21671868","1450.06","-911.72","-157.10000000000002","3490.789999999999",,"722.07","180.97","36.16","1551.1100000000001","976.87","3416.8280999999993","32.55"
Swan Defence and Heavy Industries Ltd,SWANDEF,"Shipbuilding","10116.5532645","1500.11","-161.69","10.170000000000016","2596.15",,"268.66","5.26","0","-1257.1799999999998","44.23","1335.4900000000002","-96.8"
Vedant Fashions Ltd,MANYAVAR,"Textiles","10084.598640015","34.96","-15.88","-4.479999999999961","960.27",,"-377.2","342.09","206.46","1727.06","3.12","521.418","388.6"
Titagarh Rail Systems Ltd,TITAGARH,"Rail","10059.45710076","1382.3","-578.65","-303.7099999999999","1276.4099999999992",,"372.35","299.2","10.77","1073.7500000000002","236.02","1113.7799999999997","-97.41"
Swan Corp Ltd,SWANCORP,"Textiles","10057.26418731","4273.04","1345.52","256.9","4683.19",,"-559.76","7.13","3.19","2497.58","1321.4","7596.799300000001","-528.86"
Olectra Greentech Ltd,OLECTRA,"Electrical Components & Equipments","10020.41637296","644.99","-224.83","-1.2100000000000222","1118.6999999999998",,"82.95","72.77","0","371.43999999999994","176.98","537.3722000000001","140.67"
SBFC Finance Ltd,SBFC,"Specialized Finance","10018.993535632","1116.31","174.19","40.190000000000055","5405.700000000001","7503.72","1281.01","326.83","0","984.5999999999999","11.72","48.077999999999975","-1415.01"
Jayaswal Neco Industries Ltd,JAYNECOIND,"Iron & Steel","10003.223909688","1588.3","-236.18","66.33999999999992","3365.88",,"-1085.97","0","0","-189.93000000000006","244.11","3511.2045999999996","1388.49"
Cyient Ltd,CYIENT,"Software Services","9998.80939889","275.8","-134.1","597.5999999999999","1860.8",,"-58.2","336.1","329.7","4978","103.9","1203.5","789.9"
Karnataka Bank Ltd,KTKBANK,"Private Banks","9976.65481162","2683.74","-690.59","-68.98000000000002","109027.23","76541.48","412.06","24534.76","207.69","9023.15","162.71","990.67","209.55"
Lloyds Engineering Works Ltd,LLOYDSENGG,"Industrial Machinery","9943.00339584","312.58","-108.9","4.310000000000002","324.78000000000003",,"-45.09","15.87","22.89","206.92000000000002","66.89","167.4165","158.3"
Marksans Pharma Ltd,MARKSANS,"Pharmaceuticals","9852.686165532","504.5","-49.01","92.5","750.2400000000005",,"-65.15","0","27.19","1917.1","172.92","967.0010000000001","206.66"
RITES Ltd,RITES,"Business Support Services","9814.890272628","0","-205.3","27.239999999999952","3371.5499999999997",,"-404.52","96.8","355.65","2159.55","132.61","932.1899999999999","637.06"
Waaree Renewable Technologies Ltd,WAAREERTL,"Renewable Energy","9794.93949504","10.26","-236.93","17.19999999999998","665.1599999999999",,"-48.57","0","20.84","424.31","101.41","254.178","302.7"
PVR INOX Ltd,PVRINOX,"Theatres","9781.69821482","8617.6","-302.6","129.49999999999977","9207.8",,"-1534.7","1.2","0","-1664.3000000000002","333.5","8199.8","1966.8"
Avalon Technologies Ltd,AVALON,"Electronic Equipments","9777.236909719999","429.9","53.72","26.5","409.99",,"-52.28","1.78","5.21","167.76","46.18","195.30600000000004","25.06"
Healthcare Global Enterprises Ltd,HCG,"Hospitals & Diagnostic Centres","9735.250146614999","1171.98","-487.75","-213.07999999999998","2549.640000000001",,"-42.44","11.31","0","-388.95000000000005","208.87","2003.8720000000005","317.11"
Vesuvius India Ltd,VESUVIUS,"Industrial Machinery","9725.881536","16.95","-17.58","129.70999999999998","485.7500000000004",,"-30.17","0","29.31","1626.6399999999999","105.34","673.96","177.46"
Blackbuck Ltd,BLACKBUCK,"Logistics","9662.3370336","2507.17","-466.53","-24.50999999999999","195.28000000000048",,"383.69","40.87","0","-1287.39","43.65","45.21000000000001","58.33"
Intellect Design Arena Ltd,INTELLECT,"Software Services","9652.022338405","618.05","-243.96","124.09","1025.79",,"-63.31","335.13","48.22","2098.3599999999997","171.83","978.4660000000001","431.36"
MMTC Ltd,MMTC,"Commodities Trading","9589.5","0","278.15","-89.96000000000005","1776.2600000000004",,"-5.39","327.64","0","1552.19","0.23","24.310000000000006","-362.72"
Genus Power Infrastructures Ltd,GENUSPOWER,"Electronic Equipments","9426.900351925","596.78","-142.07","-235.25000000000006","2478.4000000000005",,"350.19","36.29","16.56","1243.13","112.66","325.69000000000005","-443.37"
Shilpa Medicare Ltd,SHILPAMED,"Pharmaceuticals","9315.56189608","1212.96","-198.06","-3.229999999999997","947.0099999999998",,"62.65","34.54","0","1149.5","243.63","2041.4729999999997","132.18"
Voltamp Transformers Ltd,VOLTAMP,"Heavy Electrical Equipments","9283.469312","0","-116.02","9.38000000000001","188.04999999999998",,"-93.81","932.17","91.04","1577.5","60.26","121.18","219.21"
Embassy Developments Ltd,EMBDL,"Real Estate","9222.871827955001","9505.85","573.59","63.72000000000003","11161.039999999999",,"-1970.74","28.49","0","-1030.25","53.95","3582.9309999999996","1460.87"
NCC Ltd,NCC,"Construction & Engineering","9208.625906196","2742.22","-58.55","436.4700000000001","13497.89",,"-246.68","142.82","138.13","4455.92","319.51","1686.4399999999996","741.7"
SEDEMAC Mechatronics Ltd,SEDEMAC,"Auto Parts","9182.94231","248.85","-104.75","-0.980000000000004","187.79000000000005",,"12.86","0","0","54.50000000000003","85.62","249.85000000000002","90.91"
Eureka Forbes Ltd,EUREKAFORB,"Home Electronics & Appliances","9160.87002852","3870.63","-168.43","34.17999999999999","1926.7199999999998",,"-43.39","0.01","0","344.5799999999999","59.66","503.26610000000073","246"
Transformers and Rectifiers (India) Ltd,TARIL,"Heavy Electrical Equipments","9147.55379115","721.54","-625.11","3.660000000000025","914.2199999999993",,"472.19","30.53","3.8","500.3600000000001","234.8","309.9395","156.58"
G R Infraprojects Ltd,GRINFRA,"Construction & Engineering","9097.42493658","62.75","432.74","125.62000000000012","6422.07",,"1724.47","2164.19","120.93","8380.42","155.84","1238.0099999999998","-2031.59"
Alkyl Amines Chemicals Ltd,ALKYLAMINE,"Specialty Chemicals","9086.25227832","21.35","-195.54","18.410000000000025","386.95000000000016",,"-49.16","0","51.13","1370.9","47.69","1096.41","263.11"
TSF Investments Ltd,TSFINV,"Investment Banking & Brokerage","8997.4273686","317.12","-144.05","-167.24","229.92000000000044","0","-211.47","5738.41","208.78","5178.5","0.94","47.0292","188.28"
KPI Green Energy Ltd,KPIGREEN,"Renewable Energy","8996.719336010001","1375.72","-1586.9","427.46000000000004","2162.2200000000003",,"1806.63","3.98","11.83","949.2099999999998","1505.07","2524.37","207.73"
Birlasoft Ltd,BSOFT,"IT Services & Consulting","8933.02096448","145.33","-437.54","-65.49000000000004","984.1599999999997",,"-215.47","297.18","179.58","3277.32","48.59","256.3919999999998","587.52"
Procter & Gamble Health Ltd,PGHL,"Pharmaceuticals","8893.9488756","11.13","9.59","-56.46000000000001","257.24",,"-234.74","0","232.4","509.23","8.56","127.07","168.69"
Amagi Media Labs Ltd,AMAGI,"Online Services","8872.060093439999","1396.27","-23.1","1.7699999999999996","915.5599999999997",,"-8.7","0","0","-1778.71","4.16","48.03499999999998","33.57"
Bata India Ltd,BATAINDIA,"Footwear","8828.5567226","50.14","53.05","152.82000000000005","2247.8900000000003",,"-638.05","1","281.95","1460.56","72.6","1557.2060000000001","737.82"
Lemon Tree Hotels Ltd,LEMONTREE,"Hotels, Resorts & Cruise Lines","8800.594482022","105.71","-127.45","21.78000000000003","2285.02",,"-392.35","6.02","0","265.96000000000004","95.78","3519.2057","541.58"
Nesco Ltd,NESCO,"Real Estate","8792.6984084","0","-314.63","-8.15000000000002","386.1799999999993",,"-42.42","888.02","42.28","2615.34","783.63","1669.06","348.9"
Axiscades Technologies Ltd,AXISCADES,"Construction & Engineering","8784.77577795","317.54","7.93","-3.259999999999991","467.6600000000002",,"-99.53","7.26","0","310.24999999999994","37.9","252.4542","88.34"
ASK Automotive Ltd,ASKAUTOLTD,"Auto Parts","8762.98857","0.94","-339.02","7.560000000000008","880.7400000000005",,"-13.62","37.19","19.71","1002.75","345.67","1148.5300000000002","360.2"
GMR Power and Urban Infra Ltd,GMRP&UI,"Power Generation","8757.549552677001","11790.84","-156.74","258.6999999999998","16255.469999999998",,"-2417.3","117.64","0","-11629.14","270.32","8634.659999999998","2832.74"
Orkla India Ltd,ORKLAINDIA,"Packaged Foods & Meats","8747.44728165","1109.5","262.94","41.700000000000045","711.8",,"-612.91","27.81","600.01","1336.3000000000002","20.81","403.76","391.67"
Cartrade Tech Ltd,CARTRADE,"Online Services","8743.0321447","2042.32","-137.58","6.619999999999997","378.75",,"-26.82","7.26","0","130.8599999999999","5.39","172.97109999999998","171.02"
Va Tech Wabag Ltd,WABAG,"Water Management","8684.93395231","393.9","-111.4","277.79999999999995","3122.2999999999997",,"34","69.4","0","1733.6","4.5","66.7","355.2"
Jupiter Life Line Hospitals Ltd,JLHL,"Hospitals & Diagnostic Centres","8642.91302004","664.33","-208.62","345.31","548.6500000000005",,"300.63","0.13","6.56","626.35","320.73","1162.5100000000002","253.3"
Star Cement Ltd,STARCEMENT,"Cement","8623.997557529","0","-528.55","-7.939999999999941","1227.8999999999996",,"224.14","2.02","0","2838.78","581.19","2640.43","296.47"
Maharashtra Seamless Ltd,MAHSEAMLES,"Building Products - Pipes","8585.332075639999","490.98","-485.96","-12.70999999999998","693.3200000000018",,"-136.37","689.81","134","5781.959999999999","23.21","1876.2799999999997","609.62"
Varroc Engineering Ltd,VARROC,"Auto Parts","8523.953256","1302.4","-245.23","1.0400000000000205","3069.3100000000004",,"-490.45","31.35","0","247.38999999999987","288.89","2046.633","736.72"
Cello World Ltd,CELLO,"FMCG - Household Products","8511.80478519","1181.24","-553.43","19.520000000000095","231.60999999999973",,"311.22","30.82","38.58","875.72","167.18","634.2442","261.73"
Time Technoplast Ltd,TIMETECHNO,"Plastic Products","8489.541248042","304","-146.6","35.18999999999997","1436.6000000000001",,"-248.73","3.19","47.03","2565.45","195.83","1452.1499999999999","430.52"
India Shelter Finance Corporation Ltd,INDIASHLTR,"Home Financing","8482.518094525","1514.71","-61.38","70.03999999999996","5038.76","6852.36","1566.19","315.27","0","1139.6","9.06","29.369999999999997","-1434.77"
BHARAT Bond ETF-April 2030-Growth,EBBETF0430,"Debt","8469.70691049",,,,,,,,,,,,
Banco Products (India) Ltd,BANCOINDIA,"Auto Parts","8448.4981245","0","-72.55","2.950000000000003","1440.8800000000006",,"-88.81","0","157.34","1274.23","78","520.7493","164.31"
Tips Music Ltd,TIPSMUSIC,"Movies & TV Serials","8427.9367287","0","10.57","-7.7099999999999795","129.85000000000002",,"-138.51","0","89.48","196.76","1.54","7.300000000000001","120.23"
Powergrid Infrastructure Investment Trust,PGINVIT,"Power Transmission & Distribution","8371.99264","0","-531.41","9.330000000000041","2466.0600000000018",,"-674.48","0","1121.47","-1378.8","4.47","9244.980000000001","1215.22"
Bharat Bond ETF - April 2023,EBBETF0423,"Debt","8369.700871194",,,,,,,,,,,,
V2 Retail Ltd,V2RETAIL,"Retail - Apparel","8287.4822364","302.34","-130.73","-0.4399999999999835","1252.78",,"-92.7","0","0","9.370000000000005","134.46","867.22","222.99"
Tejas Networks Ltd,TEJASNET,"Telecom Equipments","8280.87738456","2905.88","-655.21","139.32999999999993","6615.65",,"1286.03","0","0","760.8499999999999","651.27","1165.3999999999996","-491.49"
Manorama Industries Ltd,MANORAMA,"Packaged Foods & Meats","8277.3935139","155.58","-33.64","2.230000000000004","523.5999999999999",,"92.77","0","2.38","292.22","31.82","180.85","-56.9"
Quality Power Electrical Equipments Ltd,QPOWER,"Power Trading & Consultancy","8274.127644","199.22","-99.88","133.58","216.3799999999999",,"171","2.79","0","147.72","25.54","219.27100000000002","62.46"
BHARAT Bond ETF-April 2032,BBETF0432,"Debt","8252.305331877",,,,,,,,,,,,
Tata Teleservices (Maharashtra) Ltd,TTML,"Telecom Services","8234.155586124001","525.43","-90.58","-26.97000000000014","21324.410000000003",,"-603.95","0","0","-30184.420000000002","135.07","964.8100000000004","667.56"
SKF India Ltd,SKFINDIA,"Industrial Machinery","8180.9941172399995","0","-59.75","-506.69","965.83",,"-650.01","9.1","642.7","2548.53","131.34","606.44","203.07"
Fujiyama Power Systems Ltd,UTLSOLAR,"Renewable Energy Equipment & Services","8169.72490444","95.27","-118.13","4.010000000000005","617.13",,"104","0.01","0","273.54","119.07","362.027","18.14"
Yatharth Hospital & Trauma Care Services Ltd,YATHARTH,"Hospitals & Diagnostic Centres","8158.805178975","1146.23","-420.15","248.95000000000005","94.05000000000021",,"519.5","0.27","0","362.8799999999999","310.83","722.4620000000001","149.6"
Triveni Engineering and Industries Ltd,TRIVENI,"Sugar","8103.602775360001","0","-318.76","-30.319999999999993","3055.8",,"394.8","9.78","27.37","3089.28","299.57","2365.09","-106.36"
Jeena Sikho Lifecare Ltd,JSLL,"Pharmaceuticals","8087.0054938","53.31","-70.37","-2.430000000000009","55.29000000000005",,"-0.69","0.64","10.38","194.85","111.83","105.84819999999999","68.63"
Kama Holdings Ltd,KAMAHOLD,"Specialty Chemicals","8076.395463125","258.79","-1703.52","-234.1099999999999","8993.66","36.49","-1064.39","1708.24","214.31","6954.77","1236.17","14511.924800000003","2533.8"
Sharda Cropchem Ltd,SHARDACROP,"Fertilizers & Agro Chemicals","8031.4284649","21.69","-495.82","39.870000000000005","2212.31",,"-67.93","0","55.29","2388.66","393.06","301.5433999999998","603.62"
Clean Science and Technology Ltd,CLEAN,"Specialty Chemicals","8021.279142025","3.98","-151.74","9.589999999999996","183.10000000000045",,"-52.51","36.91","53.13","1401.81","141.95","742.0120000000001","213.84"
RHI Magnesita India Ltd,RHIM,"Cement","7980.247607769999","3509.55","-113.3","46.70999999999998","1156.1600000000005",,"-213.07","0.01","51.63","468.4199999999996","119.12","1925.8488","373.08"
PC Jeweller Ltd,PCJEWELLER,"Precious Metals, Jewellery & Watches","7972.349115955","3074.28","2.49","57.460000000000036","2219.5099999999998",,"687.69","0.01","0","1973.8299999999995","0.57","93.82","-632.72"
Zee Entertainment Enterprises Ltd,ZEEL,"TV Channels & Broadcasters","7967.5085889","0","-1601.5","-392.7","2200.7000000000016",,"22.8","38.3","96.1","11437.3","91.6","672.8999999999999","1186"
JK Lakshmi Cement Ltd,JKLAKSHMI,"Cement","7896.206215730001","198.47","-1150.93","-50.66000000000008","4891.88",,"317.85","34.26","53.15","3296.26","660.7","5831.89","782.42"
Akums Drugs and Pharmaceuticals Ltd,AKUMS,"Pharmaceuticals","7883.990476710001","1083.97","-547.84","-9.850000000000037","1031.22",,"72.79","0.14","0","1932.4199999999998","272.31","1558.032","465.2"
Saregama India Ltd,SAREGAMA,"Movies & TV Serials","7803.1532685","834.12","-219.99","12.479999999999976","508.42000000000047",,"-98.73","0","86.76","729.9799999999999","161.66","245.5317","331.2"
Isgec Heavy Engineering Ltd,ISGEC,"Heavy Machinery","7796.3339453","4.5","-274.07","-49.48999999999998","5160.389999999999",,"108.4","1.6","32.23","2726.92","240.94","1002.3217000000001","116.18"
Rategain Travel Technologies Ltd,RATEGAIN,"Software Services","7788.54958025","1165.18","-38.38","79.85000000000001","213.84000000000023",,"-1.74","115.52","0","510.67999999999984","6.49","167.22500000000005","119.97"
Power Mech Projects Ltd,POWERMECH,"Construction & Engineering","7776.975506160001","513.23","-192.59","40.150000000000006","2431.78",,"232","35.28","3.16","1615.0700000000002","162.58","348.99","0.74"
Indian Metals and Ferro Alloys Ltd,IMFA,"Iron & Steel","7770.47034612","141.67","-561.92","-44.49999999999994","820.3099999999996",,"-67.93","0.25","192.74","2152.62","115.8","1125","585.35"
Equitas Small Finance Bank Ltd,EQUITASBNK,"Private Banks","7767.262535508","2775.03","-238.67","1957.35","46786.82999999999","36208.89","259.2","9288.69","113.55","2157.6299999999997","244.68","695.7","1936.82"
SBI Gold ETF,SETFGOLD,"Gold","7729.7216374",,,,,,,,,,,,
Jyothy Labs Ltd,JYOTHYLAB,"FMCG - Household Products","7696.816150560001","504.28","-161.15","-7.2099999999999795","641.2699999999995",,"-157.47","0","128.52","1508.51","58.13","376.77","311.41"
Gujarat Narmada Valley Fertilizers & Chemicals Ltd,GNFC,"Fertilizers & Agro Chemicals","7647.527846735001","0","-465.84","-122.61000000000001","2471.209999999998",,"-261.95","1686.3","238.34","8428.7","452.87","3465.21","605.18"
Aditya Birla Fashion and Retail Ltd,ABFRL,"Retail - Apparel","7608.508087972999","9271.48","-1664.75","312.7799999999999","9580.120000000003",,"333.7","154.89","0","-3665.49","634.77","4110.02","1643.83"
Religare Enterprises Ltd,RELIGARE,"Investment Banking & Brokerage","7607.2132261080005","4718.3","-1184.71","101.73000000000002","7792.080000000001","430.55","-285.48","8700.09","0","-2533.13","24.89","143.22959999999998","1571.92"
Blue Jet Healthcare Ltd,BLUEJET,"Pharmaceuticals","7589.979670875","0","-35.18","-7.98","284.4099999999998",,"-18.56","0","17.35","1098.42","79.88","389.45000000000005","45.76"
SG Mart Ltd,SGMART,"Building Products - Others","7587.72","939.94","-86.76","1.1200000000000045","1090.33",,"478.89","0","0","171.8499999999999","157.52","291.99","-391.01"
Gujarat Ambuja Exports Ltd,GAEL,"Agro Products","7567.14854868","0","-295.96","-8.209999999999972","584.8",,"-61.37","179.14","16.05","2956.4","252.34","1413.5599999999997","349.12"
Thyrocare Technologies Ltd,THYROCARE,"Hospitals & Diagnostic Centres","7564.331595375","78.03","-52.52","8.379999999999995","145.70000000000002",,"-130.42","24.17","95.31","360.79999999999995","44.89","202.0699999999999","191.32"
Birla Corporation Ltd,BIRLACORPN,"Cement","7556.53470111","0","-885.69","-38.92000000000007","7346.129999999999",,"-822.72","756.83","77.01","6938.11","445.27","9897.13","1669.49"
KRBL Ltd,KRBL,"Packaged Foods & Meats","7552.221986539999","0","-523.15","185.93000000000004","984.7499999999991",,"-251.67","0","91.56","5217.42","96.3","942.3000000000001","960.75"
Mishra Dhatu Nigam Ltd,MIDHANI,"Metals - Diversified","7468.3091","0","-96.17","-5.589999999999989","1499.6799999999998",,"-126.38","25.32","14.05","1227.63","67.69","1098.5249","216.96"
Gujarat Pipavav Port Ltd,GPPL,"Ports","7454.6434122","1428.89","-56.2","-11.099999999999966","598.2400000000009",,"-401.02","337.78","372.22","424.8699999999999","95.41","1411.78","446.12"
TTK Prestige Ltd,TTKPRESTIG,"Home Electronics & Appliances","7430.96039184","0.25","203.78","-1.2200000000000273","651.7800000000004",,"-362.24","5.21","83.17","1864.86","42","584.57","157.24"
Cera Sanitaryware Ltd,CERA,"Building Products - Ceramics","7411.52093025","0","126.63","-11.430000000000007","494.65999999999997",,"-260.08","23.94","78.04","1347.13","29.28","409.46999999999997","122.02"
Sonata Software Ltd,SONATSOFTW,"IT Services & Consulting","7391.796294645","34.71","-437.07","-226.03999999999996","2963.68",,"-433.3","3.48","122.58","1643.47","68.52","486.39999999999986","644.33"
Pearl Global Industries Ltd,PGIL,"Apparel & Accessories","7350.66406172","329.31","-103.5","174.01999999999998","1448.86",,"101.13","24.27","25.43","803.4200000000001","119.11","748.4408999999999","176.39"
Sanofi India Ltd,SANOFI,"Pharmaceuticals","7346.768418","2","-11.3","-20.899999999999977","505.6000000000002",,"-447.9","0","442.2","724.2","25.7","315.30000000000007","438.3"
Sudeep Pharma Ltd,SUDEEPPHRM,"Pharmaceuticals","7342.79011125","0","-78.59","22.839999999999996","223.7499999999999",,"52.7","0","0","481.12","64.23","277.54999999999995","48.73"
Safari Industries (India) Ltd,SAFARI,"Apparel & Accessories","7325.57196504","424.16","-9.66","-27.439999999999998","362.86",,"-75.1","0","14.61","519.55","145.44","425.62999999999994","57.32"
ELANTAS Beck India Ltd,ELANTAS,"Specialty Chemicals","7307.42016032","6.95","-194.35","-73.64999999999999","158.14000000000001",,"-6.41","0","5.95","993.3299999999999","30.88","244.30349999999996","127.11"
Westlife Foodworld Ltd,WESTLIFE,"Restaurants & Cafes","7267.20197684","713.12","-220.93","44.54999999999997","2004.3999999999999",,"-79.42","159.2","0","-140.82000000000005","217.71","1993.532","344.9"
Relaxo Footwears Ltd,RELAXO,"Footwear","7251.581010180001","216.83","-262.03","-17.97999999999999","664.4000000000009",,"-161.96","73.87","74.68","1856.35","115.83","1392.7900000000004","406.01"
Precision Wires India Ltd,PRECWIRE,"Electrical Components & Equipments","7250.1642885","50.28","-98.89","-33.99000000000001","677.7300000000004",,"-103.02","0","19.65","508.09000000000003","102.73","248.13000000000002","167.92"
Inox Green Energy Services Ltd,INOXGREEN,"Heavy Electrical Equipments","7243.71947589","1776.07","-637.46","-4.590000000000032","512.5799999999996",,"572.5","264.75","0","-328.45000000000005","4.21","701.2855000000001","60.37"
Borosil Renewables Ltd,BORORENEW,"Housewares","7228.091004075","643.89","-142.06","-94.94999999999999","454.75",,"-52.68","29.46","0","246.90999999999997","109.14","911.7404","99.79"
Sky Gold and Diamonds Ltd,SKYGOLD,"Precious Metals, Jewellery & Watches","7221.76921092","297.83","-156.91","-3.1200000000000045","673.0499999999998",,"426.98","77.03","0","234.01000000000005","15.2","63.699099999999994","-273.19"
Vikram Solar Ltd,VIKRAMSOLR,"Renewable Energy Equipment & Services","7204.573319003999","594.94","-168.75","30.210000000000008","1590.09",,"-99.72","0","0","330.51","146.38","616.897","298.68"
Bajaj Consumer Care Ltd,BAJAJCON,"FMCG - Personal Products","7182.0483801850005","0","154.64","8.149999999999977","153.16",,"-211.59","59.99","0","734.19","5.8","138.929","65.1"
Shreeji Shipping Global Ltd,SHREEJISPG,"Logistics","7125.229838689999","21.41","-21.48","103.85999999999999","415.4200000000001",,"-13.45","0","0","175.14000000000001","41.49","396.96900000000005","138.79"
Praj Industries Ltd,PRAJIND,"Construction & Engineering","7109.890243839999","107.55","75.38","-42.5","1775.4799999999996",,"-160.84","69.78","110.22","1237.45","43.5","522.2449999999999","42.96"
Dilip Buildcon Ltd,DBL,"Construction & Engineering","7096.402529605","914.3","-1426.85","-273.81999999999994","14454.5",,"1022.03","831.96","14.62","3870.59","4265.34","5110.3991","131"
Suven Life Sciences Ltd,SUVEN,"Pharmaceuticals","7093.556241534","646.78","154.95","0.0899999999999943","25.2",,"-0.76","0","0","-558.5999999999999","37.28","59.660000000000004","-154.1"
RedTape,REDTAPE,"Retail - Apparel","7093.0743156","0","-110.28","-7.3500000000000085","1435.37",,"98.69","0","27.57","678.28","170.94","763.3299999999999","4.24"
Le Travenues Technology Ltd,IXIGO,"Online Services","7092.876751549001","708.09","-202.27","24.17999999999998","268.1900000000001",,"104.24","30.04","0","-113.48000000000002","4.11","26.86500000000001","122.21"
Dynamatic Technologies Ltd,DYNAMATECH,"Auto Parts","7090.9456363","233.18","-65.68","-17.72","932.7800000000001",,"-96.37","0.33","4.75","477.53000000000003","66.55","711.6200000000001","144.33"
Kingfa Science and Technology (India) Ltd,KINGFA,"Commodity Chemicals","7089.947025389999","248.78","-29.84","23.080000000000002","427.00999999999993",,"-7","0","12.05","467.72","30.33","284.9","59.92"
Campus Activewear Ltd,CAMPUS,"Apparel & Accessories","7088.845576385001","25.63","-154.58","-4.060000000000002","571.46",,"-84.69","0","21.38","578.18","59.18","464.48","235.21"
Powerica Ltd,POWERICA,"Power Generation","7077.413721225","1.94","-345.78","-3.769999999999982","1321.07",,"85.57","40.42","0","1069.01","333.38","1212.8899999999999","256.44"
P N Gadgil Jewellers Ltd,PNGJL,"Precious Metals, Jewellery & Watches","7073.796857625","782.06","-424.03","67.50999999999999","1590.29",,"1166.98","8.61","0","636.1700000000001","434.06","291.842","-675.44"
Gujarat State Fertilizers & Chemicals Ltd,GSFC,"Fertilizers & Agro Chemicals","7065.0066069","305.24","-171.65","-246.83999999999997","2219.6899999999964",,"-158.67","5055.23","158.37","11753.54","379.54","3194.62","83.48"
Bluestone Jewellery and Lifestyle Ltd,BLUESTONE,"Precious Metals, Jewellery & Watches","7050.50240595","3245.13","-84.23","-10.360000000000014","2621.5499999999997",,"739.7","8.56","0","-2368.01","163.09","1018.333","-665.83"
Kirloskar Ferrous Industries Ltd,KIRLFER,"Iron & Steel","7027.090659085001","223.4","-474.55","6.989999999999981","2913.5600000000013",,"-172.96","0.94","90.36","3129.3199999999997","484.55","3851.7700000000004","654.5"
Aditya Vision Ltd,AVL,"Retail - Speciality","6990.88833675","280.56","-44.66","8.560000000000016","639.79",,"94.04","0","11.58","290.21999999999997","37.1","274.38","-40.82"
Mahindra Lifespace Developers Ltd,MAHLIFE,"Real Estate","6969.90649905","952.81","272.69","146.77999999999997","4524.509999999999",,"416.18","844.2","41.15","788.2","14.54","30.509999999999998","-542.09"
Elitecon International Ltd,ELITECON,"FMCG - Tobacco","6955.0735","2.26","-20.01","0.8299999999999983","90.62",,"20.87","0","0","-1.88","4.93","17.9","-0.03"
JK Paper Ltd,JKPAPER,"Paper Products","6907.338581245","438.32","6.95","-35.93999999999994","3865.5100000000016",,"-656.12","186.5","84.66","4736.58","252.92","5992.55","613.23"
EPL Ltd,EPL,"Packaging","6907.151125994","194","-374.4","-10.499999999999943","1593.6",,"-431.2","14.4","152.6","2096.5","363.1","1915.3000000000004","795.1"
Maple Infrastructure Trust,MIT,"Roads","6883.577792","0","-41.57","-22.819999999999993","4896.74",,"-508.97","0","0","-488.1","9.1","7097.13","527.72"
Kennametal India Ltd,KENNAMET,"Industrial Machinery","6875.4528192","0.1","-3.9","51.7","219.4000000000001",,"-89.2","0","87.9","725.1999999999999","31.2","281.3","144.8"
Rashtriya Chemicals and Fertilizers Ltd,RCF,"Fertilizers & Agro Chemicals","6850.8628258","0","-680.55","830.5400000000002","6534.480000000001",,"-852.73","1095.12","68.41","4193.64","827.34","3484.59","2363.82"
E2E Networks Ltd,E2E,"Software Services","6848.18874546","1479.94","-982.8","455.9100000000001","987.9599999999997",,"1350.24","0","0","92.56999999999994","125.93","1019.4187","88.47"
Jai Balaji Industries Ltd,JAIBALAJI,"Iron & Steel","6844.62247929","809.06","-352.21","47.06999999999999","1765.8399999999995",,"88","0.79","0","1133.3300000000002","357.79","1742.7599999999998","311.28"
Tanla Platforms Ltd,TANLA,"Software Services","6822.304173915","214.42","-220.3","213.57000000000002","1069.41",,"-208.23","0","161.45","2040.4099999999999","127.63","562.2536","642.1"
HMT Ltd,HMT,"Industrial Machinery","6821.1791406","0","30","-23.869999999999997","2442.31",,"-7.46","0.18","0","-2253.5","2.21","38.389999999999965","-46.41"
Transport Corporation of India Ltd,TCI,"Logistics","6799.5004142","10.26","-99.29","-32.06","588.5900000000001",,"-291.96","240.04","77.42","2129.1699999999996","354.03","1216.361","359.19"
Sudarshan Chemical Industries Ltd,SUDARSCHEM,"Diversified Chemicals","6780.0558784800005","993.41","-1575.82","1057.09","5633.4299999999985",,"2595.87","219.35","9.2","2405.94","94.57","2996.117","37.04"
Sri Lotus Developers and Realty Ltd,LOTUSDEV,"Real Estate","6698.44716926","512.8","15.86","246.32","283.1699999999998",,"249.96","0","0","376.05000000000007","1.24","3.3949999999999987","-19.5"
WeWork India Management Ltd,WEWORK,"Real Estate","6678.6015833599995","2137.21","-303.68","2.490000000000009","5191.21",,"-983.78","2.09","0","-2071.53","372.28","4354.859","1289.95"
Bengal & Assam Company Ltd,BENGALASM,"Specialized Finance","6666.548296915","160.8","-286.13","47.15000000000002","1375.8499999999985","0","38.92","9869.32","49.48","9589.43","102.83","484.908","294.36"
Welspun Enterprises Limited,WELENT,"Construction & Engineering","6662.832547","732.16","-16.67","245.7","3321.7800000000007",,"535.86","299.18","40.88","1671.31","51.6","228.47000000000006","-273.49"
Transrail Lighting Ltd,TRANSRAILL,"Power Infrastructure","6660.44140025","651.54","-497.64","31.600000000000023","4351.93",,"241.93","0","18.59","1199.92","141.82","437.22999999999996","287.31"
India Glycols Ltd,INDIAGLYCO,"Commodity Chemicals","6657.0982998","39.58","-735.99","-20.129999999999995","3920.2200000000007",,"353.75","381.31","24.59","2185.34","760.47","3927.46","362.11"
Max Estates Ltd,MAXESTATES,"Real Estate","6637.5976156","1269.25","-1993.08","-1.7100000000000364","4568.539999999999",,"1766.36","5.12","0","810.6700000000001","677.2","2046.81","225.01"
Raajmarg Infra Investment Trust,RIIT,"Real Estate","6631.2","0",,,"0",,,"0",,"0",,"0",
Kalpataru Ltd,KALPATARU,"Real Estate","6586.159066105","1412.16","-34.59","-190.08000000000004","13837.059999999998",,"-643.74","116.43","0","901.55","42.62","870.87","488.25"
Latent View Analytics Ltd,LATENTVIEW,"IT Services & Consulting","6579.1797391","471.97","-221.32","-95.42999999999999","251.56",,"-4.58","430.13","0","1007.3999999999999","16.19","164.73799999999994","130.47"
Pricol Ltd,PRICOLLTD,"Auto Parts","6560.88103734","886.43","-376.99","-11.459999999999987","933.1200000000001",,"56.24","7.14","0","117.41000000000008","216.27","826.1258","309.29"
AJAX Engineering Ltd,AJAXENGG,"Construction & Engineering","6513.751158","0","-34.66","-17.45","325.32000000000016",,"-25.51","29.38","24.84","1145.7","23.45","196.07600000000002","42.72"
KRN Heat Exchanger and Refrigeration Ltd,KRN,"Electrical Components & Equipments","6500.337228","326.62","-279.26","-0.05000000000001137","96.46000000000002",,"257.77","0","0","109.86000000000001","8.27","167.46999999999997","21.44"
Galaxy Surfactants Ltd,GALAXYSURF,"Specialty Chemicals","6473.328620159999","0.2","-290.25","-27.05000000000001","1087.4499999999994",,"-157.31","0","135.09","2326.8900000000003","218.66","1289.21","420.51"
Archean Chemical Industries Ltd,ACI,"Commodity Chemicals","6438.3552471","942.05","-246.23","-5.019999999999996","525.0200000000002",,"64.98","136.5","12.34","897.28","263.57","1447.3999999999999","176.23"
Citius Transnet Investment Trust,CITIUSINVT,"Roads","6398.9","0","-2385.17","-1154.78","12063.69",,"185.44","0","0","-4398.04","30.2","37.4409999999998","1044.95"
Sheela Foam Ltd,SFL,"Home Furnishing","6396.58411755","1136.89","-28.78","-2.769999999999982","2365.37",,"-226.32","402.27","0.09","1843.9599999999998","151.27","2597.0299999999997","252.33"
Newgen Software Technologies Ltd,NEWGEN,"Software Services","6356.41269027","46.85","-167.69","-20.80000000000001","528.6499999999997",,"-68.09","0","56.09","1329.3700000000001","23.35","256.07689999999997","214.98"
Aarti Pharmalabs Ltd,AARTIPHARM,"Labs & Life Sciences Services","6352.841901325","440.76","-413.9","-16.899999999999977","916.5000000000002",,"65.44","29.24","31.72","1503.83","443.88","1478.8923","331.56"
Sunflag Iron and Steel Co Ltd,SUNFLAG,"Iron & Steel","6310.38397172","37.85","-86.79","-92.62000000000002","2419.04",,"-193.22","7779.06","0","8548.3","80.1","1782.08","187.39"
Garware Technical Fibres Ltd,GARFIBRES,"Textiles","6305.3664744","1.03","-2.78","-138.53000000000003","515.0600000000003",,"-330.85","593.59","5.96","1141.27","43.76","275.31300000000005","195.1"
Ethos Ltd,ETHOSLTD,"Precious Metals, Jewellery & Watches","6304.91520159","683.95","46.59","-32.099999999999994","427.43",,"-58.4","36.22","0","273.77","73.38","391.63","-20.29"
SJS Enterprises Ltd,SJS,"Auto Parts","6291.84662256","41.88","-98.5","4.8899999999999935","178.26999999999987",,"-59.62","7.08","6.21","603.97","38.66","263.56899999999996","163.01"
Interise Trust,INTERISE,"Roads","6266.1528877","0","-242.1","-375.03999999999996","15338.959999999997",,"-1728.18","0","765.18","-5570.06","68.14","-378.4269000000022","1595.24"
Hindustan Foods Ltd,HNDFDS,"FMCG - Foods","6239.33761164","392.43","-289.32","33.81","1590.7199999999996",,"209.45","0","0","435.67","272.9","1125.05","113.68"
Shakti Pumps (India) Ltd,SHAKTIPUMP,"Industrial Machinery","6224.1933546","186.14","-197.96","-133.6","811.9500000000003",,"43.87","0","8.01","854.82","108.14","259.5","20.49"
Alok Industries Ltd,ALOKINDS,"Textiles","6201.5852608489995","1160.31","237.97","5.509999999999991","23817.48",,"-347.68","0.05","0","-22286.960000000003","79.37","4796.719999999999","115.22"
Kwality Wall's (India) Ltd,KWIL,"FMCG - Foods","6191.17297537","0","0","-0.99","0.05",,"0","0","0","-0.05","0","0","-0.99"
Dodla Dairy Ltd,DODLA,"FMCG - Foods","6182.39386632","218.07","-525.72","-13.630000000000063","324.67000000000024",,"-7.7","13.2","18.1","1127.55","110.01","710.7299999999999","519.79"
CSB Bank Ltd,CSBBANK,"Private Banks","6166.442002995","1804.24","1903.91","437.2899999999995","43349.51","31507.05","3788.9","11389.34","0","2519.95","300.24","628.68","-5255.52"
Nephrocare Health Services Ltd,NEPHROPLUS,"Hospitals & Diagnostic Centres","6161.92343097","606.58","-125.05","64.66999999999999","410.3100000000001",,"54.37","0","0","-27.90000000000009","100.8","345.71199999999993","135.35"
Paras Defence and Space Technologies Ltd,PARAS,"Aerospace & Defense Equipments","6139.54573605","308.24","-87","31.489999999999995","215.32999999999987",,"73.66","28.24","0","291.40999999999997","35.23","194.40359999999998","44.83"
Valor Estate Ltd,DBREALTY,"Real Estate","6114.551416753","4548.88","-689.24","-743.43","3570.21",,"-594.64","1070.97","0","-194.07999999999993","104.33","1884.4500000000003","540.45"
Shrem InvIT,SHREMINVIT,"Roads","6108.4416","0","-169.41","6.940000000000026","9355.84",,"-209.25","308.04","543.84","1508.7","0","1.8632000000002336","385.6"
Moil Ltd,MOIL,"Mining - Manganese","6080.138104680001","0","-337.88","-37.15999999999997","573.5899999999999",,"-133.57","7.67","133.57","2434.41","321.95","1426.92","434.29"
Prism Johnson Ltd,PRSMJOHNSN,"Cement","6063.433362680001","0","-238.77","-28.029999999999973","5332.96",,"-526.54","1060.88","0","974.65","388.89","3401.46","737.28"
Ashapura Minechem Ltd,ASHAPURMIN,"Metals - Diversified","6059.698026630001","228.77","-391.5","-25.269999999999982","2708.0199999999995",,"177.83","344.5","0","994.1500000000001","400.74","1357.1206000000002","188.4"
Indo Count Industries Ltd,ICIL,"Textiles","6050.560087","16.54","-485.09","13.670000000000016","1982.0499999999993",,"104.62","0","43.57","2221.42","251.58","1750.1273999999999","394.14"
Greenlam Industries Ltd,GREENLAM,"Building Products - Laminates","6019.699733286","182.92","-166.86","9.719999999999992","1776.490000000001",,"-28.32","0.01","21.05","918.4600000000002","267.6","1774.6900000000003","204.9"
Nippon India ETF Nifty 50 BeES,NIFTYBEES,"Equity","5977.95422673",,,,,,,,,,,,
Sun Pharma Advanced Research Co Ltd,SPARC,"Pharmaceuticals","5960.812528384","2038.16","157.67","-3.360000000000042","552.4799999999998",,"199.26","0","0","-2287.56","10.34","152.91000000000003","-360.29"
Balaji Amines Ltd,BALAMINES,"Specialty Chemicals","5940.07533","5.7","-139.23","67.69","233.68000000000023",,"-48.52","0","35.64","1832.8799999999999","185.63","1240.78","255.44"
F D C Ltd,FDC,"Pharmaceuticals","5919.77465424","0","-199.4","26.049999999999983","432.72999999999956",,"-92.12","543.17","81.13","2264.8","96.72","988.3515","317.57"
Technocraft Industries (India) Ltd,TIIL,"Industrial Machinery","5916.6933660800005","4.88","-184.78","46.62000000000002","1182.29",,"-44.89","393.15","3.85","1744.76","228.43","836.8801000000001","276.29"
Ganesh Housing Ltd,GANESHHOU,"Real Estate","5874.20355505","415.97","-388.84","-73.18","260.85000000000025",,"-94.18","0","91.73","1336.43","5.28","571.3651","409.84"
Kovai Medical Center and Hospital Ltd,KOVAI,"Hospitals & Diagnostic Centres","5845.3563604","0","-611.77","-196.76999999999995","714.5399999999997",,"62.09","0.34","10.74","1075.22","353.1","1436.69","352.91"
Supriya Lifescience Ltd,SUPRIYA,"Pharmaceuticals","5837.01507","198.54","-152.24","4.209999999999997","115.55000000000001",,"-8.23","63.24","6.44","782.12","162.38","600.367","164.68"
DCB Bank Ltd,DCBBANK,"Private Banks","5835.081625901999","1383.93","-2791.71","-367.28999999999996","71202.07000000002","51046.91","2865.42","20149.9","39.14","3989.4799999999996","136.05","898.4","-441"
Sapphire Foods India Ltd,SAPPHIRE,"Restaurants & Cafes","5818.637495025","1475.65","-336.81","-39.379999999999995","1643.9000000000005",,"-210.57","0","0","-143.91000000000008","264.87","2226.0690000000004","508"
PTC India Ltd,PTC,"Power Trading & Consultancy","5811.235357872","1649.47","869.07","835.3000000000002","6146.909999999999",,"-2165.32","215.99","230.89","3859.63","5.47","38.45","2131.55"
Kotak Gold Etf,GOLD1,"Gold","5792.8366456",,,,,,,,,,,,
Saatvik Green Energy Ltd,SAATVIKGL,"Renewable Energy Equipment & Services","5774.38033172","0","-198.14","-6.939999999999998","1298.11",,"148.6","0","0","315.25","187.15","321.29","42.6"
Suprajit Engineering Ltd,SUPRAJIT,"Auto Parts","5746.099347830001","33.91","92.25","26.24000000000001","1517.3700000000003",,"-250.75","0.12","36.15","1232.59","111.06","844.6020000000001","184.74"
Arvind Fashions Ltd,ARVINDFASN,"Textiles","5734.467303044999","2158.01","-75.22","-1.7200000000000273","2644.6800000000003",,"-456.02","0","66.68","-1254.2100000000003","95.82","892.35","529.52"
Piccadily Agro Industries Ltd,PICCADIL,"Alcoholic Beverages","5699.404592559999","0.97","-269.55","-4.8700000000000045","464.27000000000027",,"291.75","60.25","0","347.78","242.63","482.9482","-27.07"
Fiem Industries Ltd,FIEMIND,"Auto Parts","5661.8852592","154.07","-85.56","92.28999999999999","385.55999999999995",,"-55.21","0.05","52.64","857.8","129.56","573.6199999999999","233.06"
Fedbank Financial Services Ltd,FEDFINA,"Diversified Financials","5646.65832171","1109.45","329.16","539.0600000000002","10702.340000000002","11646.37","1187.42","0","0","1065.1899999999998","18.95","189.70000000000002","-977.52"
Happiest Minds Technologies Ltd,HAPPSTMNDS,"IT Services & Consulting","5622.05033544","905.82","-731.46","4.419999999999902","1748.3500000000004",,"499.46","0","85.88","638.7499999999999","11.17","440.7600000000002","236.42"
MAS Financial Services Ltd,MASFIN,"Diversified Financials","5619.61108569","788.91","-828.19","235.98000000000002","9548.54","9174.09","2197.65","1525.99","27.43","1638.54","29.54","118.92","-1133.48"
Sigma Advanced Systems Ltd,SIGMAADV,"Aerospace & Defense Equipments","5588.56104555","2.51","-18.73","-7.879999999999999","220.73000000000005",,"-25.89","67.07","0","67.39999999999999","17.27","199.99","36.74"
SIS Ltd,SIS,"Business Support Services","5581.1590175","113.24","-475.87","251.91999999999996","3673.57",,"-14.5","139.44","0","2222.4100000000003","153.04","494.9649999999999","742.29"
ICICI Prudential Gold ETF,GOLDIETF,"Gold","5580.947736",,,,,,,,,,,,
HDFC Gold ETF,HDFCGOLD,"Gold","5567.2504544",,,,,,,,,,,,
Ceigall India Ltd,CEIGALL,"Construction & Engineering","5559.748138815","649.94","-129.89","196.74000000000012","2403.99",,"846.19","5.74","8.72","1095.55","167.54","362.4","-519.56"
Senco Gold Ltd,SENCO,"Precious Metals, Jewellery & Watches","5549.21504163","787.7","-32.22","14.740000000000038","2776.0499999999993",,"268.16","0.17","7","1100.75","37.85","406.64","-221.2"
Balu Forge Industries Ltd,BALUFORGE,"Construction & Engineering","5498.3376985","480","-416.63","5.1299999999999955","198.98",,"273.52","0","1.57","372.66999999999996","416.42","567.5555","148.24"
Mrs. Bectors Food Specialities Ltd,BECTORFOOD,"FMCG - Foods","5481.9310549150005","446.59","-331.37","78.52999999999997","399.67",,"248.42","4.09","30.68","657.8400000000001","258.73","851.6230000000002","161.48"
Hindustan Construction Company Ltd,HCC,"Construction & Engineering","5474.68824958","3455.33","-72.31","170.75","7182.62",,"109.45","66.8","0","-2731.5699999999997","17.85","192.42999999999995","133.61"
Indus Infra Trust,INDUSINVIT,"Power Infrastructure","5465.8623857","0","367.37","-22.690000000000055","2203.09",,"-829.02","0","520.88","541.2","0","0","438.96"
Entero Healthcare Solutions Ltd,ENTERO,"Pharmaceuticals","5459.31726539","1628.14","232.16","81.63","932.1600000000004",,"-73.66","0","0","48.25999999999999","11.31","135.58499999999998","-76.87"
SML Mahindra Ltd,SMLMAH,"Trucks & Buses","5418.1842624","74.53","-60.94","-31.72","916.7499999999999",,"-148.26","0","23.23","293.65","61.98","330.0845","177.48"
PNC Infratech Ltd,PNCINFRA,"Construction & Engineering","5363.720861819999","590.25","-260.63","139.33999999999997","12069.76",,"456.08","0.56","15.39","5347.48","34.84","964.2407999999999","-56.11"
Midwest Gold Ltd,MIDWEST,"Mining - Diversified","5355.5711186","113.43","-83.94","39.05000000000001","101.32000000000002",,"156.27","0","0","-35.730000000000004","83.02","103.88480000000001","-33.28"
Epigral Ltd,EPIGRAL,"Commodity Chemicals","5351.2515655199995","323.13","-261.56","15.460000000000008","1247.9099999999994",,"-163.54","21.54","41.86","1538.2600000000002","194.69","2297.44","440.56"
Ahluwalia Contracts (India) Ltd,AHLUCONT,"Construction & Engineering","5291.6823022","50.61","-323.04","-16.05000000000001","1907.48",,"-52.44","0","3.08","1734.44","188.78","466.31999999999994","359.43"
NDR InvIT Trust,NDRINVIT,"Logistics","5274.5","33.29","-1164.41","-52.010000000000105","1738.56",,"832.01","0","0","40.800000000000004","45.49","4928.929999999999","280.39"
Gujarat Alkalies And Chemicals Ltd,GUJALKALI,"Commodity Chemicals","5267.2636608","234.23","-264.37","-28.5","2317.0499999999984",,"-145.31","1956.7","102.19","5361.910000000001","325.45","4663.04","381.18"
Surya Roshni Ltd,SURYAROSNI,"Iron & Steel","5246.62763456","90.6","-329.44","-15.030000000000001","768.5199999999993",,"-80.34","0","54.41","2265.84","151.18","897.59","394.75"
Puravankara Ltd,PURVA,"Real Estate","5246.462503378","963.61","-73.64","-250.89","12495.859999999999",,"353.51","39.72","0.04","648.7099999999999","43.14","231.79","-530.76"
Skipper Ltd,SKIPPER,"Power Infrastructure","5240.440784525","314.04","-200.53","3.9000000000000057","2204.09",,"51.16","20.37","1.05","867.78","237.9","1034.3600000000001","153.27"
Dhenu Buildcon Infra Ltd,DHENUBUILD,"Commodities Trading","5215.80399426","8.55","-980.17","0.009999999999990905","1000.39","0","1000","0","0","-7.790000000000001","0","0","-19.82"
ICRA Ltd,ICRA,"Stock Exchanges & Ratings","5215.564215","0","-16.89","24.86999999999999","234.1499999999998",,"-103.13","1.25","97.46","1043.58","12.41","62.889999999999986","144.89"
Dhanuka Agritech Ltd,DHANUKA,"Fertilizers & Agro Chemicals","5187.61352592","0","-142.72","0.060000000000030695","397.40999999999974",,"-119.88","106.82","27.35","1393.71","194","352.65799999999996","262.66"
Aeroflex Industries Ltd,AEROFLEX,"Iron & Steel","5174.79468264","160.8","-73.65","-50.20000000000001","84.13999999999993",,"-3.13","0","3.23","155.75","104.73","180.38249999999996","26.58"
CARE Ratings Ltd,CARERATING,"Stock Exchanges & Ratings","5169.05701926","92.56","-58.43","10.52000000000001","142.23",,"-54","134.07","54.91","683.78","14.74","114.17970000000001","122.95"
Shree Renuka Sugars Ltd,RENUKA,"Sugar","5167.973168844001","3203.49","-215.98","24.799999999999955","10508.320000000002",,"-709.65","40.25","0","-5091.94","191.34","4371.274","950.43"
Rain Industries Ltd,RAIN,"Commodity Chemicals","5140.7073578360005","51.67","-267.25","-395.49","13068.519999999999",,"-1025.48","25.2","154.92","7330.18","460.71","5912.943999999999","897.24"
Energy Infrastructure Trust,ENERGYINF,"Oil & Gas - Storage & Transportation","5092.88","0","-295.18","213.25999999999976","8108.48",,"-1570.22","0","4.68","-1705.83","56.77","12718.51","2078.66"
Sharda Motor Industries Ltd,SHARDAMOTR,"Auto Parts","5076.56609448","0","-67.62","-59.5","695.0100000000002",,"-262.44","36.24","28.47","1056.12","0","251.4029","270.56"
Smartworks Coworking Spaces Ltd,SMARTWORKS,"Real Estate","5060.09603566","399.17","-276.08","14.730000000000018","4542.980000000001",,"-637.71","10.96","0","-394.48","291.04","3919.13","928.52"
Omnitech Engineering Ltd,OMNI,"Industrial Machinery","5051.756917","79.21","-74.52","2.8500000000000227","422.68999999999994",,"146.33","0","0","71.81000000000002","74.78","268.58900000000006","-68.96"
CMS Info Systems Ltd,CMSINFO,"Software Services","5037.085566895","256.34","-266.46","71.84","853.4199999999997",,"-144.23","125.51","106.32","1845.8100000000002","154.34","815.7629999999999","482.53"
Innova Captab Ltd,INNOVACAP,"Pharmaceuticals","5036.93825058","377.73","-151.59","3.780000000000001","608.7599999999998",,"91.53","0","0","524.46","172.5","835.696","63.84"
V-mart Retail Ltd,VMART,"Retail - Department Stores","5034.874482485","492.01","-122.29","12.18999999999997","1626.06",,"-214.92","0","0","298.37","126.06","1020.4699999999999","349.4"
Mastek Ltd,MASTEK,"IT Services & Consulting","5019.95662926","445.82","-258.65","79.64000000000001","1386.1499999999996",,"-56.85","17.37","58.66","2001.05","20.13","194.82999999999993","395.14"
Lumax Industries Ltd,LUMAXIND,"Auto Parts","5014.1234448","67.97","-293.26","-22.42999999999998","2086.6899999999996",,"58.84","245.43","32.72","696.97","324.45","1308.2341999999999","211.99"
CE Info Systems Ltd,MAPMYINDIA,"Software Services","4993.93450192","152.02","-102.02","-6.099999999999991","152.18",,"-17.23","262.12","18.93","627.84","49.38","87.12000000000002","113.15"
Gokaldas Exports Ltd,GOKEX,"Apparel & Accessories","4992.86501192","1357.65","-420.17","110.50999999999999","1456.5000000000002",,"473.48","178.15","0","687.3","190.92","867.9854000000001","57.2"
Senores Pharmaceuticals Ltd,SENORES,"Pharmaceuticals","4990.82733156","655.07","-429.48","97.72999999999996","414.62000000000023",,"573.13","0.01","0","85.05999999999995","157.52","434.98","-45.92"
TVS Supply Chain Solutions Ltd,TVSSCS,"Logistics","4987.540205235","2606.87","-141.61","35.49000000000001","3890.0700000000006",,"-494.87","98.44","0","-849.25","175.14","1608.0700000000004","671.97"
Keystone Realtors Ltd,RUSTOMJEE,"Real Estate","4985.1037108400005","1577.73","-64.91","407.59999999999997","3811.35",,"483.9","476.01","0","1031.2800000000002","19.3","57.06999999999999","-11.39"
Bansal Wire Industries Ltd,BANSALWIRE,"Iron & Steel","4964.38923792","690.03","-444.19","-0.12000000000000455","899.3499999999999",,"595.03","1.17","0","500.70000000000005","462.54","870.76","-150.96"
Symphony Ltd,SYMPHONY,"Home Electronics & Appliances","4938.503731","0","-41.27","-6.3300000000000125","561.12",,"-223.87","284.75","89.27","746.81","23.19","118.21000000000001","258.81"
LG Balakrishnan & Bros Ltd,LGBBROSLTD,"Industrial Machinery","4928.01612032","79.41","-310.55","-4.449999999999999","662.7799999999999",,"17.74","152.78","55.97","1793.1899999999998","300.19","807.9299999999998","288.36"
Pilani Investment And Industries Corporation Ltd,PILANIINVS,"Asset Management","4913.643105","0","-1648.47","-26.840000000000032","3337.229999999997","0","971.73","17386.23","16.61","15969.01","0.46","3.8199999999999994","649.9"
Network18 Media & Investments Ltd,NETWORK18,"Movies & TV Serials","4900.476057204","1098.75","-3636.24","-4828.13","3689.2899999999986",,"720.16","5571.89","0","2878.57","898.5","570.53","-1912.05"
RattanIndia Power Ltd,RTNPOWER,"Power Generation","4886.7963326","1871.2","86.9","56.81","4834.360000000002",,"-440.04","0","0","-2656.28","116.7","6318.0700000000015","409.95"
GNG Electronics Ltd,EBGNG,"Electronic Equipments","4860.8810272949995","17.78","2.62","-7.109999999999996","492.34000000000003",,"-34.26","0","0","189.25","9.99","41.31","24.53"
Kaveri Seed Company Ltd,KSCL,"Seeds","4844.544081135","0","-182.53","-3.480000000000004","1145.2700000000004",,"-17.86","4.16","25.57","1488.87","88.86","506.18300000000005","196.91"
Midwest Ltd,MIDWESTLTD,"Building Products - Granite","4842.29487056","0","-201.04","-11.22999999999999","423.7799999999998",,"102.5","19.76","2.2","597.62","189.85","531.632","87.31"
Man Infraconstruction Ltd,MANINFRA,"Construction & Engineering","4836.7320629099995","254.97","-115.01","-97.78","332.9299999999998",,"-115.76","171.39","35.39","1313.27","3.02","46.856100000000005","132.99"
Avenuesai Ltd,CCAVENUE,"Payment Infrastructure","4831.332712677","2527.28","-644.2","-363.8700000000001","1525.0500000000009",,"208.28","474.51","13.84","970.5799999999999","376.4","1010.2800000000002","72.05"
Electrosteel Castings Ltd,ELECTCAST,"Building Products - Pipes","4822.457994391","1175.35","-137.78","-111.73000000000002","3912.58",,"-454.4","49.34","55.64","4544.43","277.65","4348.399700000001","480.45"
Rallis India Ltd,RALLIS,"Fertilizers & Agro Chemicals","4820.8837831","172.96","-213.81","1.210000000000008","1070.2399999999998",,"-80.09","3.61","48.62","1711.84","73.41","742.73","295.11"
Ion Exchange (India) Ltd,IONEXCHANG,"Environmental Services","4791.21428875","83.35","-164.6","-4.340000000000003","1769.75",,"128.21","12.78","18.75","1110.3000000000002","320.39","705.4638000000001","32.05"
AGI Infra Ltd,AGIIL,"Real Estate","4771.15029996","20.81","-38.67","-72.73","901.5799999999999",,"-14.15","0","1.22","261.77","47.91","275.22","-19.91"
Jana Small Finance Bank Ltd,JSFB,"Private Banks","4759.090108044999","6441.48","-321.02","2420.79","34345.27","27155.48","-1331.44","5944.58","0","-2428.1899999999996","73.35","153.18","4073.25"
Madhya Bharat Agro Products Ltd,MBAPL,"Fertilizers & Agro Chemicals","4745.4369357","16.87","-91.98","-1.0658141036401503e-14","541.74",,"-4.23","0","4.38","299.35","108.02","353.43","96.21"
Canara Robeco Asset Management Company Ltd,CRAMC,"Asset Management","4734.16974072","2.14","-112.89","-1.5500000000000114","73.9800000000001","0","-46.14","604.12","44.87","398.5","4.8","18.459999999999997","157.48"
Rattanindia Enterprises Ltd,RTNINDIA,"Power Trading & Consultancy","4730.920931304","32.96","29.92","-36.17999999999995","1705.8999999999996","0.45","-372.51","1049.14","0","612.49","9.09","56.83000000000004","306.41"
Wakefit Innovations Ltd,WAKEFIT,"Home Furnishing","4714.564909712","797.03","-2.11","3.490000000000009","530.1900000000002",,"-71.07","0","0","-296.76","50.77","416.1600000000001","76.67"
Unimech Aerospace and Manufacturing Ltd,UNIMECH,"Aerospace & Defense Equipments","4705.78738399","474.35","-461.35","134.58999999999992","138.34999999999988",,"514.53","4.93","0","169.13","132.14","167.19","81.41"
Indigo Paints Ltd,INDIGOPNTS,"Paints","4690.09324925","401.24","-177.53","4.199999999999996","379.6",,"-23.93","0","16.67","581.7","136.2","663.6348","205.66"
India Tourism Development Corp Ltd,ITDC,"Tour & Travel Services","4664.139972","54.75","-4.4","26.830000000000005","394.14",,"-21.61","0","21.61","223.26","9.62","47.160000000000004","52.84"
Subros Ltd,SUBROS,"Auto Parts","4659.137265","208.17","-164.55","-2.790000000000008","764.47",,"-13.08","30.89","11.74","872.91","117.93","750.5935","174.84"
Shilchar Technologies Ltd,SHILCTECH,"Electronic Equipments","4652.72934","0","-47.77","-3.6400000000000006","143.07999999999998",,"4.57","0","9.53","339.2","18.39","58.839999999999996","39.56"
Stylam Industries Ltd,STYLAMIND,"Construction & Engineering","4646.6496102","50.24","-126.36","-22.840000000000003","120.91999999999997",,"-3.92","0","0","598.67","107.51","260.28000000000003","107.44"
Neogen Chemicals Ltd,NEOGEN,"Specialty Chemicals","4643.110460180001","521.98","-316.59","-7.539999999999992","957.92",,"113.07","0.45","5.28","241.02999999999997","317.71","560.04","195.98"
Nirlon Ltd,NIRLON,"Real Estate","4642.8814208","125.4","-38.1","109.98999999999995","1886.0500000000002",,"-332","0","234.31","141.41","47.16","1878.7","480.09"
ASM Technologies Ltd,ASMTEC,"IT Services & Consulting","4629.54568932","41.79","32.7","0.08000000000000185","121.53000000000002",,"-9.14","16.71","2.29","79.46000000000001","26.6","53.156","-23.48"
Sterling and Wilson Renewable Energy Ltd,SWSOLAR,"Renewable Energy Equipment & Services","4561.57508676","2568.73","-75.03","279.83000000000004","4635.5",,"316.98","0","0","-1585.02","4.35","45.769999999999996","37.88"
Roadstar Infra Investment Trust,ROADSTAR,"Roads","4554.77143","0","-258.49","-83.25999999999999","4871.780000000002",,"-581.29","0","0","36.53","53.34","5630.417000000001","756.52"
Websol Energy System Ltd,WEBELSOLAR,"Renewable Energy Equipment & Services","4535.2716076199995","236.82","-85.91","46.8","236.43",,"-34.55","5","0","-17.00999999999999","81.11","301.97","167.26"
Datamatics Global Services Ltd,DATAMATICS,"IT Services & Consulting","4528.73152518","95.15","-224.35","118.28","699.9900000000005",,"118.91","217.82","29.51","1239.8899999999999","35.91","232.09000000000015","223.72"
Bannari Amman Sugars Ltd,BANARISUG,"Sugar","4524.198363","85.03","-65.14","-5.069999999999993","447.12000000000023",,"-369.48","4.43","15.67","1681.32","75.65","1199.71","429.55"
Paisalo Digital Ltd,PAISALO,"Consumer Finance","4485.761882568","398.73","-12.68","90.23000000000013","3719.6099999999997","4954.42","944.44","20.3","8.97","1046.03","12.78","74.60999999999999","-841.53"
Swaraj Engines Ltd,SWARAJENG,"Tractors","4483.300185","2.44","-58.14","2.3899999999999864","252.93000000000015",,"-116.14","0","115.4","404.25","24.46","115.16999999999997","176.67"
Goodluck India Ltd,GOODLUCK,"Iron & Steel","4482.54532374","547.56","-473.49","-103.12","1182.5300000000002",,"212.11","13.5","9.63","749.4000000000001","490.96","1042.9134000000001","158.26"
Ge Power India Ltd,GVPIL,"Construction & Engineering","4466.257035885","0","53.99","307.79999999999995","1695.5900000000001",,"-65.84","29.92","0","249.42","5.35","67.04000000000002","319.65"
Gulf Oil Lubricants India Ltd,GULFOILLUB,"Commodity Chemicals","4463.878090365","91.99","77.35","322.83000000000004","1226.3999999999999",,"-149.77","88.72","196.13","1359.87","53.37","305.86389999999994","395.25"
Jamna Auto Industries Ltd,JAMNAAUTO,"Auto Parts","4461.6188466","153.7","-188.71","66.28","531.5900000000003",,"-33.94","2.91","91.73","799.5799999999999","186.25","779.3299999999999","288.93"
Northern ARC Capital Ltd,NORTHARC,"Diversified Financials","4456.6466407650005","1709.07","-388.21","150.8599999999999","10198.499999999998","10572.38","1585.75","2051.56","0","1563.41","18.08","57.13589999999999","-1046.68"
Mahindra Holidays and Resorts India Ltd,MHRIL,"Hotels, Resorts & Cruise Lines","4451.691262016","63.02","-402.33","-65.79999999999995","9634.420000000002",,"-284.93","24.09","0.01","515.79","326.34","5301.620399999999","621.46"
Electronics Mart India Ltd,EMIL,"Home Electronics & Appliances","4450.773678816","381.32","-331.98","-54.95000000000003","2166.12",,"101.24","0","0","764.8400000000001","335.08","1787.5069999999998","175.79"
Juniper Hotels Ltd,JUNIPER,"Hotels, Resorts & Cruise Lines","4450.492684768","2198.44","-677.54","-404.16999999999996","1666.14",,"-35.86","1.43","0","305.75999999999976","455.28","3655.8765","309.23"
Pondy Oxides and Chemicals Ltd,POCL,"Metals - Lead","4446.71380146","239.22","-67.86","28.569999999999993","144.56999999999988",,"177.43","0.2","6.51","324.5","88.82","238.66539999999998","-81"
Man Industries (India) Ltd,MANINDS,"Building Products - Pipes","4444.692129605","280.02","-41.33","56.28999999999999","2171.879999999999",,"29.63","0","0","1283.41","154.32","707.7495","67.99"
KSH International Ltd,KSHINTL,"Electrical Components & Equipments","4430.545223","0","-118.37","-5.260000000000005","446.3599999999999",,"122.89","0","0","270.14","120.16","240.82","-9.78"
Raymond Lifestyle Ltd,RAYMONDLSL,"Apparel & Accessories","4430.28709186","6645.82","-280.59","182.17000000000004","4230.08",,"58.46","142.57","60","2929.67","219.2","3860.72","404.3"
Artemis Medicare Services Ltd,ARTEMISMED,"Business Support Services","4425.134522391","11.17","-385.38","26.99000000000001","513.8499999999998",,"266.75","0","5.98","812.75","93.15","743.4693","145.62"
Centum Electronics Ltd,CENTUM,"Electronic Equipments","4425.048177119999","202.03","-58.45","19.349999999999994","845.1899999999999",,"107.15","0.06","3.89","188.48999999999998","18.58","168.54299999999998","-29.35"
Knowledge Marine & Engineering Works Ltd,KMEW,"Dredging","4416.07255128","46.37","-126.96","-5.61999999999999","178.84000000000003",,"63.5","60.34","0","160.28","63.07","209.43910000000002","57.84"
Texmaco Rail & Engineering Ltd,TEXRAIL,"Rail","4410.005095908","1649.98","-95.5","30.05000000000001","2006.71",,"172.13","162.99","19.98","1069.79","532.53","1002.9092","-46.58"
Laxmi Organic Industries Ltd,LXCHEM,"Specialty Chemicals","4393.248913816","788.93","-267.58","-69.5","1137.5700000000002",,"90.12","2.76","16.59","1062","394.11","1564.4550000000002","107.96"
Responsive Industries Ltd,RESPONIND,"Building Products - Granite","4391.309328224","260.65","-102.5","-8.880000000000003","392.51",,"18.21","59.9","2.67","1058.0700000000002","52.28","796.6700000000001","75.41"
Just Dial Ltd,JUSTDIAL,"Online Services","4364.49179724","2188.82","-290.03","-7.3799999999999635","914.1100000000009",,"-28.84","0","0","2332.64","6.21","142.66000000000005","311.49"
Aurionpro Solutions Ltd,AURIONPRO,"IT Services & Consulting","4356.07144935","900.68","-421.23","18.980000000000018","439.86000000000024",,"283.11","0","18.78","548.87","95.2","254.78260000000006","157.1"
Advanced Enzyme Technologies Ltd,ADVENZYMES,"Specialty Chemicals","4354.7524735","84.02","-89.48","-19.52000000000001","142.49",,"-72.54","0.07","59.03","1314.47","34.78","329.76","142.5"
VST Industries Ltd,VSTIND,"FMCG - Tobacco","4353.5405056","0","9.79","-18.05000000000001","493.32",,"-221.31","199.46","230.77","1152.83","41.03","308.21","193.47"
Thomas Cook (India) Ltd,THOMASCOOK,"Tour & Travel Services","4347.816690021","2323.93","-324.66","209.54","4791.46",,"-183.04","21.2","33.11","-78.86999999999989","116.99","1683.6799999999998","717.24"
VRL Logistics Ltd,VRLLOG,"Logistics","4325.31707775","36.94","-429.7","34.86999999999996","1501.1099999999997",,"-93.23","0.06","43.73","960.1500000000001","448.86","2257.7200000000003","557.8"
Bajaj Hindusthan Sugar Ltd,BAJAJHIND,"Sugar","4319.105962128","4361.9","19.54","19.20999999999998","11039.760000000002",,"-280.72","4268.73","0","-364.7699999999995","20.63","7338.150000000001","280.39"
Goldiam International Ltd,GOLDIAM,"Precious Metals, Jewellery & Watches","4297.08855342","0","63.22","37.239999999999995","147.84999999999988",,"-13.1","4.56","21.36","718.7","7.49","59.6757","-12.88"
Sunteck Realty Ltd,SUNTECK,"Real Estate","4270.166087","970.07","-36.69","49.67","5062.330000000001",,"-103.48","235.45","21.98","2275.31","32.52","530.4","189.84"
V I P Industries Ltd,VIPIND,"Apparel & Accessories","4262.2656392300005","53.95","-46.57","-5.449999999999989","1240.21",,"-251.05","5.48","0.73","533.81","43.13","524.71","292.17"
IFB Industries Ltd,IFBIND,"Auto Parts","4233.40380608","174.33","-89.52","5.3700000000000045","1515.6299999999997",,"-23.11","52.22","0","626.38","106.4","675.64","118"
Krishana Phoschem Ltd,KRISHANA,"Fertilizers & Agro Chemicals","4231.171806","70.55","-32.07","12.01000000000002","652.2399999999999",,"-110.22","0","3.09","251.43","38.34","372.48","154.3"
Tanfac Industries Ltd,TANFACIND,"Diversified Chemicals","4216.0335","0.02","-41.69","23.000000000000007","114.43000000000002",,"31.85","1.57","6.98","301.98","97.03","176.18000000000004","32.84"
Raghav Productivity Enhancers Ltd,RPEL,"Commodity Chemicals","4211.042815","9.42","-29.85","4.229999999999999","37.62999999999998",,"-4.6","0","2.07","138.38000000000002","13.27","94.98","38.68"
GHCL Ltd,GHCL,"Commodity Chemicals","4195.6300287","27.73","-357.66","49.89999999999998","696.549999999999",,"-230.32","17.14","114.35","3370.71","314.89","2099.39","637.88"
Oswal Pumps Ltd,OSWALPUMPS,"Industrial Machinery","4192.530087175","12.06","-54.67","0.710000000000008","608.1600000000001",,"205.97","4.98","0","440.34","49.36","134.67000000000002","-150.59"
OnEMI Technology Solutions Ltd,KISSHT,"Consumer Finance","4168.438447302","520.45","-33.23","-152.31999999999994","1695.11","205.29","542.34","0","0","474.87","7.75","57.78","-661.43"
Zota Health Care Ltd,ZOTA,"Pharmaceuticals","4164.91491262","214.24","-92.18","2.619999999999976","211.97000000000003",,"144.76","54.35","2.74","-19.189999999999998","45.98","189.0361","-49.96"
PDS Ltd,PDSL,"Textiles","4156.7842379349995","478.6","-266.46","99.68","3021.7799999999993",,"402.69","464.64","135.29","1151.75","143.91","593.6233000000001","-36.55"
Sindhu Trade Links Ltd,SINDHUTRAD,"Logistics","4136.99491674","0","374.32","-84.19","586.5099999999998",,"-407.53","1921.97","0","1453.64","28.59","62.19029999999999","-50.98"
Hemisphere Properties India Ltd,HEMIPROP,"Real Estate","4129.935","0","25.47","50.01","703.4800000000004",,"41.4","0","0","63.52","0","665.3285000000001","-16.86"
Seshaasai Technologies Ltd,STYL,"Payment Infrastructure","4124.754116392","3.69","-113.22","20.870000000000005","522.2500000000002",,"-34.03","0.05","19","486.83","117.35","435.94900000000007","168.12"
Capillary Technologies India Ltd,CAPILLARY,"Software Services","4113.072480165","593.05","66.34","33.4","269.8500000000001",,"13.26","0","0","-39.469999999999914","47.46","62.426000000000045","-46.2"
Seamec Ltd,SEAMECLTD,"Oil & Gas - Equipment & Services","4111.731","0","-164.79","22.049999999999983","372.42999999999995",,"-111.68","333.07","0","982.44","53.88","639.8266","298.52"
Avantel Ltd,AVANTEL,"Communication & Networking","4110.0154278","14.37","-57.25","0.8800000000000008","52.78999999999995",,"8.24","0","4.87","173.93","78.39","119.22000000000001","49.89"
TruAlt Bioenergy Ltd,TRUALT,"FMCG - Foods","4100.688901619999","459.63","-242.52","126.43","2260.7300000000005",,"39.72","0","0","238.74","259.7","1777.0462","329.23"
Lux Industries Ltd,LUXIND,"Apparel & Accessories","4093.05650091","39.29","-12.35","-22.349999999999994","846.9200000000001",,"70.52","0","1.55","1684.79","36.8","371.04","-80.52"
Ram Ratna Wires Ltd,RAMRAT,"Electrical Components & Equipments","4087.2891175199998","4.84","-267.91","-37.51000000000001","812.6300000000002",,"3.07","18.95","11","456.48","242.97","493.0717000000001","227.33"
WPIL Ltd,WPIL,"Industrial Machinery","4049.919722","98.89","-319.58","-317.65999999999997","1255.7399999999998",,"151.48","32.22","19.53","1263.25","38.92","387.9246999999999","-149.56"
Vishnu Chemicals Ltd,VISHNU,"Diversified Chemicals","4036.22442864","272.07","-99.56","0.45000000000000107","708.28",,"9.78","0.31","1.96","641.23","87.85","770.7600000000001","90.23"
Hawkins Cookers Ltd,HAWKINCOOK,"Housewares","4012.261826625","2.49","-27.46","-1.3200000000000074","200.65000000000003",,"-75.77","0","63.57","375.46999999999997","32.74","107.23","101.91"
Restaurant Brands Asia Ltd,RBA,"Restaurants & Cafes","3988.6224319410003","2521.75","-232.35","502.97","2568.52",,"384.88","0","0","-2195.25","277.01","2636.306","350.44"
Orient Electric Ltd,ORIENTELEC,"Home Electronics & Appliances","3979.7007481480005","25.04","-29","-13.409999999999997","860.3799999999998",,"-71.96","0","32","647.9200000000001","55.29","444.33000000000004","87.55"
Foseco India Ltd,FOSECOIND,"Specialty Chemicals","3979.1451438699996","19.13","-142.68","-116.92","139.38000000000002",,"-16.49","0","15.97","317.88","15.54","46.8","42.25"
Ellenbarrie Industrial Gases Ltd,ELLEN,"Commodity Chemicals","3977.202632","0","-56.93","-0.7299999999999969","352.62",,"51.92","107.74","0","467.17","69.22","384.2300000000001","4.28"
SMS Pharmaceuticals Ltd,SMSPHARMA,"Pharmaceuticals","3973.6556329","120.22","-123.43","5.359999999999985","513.0399999999997",,"47.08","11.68","3.39","494.67999999999995","123.38","566.1725","81.71"
Fineotex Chemical Ltd,FCL,"Specialty Chemicals","3973.2770708","192.88","-273.07","-27.25","75.77",,"176.49","330.4","9.23","515.25","67.92","193.6315","69.33"
Bajaj Electricals Ltd,BAJAJELEC,"Home Electronics & Appliances","3953.2858273800002","682","-194.96","5.77000000000001","2494.04",,"-146.07","171.37","34.57","1020.05","53.94","772.7191","346.8"
Moschip Technologies Ltd,MOSCHIP,"Software Services","3917.1194491879996","328.35","-13.3","30.87000000000001","115.63000000000007",,"-56.12","0","0","-39.5","14.03","45.75540000000001","100.29"
Greaves Cotton Ltd,GREAVESCOT,"Industrial Machinery","3914.515896936","41.72","49.71","-12.789999999999996","945.84",,"-39.98","0.25","46.5","1317.36","81.84","546.3800000000001","-22.52"
Rolex Rings Ltd,ROLEXRINGS,"Industrial Machinery","3911.7929356800005","216.71","-191.05","30.009999999999998","210.10000000000025",,"-6.18","0","0","828.1599999999999","52.32","478.78999999999996","227.24"
Anup Engineering Ltd,ANUP,"Textiles","3910.1421632","177.14","22.39","-15.24","314.2000000000002",,"-30.48","0","39.19","414.78999999999996","44.62","350.45860000000005","-7.15"
Indiabulls Ltd,IBULLSLTD,"Retail - Online","3888.314670532","972.97","54.21","18.630000000000003","300.21000000000004",,"-40.75","2.64","0","-1269.13","0","0.04999999999999999","5.17"
Styrenix Performance Materials Ltd,STYRENIX,"Commodity Chemicals","3883.78528125","43.28","-84.73","43.17","1123.76",,"73.56","9.41","103.13","1106.7","436.39","883.53","54.34"
VST Tillers Tractors Ltd,VSTTILLERS,"Tractors","3883.3559952","0","-28.74","27.51","263.3",,"-20.3","39.56","17.28","993.22","20.41","249.54130000000004","76.55"
GMM Pfaudler Ltd,GMMPFAUDLR,"Industrial Machinery","3882.0562924","179.26","-52.3","125.18","2060.6700000000005",,"-200.62","0.01","8.78","834.54","62.93","794.25","378.1"
HG Infra Engineering Ltd,HGINFRA,"Construction & Engineering","3876.051826725","269.45","-1460.68","-28.199999999999818","5740.740000000001",,"2310.15","12.02","9.78","2615.04","1560.65","2234.12","-877.67"
Pace Digitek Ltd,PACEDIGITK,"Power Transmission & Distribution","3875.394724958","342.51","243.81","-17.399999999999977","1439.96",,"-85.32","0","0","791.7","36.56","149.541","-175.89"
Gujarat Themis Biosyn Ltd,GUJTHEM,"Pharmaceuticals","3874.8048234","0","-111.82","5.2200000000000095","52.93",,"26.01","0","1.82","237.49","116.15","225.7","91.03"
Cian Agro Industries & Infrastructure Ltd,CIANAGRO,"Agro Products","3861.913580525","3.22","-150.89","-10.159999999999968","2166.3599999999988",,"-140.74","18.16","0","1932.55","56.31","2969.8999999999996","281.47"
Sustainable Energy Infra Trust,SEITINVIT,"Power Infrastructure","3855.6","120.35","-801.07","-45.50000000000009","5252.400000000001",,"51.52","0","0","189.54","682.01","5201.47","704.05"
Shivalik Bimetal Controls Ltd,SBCL,"Iron & Steel","3829.527216","0","-57.53","9.720000000000002","102.26999999999998",,"-26.34","12.85","12.58","394.14","30.14","158.2714","93.59"
Wheels India Ltd,WHEELS,"Auto Parts","3824.74369848","160.47","-213.23","-0.2899999999999636","2255.99",,"-187.53","46.27","28.95","737.1","209.26","1313.7499999999998","400.47"
Intelligent Supply Chain Infrastructure Trust,ISCITRUST,"Logistics","3810","0","-96.1","0.10000000000002274","5560.800000000001",,"-921","0","0","-551.66","150.93","4284.290000000001","1017.2"
Ashiana Housing Ltd,ASHIANA,"Real Estate","3806.87633459","143.95","-123.17","162.58999999999997","2723.709999999999",,"52.25","35.84","15.08","599.8700000000001","39.65","128.31619999999998","233.51"
RPG Life Sciences Ltd,RPGLIFE,"Pharmaceuticals","3803.97345","34.46","-41.8","8.980000000000004","127.28",,"-27.08","1.01","26.46","482.84","36.03","178.18","77.86"
Refex Industries Ltd,REFEX,"Commodity Chemicals","3801.66480684","549.12","-89.7","248.53999999999996","586.9899999999998",,"603.05","30.74","0","483.65","165.32","362.6148","-264.81"
eMudhra Ltd,EMUDHRA,"IT Services & Consulting","3801.0767912300003","381.75","-204.28","-124.00999999999999","120.86999999999989",,"-21.35","1.64","10.11","322.90999999999997","83.2","310.98999999999995","101.62"
Bondada Engineering Ltd,BONDADA,"Construction & Engineering","3795.852392275","191.69","-121.13","-10.03000000000003","717.1099999999999",,"269.15","26.56","0.32","219.20999999999998","36.26","82.8902","-158.05"
TechNVision Ventures Ltd,TECHNVISN,"Software Services","3788.90775","1.8","-8.66","8.79","161.10000000000002",,"1.09","0","0","-0.3400000000000001","8.66","11.420000000000002","16.36"
NACL Industries Ltd,NACLIND,"Fertilizers & Agro Chemicals","3787.9488894300002","150.5","3.94","24.99000000000001","836.04",,"-447.93","15.5","0","256.44","33.35","474.65","468.98"
Tarc Ltd,TARC,"Real Estate","3771.626257635","0","-67.81","-10.590000000000002","3170.46",,"14.26","67.86","0","983.94","37.25","937.5027999999999","42.96"
Vaibhav Global Ltd,VAIBHAVGBL,"Apparel & Accessories","3769.922087556","406.79","-5.21","29.69999999999999","684.29",,"-129.87","0","104.1","909.95","34.68","378.0675999999999","164.78"
Raymond Realty Ltd,RAYMONDREL,"Real Estate","3762.15239443","0","-7.49","16.67999999999998","1147.68",,"260.77","0","0","-30.72","1.38","2.1100000000000003","-236.6"
Kesar India Ltd,KESAR,"Real Estate Development","3750.4050112800005","0","1.05","-2.3600000000000003","62.3",,"4.37","0","0","24.45","3.18","2.7399999999999998","-7.78"
SG Finserve Ltd,SGFIN,"Specialized Finance","3745.142325","660.01","-57.65","7.259999999999991","1401.6000000000006","2246.05","554.12","80.26","0","186.37","0.85","2.17","-489.21"
AGI Greenpac Ltd,AGI,"Packaging","3716.21756464","289.73","-442.39","-204.24999999999997","1398.48",,"-190.41","0.07","38.74","1795.06","253.91","2135.3778999999995","428.55"
Optiemus Infracom Ltd,OPTIEMUS,"Technology Hardware","3710.2952368050005","93.54","-50.52","115.1","853.81",,"178.16","64.67","0","433.86999999999995","83.28","259.5877","-12.54"
Shoppers Stop Ltd,SHOPERSTOP,"Retail - Department Stores","3686.9764960800003","960.54","-169.03","-29.21999999999997","5773.42",,"-408.71","3.49","0","-694.3699999999999","182.42","2982.6200000000003","548.52"
DB Corp Ltd,DBCORP,"Publishing","3684.34329042","27.88","-11.45","36.73000000000002","829.9799999999996",,"-366.14","8.43","356.22","2018.6","49.27","961.8310000000001","414.32"
Harsha Engineers International Ltd,HARSHA,"Industrial Machinery","3681.368385675","421.19","-211.79","0.4600000000000115","436.9200000000001",,"5.91","63.14","9.11","741.9099999999999","209.34","531.2599999999999","206.34"
Indiqube Spaces Ltd,INDIQUBE,"Real Estate","3678.582945168","303.82","-258.96","15.199999999999989","4688.229999999998",,"-337.49","0","0","-327.12","257.61","4069.1019999999994","611.65"
National Fertilizers Ltd,NFL,"Fertilizers & Agro Chemicals","3668.5452752","0","-267.52","-11.550000000000182","6599.860000000002",,"-2334.05","443.32","13.25","2225.23","204.03","3847.8500000000004","2590.02"
Gopal Snacks Ltd,GOPAL,"FMCG - Foods","3634.74789804","4.33","-82.35","-23.93999999999999","131.8699999999999",,"-9.87","0","5.73","388","85.24","273.98","68.28"
Orchid Pharma Ltd,ORCHPHARMA,"Pharmaceuticals","3627.93758065","846.52","-26.93","17.509999999999998","420.61",,"25.22","49.67","0","301.49","150.11","713.3913","19.22"
Bosch Home Comfort India Ltd,BOSCH-HCIL,"Home Electronics & Appliances","3622.9133841599996","89.54","-0.14","65.55","1158.19",,"-17.56","0","0","524.25","18.63","342.27","83.25"
Oriana Power Ltd,ORIANA,"Construction & Engineering","3609.6969975","259.52","-522.05","37.97000000000003","845.3100000000002",,"269.53","11.11","0","229.81","140.08","318.68","290.49"
KNR Constructions Ltd,KNRCON,"Construction & Engineering","3604.5838682","97.87","-166.56","-253.05000000000013","2590.1800000000003",,"480.09","53.53","7.03","4387.06","27.98","482.87000000000006","-566.58"
Raymond Ltd,RAYMOND,"Apparel & Accessories","3603.75998865","473.9","-231.74","-102.39000000000003","3558.7999999999993",,"-103.79","647.49","5.91","3175.69","157.86","1395.6799999999998","233.14"
Rashi Peripherals Ltd,RPTECH,"Technology Hardware","3582.635287725","694.66","53.12","-123.41","2517.6900000000005",,"122.65","0","6.59","1014.5500000000001","7.9","59.97199999999999","-299.18"
J Kumar Infraprojects Ltd,JKIL,"Construction & Engineering","3581.2483989800003","685.9","-306.45","-35.43999999999998","2658.24",,"-105.04","5.32","30.27","2283.95","234.55","1278.6776","376.05"
Heidelbergcement India Ltd,HEIDELBERG,"Cement","3579.127554104","370.71","-72.54","-79.18000000000006","1146.7800000000004",,"-271.29","20.45","180.59","797.8499999999999","109.36","1456.6300000000003","264.65"
Kalyani Steels Ltd,KSL,"Iron & Steel","3571.6933692","0","-134.95","-5.069999999999993","840.5800000000006",,"-251.95","2.62","43.65","1869.6","25.11","1107.34","381.83"
Chemplast Sanmar Ltd,CHEMPLASTS,"Building Products - Pipes","3566.003331996","1386.28","-407.37","-169.61","4434.759999999999",,"66.09","0.04","0","568.77","382.23","4636.69","171.67"
Flair Writing Industries Ltd,FLAIR,"Stationery","3557.0940075","340.36","-24.41","4.630000000000003","200.28000000000003",,"-25.31","0","0","625.43","133.81","448.4185","54.35"
Ashoka Buildcon Ltd,ASHOKA,"Construction & Engineering","3550.5872486160006","749","-625.98","-4.319999999999936","16358.529999999997",,"-1051.79","11.67","0","3025.89","118.62","456.55769999999916","1673.45"
Capital Infra Trust,CAPINVIT,"Construction & Engineering","3524.42592561","0","396.8","183.04999999999995","2632.62",,"-498.24","0","350.03","-387.34","0","0","284.49"
Crizac Ltd,CRIZAC,"Education Services","3520.8228825","0.5","-148.66","38.600000000000016","374.36999999999995",,"-0.01","38.36","0","467.87","1.08","86.84499999999998","187.27"
Mahindra Logistics Ltd,MAHLOG,"Logistics","3517.43702235","131.32","-154.75","40.70000000000002","2124.57",,"-147.72","1.99","18.01","234.43","180.89","724.7299999999999","343.17"
BHARAT Bond ETF - April 2033,EBBETF0433,"Equity","3514.8366720480003",,,,,,,,,,,,
IOL Chemicals and Pharmaceuticals Ltd,IOLCP,"Commodity Chemicals","3508.8278545400003","225.72","-154.18","70.47999999999999","694.4100000000004",,"46.04","17.41","23.48","1403.23","213.55","1192.5500000000002","178.62"
Indo Thai Securities Ltd,INDOTHAI,"Investment Banking & Brokerage","3500.9871318","101.43","-75.28","-1.9099999999999966","46.85000000000001","0","94.87","57.54","0.6","47.22","0.4","12.76","-21.5"
JTEKT India Ltd,JTEKTINDIA,"Auto Parts","3488.8206855300004","80.71","-271.57","-59.05999999999999","587.93",,"18.02","0","15.49","773.74","279.45","871.2497","194.49"
Aarti Drugs Ltd,AARTIDRUGS,"Pharmaceuticals","3483.31955","0","-164.63","-2.1699999999999875","1205.3400000000001",,"-82.12","22.41","9.06","1277.73","177.16","1189.5511999999999","244.58"
Universal Cables Ltd,UNIVCABLES,"Cables","3477.691514535","63.23","-140.53","3.9200000000000017","1647.3",,"-31.17","1618.3","10.32","1674.06","163.07","290.41","175.62"
IRB InvIT Fund,IRBINVIT,"Roads","3475.4535","0","-389.03","-7.419999999999959","8533.519999999999",,"-578.99","0","351.2","-941.61","265.32","10203.199999999999","960.6"
NRB Bearings Ltd,NRBBEARING,"Industrial Machinery","3469.344467","8.48","-60.33","-5.22999999999999","369.61",,"-28.58","23.48","1.84","890.31","81.9","415.64","83.68"
Aye Finance Ltd,AYE,"Consumer Finance","3452.813140994","1196.64","-38.59","404.57000000000005","4679.76","4945.18","1254.95","41.76","0","423.91999999999985","16.89","44.75000000000001","-811.79"
Pitti Engineering Ltd,PITTIENG,"Industrial Machinery","3443.0440867199995","428.13","-536.22","21.610000000000014","1105.3999999999996",,"269.29","0","0","451.69000000000005","354.44","949.5135","288.54"
Kolte-Patil Developers Ltd,KOLTEPATIL,"Real Estate","3441.2310476699995","299.91","-240.84","-119.34999999999997","4467.16",,"-160.42","19.42","30.4","454.21","57.46","167.67","281.91"
Gokul Agro Resources Ltd,GOKULAGRO,"Packaged Foods & Meats","3432.0060504380003","83","-216.53","3.519999999999982","3044.05",,"-247.16","8.25","0","923.47","237.73","930.4721999999999","467.21"
Tourism Finance Corporation of India Ltd,TFCILTD,"Specialized Finance","3408.90141812","161.77","12.22","108.58","885.8900000000006","1655.7","26.02","259","23.15","962","0.64","13.770000000000001","70.34"
Rossell Techsys Ltd,ROSSTECH,"Aerospace & Defense Equipments","3406.63044575","0","-14.34","2.270000000000003","289.29999999999995",,"58.87","0","0.57","126.07","16.77","102.55650000000001","-42.26"
Shanthi Gears Ltd,SHANTIGEAR,"Auto Parts","3396.594391575","0","-38","14.350000000000009","101.32999999999996",,"-38.44","18.21","38.44","395.32","24.35","83.96000000000002","90.79"
Sanathan Textiles Ltd,SANATHAN,"Textiles","3396.41933416","360.1","-1341.59","1.0600000000001728","1720.0600000000009",,"1058.65","0","0","1363.5099999999998","1428.72","2519.3100000000004","284"
GRM Overseas Ltd,GRMOVER,"Agro Products","3347.68476","5.88","-7.73","42.87","482.46000000000015",,"-11.74","10","0","373.74","7.52","39.9057","62.34"
Hind Rectifiers Ltd,HIRECT,"Electrical Components & Equipments","3346.48118904","23.09","-25.31","-0.4300000000000015","257.40999999999997",,"-10.74","0.13","2.06","133.35","22.72","117.82879999999999","35.62"
Marathon Nextgen Realty Ltd,MARATHON,"Real Estate","3339.33964338","65.5","297.66","7.7900000000000205","894.5500000000002",,"-264.56","109.61","5.19","1095.87","3.34","109.24539999999999","-25.31"
Kirloskar Industries Ltd,KIRLOSIND,"Investment Banking & Brokerage","3337.8709","221.53","-536.7","-8.350000000000051","3495.17","0","-69.91","4729.8","61.64","6062.900000000001","509.24","4249.08","598.26"
Anzen India Energy Yield Plus Trust,ANZEN,"Power Transmission & Distribution","3324.3457","0","-1527.31","38.440000000000055","2001.12",,"1325.74","0","154.84","-406.71","1526.95","3264.82","240.01"
Dishman Carbogen Amcis Ltd,DCAL,"Labs & Life Sciences Services","3311.2589664","4738.76","-196.16","76.98000000000002","4155.380000000002",,"-102.09","71.96","0","1061.3999999999996","216.76","3405.6000000000004","375.23"
Enviro Infra Engineers Ltd,EIEL,"Water Management","3304.52778","487.43","-263.13","161.5","504.55",,"471.23","0","0","331.55","46.63","70.33999999999999","-46.6"
Indraprastha Medical Corporation Ltd,INDRAMEDCO,"Hospitals & Diagnostic Centres","3298.39454","0","-110.99","-0.11999999999999744","254.94",,"-45.88","0","40.73","505.01","36.33","360.5799999999999","156.75"
DEE Development Engineers Ltd,DEEDEV,"Iron & Steel","3291.0476951299997","410.81","-163.64","3.3600000000000136","792.9300000000001",,"227.16","0","0","320.71","163.96","567.2782","-60.16"
Cyient DLM Ltd,CYIENTDLM,"Industrial Machinery","3276.55908886","688.81","126.55","5.43","744.4699999999999",,"-58.73","30.95","0","181.32000000000005","50.01","283.42600000000004","-62.39"
Steel Strips Wheels Ltd,SSWL,"Auto Parts","3268.881298725","323.02","-195.74","-32.78000000000003","1773.23",,"-353.68","10.49","15.69","1286.97","212.35","2070.13","516.64"
ideaForge Technology Ltd,IDEAFORGE,"Aerospace & Defense Equipments","3268.607934735","529.17","-68.07","-152.45000000000002","63.14999999999999",,"-7.59","26.87","0","36.430000000000064","87.72","194.831","-76.79"
R Systems International Ltd,RSYSTEMS,"IT Services & Consulting","3248.8991445","0","13.79","32.74000000000001","350.82000000000005",,"-216.32","0","147.88","612.22","12.2","291.1159999999999","235.27"
Anand Rathi Share and Stock Brokers Ltd,ARSSBL,"Investment Banking & Brokerage","3243.5226775","172.83","-577.42","2.079999999999984","2861.2299999999996","685.51","-112.31","6.5","0","308.75","43.12","84.17","691.81"
Route Mobile Ltd,ROUTE,"IT Services & Consulting","3240.91060599","981.69","-260.54","308.15","1348.0899999999997",,"-33.79","0","74.17","1387.31","21.32","285.4300000000002","602.48"
Bhagiradha Chemicals and Industries Ltd,BHAGCHEM,"Fertilizers & Agro Chemicals","3237.8369276","473.97","-199.99","18.870000000000005","250.92",,"271.66","0","1.24","195.28999999999996","252.28","534.05","-52.8"
Sambhv Steel Tubes Ltd,SAMBHV,"Building Products - Pipes","3225.768133263","0","-233.11","-2.3800000000000097","909.2499999999998",,"104.54","0","0","254.34","226.88","834.953","126.19"
KDDL Ltd,KDDL,"Precious Metals, Jewellery & Watches","3215.2777776","766.24","109.19","-44.230000000000004","679.4899999999998",,"-149.16","6.42","5.02","136.38","139.7","624.8354","-4.26"
Rajesh Exports Ltd,RAJESHEXPO,"Precious Metals, Jewellery & Watches","3208.885234412","644.93","-8301.4","-375.8899999999994","13543.900000000005",,"187.96","10749.74","0","15006.99","0","1349.23","7737.55"
Share India Securities Ltd,SHAREINDIA,"Investment Banking & Brokerage","3206.88814215","842.37","-192.14","87.85","1431.5700000000004","426.24","274.14","354.51","27.62","1447.9700000000003","14.35","76.46999999999998","5.85"
Carraro India Ltd,CARRARO,"Agricultural & Farm Machinery","3206.7110008900004","0","-51.73","-35.28999999999999","649.4099999999999",,"-59.85","0","0","401.11","51.97","354.484","76.29"
Cupid Ltd,CUPID,"FMCG - Personal Products","3206.5715201599996","0","44.91","32.08","29.560000000000016",,"-1.46","15.66","0","219.04","19.46","73.11","-11.37"
Samhi Hotels Ltd,SAMHI,"Hotels, Resorts & Cruise Lines","3202.738623648","3335.07","-243.87","-68.98999999999998","2501.09",,"-182.16","0","0","-2215.1400000000003","137.45","2765.6549999999997","357.04"
Sandhar Technologies Ltd,SANDHAR,"Auto Parts","3192.21419878","278.6","-299.77","47.95000000000002","1651.03",,"100.75","59.6","19.56","800.5099999999999","316.18","1362.3331","246.97"
Niit Learning Systems Ltd,NIITMTS,"Education Services","3183.83744125","20.4","-121.57","52.95","976.43",,"-72.58","40.83","37.24","1162.3","47.85","158.64800000000002","247.1"
63 Moons Technologies Ltd,63MOONS,"IT Services & Consulting","3172.50727245","417.47","-47.75","-25.830000000000013","241.07000000000025",,"164.7","381.04","0","2987.6499999999996","11.27","349.4004","-142.78"
Greenply Industries Ltd,GREENPLY,"Wood Products","3166.26684075","41.88","-146.95","-11.169999999999987","1142.2200000000003",,"-82.9","67.28","6.19","754.23","77.71","883.5412","218.68"
Timex Group India Ltd,TIMEX,"Precious Metals, Jewellery & Watches","3165.28725","3.51","-0.37","-3.91","138.77",,"-0.39","0","0","11.6","0.9","12.219999999999999","-3.15"
Nippon India ETF Nifty Next 50 Junior BeES,JUNIORBEES,"Equity","3154.19775531",,,,,,,,,,,,
West Coast Paper Mills Ltd,WSTCSTPAPR,"Paper Products","3148.55144436","145.73","-171.55","-0.18000000000000682","1442.0900000000004",,"72.15","405.03","63.8","3329.71","450.48","2032.1905000000002","99.22"
RPSG Ventures Ltd,RPSGVENT,"Packaged Foods & Meats","3147.344656125","511.64","-1588.66","262.55999999999995","11369.05",,"753.72","492.54","126.27","2118.3700000000003","1038.09","2098.909999999998","1097.5"
Marine Electricals (India) Ltd,MARINE,"Electrical Components & Equipments","3143.85117065","171.36","-95.26","11.849999999999994","316.6099999999999",,"51.67","6.01","2.64","190.89","21.75","82.8185","55.44"
IndoStar Capital Finance Ltd,INDOSTAR,"Consumer Finance","3139.842302912","2919.68","-305.05","-296.43000000000006","9620.48","7216.52","1069.75","1818.18","0","324.2000000000003","24.01","64.94310000000002","-1061.13"
Navneet Education Ltd,NAVNETEDUL,"Publishing","3136.581693399","0","114.98","17.460000000000036","479.7",,"-371.95","755.44","91.68","1790.16","114.46","360.05000000000007","274.43"
Kitex Garments Ltd,KITEX,"Apparel & Accessories","3120.579","0","-454.92","-10.419999999999959","1376.8700000000003",,"390.22","0.07","0","1013.04","505.15","1623.03","54.28"
Solara Active Pharma Sciences Ltd,SOLARA,"Pharmaceuticals","3118.92400803","1368.66","-36.83","-4.489999999999981","1134.9299999999998",,"-180.48","1.7","0","-314.6700000000001","39.94","1107.0900000000001","212.82"
Novartis India Ltd,NOVARTIND,"Pharmaceuticals","3118.4476611","0","-3.31","7.109999999999985","162.84999999999988",,"-64.15","0","61.73","772.62","0","4.54","74.57"
MPS Ltd,MPSLTD,"Publishing","3114.60579656","0","-5.26","-44.58999999999999","191.62000000000012",,"-140.23","0","134.46","461.33","8.620000000000001","84.2613","100.9"
Balmer Lawrie and Company Ltd,BALMLAWRIE,"Conglomerates","3114.322043352","36.27","22.76","-9.699999999999989","1050.81",,"-188.64","631.58","144.9","1761.39","67.88","804.0600000000001","156.18"
Wonderla Holidays Ltd,WONDERLA,"Theme Parks & Gaming","3088.6887042","681.3","-644.7","-10.050000000000068","137.92",,"512.11","0","14.12","978.98","327.72","1179.2580000000003","122.54"
Jindal Poly Films Ltd,JINDALPOLY,"Packaging","3084.533863785","210.69","275.76","5.569999999999993","4671.43",,"-491.76","138.39","24.08","3773.77","325.05","3433.5400000000004","221.57"
Ramky Infrastructure Ltd,RAMKY,"Construction & Engineering","3074.8038430849997","517.34","-10.96","-17.629999999999995","2111.5299999999997",,"-379.57","0.24","4.41","1317.79","145.75","203.6","372.9"
Bharat Bijlee Ltd,BBL,"Heavy Electrical Equipments","3071.1707352","0","-54.4","-2.3900000000000006","680.6",,"-123.29","1304.73","39.3","1935.51","35.07","142.81","175.3"
Bliss GVS Pharma Ltd,BLISSGVS,"Pharmaceuticals","3068.4091328599998","40.42","-75.34","0.22999999999999332","208.9900000000002",,"-30.34","4.38","5.45","999.42","76.29","418.6389","105.91"
Heritage Foods Ltd,HERITGFOOD,"FMCG - Foods","3047.88462","36.86","-228.96","-14.030000000000001","586.3799999999999",,"1","9.92","23.2","885.52","176.45","815.54","213.93"
Dredging Corporation of India Ltd,DREDGECORP,"Dredging","3046.4","0","-477.03","-2.1399999999999864","1425.7700000000004",,"362.94","0","0","1193.49","479.13","1926.2500000000002","111.95"
PSP Projects Ltd,PSPPROJECT,"Construction & Engineering","3041.1199965650003","369.12","-105.69","-33.379999999999995","1144.1200000000001",,"19.6","0.67","0","800.18","67.96","310.09","52.71"
Vadilal Industries Ltd,VADILALIND,"FMCG - Foods","3028.0890224","4.87","-77.04","-7.699999999999996","398.7",,"-60.68","5.52","1.08","683.25","80.37","487.23","130.02"
KS Smart Technologies Ltd,KSSMART,"Conglomerates","3023.8101","1.17","0","-0.09","0.24000000000000044",,"0","0","0","-2.5300000000000002","0","0","-0.09"
Quess Corp Ltd,QUESS,"Employment Services","3014.404730444","31.04","-333.34","-271.00999999999993","1725.8400000000001",,"-318.15","0","148.52","904.89","1.7","104.50200000000004","380.48"
Muthoot Microfin Ltd,MUTHOOTMF,"Specialized Finance","3013.257285597","1600.16","-127.79","-230.4000000000001","8224.780000000002","8740.17","-1484.64","354.34","0","864.47","20.84","222.61999999999998","1382.03"
Deep Industries Ltd,DEEPINDS,"Oil & Gas - Equipment & Services","3011.52","928","-247.61","-9.720000000000024","470.90000000000066",,"27.94","1.21","15.62","859.6099999999999","210.02","954.0352","209.95"
Mayur Uniquoters Ltd,MAYURUNIQ,"Textiles","3008.006235","0","-68.19","18.959999999999994","99.00999999999999",,"-69.79","106.77","13.2","933.85","19.4","223.11","156.94"
Premier Explosives Ltd,PREMEXPLN,"Commodity Chemicals","2991.541695775","77.24","-11.17","72.96000000000001","281.15",,"-34.35","0","2.69","157.81","13.42","197.8289","118.48"
Deccan Gold Mines Ltd,DECNGOLD,"Mining - Diversified","2991.2556176099997","336.07","-10.77","9.099999999999994","160.29999999999995",,"70.57","123.61","0","-108.94","7.56","59.2432","-50.7"
Insolation Energy Ltd,INA,"Renewable Energy Equipment & Services","2987.008352625","394.97","-553.57","-46.04000000000002","230.5000000000001",,"394.43","49.71","0","199.49","85.2","123.39000000000001","113.1"
Sundaram Clayton Ltd,SUNCLAY,"Auto Parts","2957.0517090599997","382.09","-307.29","12.159999999999968","2128.1000000000004",,"329.15","26.22","15.62","577.94","579.45","2201.63","-9.7"
MSTC Ltd,MSTCLTD,"Commodities Trading","2950.464","0","164.84","135.90999999999997","1379.9700000000003",,"-289.23","11.56","288.64","668.01","24.63","59.6411","260.3"
Hubtown Ltd,HUBTOWN,"Real Estate","2942.90460647","1716.93","-74.58","-10.180000000000064","2947.26",,"644.16","96.65","0","521.3399999999999","6.17","66.8979","-579.76"
ICICI Prudential Nifty 50 ETF,NIFTYIETF,"Equity","2931.489197622",,,,,,,,,,,,
Prince Pipes and Fittings Ltd,PRINCEPIPE,"Building Products - Pipes","2930.97420429","328.98","-234.65","4.089999999999989","742.9399999999999",,"119.8","0.29","11.05","1136.9","256.81","977.705","118.94"
Fusion Finance Ltd,FUSION,"Consumer Finance","2930.308372725","1662.97","74.4","-691.6399999999999","6649.339999999998","7261.15","-2213.92","2.07","0","-120.28999999999996","10.5","29.819999999999997","1447.88"
Easy Trip Planners Ltd,EASEMYTRIP,"Tour & Travel Services","2916.7562567759996","146.08","-92.27","35.33","403.8399999999999",,"15.78","47.81","0","219.81999999999996","66.26","102.77","111.82"
Uflex Ltd,UFLEX,"Packaging","2914.09451753","571.11","-1732.25","80.29999999999995","12040.02",,"677.77","144.78","7.47","6753.17","1731.4","9457.409400000002","1134.78"
Carysil Ltd,CARYSIL,"Home Furnishing","2907.68761138","167.85","-109.47","4.109999999999999","453.94999999999993",,"53.41","0","5.68","352.98","47.28","276.58","60.17"
Tatva Chintan Pharma Chem Ltd,TATVA,"Specialty Chemicals","2905.05931045","404.39","-65.17","-23.93","97.42000000000012",,"16.57","0","4.68","311.03999999999996","76.27","552.98","24.67"
ADF Foods Ltd,ADFFOODS,"Packaged Foods & Meats","2898.2016361","90.31","-38.95","-22.59","125.59",,"-21.06","0","19.78","380","41.24","163.93989999999997","37.42"
Steelcast Ltd,STEELCAS,"Iron & Steel","2874.586","19.16","-57.57","0.00999999999999801","63.489999999999995",,"-16.17","7.48","15.48","296.59","16.85","143.62","73.75"
Shanti Educational Initiatives Ltd,SEIL,"Education Services","2870.63","21.4","-1.27","2.09","19.83000000000002",,"6.47","9.36","0","33.26","4.56","22.441499999999998","-3.11"
Zaggle Prepaid Ocean Services Ltd,ZAGGLE,"Software Services","2870.41888386","1081.13","-485.78","30.24000000000001","66.08999999999997",,"496.32","24.79","0","153.41999999999985","67.49","152.426","19.7"
Gufic Biosciences Ltd,GUFICBIO,"Pharmaceuticals","2864.56978389","99.66","-70.78","14.58999999999999","568.2900000000001",,"-37.2","1.78","1","491.2800000000001","75.53","527.6370000000001","122.57"
Savita Oil Technologies Ltd,SOTL,"Commodity Chemicals","2861.02611795","0.2","-61.94","-103.18","697.7399999999996",,"-102.67","175.67","27.42","1647.5","38.25","283.21999999999997","61.43"
Nippon India ETF Nifty Midcap 150,MID150BEES,"Equity","2860.515265005",,,,,,,,,,,,
Dalmia Bharat Sugar and Industries Ltd,DALMIASUG,"Sugar","2840.5648387849997","0","-108.1","-137.29999999999995","1628.9399999999991",,"-479.65","582.79","46.54","3218.32","141.76","1973.32","450.45"
Interarch Building Solutions Ltd,INTERARCH,"Building Products - Prefab Structures","2815.834291","277.44","-223.06","22.580000000000013","362.61",,"192.08","35.88","0","451.54","76.09","231.3","53.56"
Nalwa Sons Investments Ltd,NSIL,"Asset Management","2814.36051585","37.6","-75.37","-13.690000000000003","2222.989999999993","356.67","-0.03","18506.7","0","16640.370000000003","0.02","0.04000000000000001","61.71"
Rossari Biotech Ltd,ROSSARI,"Specialty Chemicals","2810.5705958400004","475.08","-183.31","19.03","700.2299999999998",,"64.9","26.49","2.77","699.3000000000002","158.51","516.669","137.44"
Nocil Ltd,NOCIL,"Commodity Chemicals","2803.84749991","33.39","-37.2","-61.85000000000001","294.8",,"-50.21","122.73","50.22","1561.83","123.12","913.13","25.56"
Nitin Spinners Ltd,NITINSPIN,"Textiles","2802.8481","137.27","-21.58","7.020000000000039","1421.1100000000006",,"-278.83","0","14.06","1117.71","16.23","1583.9600000000003","307.43"
Medi Assist Healthcare Services Ltd,MEDIASSIST,"Insurance","2802.43960263","105.92","-218.07","32.09","605.4999999999998",,"112.07","3.04","28.14","362.34999999999997","45.79","180.04999999999995","138.09"
Maithan Alloys Ltd,MAITHANALL,"Iron & Steel","2799.51220575","33.62","-590.96","-19.040000000000077","1085.27",,"522.15","1076.01","26.2","3683.35","30.17","297.18","49.77"
Elpro International Ltd,ELPROINTL,"Real Estate","2795.2192910900003","182.72","-767.35","-0.9399999999999409","1364.7299999999996",,"547.82","2270.37","11.86","1836.73","271.26","716.9799999999999","218.59"
Polyplex Corp Ltd,POLYPLEX,"Commodity Chemicals","2789.5341733200003","115.38","-464.36","-63.87000000000004","1733.2100000000003",,"-37.54","225.51","76.01","3613.3399999999997","502.72","3979.6823000000004","438.03"
Sanghvi Movers Ltd,SANGHVIMOV,"Business Support Services","2788.61296","131.37","-286.34","-35.56999999999999","622.7399999999996",,"89.07","0","25.97","1002.4999999999999","237.03","1133.5799999999997","161.7"
EFC (I) Ltd,EFCIL,"Real Estate","2770.29188345","356.64","-105.13","4.18000000000001","1115.65",,"-24.37","5.3","0","166.46000000000004","145.44","649.0642999999999","133.68"
Venus Pipes and Tubes Ltd,VENUSPIPES,"Iron & Steel","2767.2579738","223.04","-114.2","1.8899999999999935","476.8299999999999",,"47.43","0","2.03","275.9","108.39","376.06","68.66"
Orient Cement Ltd,ORIENTCEM,"Cement","2765.6953504529997","4.19","-97.29","-28.220000000000013","994.7199999999993",,"-136.22","12.83","30.73","1783.21","59.65","2014.2899999999997","205.29"
Nxt-Infra Trust,NXT-INFRA,"Roads","2764.5","0","-1094.35","215.09000000000015","3272.6900000000005",,"1049.02","735.61","0","273.65","0.31","0.37000000000000005","260.42"
Arvind Smartspaces Ltd,ARVSMART,"Real Estate","2763.94415454","284.07","-109.49","-7.930000000000007","1857.9399999999998",,"185.54","0","15.78","268.37000000000006","15.51","82.8844","-83.98"
Reliance Infrastructure Ltd,RELINFRA,"Power Infrastructure","2753.18215353","10133.76","-1731.35","673.6300000000001","42027.81",,"-1251.69","8650.14","9.84","3146.67","1464.84","18956.049999999996","3656.67"
Euro Pratik Sales Ltd,EUROPRATIK,"Building Products - Laminates","2750.713","0","36.04","3.5100000000000007","39.35",,"-1.88","0","0","223.88","2.4","30.032","-30.65"
TVS Srichakra Ltd,TVSSRICHAK,"Tires & Rubber","2750.41236","0.93","-154.08","-3.3900000000000006","1793.0300000000002",,"-46.64","392.19","36.25","1175.31","0","1246.8500000000001","197.33"
V-Marc India Ltd,VMARCIND,"Electrical Components & Equipments","2749.03774872","61.59","-61.01","1.2700000000000031","456.32",,"39.75","0","0","103.44","57.87","162.82","22.53"
Gateway Distriparks Ltd,GATEWAY,"Logistics","2744.543591148","443.12","-110.28","7.57000000000005","984.31",,"-267.02","0","99.93","1260.7399999999998","16.09","2160.5501999999997","384.87"
Borosil Ltd,BOROLTD,"Housewares","2739.035054616","164.9","-41.29","-4.149999999999999","323.34",,"56.47","21.61","0","630.8000000000001","97.89","601.19","-19.33"
Ganesha Ecosphere Ltd,GANECOS,"Textiles","2732.62130086","487.26","-125.28","72.67000000000002","783.5299999999999",,"156.71","20.34","11.39","603.3","208.38","977.3754","41.24"
Welspun Specialty Solutions Ltd,WELSPLSOL,"Iron & Steel","2712.068644385","556.68","-38.83","72.12","272.5700000000001",,"53.18","0","0","-557.62","16.12","197.92000000000002","57.77"
Kewal Kiran Clothing Ltd,KKCL,"Apparel & Accessories","2710.2756363","34.97","-184.34","-190.53","434.60000000000025",,"-19.85","27.25","0","723.3399999999999","85.2","337.6269000000001","13.66"
Standard Engineering Technology Ltd,SETL,"Specialty Chemicals","2704.10947841","292.32","-159.94","-13.780000000000001","245.66000000000003",,"140.91","0","0","214.99","27.79","136.6198","5.25"
Kilburn Engineering Ltd,KLBRENG-B,"Industrial Machinery","2700.379329","239.81","-102.68","4.390000000000001","258.24",,"116.89","8.44","9.27","117.85000000000002","35.29","168.1763","-9.82"
Concord Control Systems Ltd,CNCRD,"Electrical Components & Equipments","2699.68504","68.37","-14.34","0.14999999999999858","16.809999999999974",,"21.47","7.11","0","44.50999999999999","2.62","20.365499999999997","-6.98"
Elcid Investments Ltd,ELCIDIN,"Investment Banking & Brokerage","2697.39","0","-95","-1.4000000000000057","1438.8599999999997","0","-0.5","10570.72","0.5","9168.32","6.41","34.28000000000001","94.1"
Nippon IN ETF Nifty 8-13 yr G-Sec Long Term Gilt,LTGILTBEES,"Debt","2690.931617018",,,,,,,,,,,,
Parag Milk Foods Ltd,PARAGMILK,"FMCG - Foods","2665.373094006","776.77","-132.39","1.3300000000000125","1009.23",,"-78.32","4.63","5.97","116.75999999999999","125.51","596.8999999999999","212.04"
Vardhman Special Steels Ltd,VSSL,"Iron & Steel","2660.30643017","107.66","-126.83","3.109999999999998","338.02000000000015",,"3.03","7.66","16.24","608.52","118.83","425.74","126.91"
Automotive Axles Ltd,AUTOAXLES,"Auto Parts","2653.0576287599997","11.56","-94.09","-24.380000000000003","375.07000000000016",,"-58.54","0","48.36","955.25","26.41","206.53","128.25"
Shankara Buildpro Ltd,BUILDPRO,"Building Products - Others","2652.8762644","0","17.46","22.01999999999999","796.7100000000003",,"-63.68","0","0","432.75","8.58","45.64","68.24"
Jindal Worldwide Ltd,JINDWORLD,"Textiles","2651.88229","2.29","2.59","23.22","1005.68",,"-146.52","20.56","4.01","687.59","21.88","362.9034","167.15"
Baazar Style Retail Ltd,STYLEBAAZA,"Retail - Speciality","2648.16985797","335.66","-102.75","4.059999999999995","1350.4099999999999",,"54.12","0","0","30.75","107.32","1034.1200000000001","52.69"
Prakash Industries Ltd,PRAKASH,"Iron & Steel","2642.710698123","437.95","-125.53","18.490000000000006","1166.11",,"2.12","0","21.49","2701.6200000000003","174.67","3273.52","141.9"
Unichem Laboratories Ltd,UNICHEMLAB,"Pharmaceuticals","2626.134475","1.33","-241.91","-65.17000000000002","1118.8099999999995",,"183.76","0.02","0.34","2435.1800000000003","137.36","1309.99","-7.02"
Antelopus Selan Energy Ltd,ANTELOPUS,"Oil & Gas - Exploration & Production","2623.28771859","0","-124.84","0.12999999999999656","106.29999999999998",,"-0.78","0","0","454.54","53.08","335.86","125.75"
AFCOM Holdings Ltd,AFCOM,"Airlines","2622.19254392","111.25","-103.96","-3.019999999999996","55.06",,"73.56","0","0","84.25999999999999","5.38","17.44","27.38"
Apcotex Industries Ltd,APCOTEXIND,"Specialty Chemicals","2611.4306352","26","-28.75","11.479999999999997","445.69000000000005",,"-44.49","83.4","28.15","516.81","49.95","397.99","84.72"
Sasken Technologies Ltd,SASKEN,"Software Services","2609.79504135","7.52","84.34","-19.25999999999999","155.03999999999996",,"-46.44","393.18","37.73","765","9.93","76.93","-57.16"
Indo Tech Transformers Ltd,INDOTECH,"Heavy Electrical Equipments","2607.1038","37.58","-18.15","39.03","157.70999999999995",,"1.43","0","0","232.55","16.15","55.919999999999995","55.75"
JTL Industries Ltd,JTLIND,"Iron & Steel","2601.02114571","542.95","-188.05","-26.80000000000001","120.44000000000025",,"406.94","10.29","4.79","467.29999999999995","178.02","284.88","-245.69"
Siyaram Silk Mills Ltd,SIYSIL,"Textiles","2600.8402946","0","-247.77","-2.5999999999999996","604.8400000000004",,"-9.85","5.26","49.72","1274.04","129.65","593.6758","255.02"
Jubilant Agri and Consumer Products Ltd,JUBLCPL,"Agro Products","2595.16747611","122.54","-34.92","-9.319999999999993","409.48",,"-103.74","0","0","187.89999999999998","35.35","201.41","129.34"
Nippon India ETF Nifty 1D Rate Liquid BeES,LIQUIDBEES,"Debt","2580.8129916119997",,,,,,,,,,,,
Alpex Solar Ltd,ALPEXSOLAR,"Renewable Energy Equipment & Services","2579.459855","56.45","-81.9","3.2099999999999973","257.2",,"16.27","2.35","0","135.48000000000002","57.67","96.81980000000001","68.84"
Kiri Industries Ltd,KIRIINDUS,"Specialty Chemicals","2563.38328","621.53","-842.32","9.490000000000009","1478.5799999999997",,"1193.74","2807.23","0","2390.1400000000003","406.97","868.3026","-341.93"
Panacea Biotec Ltd,PANACEABIO,"Biotechnology","2562.42495891","91.94","64.98","34.95","451.93",,"-2.66","0.07","0","715.0699999999999","50.31","694.395","-27.37"
Thirumalai Chemicals Ltd,TIRUMALCHM,"Commodity Chemicals","2556.6832309919996","19.71","-531.43","-222.68999999999994","2652.19",,"374.62","199.6","10.24","1125.72","612.9","2603.59","-65.88"
GK Energy Ltd,GKENERGY,"Renewable Energy Equipment & Services","2556.308820664","19.7","-53.02","0.4399999999999977","374.5300000000001",,"152.06","0","0","155.37","4.65","13.969999999999999","-98.6"
Patel Engineering Ltd,PATELENG,"Construction & Engineering","2555.757629712","2182.89","-14.83","65.53000000000003","5802.669999999998",,"-283.03","69.69","0","1517.35","90.43","1475.9409999999998","363.39"
Pokarna Ltd,POKARNA,"Cement","2555.5047","0.74","-82.38","8.059999999999988","625.0499999999997",,"-100.73","0","1.86","771.04","97.69","833.8899999999999","191.17"
Globus Spirits Ltd,GLOBUSSPR,"Alcoholic Beverages","2552.09072616","155.73","-207.74","0.9899999999999807","1101.9700000000003",,"141.6","0","10.1","808.16","208.17","1168.0911","67.13"
John Cockerill India Ltd,COCKERILL,"Industrial Machinery","2550.23228011","14.66","1.69","-68.99","376.92999999999995",,"-4.6","0","3.44","181.55","10.89","62.080000000000005","-66.08"
Windsor Machines Ltd,WINDMACHIN,"Industrial Machinery","2550.07047393","371.09","-295.42","88.96999999999997","268.0199999999999",,"425.71","0","3.27","258.66","348.06","354.9717","-41.32"
Sundrop Brands Ltd,SUNDROP,"Packaged Foods & Meats","2524.18127688","1115.34","-5.58","34.089999999999996","278.59999999999974",,"-44.74","0.11","7.31","285.34000000000015","21.09","706.047","84.41"
Hikal Ltd,HIKAL,"Pharmaceuticals","2523.84305175","38.1","-136.5","0.29999999999998295","1266.5999999999997",,"-143.6","9.5","14.8","1199.5","137.3","1485.6999999999998","280.4"
Apeejay Surrendra Park Hotels Ltd,PARKHOTELS,"Hotels, Resorts & Cruise Lines","2513.5486178799997","752.15","-195.57","-33.77999999999999","386.8500000000002",,"4.17","0.02","0","510.63","150.52","1283.86","157.62"
Xpro India Ltd,XPROINDIA,"Plastic Products","2513.4441721900002","315.92","-113.35","102.18","382.2800000000001",,"202.78","0.17","4.45","232.11999999999995","287.26","524.3599999999999","12.75"
Federal-Mogul Goetze (India) Ltd,FMGOETZE,"Auto Parts","2508.73090235","267.51","-16.92","191.98999999999998","415.0200000000002",,"-11.78","1.78","4.26","944.8","46.54","539.7700000000001","220.69"
Bombay Dyeing and Mfg Co Ltd,BOMDYEING,"Textiles","2498.6592202","133.57","35.39","-22.819999999999997","651.0700000000008",,"-41.19","919.46","25.09","2195.49","55.69","609.42","-17.02"
City Pulse Multiventures Ltd,CPML,"Movies & TV Serials","2495.756963155","82.73","-2.4","1.75","5.59",,"-0.39","0.18","0","-2.0799999999999983","2.4","5.717499999999987","4.54"
Epack Durable Ltd,EPACK,"Home Electronics & Appliances","2494.24212384","692.49","-94.57","-92.67999999999999","1060.97",,"-29.37","19.89","0","163.39","113.81","748.6538000000002","31.26"
M V K Agro Food Product Ltd,MVKAGRO,"Agro Products","2484.286841","52.76","-13.18","-13.269999999999996","181.23",,"-51.23","0.08","0","21.68","23.11","94.202","51.14"
Yasho Industries Ltd,YASHO,"Specialty Chemicals","2482.43528955","172.06","-11.1","6.149999999999999","674.46",,"59.22","0","0.57","235.57999999999998","12.83","613.3575000000001","-41.97"
Monarch Networth Capital Ltd,MONARCH,"Investment Banking & Brokerage","2470.3977537700002","307.86","-86.78","113.87","438.71","348.77","170.9","120.06","3.39","410.47","16.23","21.159999999999997","29.75"
Ddev Plastiks Industries Ltd,DDEVPLSTIK,"Plastic Products","2468.849726376","50.8","-114.37","-33.780000000000015","319.9000000000002",,"-56.61","0","10.35","773.5600000000001","57.7","276.03000000000003","137.2"
Repco Home Finance Ltd,REPCOHOME,"Consumer Finance","2460.22556065","318.42","-6.41","-211.92000000000002","11288.69","14109.18","408.19","324.72","18.76","3046.06","23.2","80.7","-613.7"
Rane (Madras) Ltd,RML,"Auto Parts","2448.788523885","202.3","-146.74","-7.170000000000016","1598.23",,"-176.18","6.69","26.81","440.95","184.55","761.3499999999999","315.75"
Satin Creditcare Network Ltd,SATIN,"Consumer Finance","2447.563386807","1472.13","-45.39","305.02","9044.14","9843.59","913.81","55.1","0","960.69","19.85","103.52340000000001","-563.4"
Veedol Corporation Ltd,VEEDOL,"Commodity Chemicals","2439.4422044","3.52","73.39","4.219999999999999","338.7100000000002",,"-98.89","78.15","90.6","907.13","42.18","226.61","29.72"
Orissa Minerals Development Company Ltd,ORISSAMINE,"Mining - Diversified","2427.54","0","-90.03","57.84","589.26",,"-22.41","0.02","0","-52.18","112.1","136.32","170.28"
Uniparts India Ltd,UNIPARTS,"Industrial Machinery","2422.38346473","88.87","-105.95","14.030000000000008","289.28",,"-62.01","2.09","64.32","753.21","32.64","270.277","181.99"
Marsons Ltd,MARSONS,"Heavy Electrical Equipments","2418.1771","86.12","-37.61","1.0500000000000114","29.93",,"73.68","37.3","0","19.179999999999993","1.92","14.200000000000003","-35.02"
K.P. Energy Ltd,KPEL,"Renewable Energy","2408.101835625","0","-240.82","21.54000000000002","856.53",,"100.65","9.98","4","267.09","257.75","420.03999999999996","161.71"
Ajmera Realty & Infra India Ltd,AJMERA,"Real Estate","2401.6941126","251.48","-11.71","-5.000000000000001","931.2300000000005",,"-0.84","92.56","14.19","915.6700000000001","5.61","35.4323","7.55"
Mufin Green Finance Ltd,MUFIN,"Specialized Finance","2398.158799176","103.33","90.21","4.309999999999988","764.1","827.42","66.65","1.72","0","130.64999999999998","0.86","6.37","-152.55"
Imagicaaworld Entertainment Ltd,IMAGICAA,"Theme Parks & Gaming","2395.8573665979998","1513.56","-461.23","-63.03999999999999","635.01",,"250.97","11.3","0","-869.7299999999999","116.74","1438.6282999999999","147.22"
Sirca Paints India Ltd,SIRCA,"Paints","2387.569312","83.73","-45.32","0.5399999999999974","101.05",,"-8.4","0","8.22","211.02999999999997","106.93","57.274699999999996","54.26"
Sangam (India) Ltd,SANGAMIND,"Textiles","2383.89272352","208.39","-371.98","23.679999999999957","1948.4700000000003",,"-35.99","0.75","10.05","748.14","314.8","1456.5900000000001","431.65"
Ramco Industries Ltd,RAMCOIND,"Cement","2379.0245362","6.14","-107.16","14.400000000000013","549.9999999999995",,"-10.68","3340.18","6.51","4217.87","30.09","563.38","132.24"
Jash Engineering Ltd,JASH,"Construction & Engineering","2374.3537544","103.31","-71.66","-18.329999999999995","311.13999999999993",,"-1.55","0.12","14.01","316.01","44.6","152.1484","54.88"
Bhansali Engineering Polymers Ltd,BEPL,"Commodity Chemicals","2370.3768315","21.47","235.16","244.36999999999995","101.69",,"-99.54","2.72","99.54","955.7099999999999","6.07","148.49","108.75"
Mrugesh Trading Ltd,MRUTR,"Diversified Financials","2368.91355","0","-0.01","0.029999999999997584","0.28","0","17.89","0","0","0.12","0.01","0.01","-17.85"
TeamLease Services Ltd,TEAMLEASE,"Employment Services","2368.09224568","149.06","-147.47","-78.12","1221.5500000000002",,"-35.03","13.29","0","741.0699999999999","30.99","158.67000000000002","104.38"
Utkarsh Small Finance Bank Ltd,UTKARSHBNK,"Diversified Financials","2363.207452352","505.91","-776.88","409.15000000000003","25152.939999999995","18716.48","310.45","4957.89","55.02","1366.98","158.96","386.92","875.58"
Sagar Cements Ltd,SAGCEM,"Cement","2350.383128136","883.51","-113.33","-96.68999999999998","2326.6699999999996",,"-217.29","0","9.15","813.1600000000001","138.15","3190.1399999999994","233.93"
National Standard (India) Ltd,NATIONSTD,"Real Estate","2350","0","7.5","-0.7599999999999998","4.810000000000009",,"0","0","0","252.34","0","0","-8.26"
Prabha Energy Ltd,PRABHA,"Mining - Diversified","2340.7946676349998","201.62","-43.88","0.10000000000000142","197.25",,"50.07","0","3.99","222.71999999999997","44.48","258.4644","-6.09"
Anantam Highways Trust,ANANTAM,"Roads","2339.43","407.6","1143.33","76.12999999999994","3738.33",,"-108.31","0","0","2.159999999999968","0.1","1.9100000000000001","-958.89"
Prataap Snacks Ltd,DIAMONDYD,"Packaged Foods & Meats","2337.73222479","413.64","-29.81","-18.659999999999997","265.70999999999987",,"-14.94","0","4.77","264.66999999999996","40.31","503.1877999999999","26.09"
Morepen Laboratories Ltd,MOREPENLAB,"Pharmaceuticals","2329.899128148","553.16","-321.51","10.439999999999998","591.1400000000001",,"299.89","7.17","0","493.4900000000001","214.24","416.4565","32.06"
Camlin Fine Sciences Ltd,CAMLINFINE,"Specialty Chemicals","2328.3424411729998","711.41","-75.35","23.810000000000002","1161.7300000000002",,"72.44","22.97","0","168.16000000000008","42.45","657.4182000000001","26.72"
MSP Steel & Power Ltd,MSPL,"Iron & Steel","2327.26702437","618.07","-33.83","-22.060000000000002","555.6000000000001",,"-177.51","47.26","0","-296.51000000000005","32.45","791.0600000000001","189.28"
Bharat Rasayan Ltd,BHARATRAS,"Fertilizers & Agro Chemicals","2319.80301904","0","-148.44","22.990000000000013","278.14",,"-0.59","68.38","0.62","1125.84","35.69","244.76","172.02"
Eveready Industries India Ltd,EVEREADY,"Batteries","2315.4526673","164.12","-95.26","-1.4499999999999957","626.4699999999998",,"-35.87","7.5","7.27","260.64","96.47","385.09000000000003","129.68"
TCPL Packaging Ltd,TCPLPACK,"Packaging","2312.81569445","44.18","-149.5","1.0000000000000036","968.0300000000001",,"17.69","0","20.02","590.48","159.26","827.0850999999999","132.81"
Veranda Learning Solutions Ltd,VERANDA,"Education Services","2308.4559185400003","650.51","-48.75","33.879999999999995","1605.5200000000004",,"50.98","4.39","0","-475.02","14.96","252.74239999999986","31.65"
TVS Infrastructure Trust,TVSINVIT,"Logistics","2307.24","1.92","-229.29","29.079999999999984","1849.4299999999998",,"250.42","0","0","116.28","205","1595.9199999999998","7.95"
Nitco Ltd,NITCO,"Building Products - Ceramics","2306.06841474","1715.09","4.01","84.06","524.5299999999997",,"228.02","0.76","0","-1751.1799999999998","0.64","106.32849999999996","-147.97"
Dr Agarwal's Eye Hospital Ltd,DRAGARWQ,"Hospitals & Diagnostic Centres","2304.6785397599997","5.51","-132.78","-21.72","403.7099999999999",,"16.58","0","2.35","199.4","102.86","515.51","94.48"
HPL Electric & Power Ltd,HPL,"Electrical Components & Equipments","2302.27890123","366.01","-70.13","2.3600000000000136","1177.5300000000002",,"-65.72","0","6.43","484.82000000000005","78.96","506.01","138.21"
BN Agrochem Ltd,BNAGROCHEM,"Agro Products","2296.68638409","286.52","-290.39","6.380000000000052","270.64",,"328.04","72","0","7.1200000000000045","0.27","1.4500000000000002","-31.27"
Yash Highvoltage Ltd,YASHHV,"Electrical Components & Equipments","2278.075151625","86.9","-83.7","22.269999999999996","55.13",,"96.78","0.01","0","46.379999999999995","38.45","48.3226","9.19"
Kernex Microsystems (India) Ltd,KERNEX,"Software Services","2273.7037450400003","196.22","-8.84","11.120000000000001","82.59999999999998",,"5.41","0","0","-55.06999999999999","4.13","32.02000000000001","14.55"
Brigade Hotel Ventures Ltd,BRIGHOTEL,"Hotels, Resorts & Cruise Lines","2266.520585355","0","-94.99","-27.830000000000013","845.24",,"-81.79","0.06","0","-263.55","94.74","751.7700000000001","148.95"
Fischer Medical Ventures Ltd,FISCHER,"Power Trading & Consultancy","2264.6235262","240.82","-124.87","103.31","119.12",,"314.92","10.77","0","2.680000000000007","5.99","19.712999999999997","-86.74"
Ravindra Energy Ltd,RELTD,"Electrical Components & Equipments","2256.732373227","366.7","-158.88","59.34","296.9399999999999",,"147.32","48.23","0","-206.91","176.91","446.75","70.9"
Aimtron Electronics Ltd,AIMTRON,"Electronic Equipments","2248.678213515","78.65","-13.39","31.4","75.12",,"63.46","0","0","55.91999999999999","12.96","30.93","-18.67"
Greenpanel Industries Ltd,GREENPANEL,"Wood Products","2248.128032535","0","-165.69","-5.730000000000004","750.7300000000002",,"82.16","0","3.68","1372.9","192.25","1569.91","77.8"
Spectrum Electrical Industries Ltd,SPECTRUM,"Electrical Components & Equipments","2244.722044","91.54","-39.57","-8.280000000000001","234.21000000000006",,"49.43","4.54","0","79.30999999999999","49.53","147.23000000000002","-18.14"
Awfis Space Solutions Ltd,AWFIS,"Business Support Services","2244.582905125","718.79","-203.08","35.52999999999999","2047.7699999999998",,"-123.95","0","0","-330.53","199.44","1598.2","362.56"
Alembic Ltd,ALEMBICLTD,"Pharmaceuticals","2240.9350129560003","211.51","-26.58","1.4500000000000028","164.41000000000003",,"-58.34","1844.95","61.17","2075.7200000000003","50.77","408.89930000000004","86.37"
Mold-Tek Packaging Ltd,MOLDTKPAC,"Plastic Products","2232.4845870900003","250.38","-135.71","0.18999999999999417","299.0099999999999",,"25.48","31.49","9.97","370.78","124.06","581.3199999999999","110.42"
Gujarat Industries Power Company Ltd,GIPCL,"Power Generation","2231.539626888","419.13","-2665.19","-141.41000000000008","4041.86",,"1397.24","105.72","59.74","2949.46","2706.3","6096","1126.54"
Apollo Pipes Ltd,APOLLOPIPE,"Building Products - Pipes","2229.34651056","409.15","-150.55","83.17","424.14",,"205.05","64.86","4.14","337.47","110.38","561.3032","28.67"
Protean eGov Technologies Ltd,PROTEAN,"IT Services & Consulting","2228.030779005","31.29","-158.55","-8.080000000000005","307.78",,"-42.24","497.14","40.46","926.94","47.56","163.48000000000005","192.71"
Honda India Power Products Ltd,HONDAPOWER,"Industrial Machinery","2218.89821196","3.96","-69.05","-75.41","194.05",,"-28.45","0","27.78","849.43","41.36","114.57","22.09"
Kalyani Investment Company Ltd,KICL,"Asset Management","2211.72593796","0","16.26","0.120000000000001","593.969999999998","0","0","9063.22","0","8711.5","0","0.050000000000000044","-16.14"
Network People Services Technologies Ltd,NPST,"Software Services","2209.751887","0.34","8.41","44.22","41.50000000000001",,"6.75","0.29","0","83.97999999999999","10.8","13.2887","29.06"
Mangalam Cement Ltd,MANGLMCEM,"Cement","2196.20919126","18.06","-132","-6.980000000000004","1314.3399999999992",,"-62.61","2.83","4.12","806.33","125.41","1190.32","187.63"
Hindustan Oil Exploration Company Ltd,HINDOILEXP,"Oil & Gas - Exploration & Production","2189.552135973","788.65","-82.59","0.4199999999999875","641.1",,"-77.69","0","0","400.35","32.53","1238.72","160.7"
MM Forgings Ltd,MMFL,"Iron & Steel","2187.15648","3.24","-358.21","8.130000000000024","1457.33",,"184.72","3.84","19.31","839.76","402.74","1345.1132","181.62"
Insecticides (India) Ltd,INSECTICID,"Fertilizers & Agro Chemicals","2171.135107755","0","-37.72","-5.3500000000000085","813.5600000000001",,"-61.09","19.75","5.92","1055.5","37.29","436.1007","93.46"
DCX Systems Ltd,DCXINDIA,"Cables","2160.673910946","1056.05","-238.59","162.66999999999996","528.8499999999999",,"-94.64","0","0","296.9000000000001","300.02","346.53000000000003","495.9"
Rhetan TMT Ltd,RHETAN,"Metals - Diversified","2160.328125","0.66","-4.36","-0.9600000000000006","29.509999999999998",,"-1.57","2.99","0","13.64","1.52","17.81","4.97"
Shipping Corporation of India Land and Assets Ltd,SCILAL,"Real Estate","2154.32042125","0","79.71","-0.40000000000000924","500.6799999999995",,"-30.69","0","30.68","2535.71","6.39","2403.8399999999997","-49.42"
Arkade Developers Ltd,ARKADE,"Real Estate","2136.802568053","369.8","-228.98","-1.579999999999984","366.69999999999976",,"445.12","18.22","0","328.23999999999995","9.14","18.779999999999998","-217.72"
Somany Ceramics Ltd,SOMANYCERA,"Building Products - Ceramics","2129.79501558","15.35","-72.99","0.5899999999999892","1099.38",,"-67.59","3.76","12.3","748.11","83.39","1073.6855","141.17"
HLE Glascoat Ltd,HLEGLAS,"Industrial Machinery","2126.69679","98.93","-68.38","6.3100000000000165","733.7399999999998",,"-59.67","0","7.75","333.88","66.39","460.90380000000005","134.36"
Sai Parenteral's Ltd,SAIPARENT,"Pharmaceuticals","2123.474738015","47.15","0.44","-2.2900000000000063","176.61",,"-35.88","0","0","33.21","0","44.518","33.15"
Venky's (India) Ltd,VENKEYS,"Packaged Foods & Meats","2120.00319464","0","-38.27","-2.0800000000000054","594.75",,"-30.14","0","9.73","1461.49","45.83","642.7106000000001","66.33"
Jain Irrigation Systems Ltd,JISLDVREQS,"Agricultural & Farm Machinery","2116.7428162319998",,,,,,,,,,,,
Jain Irrigation Systems Ltd,JISLJALEQS,"Agricultural & Farm Machinery","2116.7428162319998","2024.76","-228.69","-7.160000000000082","5667.539999999999",,"-621.23","1222.09","0.17","3406.6799999999994","245.44","4262.753","842.76"
Confidence Petroleum India Ltd,CONFIPET,"Oil & Gas - Storage & Transportation","2112.056310351","729.14","-134.8","26.359999999999985","1101.9",,"151.53","7.23","3.53","565.93","272","1023.16","9.63"
G M Breweries Ltd,GMBREW,"Alcoholic Beverages","2111.0556852","0","113.89","0.8199999999999967","147.16",,"-17.45","570.39","17.14","1055.41","45.52","304.02","-95.62"
Rane Holdings Ltd,RANEHOLDIN,"Auto Parts","2101.6934848","44.33","-196.07","-7.28000000000003","2193.36","0","-324.24","334.42","48.79","1047.17","224.53","1202.28","513.03"
PIX Transmissions Ltd,PIXTRANS,"Industrial Machinery","2095.55576","13.87","-77.5","3.460000000000008","134.38",,"-27.08","0","9.46","568.61","20.91","268.42999999999995","108.04"
Servotech Renewable Power System Ltd,SERVOTECH,"Electrical Components & Equipments","2095.3931387439998","114.27","-16.31","-23.879999999999995","172.25000000000003",,"47.84","0","1.11","72.86999999999999","18.12","71.77","-55.41"
Nucleus Software Exports Ltd,NUCLEUS,"Software Services","2091.9404412900003","0","-20.48","4.660000000000011","338.73",,"-125.8","403.62","33.47","787.89","15.22","61.290000000000006","150.94"
KP Green Engineering Ltd,KPGEL,"Construction & Engineering","2089.75","176.88","-197.07","-147.92","410.0600000000002",,"30.04","0.1","1","122.20999999999998","183.98","218.68","19.11"
JNK India Ltd,JNKINDIA,"Construction & Engineering","2087.920338225","293.34","-13.89","138.84000000000003","284.60999999999984",,"218.11","0","1.67","199.88000000000005","8.32","34.38","-65.38"
Geojit Financial Services Ltd,GEOJITFSL,"Investment Banking & Brokerage","2084.204862573","406.68","-20.37","21.86","792.8600000000002","528.74","-124.52","17.38","35.7","723.97","24.61","118.39999999999999","166.75"
Jaykay Enterprises Ltd,JAYKAY,"Investment Banking & Brokerage","2083.029611208","199.99","-104.5","5.480000000000004","123.41000000000011",,"110.47","63.4","0","246.63","48.85","106.2792","-0.49"
Rajratan Global Wire Ltd,RAJRATAN,"Iron & Steel","2082.62642","2.6","-56.76","7.979999999999999","400.58000000000004",,"8.08","0","10.15","546.23","59.44","604.84","56.66"
Cosmo First Ltd,COSMOFIRST,"Packaging","2070.16286125","0","-419.64","-5.829999999999984","2637.0099999999993",,"247.44","26.02","7.77","1440.18","502.03","2405.5799999999995","166.37"
GSP Crop Science Ltd,GSPCROP,"Fertilizers & Agro Chemicals","2051.24428125","0","-79.57","-11.889999999999993","776.6700000000001",,"29.85","10.47","2.6","411.02","72.74","259.445","37.83"
KCP Ltd,KCP,"Cement","2045.3342034","0","-83.1","-6.859999999999985","1147.319999999999",,"-83.78","12.1","114.69","1519.72","202.36","1074.62","160.02"
D P Abhushan Ltd,DPABHUSHAN,"Precious Metals, Jewellery & Watches","2044.4685152","58.21","-26.89","-6.32","433.16",,"39.5","0","0.06","318.29","14.78","76.07719999999999","-18.93"
Bajel Projects Ltd,BAJEL,"Construction & Engineering","2041.472418075","6.21","-128.13","9.069999999999993","1408.6399999999996",,"68.07","81.61","0","636.9399999999999","34.48","98.41000000000001","69.13"
Sanstar Ltd,SANSTAR,"Agro Products","2040.22437875","361.13","-174.6","117.58000000000001","98.40999999999985",,"253.44","0.01","0","261.56000000000006","92.31","279.08","38.74"
Mukand Ltd,MUKANDLTD,"Iron & Steel","2037.8209249889999","100.22","-123.74","-29.409999999999997","2586.7",,"-85.76","28.19","28.82","704.89","126.06","679.5400000000001","180.09"
BGR Energy Systems Ltd,BGRENERGY,"Construction & Engineering","2031.347914","318.95","1.67","27.63000000000011","6340.869999999999",,"1883.39","2.15","0","-1999.25","0.08","284.79","-1857.43"
Divgi TorqTransfer Systems Ltd,DIVGIITTS,"Industrial Machinery","2030.0946942599999","285.5","-42.53","-16.14","66.73",,"-8.82","0.05","7.95","295.98","26.5","248.41799999999995","35.21"
Shringar House of Mangalsutra Ltd,SHRINGARMS,"Precious Metals, Jewellery & Watches","2024.97724792","4.88","-2.96","-1.08","174.89000000000001",,"8.97","0","0","123.83000000000001","2.76","49.980000000000004","-7.09"
Spandana Sphoorty Financial Ltd,SPANDANA,"Consumer Finance","2024.050448694","2241.08","-119.21","-162.32000000000016","5860.25","5708.4","-3711.63","109.75","0","320.65999999999985","21.91","34.22","3668.52"
Talbros Automotive Components Ltd,TALBROAUTO,"Auto Parts","2020.67099025","46.78","-44.65","12.489999999999998","317.90999999999997",,"-22.88","209.44","4.36","573.51","53.78","243.1558","80.02"
Brightcom Group Ltd,BCG,"Advertising","2020.540394873","728.65","-378.92","-54.95000000000002","1107.8100000000002",,"149.4","582.95","0","7556.9","197.13","1352.8599999999997","174.57"
Pennar Industries Ltd,PENIND,"Iron & Steel","2018.255830836","70.14","-104","51.58999999999999","1953.67",,"-100.39","10.53","0","860.84","126.15","999.99","255.98"
Kotak Nifty 50 ETF,NIFTY1,"Equity","2017.5685015200002",,,,,,,,,,,,
Rishabh Instruments Ltd,RISHABH,"Electrical Components & Equipments","2010.543950025","108","-63.12","39.32000000000001","271.61",,"37.49","0.11","0.28","462.03","76.19","308.571","64.95"
Vimta Labs Ltd,VIMTALABS,"Labs & Life Sciences Services","2009.2275879","81.04","-75.54","2.3899999999999935","87.68000000000012",,"-16.68","0","4.43","293.35999999999996","79.49","261.67100000000005","94.61"
AMIC Forging Ltd,AMIC,"Industrial Machinery","1991.769828275","28.11","-18.51","7.459999999999997","28.290000000000003",,"19.95","22.23","0","61.58","31.96","40.96000000000001","6.02"
S.P.Apparels Ltd,SPAL,"Apparel & Accessories","1991.7537000900002","217.49","-170.44","-43.519999999999996","606.1899999999998",,"82.5","9.8","0","613.39","82.24","601.872","44.42"
Jai Corp Ltd,JAICORPLTD,"Textiles","1985.839018425","289.57","111.03","0.8700000000000045","24.899999999999782",,"-155.15","647.29","8.92","862.72","2.79","192.28130000000004","44.99"
EIH Associated Hotels Ltd,EIHAHOTELS,"Hotels, Resorts & Cruise Lines","1975.2499700099997","77.23","-88.95","0.7899999999999956","114.13999999999999",,"-19.01","0.04","18.25","398.33","27.94","305.90999999999997","108.75"
Spicejet Ltd,SPICEJET,"Airlines","1971.720543664","4347.02","-642.52","-164.29999999999973","8538.890000000001",,"2167.57","0.04","0","-7830.06","80.63","2121.0099999999998","-1689.35"
TCI Express Ltd,TCIEXP,"Logistics","1966.86019305","11.56","-91.5","-5.259999999999991","154.24",,"-32.19","0.22","30.7","745.1700000000001","50.62","482.31","118.43"
Belding India Ltd,BELDING,"Packaging","1959.5674236599998","0","-0.02","0.6799999999999999","0.7699999999999996",,"-1.66","0","0","5.39","0.02","1.0499999999999998","2.36"
Vintage Coffee and Beverages Ltd,VINCOFE,"Tea & Coffee","1953.0988110540002","152.95","-45.74","120.64999999999999","106.5",,"188.91","0","0","20.130000000000024","7.29","78.30499999999999","-22.52"
Panama Petrochem Ltd,PANAMAPET,"Specialty Chemicals","1952.1284074599998","90.18","-11.79","72.46000000000002","268.9400000000002",,"-77.86","18.85","36.1","1152.73","48.1","330.71","162.11"
Indoco Remedies Ltd,INDOCO,"Pharmaceuticals","1951.5016822599998","66.55","-339.11","-2.7600000000000193","1411.52",,"241.42","1.46","13.9","937","356.15","1276.0622999999998","94.93"
BF Utilities Ltd,BFUTILITIE,"Renewable Energy","1949.6764252799999","186.48","-44.79","8.20999999999998","1373.2399999999996",,"-486.86","12","8.23","-3.759999999999991","32.77","1363.4189999999999","539.86"
Vindhya Telelinks Ltd,VINDHYATEL,"Telecom Equipments","1933.94233297","38.89","5.59","-56.58999999999992","3636.9099999999994",,"528.13","3649.91","17.78","4035.33","17.18","134.24380000000002","-590.31"
India Pesticides Ltd,IPL,"Fertilizers & Agro Chemicals","1930.946538636","95.93","0.65","22.57","242.93999999999977",,"19.19","15.26","8.64","790.96","64.15","384.95","2.73"
NDR Auto Components Ltd,NDRAUTO,"Auto Parts","1930.0584930799998","0","-42.49","28.90999999999999","183.55999999999997",,"-12.42","63.47","4.42","278.52","47.99","180.67999999999998","83.82"
PTC India Financial Services Ltd,PFS,"Specialized Finance","1926.850005","612.81","775.67","531.6799999999998","2928.269999999999","4186.15","-1383.21","268.38","0","1499.23","4.02","22.909999999999997","1139.22"
Ceinsys Tech Ltd,CEINSYS,"IT Services & Consulting","1926.68356522","159.12","-52.84","1.3699999999999974","165.77999999999992",,"48.53","22.04","4.08","191.98000000000002","36.83","52.999999999999986","5.68"
Sportking India Ltd,SPORTKING,"Textiles","1924.124224","0","-66.71","-0.9499999999999886","769",,"-348.86","0","6.57","915.62","69.89","763.9234","414.62"
Ujaas Energy Ltd,UEL,"Renewable Energy","1922.1291019259997","84.5","-9.32","-1.3500000000000005","27.21000000000001",,"5.19","0","0","-9.680000000000007","0.78","29.69999999999999","2.78"
Stallion India Fluorochemicals Ltd,STALLION,"Specialty Chemicals","1919.942004243","151.5","-19.68","42.8","32.82000000000001",,"75.91","0","0","70.02000000000001","4.65","17.21","-13.43"
UTI Gold Exchange Traded Fund,GOLDBETA,"Gold","1919.146383",,,,,,,,,,,,
Aurum Proptech Ltd,AURUM,"IT Services & Consulting","1912.900188118","337.5","-43.75","2.3900000000000006","390.03999999999985",,"18.46","7.02","0","-91.58000000000001","19.38","268.68999999999994","27.68"
Tasty Bite Eatables Ltd,TASTYBITE,"Packaged Foods & Meats","1912.8247","0.95","-12.43","6.800000000000001","143.72000000000003",,"-19.98","0","0.51","307.8","13.37","237.5","39.21"
Jindal Drilling and Industries Ltd,JINDRILL,"Oil & Gas - Equipment & Services","1906.6668321599998","296.13","-726.48","-9.870000000000005","1192.08",,"-147.5","486.28","1.45","1277.58","834.51","1293.92","864.11"
EPack Prefab Technologies Ltd,EPACKPEB,"Building Products - Prefab Structures","1906.65976445","124.27","-150.99","77.76999999999998","577.1",,"166.47","2.16","0","212.74","87.11","304.165","62.29"
Delta Corp Ltd,DELTACORP,"Theme Parks & Gaming","1904.655812961","1133.53","-26.28","-37.6","258.24999999999955",,"-60.68","289.97","0","1504.2500000000002","213.33","1131.03","49.36"
TAJ GVK Hotels and Resorts Ltd,TAJGVK,"Hotels, Resorts & Cruise Lines","1904.557910625","31.32","-18.82","13.059999999999988","224.73000000000013",,"-84.29","137.96","9.41","611.1099999999999","40.73","548.29","116.17"
Mobavenue Ai Tech Ltd,MOBAVENUE,"Advertising","1902.2213141099999","0.58","17.4","3.849999999999998","2.33",,"-11.99","1.01","0","-0.44999999999999996","0","0","-1.56"
Dynacons Systems and Solutions Ltd,DSSL,"IT Services & Consulting","1897.0606952","10.54","-27.95","31.820000000000004","546.0699999999999",,"-6.27","0.79","0.64","207.71","5.36","33.28","66.04"
Silver Touch Technologies Ltd,SILVERTUC,"IT Services & Consulting","1896.44355","15","-18.79","5.93","109.40000000000002",,"27.34","0.34","0.63","106.03","21.01","61.273","-2.62"
Sika Interplant Systems Ltd,SIKA,"Aerospace & Defense Equipments","1885.181805","17.8","-3.15","0.13000000000000078","28.69999999999998",,"-4.34","38.29","4.24","101.88000000000001","3.56","44.1627","7.62"
Capacite Infraprojects Ltd,CAPACITE,"Construction & Engineering","1876.5176737400002","775.27","-8.7","44.83","1780.0800000000004",,"2","22.1","0","858.79","102.71","586.9300000000001","51.53"
Vidya Wires Ltd,VIDYAWIRES,"Cables","1874.244609284","0","-7.59","0.21000000000000085","165.04",,"24.57","0","0","150.28","7.66","44.629999999999995","-16.77"
Filatex India Ltd,FILATEX,"Textiles","1873.03822575","71.67","-160.67","16.789999999999992","945.0000000000002",,"-134.99","20.47","8.88","1212.4399999999998","52.53","1347.8500000000001","312.45"
Asian Granito India Ltd,ASIANTILES,"Building Products - Granite","1869.276671925","771.27","-162.08","-8.470000000000013","720.62",,"72.19","2.98","0","449.53","178.86","782.0833","81.42"
La Opala RG Ltd,LAOPALA,"Housewares","1868.463","56.2","2.55","-0.10000000000000853","76.7900000000001",,"-114.86","87.97","111.13","745.9699999999999","15.06","192.33000000000004","112.21"
Hinduja Global Solutions Ltd,HGS,"Outsourced services","1865.92863135","0","518.18","77.16999999999996","3295.08",,"-898.18","220.58","28.41","7661.6","243.66","1915.4699999999998","457.17"
BLS E-Services Ltd,BLSE,"IT Services & Consulting","1863.0319364270001","291.18","-22.67","40.34","154.0899999999999",,"-4.28","0","0","100.67000000000002","13.1","22.79080000000002","67.29"
Nilkamal Ltd,NILKAMAL,"Plastic Products","1856.6605605","64.49","-223.99","57.02999999999998","1055.9400000000003",,"33.57","45.11","29.85","1407.78","270.25","1004.4740000000002","247.45"
Kothari Industrial Corp Ltd,KOTIC,"Fertilizers & Agro Chemicals","1855.8140601400003","148.75","-13.24","19.98999999999998","19.44000000000001",,"187.04","0","0","-14.560000000000002","10.64","39.1596","-153.81"
Ador Welding Ltd,ADOR,"Industrial Machinery","1837.91129215","0","-17.37","26.24000000000001","186.84000000000012",,"-93.5","8.09","46.16","489.69","41.27","200.74000000000004","137.11"
DISA India Ltd,DISAQ,"Industrial Machinery","1835.504822025","0","14.46","15.52","169.98",,"-30.62","0","29","265.2","20.8","61.44","31.68"
Cantabil Retail India Ltd,CANTABIL,"Apparel & Accessories","1834.76768348","137.56","-58.2","-10.170000000000016","557.2",,"-102.45","0.09","8.36","238.81","48.73","554.3763","150.48"
Modern Insulators Ltd,MODINSU,"Electrical Components & Equipments","1829.184872","29.11","-41.18","0.31000000000000116","140.23999999999998",,"1.78","0","0","387.07","18.68","172.95000000000002","39.71"
Krsnaa Diagnostics Ltd,KRSNAA,"Hospitals & Diagnostic Centres","1825.6484601599998","659.72","-99.61","1.4699999999999989","395.5000000000002",,"13.75","31.54","8.07","206.90999999999997","126.63","673.3500000000001","87.33"
Frontier Springs Ltd,FRONTSP,"Industrial Machinery","1823.01858657","2.2","-20.46","2.929999999999999","45.40000000000002",,"1.28","24.8","0.71","117.8","14.77","57.33","22.11"
Kwality Pharmaceuticals Ltd,KPL,"Pharmaceuticals","1812.7217906","8.47","-28.52","9.76","184.89999999999998",,"-14.44","0","0","245.2","25","143.9928","52.72"
Hindware Home Innovation Ltd,HINDWAREAP,"Home Furnishing","1812.031031691","318.73","-214.72","-4.329999999999995","1741.6299999999997",,"18.3","73.07","2.91","441.61","202.23","1082.1578999999997","192.09"
Mahanagar Telephone Nigam Ltd,MTNL,"Telecom Services","1810.62","665","-28.71","95.69","37171.98",,"-215.44","3.62","0","-28213.97","35.77","3840.4099999999985","339.84"
Anondita Medicare Ltd,ANONDITA,"FMCG - Personal Products","1808.7522330900001","7.93","-22.91","-0.15000000000000568","39.230000000000004",,"33.23","3.31","0","16.65","19.89","19.8382","-10.47"
Arman Financial Services Ltd,ARMANFIN,"Consumer Finance","1801.2837069099999","395.26","-48.8","-50.83000000000004","1352.91","1683.66","-494.85","38.97","0","468.65999999999997","25.37","31.25","492.82"
Stove Kraft Ltd,STOVEKRAFT,"Home Electronics & Appliances","1800.5416525849998","389.47","-79.45","-4.3700000000000045","733.1400000000001",,"-54.83","0","8.26","48.289999999999964","82.06","642.327","129.91"
Saksoft Ltd,SAKSOFT,"IT Services & Consulting","1798.2026111240002","12.11","-105.76","26.479999999999993","373.7400000000002",,"21.24","0","9.12","594.28","3.95","31.62600000000009","111"
Hathway Cable and Datacom Ltd,HATHWAY,"Cable & D2H","1796.6560675","4725.79","-263.51","18.33000000000002","737.6899999999991",,"-8.46","804.62","0","-697.3899999999999","198.07","1336.2","290.3"
Shalby Ltd,SHALBY,"Hospitals & Diagnostic Centres","1789.206739625","438.76","-35.64","7.599999999999994","713.5200000000001",,"47.58","0","12.96","445.94000000000005","71.45","920.4880000000002","-4.34"
Thejo Engineering Ltd,THEJO,"Construction & Engineering","1781.8027940400002","19.02","-44.49","5.75","126.07999999999994",,"-22.46","0","3.25","267.91","40.92","118.64000000000001","72.7"
Som Distilleries and Breweries Ltd,SDBL,"Alcoholic Beverages","1775.8930071040002","367.44","-100.9","6.569999999999993","556.11",,"65.25","0","0.01","338.90000000000003","100.58","645.45","42.22"
Sakar Healthcare Ltd,SAKAR,"Pharmaceuticals","1775.747719","163.43","-30.71","-0.1599999999999997","129.77000000000004",,"-3.48","0","0","97.21999999999997","32.28","325.65999999999997","34.03"
Krishna Defence & Allied Industries Ltd,KRISHNADEF,"Industrial Machinery","1774.0864944","61.36","5.04","-4.759999999999999","31.740000000000002",,"1.57","5.51","0.7","48.91","12.54","23.619999999999997","-11.37"
India Nippon Electricals Ltd,INDNIPPON,"Auto Parts","1769.5608924","0","-12.15","7.660000000000004","227.6999999999999",,"-29.75","328.14","28.28","699.87","23.25","158.20999999999995","49.56"
Aayush Art and Bullion Ltd,AAYUSHBULL,"Precious Metals, Jewellery & Watches","1766.489068875","33.26","13.44","-0.6400000000000006","5.069999999999998",,"26.35","0","0","4.310000000000002","0.1","0.16999999999999998","-40.43"
EMS Ltd,EMSLIMITED,"Construction & Engineering","1757.827695585","154.5","19.19","53.580000000000005","187.01999999999998",,"0.85","18.14","5.55","765.65","6.34","89.83990000000001","33.54"
S H Kelkar and Company Ltd,SHK,"Specialty Chemicals","1737.457894152","99.7","-69.47","45.56000000000001","1387.3699999999997",,"99.29","11.16","10.38","1033.84","95.73","661.0699999999999","15.74"
Hi-Tech Pipes Ltd,HITECH,"Building Products - Pipes","1734.7941825720002","895.88","-390.07","33.49000000000001","498.30999999999995",,"353.73","3.81","0.4","341.15999999999997","189.91","586.19","69.83"
Solarworld Energy Solutions Ltd,SOLARWORLD,"Renewable Energy","1729.1194473","123.05","-273.5","-9.299999999999983","288.94000000000005",,"210.3","7.31","0","148.95","151.88","125.49600000000001","53.9"
Oriental Hotels Ltd,ORIENTHOT,"Hotels, Resorts & Cruise Lines","1728.8400624","107.36","-55.77","-2.0400000000000063","268.0999999999999",,"-45.96","366.34","8.93","556.61","70.64","482.67999999999995","99.69"
Studds Accessories Ltd,STUDDS,"Two Wheelers","1724.072454","0","-51.08","3.41","107.23",,"-8.77","0.01","7.86","429.8","42.14","361.272","63.26"
Asian Energy Services Ltd,ASIANENE,"Oil & Gas - Exploration & Production","1723.77913455","266.4","-33.77","11.330000000000013","193.64000000000001",,"78.18","14.6","0","48.210000000000036","19.02","118.21","-33.08"
Simplex Infrastructures Ltd,SIMPLEXINF,"Construction & Engineering","1716.4481035459999","1201.51","-23.53","56.92","3813.31",,"-127.42","8.58","0.01","-691.2","30.76","239.51999999999998","207.87"
Goodyear India Ltd,GOODYEAR,"Tires & Rubber","1713.14947489","63.14","-17.02","70.88999999999999","640.76",,"-43.29","0","34.6","516.74","24.05","403.74","131.2"
Suryoday Small Finance Bank Ltd,SURYODAY,"Private Banks","1710.6542422799998","1188.55","-1058.99","529.31","13693.899999999998","9974.35","268.32","3137.48","0","632.26","176.93","290.14","1319.98"
TCC Concept Ltd,TCC,"Real Estate","1696.27649709","621.88","-53.51","-0.33999999999999986","68.60000000000011",,"29.99","0","0","58.51999999999998","132.48","197.12179999999995","23.18"
SBC Exports Ltd,SBC,"Apparel & Accessories","1688.56974","0","-4.59","7.8999999999999915","215.78999999999996",,"81.94","5.39","1.59","7.99","6.42","28.85","-69.45"
Titan Biotech Ltd,TITANBIO,"Fertilizers & Agro Chemicals","1686.8277625","8.68","-9.87","2.290000000000002","21.310000000000027",,"-7.96","32.77","1.65","136.45999999999998","9.44","58.97","20.12"
Vikran Engineering Ltd,VIKRAN,"Power Transmission & Distribution","1686.480199014","188.12","-9.11","2.410000000000025","886.79",,"140.61","0","3.78","261.4","2.66","12.81","-129.09"
M & B Engineering Ltd,MBEL,"Building Products - Prefab Structures","1685.015119275","0","-34.06","-43.81","542.6899999999999",,"-45.34","5.11","0","256.54","42.32","177.59910000000002","35.59"
GTL Infrastructure Ltd,GTLINFRA,"Telecom Infrastructure","1677.993658245","606.67","37.29","417.30999999999995","10078.149999999996",,"-255.41","0","0","-19623.809999999998","50.83","2845.3399999999997","635.43"
Astec Lifesciences Ltd,ASTEC,"Fertilizers & Agro Chemicals","1674.6215968899999","61.39","-15.23","0.09999999999999787","646.4200000000001",,"23.73","0.01","0","153.74","21.82","520.15","-8.4"
Godavari Biorefineries Ltd,GODAVARIB,"Diversified Chemicals","1670.1280093950002","558.39","-68.76","1.1299999999999955","1173.11",,"63.74","0","0","172.39999999999998","71.65","899.7790999999999","6.15"
Media Matrix Worldwide Ltd,MMWL,"Advertising","1667.396546368","54.62","20.52","36.67","231.6",,"42.04","93.53","0","-61.64","0.23","3.4899999999999998","-25.89"
Paramount Communications Ltd,PARACABLES,"Cables","1664.9195353700002","455.03","-1.22","18.820000000000007","190.5799999999999",,"-84.05","0","0","199.97000000000003","60.38","225.21999999999997","104.09"
Danish Power Ltd,DANISH,"Heavy Electrical Equipments","1663.64567085","175.75","-41.26","104.78999999999999","95.63",,"164.95","0","0","124.56","45.62","63.23449999999999","-18.9"
SPML Infra Ltd,SPMLINFRA,"Construction & Engineering","1660.869014768","558.47","-90.5","-98.64","1196.62",,"76.26","38.7","0","146.01999999999998","0.57","3.251300000000033","-84.4"
Accelya Solutions India Ltd,ACCELYA,"Software Services","1651.44151704","31.7","-7.79","-9.329999999999984","171.66000000000003",,"-146.1","0","134.34","231.05","19.25","96.64000000000003","144.56"
Dolphin Offshore Enterprises (India) Ltd,DOLPHIN,"Oil & Gas - Equipment & Services","1649.5888563","98.8","-166.54","8.200000000000017","188.8000000000001",,"164.27","0","0","169.59999999999997","170.47","222.73000000000002","10.47"
Windlas Biotech Ltd,WINDLAS,"Pharmaceuticals","1646.8742553450002","198.94","-74.06","-4.860000000000005","254.6800000000001",,"1.01","0","11.5","296.35","52.19","228.71000000000004","68.19"
Associated Alcohols & Breweries Ltd,ASALCBR,"Alcoholic Beverages","1642.076976","1.63","-83.09","-8.240000000000002","197.40000000000003",,"0.93","64.3","3.62","471.13","86.04","382.84000000000003","73.92"
Algoquant Fintech Ltd,ALGOQUANT,"Investment Banking & Brokerage","1637.665459128","0","-33.59","-11.14","114.59","0","-37.93","31.9","0","97.83","3.63","14.219999999999999","60.38"
Indosolar Ltd,WAAREEINDO,"Renewable Energy Equipment & Services","1637.52127776","222.3","-19.72","12.100000000000001","200.35999999999999",,"-53.23","0","0","-223.49","20.58","122.43","85.05"
D-link (India) Ltd,DLINKINDIA,"Technology Hardware","1635.17586675","35.91","-5.93","13.269999999999996","272.56",,"-70.76","0","63.91","432.48","0.25","18.540399999999998","89.96"
Balmer Lawrie Investments Ltd,BLIL,"Specialized Finance","1625.28403618","22.41","9.34","-9.939999999999998","1055.8500000000004","0.83","-183.16","631.58","139.43","1331.24","65.88","804.0499","163.88"
CFF Fluid Control Ltd,CFF,"Aerospace & Defense Equipments","1624.024563","79.63","-4.91","-14.68","51.21",,"-6.55","0","1.95","48.73000000000002","5.07","37.66","-3.22"
GHV Infra Projects Ltd,GHVINFRA,"Construction & Engineering","1622.047875","12.4","-0.7","0.01999999999999602","178.86",,"56.35","0","0","15.76","0.7","0.6799999999999999","-55.63"
Meghna Infracon Infrastructure Ltd,MIIL,"Real Estate","1622.00379375","2.67","-1.88","0.30000000000000426","25.08",,"-16.08","0.48","0.11","8.43","1.05","0.97","18.26"
Kotak Nifty Next 50 ETF,NEXT50ETF,"Equity","1621.2185003280001",,,,,,,,,,,,
Summit Securities Ltd,SUMMITSEC,"Asset Management","1619.89563879","0","-76.7","-2.3500000000000085","1510.410000000002","0","0","11359.98","0","9855.22","0","0.009999999999999995","74.35"
Walchandnagar Industries Ltd,WALCHANNAG,"Industrial Machinery","1616.2692374399999","335.81","-15.47","-0.7800000000000015","499.19",,"-0.93","0.19","0","16.379999999999995","34.65","252.58000000000004","15.62"
Indian Hume Pipe Company Ltd,INDIANHUME,"Water Management","1611.5353443","59.15","-66.92","28.89999999999999","1359.7400000000005",,"-107.98","4.97","8","1306.98","54.74","154.28","203.8"
Garuda Construction and Engineering Ltd,GARUDA,"Construction & Engineering","1601.620546788","154.09","-49.82","1.5300000000000011","75",,"161.97","0","0.21","131.20000000000002","0.63","13.330000000000002","-110.62"
Exicom Tele-Systems Ltd,EXICOM,"Electronic Equipments","1598.443808103","396.09","-489.17","-44.04000000000008","1054.7299999999996",,"614.37","0.83","0","95.79000000000002","545.21","611.4086","-169.24"
Shanti Gold International Ltd,SHANTIGOLD,"Precious Metals, Jewellery & Watches","1595.051904","0","1.96","-0.08000000000000007","267.47",,"13.26","0","0","98.37","5.52","66.136","-15.3"
Amrutanjan Health Care Ltd,AMRUTANJAN,"Pharmaceuticals","1590.94945905","0","-30.97","6.4399999999999995","94.78999999999998",,"-13.49","0.05","13.27","323.72","35.55","65.66","50.9"
Suraksha Diagnostic Ltd,SURAKSHA,"Hospitals & Diagnostic Centres","1588.72352279","46.48","-39.58","-0.2699999999999996","123.29999999999998",,"-24.05","1","0","154.34","42.02","233.51999999999998","63.36"
Ashika Credit Capital Ltd,ASHIKA,"Consumer Finance","1582.3694739799998","369.25","-0.76","7.6299999999999955","3.0599999999998775","74.8","398.59","340.65","0.01","-28.879999999999995","0.76","1.0159","-390.2"
All Time Plastics Ltd,ALLTIME,"Plastic Products","1574.741475342","9.41","-113.34","-2.3100000000000023","313.55",,"59.35","0","0","228.87","113.71","359.98","51.68"
One Point One Solutions Ltd,ONEPOINT,"Outsourced services","1572.0989837040001","293.42","-224.39","-4.609999999999985","95.87",,"191.94","198.84","0","42.120000000000005","24.38","107.21600000000001","27.84"
Dollar Industries Ltd,DOLLAR,"Apparel & Accessories","1567.9171374","117.9","-53.52","-1.7900000000000027","616.2499999999998",,"-22.05","1.64","17.01","726.7","56.29","274.3567","73.78"
GNA Axles Ltd,GNA,"Auto Parts","1566.759546","96.56","-111.03","7.269999999999996","465.21",,"26.22","0","8.59","760.4300000000001","110.91","405.78999999999996","92.08"
United Foodbrands Ltd,UFBL,"Restaurants & Cafes","1566.58239096","585.41","-89.9","-19.05000000000001","943.21",,"-122.5","12.06","0","-242.26999999999998","83.15","978.245","193.35"
Hester Biosciences Ltd,HESTERBIO,"Biotechnology","1564.49754215","17.51","-19.51","-6.719999999999999","326.72",,"-51.72","34.05","5.17","288.24","20.59","416.01","64.51"
Gandhar Oil Refinery India Ltd,GANDHAR,"Oil & Gas - Refining & Marketing","1554.91421358","327.21","-48.1","-20.84","670.15",,"12.55","0.3","4.89","889.3199999999999","57.64","457.32","14.71"
Rico Auto Industries Ltd,RICOAUTO,"Auto Parts","1553.477655","145.04","-133.7","2.6600000000000037","1260.34",,"-56.74","4.34","8.12","571.35","161.06","1219.0600000000002","193.1"
JG Chemicals Ltd,JGCHEM,"Commodity Chemicals","1551.964025115","147.93","24.76","-15.319999999999997","23.299999999999955",,"-28.88","12.18","0","277.64","4.69","40.010000000000005","-11.2"
One MobiKwik Systems Ltd,MOBIKWIK,"Payment Infrastructure","1546.8921877760001","1687.09","-313.49","133.05000000000007","771.7300000000002",,"514.7","6.1","0","-1183.98","9.02","25.34","-68.16"
Sumeet Industries Ltd,SUMEETINDS,"Textiles","1542.1342424","67.41","-0.86","19.319999999999993","243.27",,"-389.88","0.6","0","-15.469999999999999","2.24","142.69000000000003","410.06"
KMC Speciality Hospitals (India) Ltd,KMCSHIL,"Hospitals & Diagnostic Centres","1538.54389","0","-50.94","4.340000000000001","121.67",,"-2.3","0","0","148.02","63.88","247.70000000000002","57.58"
Aqylon Nexus Ltd,AQYLON,"Technology Hardware","1529.9952768","37.99","-2.19","3.6199999999999997","65.83",,"0","0","0","-74.41","0","16.05","5.81"
Nelco Ltd,NELCO,"Communication & Networking","1528.148248","0","-16.54","-7.9399999999999995","159.55",,"-11.06","3.92","4.82","105.08","16.57","86.66000000000001","19.66"
Khazanchi Jewellers Ltd,KHAZANCHI,"Precious Metals, Jewellery & Watches","1526.88373","109.59","-3.66","1.8399999999999994","88.07000000000005",,"5.39","4.31","1.24","97.10999999999999","4.32","19.32","0.11"
GPT Infraprojects Ltd,GPTINFRA,"Construction & Engineering","1514.479731","161.84","-74.27","5.969999999999999","424.63",,"51.36","22.48","31.09","235.33","60.9","167.1228","28.88"
Sai Silks (Kalamandir) Ltd,KALAMANDIR,"Textiles","1511.368611519","591.77","118.41","41.03","508.88",,"-184.16","0","14.73","510.53","52.53","464.3400000000001","106.78"
Nibe Ltd,NIBE,"Aerospace & Defense Equipments","1505.6320802100001","155.84","-34.52","-5.1200000000000045","173.28",,"22.14","9.89","1.31","52.19999999999999","40.63","163.22","7.26"
Arfin India Ltd,ARFIN,"Metals - Aluminium","1505.173261922","73","-8.44","0.23999999999999844","187.41999999999996",,"29.88","0","0","66.91","2.21","67.42","-21.2"
Signpost India Ltd,SIGNPOST,"Advertising","1503.81575","9.96","-37.9","-5.859999999999997","331.64",,"1.37","0.88","2.67","199.56","62.62","215.07","30.67"
Rajesh Power Services Ltd,RAJESH,"Construction & Engineering","1503.617232","91.98","-29.9","0.4799999999999969","275.11",,"46.66","0.3","0.76","153.48000000000002","3.1","21.400000000000002","-16.28"
Bharat Wire Ropes Ltd,BHARATWIRE,"Iron & Steel","1500.63209824","145.48","-61.93","1.0299999999999976","219.20000000000002",,"-11.09","0","0.04","139.99000000000004","30.5","530.4100000000001","74.05"
Ugro Capital Ltd,UGROCAP,"Investment Banking & Brokerage","1498.661637921","1924.95","-1964.3","1000.21","11168.999999999998","10141.27","2750.98","737.38","0","825.7","43.01","194.03709999999995","213.53"
Landmark Cars Ltd,LANDMARK,"Retail - Speciality","1497.91987375","203.39","-164.22","11.22000000000001","1329.0300000000002",,"23.45","16.34","6.32","330.01","137.31","711.3919999999999","151.99"
RACL Geartech Ltd,RACLGEAR,"Auto Parts","1497.08616","6.95","-45.82","0.5900000000000016","410.4999999999999",,"-10.94","1.4","1.62","208.45000000000002","47.83","327.2","57.35"
Ngl Fine Chem Ltd,NGLFINE,"Pharmaceuticals","1488.96556424","0.12","-34.55","0.19000000000000306","150.95999999999998",,"-1.08","0","1.08","279.23","130.77","192.2573","35.82"
BF Investment Ltd,BFINVEST,"Asset Management","1487.68296786","0","-49.06","-27.820000000000004","699.9000000000009","0","0","7128.02","0","6881.06","0.03","14.459999999999999","21.24"
Advait Energy Transitions Ltd,ADVAIT,"Electronic Equipments","1486.2783150950002","94.57","-93.95","52.05","284.14",,"99.53","20.09","1.47","91.56","14.44","48.6826","46.47"
Yatra Online Ltd,YATRA,"Online Services","1482.85802385","2216.21","100.24","-90.61000000000001","537.2799999999997",,"-102.2","0","0","-1448.1399999999999","29.44","110.89999999999992","-88.65"
Gocl Corporation Ltd,GOCLCORP,"Commodity Chemicals","1478.49951425","0","222.29","7.509999999999991","1528.03",,"-230.45","0.23","19.83","1566.48","14.74","187.62000000000003","15.67"
Magellanic Cloud Ltd,MCLOUD,"IT Services & Consulting","1477.38033696","41.47","-63.89","30.809999999999988","371.06",,"-48.34","4.71","1.64","359.12","59.16","248.0555","143.04"
Ramco Systems Ltd,RAMCOSYS,"IT Services & Consulting","1475.896269345","842.95","-109.39","17.369999999999994","349.28",,"13.41","1.79","0","-564.49","80.48","336.045","113.35"
Jagran Prakashan Ltd,JAGRAN,"Publishing","1472.213495808","282.56","-13.74","-11.780000000000001","627.8599999999991",,"-221.98","365.11","108.83","1621.04","55.22","504.01789999999994","223.94"
TIL Ltd,TIL,"Heavy Machinery","1470.87462364","79.75","-6.18","-5.719999999999999","439.8100000000001",,"131.13","0","0.03","-63.99","5.94","100.29","-130.67"
Seshasayee Paper and Boards Ltd,SESHAPAPER,"Paper Products","1467.9109585","3.6","42.39","4.57","533.3699999999995",,"23.46","277.53","31.53","1984.69","63.08","828.35","-61.28"
Vidhi Specialty Food Ingredients Ltd,VIDHIING,"Commodity Chemicals","1463.138775","0","5.23","19.85","94.97999999999999",,"19.18","0","22.5","296.09","7.42","131.0014","-4.56"
Infobeans Technologies Ltd,INFOBEAN,"Software Services","1459.239572","34.81","-27.33","9.700000000000003","68.41",,"-13","0","2.43","273.05","5.05","114.72","50.03"
5Paisa Capital Ltd,5PAISA,"Diversified Financials","1456.06972242","428.6","-7.03","-50.58000000000001","1062.99","224.89","-141.49","2.1","0","143.80999999999995","8.03","20.019999999999996","97.94"
Jyoti Structures Ltd,JYOTISTRUC,"Power Transmission & Distribution","1455.0714632030001","1026.63","-12.84","425.13","2452.91",,"615.26","0.93","0","-715.8800000000001","18.48","44.15","-177.29"
Pashupati Cotspin Ltd,PASHUPATI,"Textiles","1452.128","66.15","12.67","0.14999999999999858","129.33999999999992",,"-41.97","1.23","1.15","72.4","1.02","127.12","29.45"
Grauer And Weil (India) Ltd,GRAUWEIL,"Specialty Chemicals","1451.823623","0","-120.47","-18.729999999999997","346.22",,"-42.29","0.15","22.65","893.95","44.05","275.9558","144.03"
SEPC Ltd,SEPC,"Construction & Engineering","1450.788371162","1969.92","3.72","-11.009999999999991","879.3500000000001",,"117.78","0.45","0","-2098.38","0.12","25.9454","-132.51"
Expleo Solutions Ltd,EXPLEOSOL,"Software Services","1445.5860891549999","0.67","-50.98","41.34","195.24",,"-87.1","0","77.6","619.6500000000001","7.92","112.58000000000001","179.42"
Neueon Corporation Ltd,NEUEON,"Power Infrastructure","1444.1478580799999","363.32","4.53","0.43000000000006366","236.64000000000001",,"1222.67","0","0","527.1099999999999","0","819.5999999999999","-1226.77"
Dynamic Cables Ltd,DYCL,"Cables","1443.58282602","111.11","-75.73","-0.0800000000000054","215.4",,"19.33","0","1.1","238.55","24.62","83.62999999999998","56.32"
Navkar Corporation Ltd,NAVKARCORP,"Logistics","1437.1571401879999","912.71","-4.7","-1.6000000000000085","218.17000000000002",,"-80.87","0","0","865.26","25.81","1917.8119","83.97"
Pnb Gilts Ltd,PNBGILTS,"Investment Banking & Brokerage","1426.940332218","25.01","-0.97","-235.74","23157.309999999998","52.27","-37.89","23165.01","18","1340.18","0.99","5.019999999999996","-196.88"
Precision Camshafts Ltd,PRECAM,"Auto Parts","1424.40758166","217.39","-123.73","5.499999999999995","284.33",,"-14.24","0.07","9.51","480.12","54.04","330.5918","143.47"
ESAF Small Finance Bank Limited,ESAFSFB,"Private Banks","1423.2671703600001","779.08","-768.83","555.8700000000003","25229.219999999994","18027.87","-1851.62","5995.26","36.03","654.5399999999998","152.68","300.42","3176.32"
Citurgia Biochemicals Ltd,CITURGIA,"Commodity Chemicals","1420.420922195","0","0.07","0.010000000000000009","17.75999999999999",,"0.06","0","0","-35.91","0","0.6200000000000001","-0.12"
Wonder Electricals Ltd,WEL,"Home Electronics & Appliances","1419.278728","11.14","-13.26","-3.969999999999999","307.51000000000005",,"30.9","0","3.68","58.709999999999994","13.58","45.56320000000001","-21.61"
Southern Petrochemical Industries Corporation Ltd,SPIC,"Fertilizers & Agro Chemicals","1415.503975536","210.48","-145.18","-20.090000000000003","1087.7999999999997",,"163.04","221.17","30.55","784.73","252.66","727.65","-37.95"
Solex Energy Ltd,SOLEX,"Industrial Machinery","1413.9377852100001","83.15","-53.7","11.86","318.73000000000013",,"113.05","2.42","0.48","66.68","66.64","112.12","-47.49"
Lincoln Pharmaceuticals Ltd,LINCOLN,"Pharmaceuticals","1412.49641856","64.62","-78.95","7.669999999999993","125.34",,"-6.4","0","3.61","587.02","19.24","186.43899999999996","93.02"
RIR Power Electronics Ltd,RIR,"Electronic Equipments","1404.45286","60.54","-50.29","-21.58","37.720000000000006",,"27.42","0","1.47","40.35","50.97","84.47","1.29"
Omaxe Ltd,OMAXE,"Real Estate","1402.29844018","499.61","-125.72","110.57999999999993","14950.859999999999",,"-770.37","20.73","0.03","-1112.8600000000001","24.09","526.69","1006.67"
Blue Cloud Softech Solutions Ltd,BLUECLOUDS,"Software Services","1400.731776","16","-11.12","-3.900000000000002","228.90999999999994",,"19.77","0","0.44","62.17","10.63","37.6999","-12.55"
MIRC Electronics Ltd,MIRCELECTR,"Home Electronics & Appliances","1398.888882468","117.49","-7.75","-0.7800000000000011","402.34",,"-23.98","1.63","0","-14.879999999999995","0.96","72.05","30.95"
Apex Frozen Foods Ltd,APEX,"Packaged Foods & Meats","1397.8125","110.39","-1.84","-0.8299999999999983","118.74999999999999",,"-49.16","0","6.25","352.84000000000003","4.8","246.29","50.17"
Wendt (India) Ltd,WENDT,"Industrial Machinery","1395.2","0","-24.11","0.5300000000000011","57.11",,"-9","0","10","241.69","55.32","75.45000000000002","33.64"
Shriram Properties Ltd,SHRIRAMPPS,"Real Estate","1393.734419464","1898.2","-43.67","-17.610000000000014","2582.6200000000003",,"-127.54","48.77","0","-712.9000000000001","5.98","71.06","153.6"
Venus Remedies Ltd,VENUSREM,"Pharmaceuticals","1393.508499","88.33","-76.86","8.559999999999999","154.76999999999998",,"-1.02","0.02","0","459.25000000000006","18.08","170.1771","86.44"
GYFTR Ltd,LKPFIN,"Investment Banking & Brokerage","1387.156995","3.7","156.58","16.58000000000002","39.14999999999989","157.17","-33.29","177.95","0","330.53000000000003","0","0.07000000000000003","-106.71"
Dolat Algotech Ltd,DOLATALGO,"Investment Banking & Brokerage","1386.88","0","-3.6","16.46","135.76999999999978","0","46.89","67.32","4.4","985.57","3.5","4.93","-26.83"
Grand Oak Canyons Distillery Ltd,GRANDOAK,"Consumer Finance","1385.93796205","334.85","-2494.71","-0.0500000000001819","2650.09","0","2500","0","0","-4.390000000000043","0","0","-5.34"
DCW Ltd,DCW,"Commodity Chemicals","1377.193309322","251.92","-112.21","0.5800000000000125","1145.29",,"-77.96","19.54","0","721.74","76.48","1326.6499999999999","190.75"
Sula Vineyards Ltd,SULA,"Alcoholic Beverages","1350.226744481","321.45","-74.81","-89.97","489.7199999999998",,"-73.54","0","37.56","247.94","67.48","494.94999999999993","58.38"
iValue Infosolutions Ltd,IVALUE,"Software Services","1348.8240822","81.17","-35.86","-10.129999999999999","700.6400000000002",,"-20.48","0","0","372.96999999999997","1.12","34.887","46.21"
Atul Auto Ltd,ATULAUTO,"Three Wheelers","1345.93708","116.77","8.7","-2.8500000000000014","188.99",,"-36.81","0","0","310.31","16.54","246.72000000000003","25.26"
Tinna Rubber and Infrastructure Ltd,TINNARUBR,"Commodity Chemicals","1340.462399585","3","-67.59","1.740000000000002","206.82",,"33.45","34.23","3.43","158.03","69.48","196.03000000000003","35.88"
Jagsonpal Pharmaceuticals Ltd,JAGSNPHARM,"Pharmaceuticals","1338.15039865","14.06","-45.15","-1.5500000000000007","38.3",,"-11.7","0","13.23","212.21","0.35","11.757000000000005","55.3"
Go Fashion (India) Ltd,GOCOLORS,"Apparel & Accessories","1338.04183296","230.64","-75.59","0.4299999999999926","590.3599999999999",,"-122.74","0","0","412.73","40.11","571.46","198.76"
I G Petrochemicals Ltd,IGPL,"Specialty Chemicals","1336.8044385","22.75","-91.99","31.25","872.1000000000004",,"-137.74","51.16","23.1","1285.25","137.42","1248.3586","260.98"
Fredun Pharmaceuticals Ltd,FREDUN,"Pharmaceuticals","1336.63438085","72.77","-6.35","3.710000000000001","346.03",,"39.12","0.75","0","62.84000000000002","6.11","52.92","-29.06"
Amir Chand Jagdish Kumar (Exports) Ltd,AMIRCHAND,"FMCG - Foods","1334.77955684","49.04","-0.04","1.6199999999999903","1169.87",,"-93.3","0","0","248.1","1.66","95.626","94.96"
Syncom Formulations (India) Ltd,SYNCOMF,"Pharmaceuticals","1326.34","24.38","-18.2","-62.660000000000004","71.13000000000005",,"-67.9","3.62","0","223.78","9.96","124.8871","23.44"
Shukra Pharmaceuticals Ltd,SHUKRAPHAR,"Pharmaceuticals","1322.36023552","4.74","-1.26","2.1400000000000006","23.930000000000007",,"-4.52","0","4.38","14.31","2.74","21.34","7.92"
Blue Pearl Agriventures Ltd,BPAGRI,"Commodities Trading","1316.5936","0","-0.03","-0.020000000000003126","1.139999999999991",,"60","0","0","0.2","0.03","0.03","-59.99"
SMC Global Securities Ltd,SMCGLOBAL,"Investment Banking & Brokerage","1316.079","252.07","-24.12","23.869999999999997","3700.8099999999995","1479.46","24.45","98.6","25.88","944.1600000000001","29.04","171.6587","23.54"
Antony Waste Handling Cell Ltd,AWHCL,"Environmental Services","1312.899538275","190.43","-151.85","49.18000000000001","821.68",,"11.5","0.05","0","435.60999999999996","199.8","776.3199999999999","189.53"
Haryana Financial Corp,HARAFIN,"Specialized Finance","1308.24603","13.05","2.97","0.20000000000000018","32.669999999999945","0","2.44","145","0","3.5299999999999976","0","0.53","-5.21"
Chaman Lal Setia Exports Ltd,CLSEL,"Packaged Foods & Meats","1307.0379217","0","-11.13","-0.0899999999999963","234.49999999999991",,"-61.64","0","0","723.33","17.37","162.01000000000002","72.68"
Ratnaveer Precision Engineering Ltd,RATNAVEER,"Industrial Machinery","1306.465422171","179.02","-135.78","6.310000000000002","374.28999999999996",,"47.16","0","0","131.41","138.12","240.07","94.93"
Benares Hotels Ltd,BENARAS,"Hotels, Resorts & Cruise Lines","1300.0325","0","-43.42","-5.120000000000003","22.68000000000005",,"-3.56","0","3.25","171.42","17.4","89.43","41.86"
PNGS Reva Diamond Jewellery Ltd,PNGSREVA,"Precious Metals, Jewellery & Watches","1294.562656","88.74","-174.42","37.81999999999999","126.64999999999998",,"173.23","0","0","6.590000000000003","0.53","0.77","39.01"
Orient Green Power Company Ltd,GREENPOWER,"Renewable Energy","1292.680899238","854.91","-153.04","-40.06","590.04",,"-55.56","0","0","-952.47","9.94","1328.3000000000002","168.54"
Allcargo Logistics Ltd,ALLCARGO,"Logistics","1292.582818747","0","92.6","166.67999999999995","4828.8099999999995",,"-187","162.29","213.03","2226","83.9","1607.51","261.08"
Steel Exchange India Ltd,STEELXIND,"Iron & Steel","1292.100151356","344.21","-15.19","0.9699999999999989","578.1800000000001",,"-80.56","0","0","200.57","93.21","616.3199999999999","96.72"
Dhanlaxmi Bank Ltd,DHANBANK,"Private Banks","1291.8493393229999","1156.05","-32.31","105.19","16545.519999999997","11959.49","142.29","3955.15","0","-155.45999999999992","32.62","281.56","-4.79"
Everest Kanto Cylinder Ltd,EKC,"Gas Distribution","1290.2761353180001","247.89","-137.21","-2.500000000000014","438.16999999999985",,"76.7","3.66","7.83","936.07","121.29","579.8399999999999","58.01"
Hardwyn India Ltd,HARDWYN,"Building Products - Glass","1284.0931279659999","337.32","-0.88","0.29000000000000004","66.33000000000006",,"-0.39","0","0","7.25","0.88","4.114100000000008","1.56"
Aym Syntex Ltd,AYMSYNTEX,"Textiles","1280.776502441","206.96","-68.84","11.119999999999994","453.2699999999998",,"-28.12","0","0","312.17999999999995","73.93","493.4","108.08"
Mahamaya Steel Industries Ltd,MAHASTEEL,"Iron & Steel","1280.404104","24.9","-10.82","-0.6700000000000006","88.18999999999998",,"1.3","27.38","0","97.65","9.18","70.31","8.85"
Asian Hotels (North) Ltd,ASIANHOTNR,"Hotels, Resorts & Cruise Lines","1277.931039275","329.95","-5.3","0.37000000000000455","1282.15",,"-430.9","0","0","-87.06","5.66","1419.08","436.57"
Capital Small Finance Bank Ltd,CAPITALSFB,"Private Banks","1277.08185435","700.64","-56.45","67.91000000000003","8774.24","7090.39","-155.13","1819.45","5.41","594.2500000000001","21.19","87.75","279.49"
B L Kashyap and Sons Ltd,BLKASHYAP,"Construction & Engineering","1273.96144","255","-29.33","4.3500000000000085","992.0799999999999",,"-42.75","0.17","0","246.06","53.06","192.70999999999998","76.43"
DEN Networks Ltd,DEN,"Cable & D2H","1272.96499038","3411.18","-21.78","-10.64","482.54999999999995",,"-7.16","65.3","0","-268.37999999999965","41.44","325.82199999999995","18.3"
Digitide Solutions Ltd,DIGITIDE,"IT Services & Consulting","1272.5116269379998","0","-94.72","14.25","809.5699999999999",,"-259.47","1.55","18.04","683","79.74","479.74700000000007","368.44"
Valiant Communications Ltd,VALIANT,"Telecom Equipments","1271.45632705","21.15","-14.51","-14.18","10.27999999999999",,"-0.46","0","0","32.77","3","7.4422999999999995","0.79"
Borosil Scientific Ltd,BOROSCI,"Health Care Equipment & Supplies","1267.40651545","66.23","-115.44","1.1900000000000035","99.72999999999989",,"-3.4","0.01","0","329.26","14.16","122.46239999999997","120.03"
India Motor Parts & Accessories Ltd,IMPAL,"Auto Parts","1264.848","0","12.81","-4.289999999999999","259.44",,"-34.94","2171.1","34.94","2233.5","1.69","17.560000000000002","17.84"
Andhra Paper Ltd,ANDHRAPAP,"Paper Products","1264.28953981","182.11","-61.13","-7.280000000000015","663.8100000000004",,"109.24","164.61","39.77","1718.9499999999998","265.02","1053.5600000000002","-55.39"
Igarashi Motors India Ltd,IGARASHI,"Auto Parts","1260.73304764","134.32","-90.05","-1.2900000000000036","309.45",,"-5.06","0.6","3.15","299.76","89.91","434.65","93.82"
Kody Technolab Ltd,KODYTECH,"Software Services","1254.965788","18.25","-34.68","-3.9499999999999957","32.720000000000006",,"38.28","28.26","0","23.68","6.41","14.99","-7.55"
STL Networks Ltd,STLNETWORK,"Communication & Networking","1253.380454568","0","-1.69","155","1877.92",,"332.45","0","0","810.14","0.58","52.89","-175.76"
Alldigi Tech Ltd,ALLDIGI,"IT Services & Consulting","1251.3713311200001","120.19","-22.27","-0.3200000000000074","159.79",,"-96.51","0","68.5","124.06","17.44","105.84","118.46"
TTK Healthcare Ltd,TTKHLTCARE,"Pharmaceuticals","1249.68665052","9.82","20.1","-1.9599999999999973","216.12999999999977",,"-18.08","11.22","14.13","1041.1000000000001","12.84","80.98","-3.98"
Huhtamaki India Ltd,HUHTAMAKI,"Packaging","1248.1510032180001","0","-156.43","45.629999999999995","710.7900000000002",,"-35.75","0","0","1278.42","55.49","576.3800000000001","237.81"
Punjab Chemicals and Crop Protection Ltd,PUNJABCHEM,"Diversified Chemicals","1248.0451893","57.07","-30.72","6.550000000000001","435.89",,"12.05","1.57","3.64","295.38","33.61","267.34","25.22"
Meghmani Organics Ltd,MOL,"Commodity Chemicals","1245.6310054780001","156.5","30.97","5.799999999999997","1570.1399999999999",,"-91.39","3.21","0","1333.33","88.91","1645.8621999999998","66.22"
Texmaco Infrastructure & Holdings Ltd,TEXINFRA,"Real Estate","1245.0852108899999","0.53","-176.64","1.530000000000018","265.5300000000002",,"-6.2","1168.36","1.92","1312.09","4.63","123.46999999999998","184.37"
Divine Power Energy Ltd,DPEL,"Cables","1244.2595872","43.61","-56.41","0.4099999999999966","98.19",,"75.35","55.83","0","18.700000000000003","1.46","10.15","-18.53"
Hypersoft Technologies Ltd,HYPERSOFT,"IT Services & Consulting","1243.973541","0.33","0.05","0.37999999999999995","0.7099999999999991",,"-0.02","0","0","-2.4","0","0.039999999999999925","0.35"
Spice Lounge Food Works Ltd,SPICELOUNG,"Outsourced services","1242.2724732","33.8","3.75","1.8600000000000003","94.41000000000001",,"-4.8","0","0","5.200000000000003","0.09","22.4542","2.91"
Orient Technologies Ltd,ORIENTTECH,"IT Services & Consulting","1236.07264326","115.18","12.32","95.21000000000001","195.32000000000002",,"94.03","0.2","7.49","172.86","25.54","24.800000000000004","-11.14"
BMW Industries Ltd,BMW,"Iron & Steel","1235.27449248","305.36","-149.24","-4.100000000000001","282.74",,"36.99","0","4.68","403.72","120.63","684.23","108.15"
Monolithisch India Ltd,MONOLITH,"Building Products - Others","1233.84404","2","-10.58","0.08000000000000007","20.699999999999985",,"6.65","0","0","17.2","7.16","11.6418","4.01"
Salzer Electronics Ltd,SALZERELEC,"Electrical Components & Equipments","1233.105664695","171.95","-78.96","0.2600000000000051","626.8",,"90.51","11.28","4.59","354.32","69.45","303.9141","-11.29"
Kross Ltd,KROSS,"Auto Parts","1232.1299602","231.71","-26.46","77.19","138.78",,"135.71","4.96","0","170.54","28.36","132.97000000000003","-32.06"
Beta Drugs Ltd,BETA,"Pharmaceuticals","1231.632135","23.47","-35.72","118.39","239.13",,"117.97","0","0","163.53","36.86","86.18405000000001","36.14"
Gulshan Polyols Ltd,GULPOLY,"Specialty Chemicals","1230.0503101440002","253.01","-54.32","0.5999999999999996","709.6499999999997",,"13.24","3.18","1.87","353.93000000000006","56.27","722.25","41.68"
Andhra Sugars Ltd,ANDHRSUGAR,"Commodity Chemicals","1229.71259347","15.61","-93.44","0.07000000000000028","419.5299999999998",,"-34.29","183.14","14.06","1549.5300000000002","95.71","1009.4300000000001","127.8"
Platinum Industries Ltd,PLATIND,"Commodity Chemicals","1227.790611042","213.24","-155.93","-163.17000000000002","71.27000000000001",,"0.72","0","0","115.59999999999997","56.17","123.829","-7.96"
Diffusion Engineers Ltd,DIFFNKG,"Industrial Machinery","1227.208491245","134.4","-18.1","119.24","75.10000000000002",,"128.72","34.6","1.6","197.04999999999998","12.91","101.00699999999999","8.62"
ULTRAMARINE & PIGMENTS Ltd,ULTRAMAR,"Commodity Chemicals","1223.334","0","-41.94","14.990000000000009","199.75000000000003",,"-32.97","498.41","14.6","967.4","52.83","360.92","89.9"
Gujarat Natural Resources Ltd,GNRL,"Oil & Gas - Exploration & Production","1218.412575048","77.33","-2.09","1.3800000000000026","20.14999999999999",,"33.9","0","0","-55.97","2.09","62.2989","-30.43"
Salasar Techno Engineering Ltd,SALASAR,"Iron & Steel","1216.5734018399999","207.65","9.57","0.7300000000000004","939.2699999999999",,"-3.37","0","0","385.9","13.53","394.1296","-5.47"
Andrew Yule & Co Ltd,ANDREWYU,"Tea & Coffee","1207.219964682","27.42","25.53","-0.8699999999999992","413.2899999999999",,"-15.35","243.03","0","213.8","12.51","252.82999999999998","-11.05"
Excel Industries Ltd,EXCELINDUS,"Fertilizers & Agro Chemicals","1202.7009571","5.34","-41.29","4.460000000000001","331.4699999999996",,"-16.07","875.29","6.91","1577.0900000000001","43.55","452.47720000000004","61.82"
HMA Agro Industries Ltd,HMAAGRO,"Packaged Foods & Meats","1202.34821777","147.44","-149.98","-20.90999999999999","899.4999999999998",,"4.68","0","15.02","591.3900000000001","21.8","319.247","124.39"
IFGL Refractories Ltd,IFGLEXPOR,"Industrial Machinery","1198.162966752","397.48","-33.57","-9.129999999999999","511.4800000000002",,"-3.84","11.28","25.23","673.49","72.92","463.25960000000003","28.28"
Nitta Gelatin India Ltd,NITTAGELA,"FMCG - Foods","1197.6773914","28.96","-8.88","77.09","81.8200000000001",,"10.54","1.11","5.43","374.03000000000003","34.45","135.9","75.43"
Safe Enterprises Retail Fixtures Ltd,SAFEENTP,"Building Products - Others","1194.0067263600001","7.94","-10.46","13.08","28.27",,"-7.51","1.53","0","46.980000000000004","1.96","10.097","31.05"
Butterfly Gandhimathi Appliances Ltd,BUTTERFLY,"Home Electronics & Appliances","1193.013040475","97.02","-54.74","-31.25","144.63",,"-10.15","0","0","210.38","10.24","141.18249999999998","33.64"
TGV SRAAC Ltd,TGVSL,"Commodity Chemicals","1192.980372","73.33","-170.04","22.119999999999997","789.3600000000002",,"-3.07","35.2","10.71","997.7899999999998","143.63","1281.2299999999998","195.23"
IKIO Technologies Ltd,IKIO,"Electrical Components & Equipments","1191.436567317","317.24","-4.08","-2.1899999999999977","116.34",,"-33.16","0","7.73","166.01","95.89","247.95400000000004","35.05"
Motisons Jewellers Ltd,MOTISONS,"Precious Metals, Jewellery & Watches","1191.09264","130.31","0.6","-25.619999999999997","94.66000000000005",,"-3.61","0","0","142.26","0.39","5.6597","-22.61"
Unitech Ltd,UNITECH,"Real Estate","1187.800675338","5335.47","73.97","-5.180000000000007","34604.52",,"-5.75","2059.34","0","-12676.39","4.01","276.24210000000005","-73.4"
Vinyas Innovative Technologies Ltd,VINYAS,"Electronic Equipments","1186.48796728","74.53","-2.2","-0.7900000000000009","183.08",,"-7.37","0.1","0","59.84","2.21","40.169999999999995","8.78"
Ice Make Refrigeration Ltd,ICEMAKE,"Electrical Components & Equipments","1185.452591875","19.13","-83.35","-4.709999999999994","244.01999999999998",,"48.67","0.01","3.16","89.12","82.33","137.38379999999998","29.97"
IND Swift Laboratories Ltd,INDSWFTLAB,"Pharmaceuticals","1179.935150104","395.4","-110.2","-66.47000000000001","251.18",,"69.2","174.09","0","634.7600000000001","64.41","272.99670000000003","-25.47"
HDFC Nifty 50 ETF,HDFCNIFTY,"Equity","1174.84170583",,,,,,,,,,,,
Nelcast Ltd,NELCAST,"Iron & Steel","1171.906164","87.74","-38.23","5.489999999999995","608.79",,"-61.11","23.38","3.48","447.75","93.21","513.85","104.83"
Rupa & Company Ltd,RUPA,"Apparel & Accessories","1169.64722848","68.8","-10.2","5.829999999999998","494.0900000000002",,"-42.59","26.61","23.86","940.75","7.79","240.98000000000002","58.62"
Monte Carlo Fashions Ltd,MONTECARLO,"Apparel & Accessories","1168.5627873600001","74.7","-28.54","-0.5","881.4700000000003",,"-44.77","107.8","41.49","738.6099999999999","38.06","389.94000000000005","72.81"
GPT Healthcare Ltd,GPTHEALTH,"Hospitals & Diagnostic Centres","1164.439993193","49.29","-32.59","-0.030000000000001137","136.41",,"-34.84","0","28.72","116.51000000000002","49.93","274.21","67.4"
Macfos Ltd,ROBU,"Software Services","1161.0846012700001","24.42","-10.16","-0.1700000000000017","37.669999999999995",,"34.59","0","0","36.4","4.86","10.521700000000001","-24.6"
Macpower Cnc Machines Ltd,MACPOWER,"Industrial Machinery","1161.0828096","37.04","-10.92","-3.3799999999999994","75.23",,"0.56","0","1.5","95.78","15.98","59.659","6.98"
Jaro Institute Of Technology Management & Research Ltd,JARO,"Education Services","1159.730403025","4.07","-4.09","-13.360000000000001","105.15999999999997",,"14.19","0","1.52","147.24","4.12","16.159999999999997","-23.46"
Nippon India Nifty Pharma ETF,PHARMABEES,"Equity","1158.9309156",,,,,,,,,,,,
Laxmi Goldorna House Ltd,LGHL,"Precious Metals, Jewellery & Watches","1158.39045","8.12","3.45","-0.46000000000000085","115.75",,"40.68","20","0","36.03","0.02","0.64","-44.59"
Updater Services Ltd,UDS,"Business Support Services","1157.755443372","431.28","18.55","34.88","613.36",,"-34.51","7.93","0","459.96000000000004","13.53","152.39299999999997","50.84"
Bharat Seats Ltd,BHARATSE,"Auto Parts","1154.8292","0","-68.11","2.75","453.15999999999997",,"-25.28","0","5.02","181.99","69.85","372.52000000000004","96.14"
Shree Pushkar Chemicals & Fertilisers Ltd,SHREEPUSHK,"Specialty Chemicals","1154.4555687","97.5","-34.78","2.3099999999999987","328.08000000000015",,"-0.41","9.68","4.74","409.04","46.93","357.01180000000005","37.5"
Quick Heal Technologies Ltd,QUICKHEAL,"IT Services & Consulting","1149.997331484","19.49","15.95","-16.67","83.56",,"-10.32","7.28","16.13","367.99","14.42","119.26","-22.3"
Automobile Corp Of Goa Ltd,ACGL,"Trucks & Buses","1148.5272109700002","48.43","-13.89","6.74","211.52",,"10.91","0","12.18","199.22","16.37","63.400000000000006","9.72"
Virtuoso Optoelectronics Ltd,VOEPL,"Home Electronics & Appliances","1144.5583554450002","214.73","-99.75","2.269999999999996","330.13999999999993",,"71.42","8.83","0","37.59","162.62","256.6278","30.6"
Amines and Plasticizers Ltd,AMNPLST,"Commodity Chemicals","1144.52604","0","-2.73","6.039999999999999","157.8",,"-20.37","1.09","2.75","247.66","3.5","80.85","29.14"
Master Trust Ltd,MASTERTR,"Investment Banking & Brokerage","1140.235304","70.19","53.73","35.03","1312.99","133.9","18.38","19.26","0","537.98","3.49","20.71","-37.08"
Quadrant Future Tek Ltd,QUADFUTURE,"Communication & Networking","1133.8","256.73","-4.84","186.13","103.87999999999995",,"262.93","0","0","1.1800000000000068","7.16","72.44","-71.96"
LIC MF Nifty 50 ETF,LICNETFN50,"Equity","1132.600065309",,,,,,,,,,,,
Tarsons Products Ltd,TARSONS,"Health Care Equipment & Supplies","1131.7508031510001","145.91","-145.17","8.02000000000001","449.8299999999999",,"38.95","0","10.63","473.6600000000001","151.71","718.1270000000001","114.24"
Irm Energy Ltd,IRMENERGY,"Gas Distribution","1130.5782061950001","533.94","-198.8","-221.33","319.02999999999975",,"-116.25","16.05","9.66","365.4899999999999","129.7","737.81","93.72"
Reliance Industrial Infrastructure Ltd,RIIL,"Oil & Gas - Storage & Transportation","1128.8005","9.6","8.7","0.33000000000000007","75.4",,"-5.34","259.5","5.34","437.03999999999996","0","27.24000000000001","-3.03"
3B Blackbio DX Ltd,3BBLACKBIO,"Biotechnology","1124.2439433","8.84","-33.45","6.689999999999996","24.72",,"-3.22","156.31","2.57","251.01000000000002","0.9","7.22","43.36"
Paushak Ltd,PAUSHAKLTD,"Specialty Chemicals","1122.38263424","0","-56.96","-0.6199999999999974","106.50999999999999",,"18.75","130.86","6.05","462.41","160.47","330.93","37.59"
Vardhman Holdings Ltd,VHL,"Diversified Financials","1122.33554976","7.81","4.75","-2.35","0.5299999999995428","0","-1.6","3527.79","1.6","3529.46","0","3.19","-5.5"
Aeroflex Enterprises Ltd,AEROENTER,"Plastic Products","1122.25554","205.98","-82.7","-41.94","152.0399999999998",,"-98.89","21.66","2.76","472.12","104.43","243.29089999999997","139.65"
Jay Bharat Maruti Ltd,JAYBARMARU,"Auto Parts","1117.89775","0","-265.14","-0.7299999999999756","1109.15",,"65.04","37.57","7.58","540.97","264.92","1229.8342","199.37"
Laxmi Dental Ltd,LAXMIDENTL,"Health Care Equipment & Supplies","1115.896511147","183.77","-29.21","125.25999999999999","79.06",,"110.64","10.38","0","13.780000000000001","16.08","50.74999999999999","43.83"
SRM Contractors Ltd,SRM,"Construction & Engineering","1112.908421","124","-46.01","33.66","132.1",,"78.6","0","0","128.6","46.4","79.61","1.07"
Mangalam Worldwide Ltd,MWL,"Iron & Steel","1111.10221434","121.94","-7.35","-0.0899999999999892","374.45000000000005",,"94.04","31.65","2.6","104.28","0","98.82610000000001","-86.78"
Raj Rayon Industries Ltd,RAJRILTD,"Textiles","1111.05282501","76.83","-83.18","0.9999999999999929","377.82",,"47.36","0","0","-34.97","105.36","313.9","36.82"
Centrum Capital Ltd,CENTRUM,"Diversified Financials","1109.87294894","411.83","-1704.4","238.02999999999975","20807.72","0","-590","5281.11","0","-174.17","288.08","1021.5844","2532.43"
Gujarat Kidney and Super Speciality Ltd,GKSL,"Hospitals & Diagnostic Centres","1106.88038675","4.84","-18.14","1.629999999999999","28.239999999999995",,"6.16","0","0","9.73","18.25","23.889099999999996","13.61"
Balaji Telefilms Ltd,BALAJITELE,"Movies & TV Serials","1103.21573355","128.79","-136.63","-26.890000000000008","147.4700000000001",,"58.01","7.75","0","504.57000000000005","4.23","11.030100000000001","51.73"
Renaissance Global Ltd,RGL,"Precious Metals, Jewellery & Watches","1100.601615774","247.91","-84.34","53.870000000000005","917.6500000000001",,"141.61","3.83","0","1121.6699999999998","31.09","208.82989999999998","-3.4"
Bluspring Enterprises Ltd,BLUSPRING,"Business Support Services","1098.54064398","0","146.02","56.39","755.73",,"-67.51","35","0.11","546.19","26.53","122.54699999999991","-22.12"
Rajputana Stainless Ltd,RSL,"Metals - Diversified","1097.410484856","1.3","-11.99","-0.020000000000000462","268.41",,"4.89","0","0","81.73","8.19","71.78999999999999","7.08"
Saraswati Commercial (India) Ltd,ZSARACOM,"Specialized Finance","1095.7088144","89.08","-108.17","20.19999999999999","135.81","0","119.63","1083.92","0","877.39","0.02","0.04000000000000001","8.74"
Bharat Global Developers Ltd,BGDL,"Retail - Speciality","1090.565892","70","-0.89","0.05000000000003979","321.28000000000003",,"157.36","4.19","0","19.08","0.89","0.76","-156.42"
Hi-Tech Gears Ltd,HITECHGEAR,"Auto Parts","1086.85861019","0.71","-1.18","-2.5400000000000205","320.26",,"-150.4","0.64","9.39","464.07","24.05","416.2219999999999","149.04"
Industrial and Prudential Investment Co Ltd,INDPRUD,"Investment Banking & Brokerage","1086.5057264","0","3.57","0.09999999999999964","29.920000000000236","3.95","-15.08","827.01","15.08","802.56","0","0","11.61"
NINtec Systems Ltd,NINSYS,"IT Services & Consulting","1083.9096","0","-6.14","17.1","51.96999999999999",,"-0.49","0","0","42.77","5.38","7.38","23.73"
Faze Three Ltd,FAZE3Q,"Textiles","1078.96383751","24.44","-42.65","-26.83","266.43",,"3.55","0.14","0","371.26","92.62","314.26","12.27"
Alicon Castalloy Ltd,ALICON,"Auto Parts","1077.5193552","221.32","-181.73","0.2600000000000158","701.84",,"-22.16","4.87","12.2","363.82","182.8","537.9395000000001","204.15"
DAM Capital Advisors Ltd,DAMCAPITAL,"Investment Banking & Brokerage","1074.709944","14.26","-71.52","14.030000000000008","136.69","0","-10.18","5.31","3.53","235.55","12.97","105.97","95.73"
Sar Auto Products Ltd,SAPL,"Auto Parts","1072.0665","1.5","-7.46","-3.89","19.29",,"3.22","0","0","11.04","2.85","13.100000000000001","0.35"
Roto Pumps Ltd,ROTO,"Industrial Machinery","1068.11000088","5.08","-19.96","-2.09","97.59999999999995",,"-18.3","0","5.9","209.45","21.26","118.57479999999998","36.17"
Jindal Poly Investment and Finance Company Ltd,JPOLYINVST,"Asset Management","1067.69662853","0","0.17","-0.010000000000000009","44.010000000000005","0","-1.48","1568.26","0","1513.98","0","0","1.3"
Madras Fertilizers Ltd,MADRASFERT,"Fertilizers & Agro Chemicals","1067.2961125","12.39","26.02","90.17000000000002","2266.7300000000005",,"-52.07","524.87","0","-206.82999999999998","9.86","226.72","116.22"
Gandhi Special Tubes Ltd,GANDHITUBE,"Auto Parts","1066.9456","0","-30.18","0.8799999999999972","20.250000000000007",,"-15.99","164.74","15.8","259.66","3.8","43.03999999999999","47.05"
Gala Precision Engineering Ltd,GALAPREC,"Industrial Machinery","1059.57315225","160.78","-91.93","0.13999999999998636","63.390000000000015",,"89.33","0","0","83.13999999999999","27.29","75.97399999999999","2.74"
Manaksia Coated Metals & Industries Ltd,MANAKCOAT,"Metals - Diversified","1053.78963585","79.34","-19.92","-0.040000000000000924","419.30999999999995",,"-10.1","0","0","108.07","21.71","180.9","29.98"
Tamilnadu Newsprint & Papers Ltd,TNPL,"Paper Products","1049.578749","179.73","-162.43","-85.52000000000004","3795.7699999999995",,"-492.89","1.11","6.92","1837.8899999999999","174.01","4164.100100000001","569.8"
MIC Electronics Ltd,MICEL,"Electrical Components & Equipments","1047.91826288","300.63","-67.19","5.75","91.41",,"121.61","0","0","-126.24000000000001","24.35","48.720000000000006","-48.67"
Izmo Ltd,IZMO,"Software Services","1046.33293968","163.53","-2.13","7.59","78.91000000000007",,"5.25","0","0","180.74999999999997","33.41","12.46980000000002","4.47"
Shree Digvijay Cement Co Ltd,SHREDIGCEM,"Cement","1043.6613641239999","7.04","-164.32","35.79000000000002","336.28",,"65.15","2.3","43.97","209.12","183.25","379.13","134.96"
SKM Egg Products Export India Ltd,SKMEGGPROD,"Packaged Foods & Meats","1037.24402","0.13","-22.7","17.699999999999996","190.44999999999993",,"-24.82","1.54","6.58","276.7","33.13","188.35999999999999","65.22"
Bajaj Steel Industries Ltd,BAJAJST,"Industrial Machinery","1036.568","1.11","-38.06","-11.830000000000002","216.17000000000004",,"-26.2","0","28.08","375.90999999999997","56.99","236.78","52.43"
A K Capital Services Ltd,AKCAPIT,"Specialized Finance","1035.969","42.55","162.55","4.360000000000014","3228.41","686.18","319.38","2828.1","24.1","921.3100000000001","2.61","70.2803","-477.57"
Arihant Superstructures Ltd,ARIHANTSUP,"Real Estate","1035.621034495","5.24","-79.67","3.1399999999999864","1207.8899999999999",,"260.65","0","1.25","253.36","76.26","98.1297","-177.84"
Bombay Super Hybrid Seeds Ltd,BSHSL,"Seeds","1035.1013299200001","5.75","-6.86","-7.105427357601002e-15","117.09",,"37.98","0","0","88.44","2.63","8.75","-31.12"
Oriental Aromatics Ltd,OAL,"Specialty Chemicals","1034.847462","0","-86.5","-0.029999999999986926","482.1199999999999",,"120.76","0","1.68","646.13","87.04","439.8728","-34.29"
Aditya Birla Sun Life Gold ETF,BSLGOLDETF,"Gold","1032.384807",,,,,,,,,,,,
Jindal Photo Ltd,JINDALPHOT,"Electronic Equipments","1030.03851366","0","-0.07","-0.010000000000000009","20.4","0","0","986.7","0","958.04","0","2.4480999999999997","0.06"
Control Print Ltd,CONTROLPR,"Electronic Equipments","1028.74771584","24.75","-37.04","-6.560000000000002","95.95",,"-19.39","0.88","14.39","371.78","26.84","157.8484","49.87"
Jyoti Resins and Adhesives Ltd,JYOTIRES,"Commodity Chemicals","1027.56","0","7.71","11.590000000000002","138.99",,"-10.87","0","10.8","217.26","1.73","48.37","14.75"
AVT Natural Products Ltd,AVTNPL,"Agro Products","1026.089592","0","-9.38","8.14","240.65999999999997",,"50.02","0","12.18","491.16","9.25","76.4","-32.5"
Suraj Estate Developers Ltd,SURAJEST,"Real Estate","1025.312453256","616.54","78.61","10.05000000000004","843.8100000000002",,"237.78","0.01","4.44","213.1500000000001","0.65","26.559999999999995","-306.34"
Panorama Studios International Ltd,PANORAMA,"Movies & TV Serials","1023.123399375","47.01","-31.51","-4.039999999999999","354.29999999999995",,"53.35","0.83","1.32","126.16","41.68","49.04","-25.88"
Excelsoft Technologies Ltd,EXCELSOFT,"Software Services","1022.062460484","0","7.47","3.6099999999999994","99.19000000000005",,"-56.47","0","0","271.21","17.43","122.29200000000003","52.61"
Abans Financial Services Ltd,AFSL,"Asset Management","1021.0376696799999","121.43","155.95","-112.33000000000003","1895.23","0.08","-149.52","18.82","0","833.4200000000001","2.34","15.457699999999999","-118.76"
BirlaNu Ltd,BIRLANU,"Building Products - Others","1019.30331783","16.5","-50.28","-58.3","1708.2200000000003",,"-90.11","0.41","17","1187.38","123.53","1426.9718999999998","82.09"
Oricon Enterprises Ltd,ORICONENT,"Logistics","1017.512145485","145.15","160.09","23.039999999999992","82.94000000000023",,"-105.5","530.72","7.85","1075.6399999999999","35.32","295.2089","-31.55"
Capital India Finance Ltd,CIFL,"Consumer Finance","1015.9642674","511.34","-60.81","-75.03","1199.3899999999999","1295.59","-26.75","63.54","0.78","3.000000000000057","10.41","80.3641","12.53"
Le Merite Exports Ltd,LEMERITE,"Textiles","1015.6902","51.06","-3.47","8.82","125.14999999999998",,"24.57","0.64","0.47","36.00999999999999","2.13","12.649999999999999","-12.28"
Fino Payments Bank Ltd,FINOPB,"Private Banks","1010.604273888","649.34","-164.45","38.640000000000015","3459.060000000001","0.17","126.9","2388.13","0","14.319999999999936","164.51","297.58","76.19"
BCL Industries Ltd,BCLIND,"FMCG - Foods","1008.27796944","266.2","-128.94","17.41000000000001","723.3099999999998",,"83.15","10.78","7.38","505.87000000000006","133.73","741.7914","63.2"
Remus Pharmaceuticals Ltd,REMUS,"Pharmaceuticals","1007.8266","50.43","-10.55","2.51","150.09",,"6.07","186.12","1.18","199.54","3.98","7.09","6.99"
Bajaj Healthcare Ltd,BAJAJHCARE,"Pharmaceuticals","1005.5036840700001","130.13","-14.82","0.4200000000000008","366.89",,"-6.38","0","2.76","302.67","11.54","241.9","21.62"
Crest Ventures Ltd,CREST,"Asset Management","1004.88385125","221.56","28.47","-39.28","200.1100000000002","0","-52.5","289.52","2.83","945.05","0.6","63.78659999999999","-15.25"
Accent Microcell Ltd,ACCENTMIC,"Pharmaceuticals","1004.1803772","77.04","-8.61","2.360000000000003","33.59999999999996",,"-13.7","0","2.1","96.71","36.83","60.75999999999999","24.67"
Arisinfra Solutions Ltd,ARIS,"Building Products - Others","1001.5752635","257.16","-62.45","-0.3400000000000034","460.94000000000017",,"83.39","0","0","-37.710000000000036","15.71","46.9","-21.28"
Kapston Services Ltd,KAPSTON,"Business Support Services","998.6320851450001","7.56","-39","0.1600000000000037","209.82999999999998",,"47.49","0","0","71.17","39.1","59.7","-8.33"
UTI Nifty Next 50 Exchange Traded Fund,NEXT50BETA,"Equity","996.92258575",,,,,,,,,,,,
Western Carriers (India) Ltd,WCIL,"Logistics","994.267237176","353.17","-241.32","2.969999999999999","275.47999999999985",,"246.98","3.23","0","423.93","87.23","137.659","-2.69"
GKW Ltd,GKWLIMITED,"Logistics","994.25756","0","200.12","-2.849999999999992","614.6299999999999","0","-0.06","191.18","0","2563.96","12.16","2630.66","-202.91"
Asian Star Co Ltd,ASTAR,"Precious Metals, Jewellery & Watches","992.4216","0","17.45","-0.21000000000000796","845.6099999999999",,"-248.07","15.07","2.4","1546.04","6.56","213.09000000000003","230.41"
Mamata Machinery Ltd,MAMATA,"Industrial Machinery","986.280624","0","-10.71","54.699999999999996","87.29999999999994",,"-7.14","0.34","1.23","146.55","1.81","62.68999999999999","72.55"
Century Enka Ltd,CENTENKA,"Textiles","983.49501089","32.25","-75.84","0.0799999999999983","364.1900000000002",,"-41.95","71.14","21.85","1363.45","51.43","801.57","117.87"
Sathlokhar Synergys E&C Global Ltd,SSEGL,"Construction & Engineering","982.90002832","82.5","-10.86","-4.549999999999997","92.39999999999999",,"97.16","0","0","65.78999999999999","5.94","9.26","-90.85"
ADC India Communications Ltd,ADCINDIA,"Communication & Networking","978.213","0","2.22","2.8299999999999983","44.42",,"-25.32","0","25.3","65.37","0","3","25.93"
Rajoo Engineers Ltd,RAJOOENG,"Industrial Machinery","976.8178268309999","1.09","-62.68","5.350000000000005","161.19000000000003",,"-2.48","16.03","1.54","145.72","12.26","55.267700000000005","70.51"
Finkurve Financial Services Ltd,FINKURVE,"Consumer Finance","976.523308384","111.21","-4.58","6.799999999999983","270.56","426.02","145.2","5.3","0","82.49","4.48","15.209999999999999","-133.82"
Emkay Tools Ltd,ETL,"Industrial Machinery","972.688995","0","-28.93","0.6799999999999979","26.88000000000001",,"-5.83","24.21","0","82.49","4.83","14.340000000000003","35.44"
OBSC Perfection Ltd,OBSCP,"Auto Parts","971.665332","50.56","-32.37","16.020000000000003","54.55",,"39.54","0","0","28.980000000000004","33.27","72.22","8.85"
B-Right RealEstate Ltd,BRRL,"Real Estate","971.1328","100.42","20.48","-3.5599999999999996","186.07999999999998",,"-3.2","1.9","0","30.489999999999995","2.65","29.96","-20.84"
Sunrakshakk Industries India Ltd,SUNRAKSHAK,"Textiles","970.8213425","0","-27.32","5.710000000000001","106.33000000000004",,"32.89","0","0","46.72","14.57","67.8","0.14"
Manali Petrochemicals Ltd,MANALIPETC,"Specialty Chemicals","969.731653102","0.91","-154.76","-173.98","308.05999999999983",,"-0.23","15.05","12.91","1007.51","100.72","371.7000000000001","-18.99"
Unicommerce eSolutions Ltd,UNIECOM,"Software Services","967.2475420110001","35.61","-21.98","0.7000000000000002","158.09",,"-5.28","0","0","24.21","6.57","50.42000000000003","27.96"
Creative Newtech Ltd,CNL,"Technology Hardware","966.097786125","131.66","-5.26","36.68","222.48999999999998",,"20.08","2.81","0.71","147.34","2.82","10.489999999999998","21.86"
Hariom Pipe Industries Ltd,HARIOMPIPE,"Building Products - Pipes","965.5600710200001","307.46","-85.72","24.130000000000003","622.8599999999997",,"31.32","0","1.86","233.41000000000003","105.93","435.4699999999999","78.53"
Tejas Cargo India Ltd,TEJASCARGO,"Logistics","964.673415","103.97","-109.51","33.50999999999999","186.83999999999995",,"79.55","17.45","0","45.370000000000005","90.46","173.25","63.47"
Saint-Gobain Sekurit India Ltd,SEKURITIND,"Auto Parts","963.898306","11.32","-8.5","0.33000000000000185","37.06000000000001",,"-19.18","0","18.05","113.32","4.7","18.449999999999996","28.01"
Himatsingka Seide Ltd,HIMATSEIDE,"Textiles","963.688902896","640.05","58.29","35.19999999999999","3608.76",,"-258.22","9.74","2.46","1329.81","23.61","2079.2549000000004","235.13"
Bhartiya International Ltd,BIL,"Apparel & Accessories","962.8675098","111.25","-13.95","-15.070000000000004","723.3299999999999",,"-45.42","44.08","0","319.74","7.43","148.69709999999995","44.3"
Oriental Rail Infrastructure Ltd,ORIRAIL,"Rail","962.29665","168.94","-9.1","-34.26","363.89",,"-1.64","0.38","0.61","160.92000000000002","14.91","130.76999999999998","-23.52"
Vilas Transcore Ltd,VILAS,"Heavy Electrical Equipments","957.9024","89.08","-29.69","39.97","72.20999999999998",,"105.12","0","0","174.53000000000003","40.81","70.22","-35.46"
Zelio E-Mobility Ltd,ZELIO,"Two Wheelers","957.672","0","-4.86","0.2599999999999998","39.14",,"14.69","0","0","10.14","4.87","12.159999999999998","-9.57"
Prime Securities Ltd,PRIMESECU,"Investment Banking & Brokerage","953.277139","52.12","-26.09","0.46999999999999953","24.23999999999997","0","-1.3","175.92","0","137.15","5.2","5.819999999999999","27.86"
TAAL Tech Ltd,TAALTECH,"Conglomerates","950.51547342","0","-32.41","-2.7699999999999942","23.840000000000014",,"-11.38","0","7.79","200.92","1.62","6.259999999999998","41.02"
Avadh Sugar & Energy Ltd,AVADHSUGAR,"Sugar","949.6738448","0","-98.91","2.2800000000000082","1778.76",,"-52.77","88.4","20.02","1081.1","106.78","1233.53","153.96"
Wanbury Ltd,WANBURY,"Pharmaceuticals","946.5082918200001","102.62","-51.17","0.6600000000000001","354.6600000000001",,"25.73","0.02","0","-82.12","49.03","205.99","26.1"
Swelect Energy Systems Ltd,SWELECTES,"Electrical Components & Equipments","946.285593","42.91","-112.85","36.68000000000001","872.0399999999998",,"19.44","0.3","6.06","798.62","137.57","816.3230000000001","130.09"
Ester Industries Ltd,ESTER,"Commodity Chemicals","941.3163983860001","157.12","-56.48","-77.4","800.3999999999999",,"-133.11","16.8","0","524.63","31","1016.51","112.19"
Axis Gold ETF,AXISGOLD,"Gold","935.4791568",,,,,,,,,,,,
Uttam Sugar Mills Ltd,UTTAMSUGAR,"Sugar","935.337393","152.53","-61.11","0.28000000000000824","1325.3600000000001",,"-40.51","0","10.6","595.74","47.29","883.9698000000001","101.9"
Gretex Corporate Services Ltd,GCSL,"Investment Banking & Brokerage","933.39633271","42.34","1.65","-1.5300000000000011","18.829999999999952","0","27.87","129.3","0.7","131.44","3.56","34.4274","-31.05"
Bhagyanagar India Ltd,BHAGYANGR,"Electrical Components & Equipments","932.65425","0","-9.52","1.9399999999999977","313.25",,"154.99","0.02","0","200.99","11.08","80.43","-143.53"
Viceroy Hotels Ltd,VHLTD,"Hotels, Resorts & Cruise Lines","932.454324504","216.47","29.64","-20.939999999999998","67.25000000000004",,"-82.89","19.87","0","-39.72","18.07","193.7","32.31"
Nahar Spinning Mills Ltd,NAHARSPING,"Textiles","930.4848174","209.6","14.26","31.620000000000005","1260.41",,"-75.74","138.84","3.61","1261.71","42.57","869.49","93.1"
Eimco Elecon (India) Ltd,EIMCOELECO,"Industrial Machinery","928.4792496","7.54","-35.81","-6.260000000000002","56.030000000000015",,"-3.73","191.7","2.89","418.63","6.11","61.2958","33.28"
Dhampur Sugar Mills Ltd,DHAMPURSUG,"Sugar","928.200150906","0","22.35","111.63999999999999","1233.6600000000003",,"-111.4","1.25","0","1087.08","20.59","1141.17","200.69"
Wealth First Portfolio Managers Ltd,WEALTH,"Diversified Financials","926.45225","6.61","8.47","-2.1000000000000014","7.66999999999998","0","-21","31.09","20.89","111.25","0.33","0.8800000000000003","10.43"
Indo Rama Synthetics (India) Ltd,INDORAMA,"Textiles","925.907233446","447.59","-36.34","0.5499999999999545","2567.45",,"-354.22","0","0","-340.49","38.74","1299.76","391.11"
Arihant Foundations & Housing Ltd,ARIHANT,"Real Estate","925.8649317950001","121.25","28.77","14.5","270.23",,"71.79","20.92","0.86","168.97000000000003","2.24","8.540000000000003","-86.06"
Suyog Telematics Ltd,SUYOG,"Construction & Engineering","923.4262272","50.69","-152.07","22.500000000000014","283.47999999999996",,"96.04","1.13","1.35","330.23","138.26","464.42850000000004","78.53"
Osel Devices Ltd,OSELDEVICE,"Electrical Components & Equipments","922.827956","57.96","-0.15","14.410000000000004","89.83000000000003",,"52.78","0","0","33.85999999999999","0.15","17.439999999999998","-38.22"
Indo Amines Ltd,INDOAMIN,"Specialty Chemicals","921.28131152","29.25","-82.37","-5.3600000000000065","461.1",,"41.6","1.24","3.53","251.45","83.18","286.36080000000004","35.41"
Systematix Corporate Services Ltd,SYSTMTXC,"Diversified Financials","918.49119327","121.1","10.99","88.78","128.47999999999996","13.55","97.92","45.58","1.3","165.02","2.77","13.1954","-20.13"
Mafatlal Industries Ltd,MAFATIND,"Apparel & Accessories","917.3220213700001","114.28","-11.39","-131.06","648.9200000000001",,"-30.24","443.39","7.19","612.4","13.21","85.21000000000001","-89.43"
Health X Platform Ltd,HEALTHX,"Health Care Equipment & Supplies","916.6195575","138.98","-1.13","-18.88","105.87000000000012","0","-0.44","575.42","0","499.0799999999999","10.36","75.9743","-17.31"
Hexa Tradex Ltd,HEXATRADEX,"Commodities Trading","913.029223008","196.97","5.31","0.01999999999999602","695.77","0","-27.78","5171.08","0","4270.71","0","0.03","22.49"
Tembo Global Industries Ltd,TEMBO,"Iron & Steel","908.7721632299999","118.19","-207.11","2","357.26000000000005",,"286.54","1.68","3.14","71.88","79.17","109.38730000000001","-77.43"
TAC Infosec Ltd,TAC,"IT Services & Consulting","907.282256","22.9","-39.5","5.060000000000002","15.100000000000001",,"25.17","0","0","21.86","0.68","7.469900000000001","19.39"
Cellecor Gadgets Ltd,CELLECOR,"Home Electronics & Appliances","906.985758","74.15","-18.4","17.299999999999997","179.47999999999996",,"69.32","0.1","0","57.079999999999984","18.3","18.6753","-33.62"
Electrotherm (India) Ltd,ELECTHERM,"Iron & Steel","903.27437039","253.79","-72.17","-46.09000000000003","2077.07",,"-302.6","7.98","0","-425.31","89.06","698.34","328.68"
Z-Tech (India) Ltd,ZTECH,"Construction & Engineering","900.9657241200001","100.52","-34.8","2.980000000000004","36.009999999999984",,"129.15","0","0","32.709999999999994","6.33","39.36","-91.37"
Zuari Agro Chemicals Ltd,ZUARI,"Fertilizers & Agro Chemicals","899.073994262","0","-121.56","-103.82","2508.9200000000005",,"-493.73","1424.95","8.17","1813.81","104.93","771.0725","511.47"
One Global Service Provider Ltd,ONEGLOBAL,"Health Care Equipment & Supplies","898.489562925","0","-0.11","13.629999999999999","34.61000000000002",,"-0.71","0","0.71","52.18","0.11","2.6400000000000015","14.45"
Themis Medicare Ltd,THEMISMED,"Pharmaceuticals","897.60776952","35.57","-12.17","-3.3599999999999994","185.43",,"-25.9","94.77","4.6","357.83","15.43","174.5364","34.71"
Royal Orchid Hotels Ltd,ROHLTD,"Hotels, Resorts & Cruise Lines","896.393152275","114.76","-21.9","2.760000000000003","290.90000000000003",,"-0.03","34.44","6.86","88.62999999999998","23.3","252.3603","24.69"
Dharmaj Crop Guard Ltd,DHARMAJ,"Fertilizers & Agro Chemicals","895.9663169600001","194.55","-32.9","-2.7699999999999996","339.00999999999993",,"-8.55","0","0","166.06","32.12","317.43199999999996","38.68"
Prostarm Info Systems Ltd,PROSTARM,"Power Generation","892.892062272","0","-13.39","0.08999999999999986","133.67999999999998",,"18.94","0","0","60.98","12.14","23.2028","-5.46"
Yuken India Ltd,YUKEN,"Industrial Machinery","891.92544","61.9","-55.98","-8.109999999999994","221.66000000000008",,"-1.47","11.51","1.94","226.24999999999997","54.74","267.326","49.34"
Stanley Lifestyles Ltd,STANLEY,"Retail - Department Stores","891.9029764190001","300.1","-154.2","40.60000000000001","269.4000000000002",,"126.5","0","0","152.79999999999995","37.4","290.8","68.3"
NIIT Ltd,NIITLTD,"Education Services","888.447241478","31.02","-26.21","-6.949999999999999","117.68999999999977",,"-10.04","1.5","10.13","986.35","38.97","206.79700000000005","29.3"
PNGS Gargi Fashion Jewellery Ltd,GARGI,"Retail - Speciality","887.04407016","46.29","-38.66","19.16","17.51000000000001",,"39.48","0.1","0","43.04","1.51","4.6025","18.34"
Lotus Chocolate Company Ltd,LOTUSCHO,"FMCG - Foods","886.4176124700001","3.8","-12.85","-5.689999999999998","210.82999999999998",,"136.76","0","0","-1.21","14.73","27.6941","-129.6"
Mangal Electrical Industries Ltd,MEIL,"Power Infrastructure","885.6836248200001","0","-18.33","-6.600000000000001","204.32000000000002",,"41.82","0","0","141.66","12.32","48.37","-30.09"
Sobhaygya Mercantile Ltd,SOBME,"Diversified Financials","882.6779325","0","-0.01","-1.58","92.63",,"15.74","0.18","0","71.52","0.01","2.0699999999999994","-17.31"
Vivid Electromech Ltd,VIVIDEL,"Electrical Components & Equipments","882.55854","0","-1.64","4.1899999999999995","73.50999999999999",,"-1.06","0.2","0","38.29","1.64","23.09","6.89"
Indo Borax and Chemicals Ltd,INDOBORAX,"Commodity Chemicals","882.31455","0","-6.91","-82.28999999999999","21.26999999999999",,"-3.39","11.72","3.21","332.22","6.73","102.05","-71.99"
Krishival Foods Ltd,KRISHIVAL,"FMCG - Foods","880.530291275","75.92","-28.48","8.600000000000001","31.06000000000001",,"-9.3","0.58","0.45","36.879999999999995","13.16","36.02029999999999","46.38"
Sree Rayalaseema Hi-Strength Hypo Ltd,SRHHYPOLTD,"Commodity Chemicals","878.5813628850001","30.27","-8.23","39.67","136.85999999999999",,"-17.58","349.16","5.15","870.84","2.43","135.05","65.48"
Sejal Glass Ltd,SEJALLTD,"Building Products - Glass","878.37","0","-0.36","3.01","246.11",,"9.07","2.63","0","16.29","8.33","116.3894","-5.7"
Munjal Auto Industries Ltd,MUNJALAU,"Auto Parts","877.9","0","-9.25","0.9100000000000001","791.3000000000001",,"-15.2","0","20","395.7","66.08","457.7494999999999","25.36"
SAL Steel Ltd,SALSTEEL,"Iron & Steel","873.5222678","28.78","-18.21","-0.4200000000000017","299.69999999999993",,"38.86","0","0","-78.02000000000001","0","151.57999999999998","-21.07"
Eco Recycling Ltd,ECORECO,"Business Support Services","872.88848625","8.09","-14.05","1.4","20.970000000000006",,"-1.44","3.68","0","60.53999999999999","20.49","58.830499999999994","16.89"
Matrimony.Com Ltd,MATRIMONY,"Online Services","872.520551565","0.28","57.49","10.129999999999995","218.8599999999999",,"-104.22","25.11","11.13","230.53","12.82","77.80000000000001","56.86"
GHCL Textiles Ltd,GHCLTEXTIL,"Textiles","872.1247114639999","1578.16","-153.99","-8.080000000000013","265.4600000000002",,"-16.25","0.61","4.78","-159.9000000000001","158.18","1180.14","162.16"
Borana Weaves Ltd,BORANA,"Textiles","871.434372975","5.78","-7.14","0.02999999999999936","68.41000000000001",,"-15.47","0.45","0","61.83","9.97","67.71000000000001","22.64"
Veefin Solutions Ltd,VEEFIN,"Application Software","871.08069984","367.49","-272.96","11.439999999999998","52.980000000000004",,"283.51","0","0","55.40999999999997","90.74","221.77329999999998","0.89"
Tribhovandas Bhimji Zaveri Ltd,TBZ,"Precious Metals, Jewellery & Watches","870.834591","167.91","-45.04","13.049999999999997","1112.14",,"84.94","0.04","11.68","422.57000000000005","11.96","165.28","-26.85"
Ambika Cotton Mills Ltd,AMBIKCO,"Textiles","870.3145","3.61","-23","38.56000000000002","246.94",,"-67.49","0","20.04","894.72","22.09","249.05999999999997","129.05"
Mac Charles (India) Ltd,MCCHRLS-B,"Renewable Energy","869.51682124","0","40.02","4.75","1074.5",,"77.65","1.23","0","89.37","235","891.64","-112.92"
India Power Corporation Ltd,DPSCLTD,"Power Generation","867.64656924","0","-2.23","3.5999999999999943","942.6100000000004",,"-73.02","0.67","2.29","782.46","15.06","978.9000000000001","78.85"
Bharat Parenterals Ltd,BPLPHARMA,"Pharmaceuticals","865.320414465","148.81","-137.38","-8.259999999999991","309.52",,"156.37","0","0.58","174.96999999999997","29.08","231.0798","-27.25"
Bodal Chemicals Ltd,BODALCHEM,"Commodity Chemicals","864.9838384200001","246.25","-40.8","-0.47999999999998977","1234.4699999999993",,"-73.46","0.21","0.06","833.4100000000001","46.45","1351.337","113.78"
Hindusthan Insulators & Industries Ltd,HIIL,"Heavy Electrical Equipments","864.757052625","0","76.34","0.5600000000000094","438.53999999999996",,"-61.98","3.78","0","287.57","0.49","496.56","-13.8"
Cosmic CRF Ltd,COSMICCRF,"Precious Metals, Jewellery & Watches","864.604311345","291.9","-65.15","110.21000000000001","137.27",,"247.96","0","0","90.27000000000004","46.83","149.85999999999999","-72.6"
Kokuyo Camlin Ltd,KOKUYOCMLN,"Stationery","864.217592496","179.02","-20.93","-2.210000000000001","152.54",,"-35.82","16.26","5.02","113.4","21.07","156.961","54.54"
Indef Manufacturing Ltd,BAJAJINDEF,"Heavy Machinery","864.16","0","-9.7","-6.839999999999999","48.51000000000003",,"-1.97","198.6","0","249.7","8.8","32.9819","4.83"
New Delhi Television Ltd,NDTV,"TV Channels & Broadcasters","864.011682786","275.94","-73.42","-4.560000000000031","582.76",,"213.23","34.09","0","-243","78.97","199.024","-144.37"
Precot Ltd,PRECOT,"Textiles","859.2","27.36","-41.99","-6.920000000000002","490.18000000000006",,"-80.71","2.64","1.76","409.14","44.69","516.83","115.78"
Shree Refrigerations Ltd,SHREEREF,"Building Products - Others","856.376880315","82.03","-9.37","4.969999999999999","70.83999999999999",,"39.23","3.42","0","27.099999999999994","7.82","18.2","-24.89"
LIC MF BSE Sensex ETF,LICNETFSEN,"Equity","854.078371883",,,,,,,,,,,,
Vadilal Enterprises Ltd,VADILENT,"Packaged Foods & Meats","854.04132","0.93","-39.43","5.440000000000001","258.29",,"12.77","0.42","0.13","20.48","43.96","114.97","32.1"
Sahasra Electronic Solutions Ltd,SAHASRA,"Electronic Equipments","852.628109745","169.64","-113.49","-0.47999999999998977","96.72000000000001",,"118.94","0.12","0","26.680000000000007","73.1","148.6429","-5.93"
Dhunseri Ventures Ltd,DVL,"Specialty Chemicals","851.837042034","16.61","535.87","107.75000000000003","978.1100000000005",,"-49.79","2364.11","17.51","3137.75","74.9","693.9319","-378.33"
JOJO Ltd,JOJO,"Movies & TV Serials","850.983676","0.5","-0.71","-1.0699999999999985","10.280000000000001",,"12.58","0.89","0","6.65","7.1","15.319100000000002","-12.94"
GRP Ltd,GRPLTD,"Tires & Rubber","850.5597873600001","0","-61.25","1.0700000000000038","220.34999999999997",,"17.76","0.13","5","186.3","65.87","209.56","44.56"
India Homes Ltd,INDIAHOMES,"Iron & Steel","849.902774875","180.19","-0.01","0.010000000000000675","365.62",,"6.29","0.01","0","-193.63","0","202.01999999999998","-6.27"
Sterling Tools Ltd,STERTOOLS,"Industrial Machinery","845.772248932","53.22","-124.73","-1.1100000000000028","286.82",,"0.09","0","7.19","439.22","75.76","332.0852","123.53"
Yamuna Syndicate Ltd,YSL,"Commodities Trading","845.25375","0","20.22","0.33000000000000007","2.2099999999997637",,"-12.29","1232.48","12.29","1283.81","0.06","0.3700000000000001","-7.6"
TVS Electronics Ltd,TVSELECT,"Technology Hardware","844.20664427","15.25","12.94","0.8900000000000006","167.75999999999996",,"-17.68","1.3","1.87","59.040000000000006","8.87","50.989999999999995","5.63"
Menon Bearings Ltd,MENONBE,"Auto Parts","844.01844","0","-26.42","-6.000000000000001","72.03999999999999",,"-6.63","5.3","11.21","152.95","31.02","111.55999999999999","27.05"
Rama Steel Tubes Ltd,RAMASTEEL,"Building Products - Pipes","842.5611041850001","31.16","2.6","-11.909999999999997","384.81",,"-65.53","4.7","0","177.72","13.9","84.9825","51.02"
Ganesh Green Bharat Ltd,GGBL,"Renewable Energy","841.99395","111.03","-48.14","30.290000000000006","131.99",,"107.15","0.01","0","69.28999999999999","33.04","47.354200000000006","-28.72"
Genesys International Corporation Ltd,GENESYS,"IT Services & Consulting","841.2402890100001","342.08","-17.56","-19.93","220.88",,"50.49","0","0","193.37000000000006","14.46","283.35","-52.86"
Maan Aluminium Ltd,MAANALU,"Metals - Aluminium","837.68862576","0","-54.45","-0.010000000000005116","121.20999999999995",,"54.25","0.01","0","151.4","55.8","105.75999999999999","0.19"
Eldeco Housing and Industries Ltd,ELDEHSG,"Real Estate","835.805","10.3","8.55","21.189999999999998","437.5",,"19.58","0.26","7.87","371.90999999999997","0.07","4.4106999999999985","-6.94"
Scoda Tubes Ltd,SCODATUBES,"Industrial Machinery","835.6692461","74.41","-43.94","15.080000000000005","295.98",,"40.6","0.92","0","31.78","40.02","103.53000000000002","18.42"
RM Drip & Sprinklers Systems Ltd,RMDRIP,"Agricultural & Farm Machinery","833.761027737","29.58","-9.28","-0.19999999999999574","73.9",,"36.46","0","0","25.450000000000003","11.66","19.23","-27.38"
IFB Agro Industries Ltd,IFBAGRO,"Alcoholic Beverages","832.08047013","31.94","12.14","74.95","108.02",,"-5.99","134","0","568.05","26","149.27999999999997","68.8"
Om Infra Ltd,OMINFRAL,"Construction & Engineering","831.968605951","122.48","42.92","4.890000000000001","631.4400000000002",,"-43.83","39.87","4.82","613.87","2.04","495.19100000000003","5.8"
Unified Data-Tech Solutions Limited,UNIFIED,"IT Services & Consulting","831.127437","0","-51.67","-2.260000000000005","48.43",,"0","34.57","0","77.8","0.55","1.31","49.41"
Deccan Cements Ltd,DECCANCE,"Cement","829.3140375","12.5","-227.33","-87.19000000000003","902.98",,"177.78","0.16","4.2","702.92","278.08","1207.77","-37.64"
Gem Aromatics Ltd,GEMAROMA,"Specialty Chemicals","827.69745161","40.2","-92.48","-14.760000000000005","250.53",,"102.64","0","0","234.41000000000003","105.09","179.94","-24.92"
Synergy Green Industries Ltd,SGIL,"Industrial Machinery","825.5299","65.06","-86.71","-2.309999999999988","223.51",,"100.79","0","5.36","27.069999999999993","87.19","134.24","-16.39"
A B Infrabuild Ltd,ABINFRA,"Construction & Engineering","825.3158531199999","16.18","-3.17","23.43","138.76000000000002",,"50.19","0","0","40.97","4.43","36.35","-23.59"
Beekay Steel Industries Ltd,BEEKAY,"Iron & Steel","823.24512458","32.88","-106.96","-0.6400000000000006","421.0800000000001",,"-40.59","143.23","1.91","960.33","108.95","682.46","146.91"
IIRM Holdings India Ltd,IIRM,"Insurance","822.56924175","61.92","-15.71","-0.7300000000000004","52.18000000000001",,"8.88","1.67","0","36.209999999999994","32.02","65.49999999999999","6.1"
Fermenta Biotech Ltd,FERMENTA,"Pharmaceuticals","821.70191808","17.12","-0.16","-10.129999999999995","255.97000000000008",,"-50.87","0.49","3.61","330.96999999999997","22.13","238.3435","40.9"
Vascon Engineers Ltd,VASCONEQ,"Construction & Engineering","816.9640133859999","616.52","68.08","99.72999999999999","1035.61",,"26.9","79.25","0","245","18.35","73.92850000000001","4.75"
Max India Ltd,MAXIND,"Hospitals & Diagnostic Centres","816.520412652","10.26","46.82","-93.33","274.1600000000001","0","-12.55","19.61","0","294.63","24.87","190.3787","-127.6"
Tamilnadu Petroproducts Ltd,TNPETRO,"Commodity Chemicals","815.681383284","46.12","-244.41","62.56","442.46000000000026",,"100.37","14.76","10.8","775.79","386.87","737.15","206.6"
Regaal Resources Ltd,REGAAL,"FMCG - Foods","814.5970378","90.86","-127.99","33.120000000000005","616.75",,"172.31","1.12","0","111.58","128.09","445.84999999999997","-11.2"
Valiant Organics Ltd,VALIANTORG,"Commodity Chemicals","814.2498666","2.25","-20.96","3.66","457.68000000000006",,"-31.81","93.58","0","695.01","30.83","710.2024000000001","56.43"
IST Ltd,ISTLTD,"Industrial Machinery","813.80509424","0.61","-38.45","1.2599999999999993","87.63999999999956",,"-2.03","1075.6","0","1466.7700000000002","2.69","276.03000000000003","41.74"
Anuh Pharma Ltd,ANUHPHR,"Pharmaceuticals","813.718656","0","-19.91","12.349999999999998","180.60000000000008",,"-4.86","51.95","0","300.97","20.15","58.48","37.12"
Apis India Ltd,APIS,"Agro Products","812.5984581","0.01","0.21","-0.3199999999999994","114.86000000000001",,"-6.39","39.88","0","167.65","2.7","15.150000000000004","5.86"
Krystal Integrated Services Ltd,KRYSTAL,"Business Support Services","812.32928928","161.72","-33.98","-70.14","323.45000000000005",,"-3.71","9.17","2.1","261.52","31.5","101.19","-32.45"
Prozone Realty Ltd,PROZONER,"Real Estate","811.084323145","497.47","-25.26","-17.959999999999997","691.3499999999999",,"-32.33","24.99","0","-66.65000000000003","7.64","568.1582","39.63"
STEL Holdings Ltd,STEL,"Asset Management","809.730894375","88.74","-43.14","0.03999999999999915","159.3499999999998","0","0","1884.21","0","1645.95","0.01","0.75","43.18"
Kopran Ltd,KOPRAN,"Pharmaceuticals","807.190458785","245.72","-56.43","11.379999999999999","325.65999999999997",,"25.87","0.06","14.46","224.34","58.92","321.6042","41.94"
Manoj Vaibhav Gems N Jewellers Ltd,MVGJL,"Precious Metals, Jewellery & Watches","804.810437916","183.46","127.23","-15.5","779.3200000000002",,"-76.06","0","0","486.4599999999999","11.63","88.58999999999999","-66.67"
Kellton Tech Solutions Ltd,KELLTONTEC,"IT Services & Consulting","803.3187077399999","15.59","-24.54","-0.1599999999999966","253.72",,"18.51","0","0","470.95000000000005","10.83","83.73681350000001","5.87"
GIC Housing Finance Ltd,GICHSGFIN,"Home Financing","803.134798324","116.99","-87.02","17.900000000000006","8810.540000000003","10205.04","122.45","254.04","24.23","1793.97","2.65","38.11","-17.53"
Viviana Power Tech Ltd,VIVIANA,"Electrical Components & Equipments","800.061696","25.4","-36.6","0.990000000000002","153.25000000000003",,"51.7","9.41","0","28.009999999999998","0.22","1.5642999999999994","-14.11"
Sudarshan Colorants India Ltd,SUDARCOLOR,"Specialty Chemicals","797.12989393","0","-36.69","69.36","234.7599999999999",,"-4.55","4.23","0","500.26","11.89","156.15889999999996","110.6"
United Polyfab Gujarat Ltd,UNITEDPOLY,"Textiles","797.1073315","25.77","-2.54","0.14000000000000057","148.85999999999996",,"-16.78","0","0","48.60000000000001","2.55","93.92999999999999","19.46"
Bright Outdoor Media Ltd,BRIGHT,"Advertising","796.545559","82.18","-19.66","-28.439999999999998","23.95",,"-13.83","0.23","0.73","67.00999999999999","6.22","19.21","5.05"
Dwarikesh Sugar Industries Ltd,DWARKESH,"Sugar","796.24041659","146.88","-6.55","81.46000000000001","656.6600000000001",,"27.33","0.32","0","640.8100000000001","12.42","546.97","60.68"
Sarla Performance Fibers Ltd,SARLAPOLY,"Textiles","796.117602","45.29","-90.16","-1.2099999999999973","262.7200000000002",,"26.55","236.25","0","436.22999999999996","20.58","238.96999999999997","62.4"
Asian Hotels (West) Ltd,AHLWEST,"Hotels, Resorts & Cruise Lines","794.1464736","7.23","1.14","-11.750000000000028","1025.9599999999998",,"-151.24","0","0","-96.89","20.68","776.2599999999999","138.35"
Supreme Infrastructure India Ltd,SUPREMEINF,"Construction & Engineering","793.6201750399999","252.92","-3.02","-0.29999999999999893","8842.17",,"-8.25","1625.84","0","-6691.9800000000005","3.88","88.87","10.97"
Kabra Extrusion Technik Ltd,KABRAEXTRU,"Industrial Machinery","790.491012108","105.43","-64.37","-4.070000000000004","324.68999999999994",,"17.44","26.44","12.24","339.46999999999997","68.16","251.1931","42.86"
Pudumjee Paper Products Ltd,PDMJEPAPER,"Paper Products","790.45875","0.95","-34.97","30.610000000000007","180.56",,"-16.79","20.31","5.7","572.43","25.92","239.4292","82.37"
Sudarshan Pharma Industries Ltd,SUDARSHAN,"Pharmaceuticals","783.82593959","57.81","-20.37","0.3999999999999986","270.93000000000006",,"-14.45","28.84","0","45.78","0.59","26.4218","35.22"
N R Agarwal Industries Ltd,NRAIL,"Paper Products","782.8786","0","-174.69","0.49000000000001587","994.8999999999999",,"-0.93","28","3.4","757.57","119.66","1216.8999999999999","176.11"
Karnika Industries Ltd,KARNIKA,"Textiles","781.788475","22.48","-18.31","-10.439999999999998","83.57999999999998",,"3.73","8.66","0","36.129999999999995","3.48","7.420000000000001","4.14"
Likhitha Infrastructure Ltd,LIKHITHA,"Construction & Engineering","781.62285","48.02","35.19","30.729999999999997","51.58",,"-6.24","0","5.92","305.20000000000005","2.96","24.299999999999997","1.78"
Sigachi Industries Ltd,SIGACHI,"Commodity Chemicals","780.6650514300001","270.43","-93.07","14.960000000000008","233.12",,"81.1","0.15","3.28","292.21","43.33","324.34979999999996","26.93"
Ganesh Consumer Products Ltd,GANESHCP,"FMCG - Foods","777.504668094","23.66","-17.16","0.6799999999999997","114.91",,"-28.24","0","30","166.81","17.73","172.037","46.08"
ECOS (India) Mobility & Hospitality Ltd,ECOSMOBLTY,"Tour & Travel Services","776.4","0","-19.16","26.27","119.64999999999996",,"-29.73","0.44","15.3","209.75","31.76","58.81","75.16"
BEML Land Assets Ltd,BLAL,"Real Estate","776.170191","0","-0.18","-0.010000000000000009","8.740000000000002",,"-0.77","0","0","-40.53","0.18","9.63","0.94"
Hazoor Multi Projects Ltd,HAZOOR,"Real Estate","772.7811811199999","209.17","-104.63","-62","748.21",,"187.85","8.91","3.91","226.32000000000002","96.85","195.34500000000003","-145.22"
Bigbloc Construction Ltd,BIGBLOC,"Building Products - Granite","769.46420125","5.88","-80.62","0.5699999999999932","228.69000000000003",,"68.24","0.58","1.13","98.88000000000001","69.94","238.92910000000003","12.95"
Kotak Nifty Alpha 50 ETF,ALPHA,"Equity","768.630117211",,,,,,,,,,,,
Permanent Magnets Ltd,PERMAGN,"Metals - Diversified","767.66988384","2.8","-28.02","0.5900000000000016","50.12",,"-9.49","0","1.55","132.64","28.03","61.82","38.1"
Gayatri Projects Ltd,GAYAPROJ,"Construction & Engineering","766.09335","376.84","1.39","209.12","4875.78",,"-69.19","363.43","0","-1850.8899999999999","2.82","191.47","276.92"
Advent Hotels International Ltd,ADVENTHTL,"Hotels, Resorts & Cruise Lines","764.3167659029999","999.82","-2183.09","-29.769999999999982","2997.9999999999995",,"-157","607.55","0","-128.5","33.75","1655.0011","2310.32"
GTPL Hathway Ltd,GTPL,"Cable & D2H","762.949249792","339.74","-380.2","-39.23999999999998","1942.6699999999996",,"-110.97","11.85","44.98","711.71","384.62","1981.6989999999996","451.93"
The Ruby Mills Ltd,RUBYMILLS,"Textiles","762.69952","8.59","-81.56","-13.539999999999992","401.08000000000004",,"103.5","15.7","5.85","611.37","21.51","156.13","-35.48"
Aditya Birla Money Ltd,BIRLAMONEY,"Investment Banking & Brokerage","762.0265754850001","5.66","-1.01","45.91999999999999","2234.87","609.39","173.13","716.76","0","224.82","7.14","38.61","-126.2"
Arihant Capital Markets Ltd,ARIHANTCAP,"Diversified Financials","761.6993472","0","-11.85","3.8199999999999967","402.3999999999999","160.61","-14.41","23.75","5.21","365.48","16.82","28.66","30.08"
NCL Industries Ltd,NCLIND,"Cement","760.77029501","212.23","-111.13","-29.74999999999999","776.5600000000002",,"-4.8","4.2","15.83","600.78","117.83","1091.0548999999999","86.18"
Innovana Thinklabs Ltd,INNOVANA,"Software Services","760.5979","11.22","-18.71","6.369999999999999","66.48",,"-9.81","58.67","0","173.73","15.83","70.94","34.89"
Sacheerome Ltd,SACHEEROME,"FMCG - Personal Products","759.444696","0","-23.15","1.1000000000000019","22.700000000000014",,"1.77","0","0","45.65","24.38","51.01","22.48"
Integra Engineering India Ltd,INTEGRAEN,"Industrial Machinery","758.38706788","3.82","-23.07","-3.1599999999999993","61.87999999999997",,"-7.12","0","9.92","88.08000000000001","25.96","61.43","27.03"
Automotive Stampings and Assemblies Ltd,ASAL,"Auto Parts","757.921566675","42.37","-15.5","2.5199999999999996","285.56999999999994",,"24.74","0","0","-49.5","16.54","118.74","-6.72"
McLeod Russel India Ltd,MCLEODRUSS,"Tea & Coffee","757.30407875","44.02","-18.79","3.190000000000005","3537.7299999999996",,"-50.45","58.35","0","-39.61","24.13","1102.1587","72.43"
Vision Infra Equipment Solutions Ltd,VIESL,"Business Support Services","756.768104","100.2","-138.29","0.5400000000000205","354.8699999999999",,"98.93","0","0","39.80999999999999","0","275.78999999999996","39.9"
Fairchem Organics Ltd,FAIRCHEMOR,"Specialty Chemicals","756.4468946100001","0","-25.5","0","99.81000000000004",,"42.28","0","9.77","289.01","26.11","212.99999999999997","-16.78"
Heranba Industries Ltd,HERANBA,"Fertilizers & Agro Chemicals","756.374566701","58.18","-238.87","14.090000000000003","960.5500000000001",,"151.66","2.83","5","742.61","275.97","731.9699999999999","101.3"
U. P. Hotels Ltd,UPHOT,"Hotels, Resorts & Cruise Lines","756","0","-27.52","8.530000000000003","30.61999999999999",,"-0.33","0","0","176.04","16.54","71.82990000000001","36.38"
Uniphos Enterprises Ltd,UNIENTER,"Fertilizers & Agro Chemicals","754.989736744","65","52.77","9.090000000000003","100.07000000000068",,"-40.96","2615.48","39.64","2662.74","0","182.34","-2.72"
RSWM Ltd,RSWM,"Textiles","752.92041874","304.92","-113.43","5.909999999999968","2313.59",,"-307.05","283.33","0","945.1599999999999","127.96","1553.2100000000003","426.39"
Axtel Industries Ltd,AXTEL,"Industrial Machinery","752.329036","0","-25.49","-3.0299999999999994","65.16000000000001",,"-8.76","0","8.08","106.43","6.98","28.83","31.22"
Popular Vehicles and Services Ltd,PVSL,"Four Wheelers","751.7105744840001","294.42","-39.35","-30.48999999999998","1270.0099999999998",,"-141.94","14.01","3.56","330.10999999999996","53.78","714.323","150.8"
Fedders Holding Ltd,FEDDERSHOL,"Diversified Financials","751.68440004","309.11","43.79","-0.009999999999990905","122.23000000000009","0","192.9","10.3","0","299.14","45.83","139.31","-236.7"
Consolidated Finvest & Holdings Ltd,CONSOFINVT,"Asset Management","751.200093108","183.09","-9.97","0.019999999999999574","96.38999999999979","2.45","0","1119.26","0","812.02","0","0.77","9.99"
Yogi Ltd,YOGI,"Real Estate","750.1208","69.45","0.67","-0.009999999999990905","376.06",,"71.76","0","0","-1.0799999999999983","0.12","0.12000000000000001","-72.44"
Sunshield Chemicals Ltd,SUNSHIEL,"Specialty Chemicals","748.2206727","8.83","-50.15","-0.5700000000000016","208.7",,"1.6","0","0.86","79.51","49.84","163.63","47.98"
Sandesh Ltd,SANDESH,"Publishing","748.0101832199999","13.17","-108.51","-43.24","88.79000000000022",,"-2.1","309.99","1.89","1332.36","3.17","106.24000000000001","67.37"
Eraaya Lifespaces Ltd,EBIX,"Construction & Engineering","746.8151476","296.5","-429.08","290.53","4066.3","0","939.5","4.92","0","-338.52","30.22","505.61800000000017","-219.89"
Xchanging Solutions Ltd,XCHANGING,"IT Services & Consulting","746.4048972","84.17","15.52","-7.75","145.57",,"-70.02","0","44.56","163.10000000000002","0","0.03999999999999204","46.75"
Kothari Petrochemicals Ltd,KOTHARIPET,"Commodity Chemicals","745.3485024","0","-43.43","7.850000000000003","72.34",,"-7.49","25.96","5.88","246.97","0","212.55","58.77"
Ritco Logistics Ltd,RITCO,"Logistics","742.567763574","120.62","-93.33","19.210000000000008","331.4",,"128.58","0","0","171.89","99.45","147.23","-16.04"
Innovision Ltd,INNOVISION,"Employment Services","741.7841081","0","1.7","2.8099999999999987","138.41000000000003",,"22.99","0.01","0","63.39","1.39","12.020000000000001","-21.88"
Aryaman Financial Services Ltd,ARYAMAN,"Investment Banking & Brokerage","739.7188","16.45","-11.74","26.199999999999996","44.32","0","-8","97.13","0","100.05","0.35","2.4699999999999998","45.94"
Airfloa Rail Technology Ltd,AIRFLOA,"Industrial Machinery","737.67533435","16.81","-6.16","2.1000000000000014","145.51",,"12.71","0","0","76.53","6.4","36.76","-4.45"
Enkei Wheels (India) Ltd,ENKEIWHEL,"Auto Parts","737.060569475","182.29","-33.52","-5.1899999999999995","365.35",,"-15.37","3.91","0","32.54000000000002","28.21","324.53000000000003","43.7"
Zuari Industries Ltd,ZUARIIND,"Conglomerates","735.8930566399999","0","182.77","18.210000000000008","3721.4600000000005",,"-163.27","6360.38","4.01","4958.93","14.73","484.0001999999999","-1.29"
Bizotic Commercial Ltd,BIZOTIC,"Textiles","734.7204","39.8","-5.64","0.73","49.930000000000014",,"0.94","0","0","10.21","6.46","7.5","5.43"
Parin Enterprises Ltd,PARIN,"Building Products - Others","734.67744","20.92","-23.63","7.3799999999999955","122.79",,"43.48","0","0","31.839999999999996","23.24","29.950000000000003","-12.47"
Visa Chrome Ltd,VISACHROME,"Iron & Steel","733.4669745","164.5","-12.32","0.1899999999999995","1894.22",,"-13.03","4.21","0","-1641.12","12.49","447.0900000000001","25.54"
MMP Industries Ltd,MMP,"Metals - Aluminium","731.010994301","67.89","-50.97","10.58","225.58999999999997",,"4.76","47.68","3.81","230.15000000000003","49.75","250.98999999999998","56.79"
Shree Ganesh Remedies Ltd,SGRL,"Pharmaceuticals","729.6261327","22.41","-35.48","-5.909999999999997","46.78000000000001",,"-1.09","0.08","0","109.91","23.2","103.7445","30.66"
South West Pinnacle Exploration Ltd,SOUTHWEST,"Mining - Diversified","729.433258983","36.49","-4.27","18.830000000000002","105.41000000000005",,"-3.57","5.27","0.37","94.98999999999998","5.7","81.73790000000001","26.67"
JITF Infralogistics Ltd,JITFINFRA,"Shipbuilding","728.18599098","292.16","187.24","-33.48000000000002","4466.400000000001",,"-405.74","1.45","1.19","-808.0799999999999","280.55","1931.1539999999998","185.02"
Ganesh Benzoplast Ltd,GANESHBE,"Specialty Chemicals","724.789490628","222.14","-60.14","-6.080000000000003","179.09000000000003",,"-0.88","15.69","0","309","39.02","373.852","54.94"
Arrow Greentech Ltd,ARROWGREEN,"Packaging","723.91926524","18.82","-54.58","9.069999999999995","18.37",,"-3.92","0.17","3.14","154.35","6.79","38.68000000000001","67.57"
VLS Finance Ltd,VLSFINANCE,"Investment Banking & Brokerage","722.807502205","4.74","136.93","293.14","238.62999999999977","8","-43.99","2211.21","8.5","2433.1200000000003","0.56","126.45000000000002","200.2"
Prizor Viztech Ltd,PRIZOR,"Business Support Services","722.80579085","20.12","-8.38","0.21000000000000085","13.96",,"22.69","0","0","12.02","8.28","10.129999999999999","-14.1"
Kirloskar Electric Company Ltd,KECL,"Heavy Electrical Equipments","721.057568847","44.11","-0.92","0.0799999999999983","487.63999999999993",,"-34.76","2.03","0","4.230000000000004","3.86","435.5","35.76"
Sahana System Ltd,SAHANA,"IT Services & Consulting","720.223976","110.01","-35.04","-4.290000000000006","59.91000000000003",,"79.1","11.19","0","57.18999999999998","12.82","36.03670000000001","-48.35"
Exhicon Events Media Solutions Ltd,EXHICON,"Advertising","719.42388","52.17","-53.38","-11.52","19.549999999999972",,"24.73","6.43","1.29","20.090000000000003","13.81","25.29","17.13"
Vasa Denticity Ltd,DENTALKART,"Hospitals & Diagnostic Centres","718.803388305","70.43","-42.68","0.5800000000000054","17.56000000000004",,"46.81","0","0","32.959999999999994","20.84","22.1778","-3.55"
Praveg Ltd,PRAVEG,"Advertising","716.908560375","369.01","-242.51","-51.75","130.17000000000002",,"158.22","0","2.58","47.610000000000014","277.34","451.13259999999997","32.54"
LIC MF Nifty 100 ETF,LICNFNHGP,"Equity","715.877494056",,,,,,,,,,,,
VTM Ltd,VTMLTD,"Textiles","715.850142","0","7.99","1.7699999999999996","76.20000000000002",,"31.34","45.04","4.02","302.4","21.78","110.5","-37.56"
Australian Premium Solar (India) Ltd,APS,"Renewable Energy","714.70175","22.15","-13.77","9.6","123.29000000000002",,"-1.03","0","0","46.26","0","30.16","24.4"
Cheviot Co Ltd,CHEVIOT,"Textiles","714.40289375","0","28.43","8.270000000000003","62.329999999999885",,"-46.33","278.13","3.01","645.1","17.2","232.07999999999998","26.17"
Foseco Crucible (India) Ltd,FOSECOC,"Industrial Machinery","713.272","3.5","-29.39","-28.17","38.53",,"-24.07","0","23.65","125.47","30.69","83.24189999999999","25.29"
SPEL Semiconductor Ltd,SPELS,"Electronic Equipments","712.97566878","0.47","1.45","2.7755575615628914e-17","115.18000000000004",,"0.22","0","0","-33.67","0","72.45","-1.67"
Voith Paper Fabrics India Ltd,VOITHPAPR,"Textiles","712.495032595","0","-28.95","-0.9999999999999978","42.54",,"-3.72","0","3.51","380.28","26.26","139.26","31.67"
Sadhana Nitro Chem Ltd,SADHNANIQ,"Specialty Chemicals","711.5266524","136.87","-88.56","-9.770000000000003","356.46",,"24.67","0","3.71","110.82","93.58","250.11","54.12"
Taneja Aerospace and Aviation Ltd,TANAA,"Aerospace & Defense Equipments","711.0824463600001","71.75","-19.89","-1.0200000000000005","16.94999999999996",,"-6.38","26.98","6.38","57.84","0.39","106.13999999999999","25.25"
Gloster Ltd,GLOSTERLTD,"Textiles","708.7402339","781.46","-226.91","14.910000000000025","934.5700000000002",,"340.86","109.91","21.83","291.03999999999996","229.05","980.2650000000001","-99.04"
Anlon Healthcare Ltd,AHCL,"Pharmaceuticals","707.446465","17.91","2.79","-0.8200000000000003","100.87",,"18.94","0","0","22.66","0.53","22.810000000000002","-22.55"
DMCC Speciality Chemicals Ltd,DMCC,"Diversified Chemicals","705.55070457","17.15","-6.68","1.5799999999999983","152.60999999999999",,"-29.78","0.37","2.49","185.48999999999998","7.01","215.09889999999996","38.04"
GeeCee Ventures Ltd,GEECEE,"Real Estate","705.038943235","4.8","-21.15","189.98","409.54",,"-4.52","413.32","4.18","754.34","2.13","28.9914","215.65"
Dhampur Bio Organics Ltd,DBOL,"Sugar","704.82225249","0","-145.47","2.8899999999999935","1385.79",,"18.79","0","16.72","945.35","145.74","1155.0700000000002","129.57"
Denta Water and Infra Solutions Ltd,DENTA,"Water Management","704.4795","184.12","17.79","136.76000000000002","20.54999999999999",,"190.86","1.87","0","197.95","0.33","24.35","-71.89"
Allied Digital Services Ltd,ADSL,"IT Services & Consulting","702.694254816","387.1","-12.4","61.41999999999999","277.5899999999999",,"-18.45","6.01","8.31","186.47000000000003","3.73","138.71999999999997","92.27"
C2C Advanced Systems Ltd,C2C,"Software Services","698.25101795","138.81","-27.9","-13.689999999999998","64.88000000000004",,"129.45","0","0","42.139999999999986","3.04","39.47","-115.24"
Saurashtra Cement Ltd,SAURASHCEM,"Cement","697.99382016","126.09","-5.25","51.769999999999996","655.44",,"26.79","0.02","11.1","710.06","86.34","937.2287","30.23"
Unihealth Hospitals Ltd,UNIHEALTH,"Hospitals & Diagnostic Centres","697.8628664","48.12","-7.88","-13.870000000000001","25.73000000000001",,"-2.73","0.19","0","39.98","9.84","37.885400000000004","-3.26"
Radhika Jeweltech Ltd,RADHIKAJWE,"Precious Metals, Jewellery & Watches","697.852","42.9","-1.72","2.9299999999999997","53.189999999999934",,"-11.92","0","2.36","256.15000000000003","0.13","9.88","16.57"
SAR Televenture Ltd,SARTELE,"Telecom Infrastructure","697.551725","734.3","-366.85","18.08000000000004","93.42000000000002",,"568.47","0","0","66.88","159.38","157.80249999999998","-183.54"
SMT Engineering Ltd,SMTEL,"Industrial Machinery","696.86955","37.05","0.24","22.08","104.25999999999999","0","53.22","0.03","0","9.260000000000005","0","20.6623545","-31.38"
Modern Malleables Ltd,MODMA,"Electrical Components & Equipments","696.8195","12.94","-10.78","-21.77","42.03000000000001",,"-0.23","134.79","0","134.25","1.51","5.93","-10.76"
Petro Carbon and Chemicals Ltd,PCCL,"Metals - Coke","696.1695","0","-50.37","24.380000000000003","246.25",,"62.31","0","0","145.82","51.88","163.67999999999998","12.44"
Amal Ltd,AMAL,"Commodity Chemicals","694.90523102","54.94","-22.01","2.5299999999999976","22.460000000000022",,"-25.17","0.43","0","31.879999999999995","3.52","80.53","49.71"
FlySBS Aviation Ltd,FLYSBS,"Airlines","694.659083895","99.8","-27.6","41.489999999999995","41.46000000000002",,"69.08","0","0","37.83","0.56","5.43","0.01"
State Trading Corporation of India Ltd,STCINDIA,"Commodities Trading","694.32","0","122.51","-48.269999999999996","6963.96",,"0","0","0","-4662.64","0","0","-170.78"
Iris Clothings Ltd,IRISDOREME,"Retail - Apparel","691.2838990399999","0.13","0.04","0.029999999999999805","74.49000000000002",,"-2.54","0","0","65.84","0.84","26.900000000000006","2.53"
Shri Ahimsa Naturals Ltd,SHRIAHIMSA,"FMCG - Foods","690.4465","43.72","-4.32","74.35","38.449999999999974",,"34.31","0","0","87.5","6.82","51.22","44.36"
RNFI Services Ltd,RNFI,"Diversified Financials","689.4185090100001","57.45","-31.07","45.07","165.16000000000003",,"46.24","0","0","29.72","23.43","57.110499999999995","29.9"
Forbes Precision Tools and Machine Parts Ltd,TOTEM,"Industrial Machinery","688.01217744","0","-70.77","-8.469999999999995","83.77999999999997",,"10.98","0","0","114.65","28.26","118.21999999999998","51.32"
Uni-Abex Alloy Products Ltd,UNIABEXAL,"Iron & Steel","687.28025","2.66","-16.76","6.199999999999999","54.08999999999997",,"-11.75","1.49","4.94","136.98","4.85","24.36","34.71"
Vakrangee Limited,VAKRANGEE,"Outsourced services","684.577222024","492.58","-12.03","-2.870000000000001","96.97",,"29.74","4.39","5.4","-423.5","14.38","127.05000000000001","-20.58"
Modi's Navnirman Ltd,MODIS,"Real Estate","683.341056","52.15","8.15","-4.670000000000001","48.06",,"5.64","4.56","0","9.280000000000001","0.02","0.02","-18.46"
Virat Industries Ltd,VIRAT,"Apparel & Accessories","682.5243163050001","0","0.85","-0.25","5.29",,"-0.28","0","0.05","21.52","0.05","3.6599999999999966","-0.82"
Kamdhenu Ltd,KAMDHENU,"Iron & Steel","681.311211","27.54","-87.87","-4.970000000000001","52.08999999999993",,"14.03","24.08","5.55","243.88000000000002","13.27","42.379999999999995","68.87"
Mukka Proteins Ltd,MUKKA,"Packaged Foods & Meats","680.7","177.35","-34.99","-91.37000000000002","619.8199999999999",,"55.55","36.66","0","233.35","26.79","95.74000000000001","-111.93"
Swaraj Suiting Ltd,SWARAJ,"Textiles","679.2134646","54.27","-127.33","0.4200000000000017","417.45",,"86.89","3.68","0","77.32999999999998","140.24","274.77","40.86"
PVP Ventures Ltd,PVP,"Real Estate","676.789166919","825.34","2.77","-0.15000000000000213","154.62000000000006",,"-22.46","2.17","0","-865.25","0.72","6.506999999999998","19.54"
Magadh Sugar & Energy Ltd,MAGADSUGAR,"Sugar","676.04594925","0","-149.78","-0.050000000000007816","855.02",,"10.41","0.01","21.14","819.86","152.39","935.95","139.32"
Fabtech Technologies Ltd,FABTECH,"Pharmaceuticals","675.163110066","0","-20.05","-19.93","253.44999999999996",,"36.26","8.32","4.86","140.72","24.78","57.131899999999995","-36.14"
Kuantum Papers Ltd,KUANTUM,"Paper Products","671.929951","0","-314.6","-61.35000000000001","900.0399999999997",,"76.29","0","26.04","1203.98","312.95","1774.8999999999999","176.96"
Bhageria Industries Ltd,BHAGERIA,"Specialty Chemicals","666.49027278","0.01","-43.61","-3.3199999999999967","176.57",,"-9.2","1.41","4.36","532.87","24.45","360.34","49.49"
Consolidated Construction Consortium Ltd,CCCL,"Construction & Engineering","666.118341441","370.72","-13.06","62.55000000000001","222.72",,"-79.91","0.12","0","-260.33000000000004","0.45","203.91","155.52"
Patel Retail Ltd,PATELRMART,"Retail - Speciality","662.0986665439999","14.5","-10.56","8.759999999999996","248.3",,"-8.4","0","0","95.19","11.67","64.97000000000001","27.72"
Chemcon Speciality Chemicals Ltd,CHEMCON,"Specialty Chemicals","662.026659173","147.21","-18.92","0.060000000000002274","53.28000000000011",,"-21.54","0.25","0","316.81999999999994","9.57","188.54000000000002","40.52"
Welspun Investments and Commercials Ltd,WELINV,"Diversified Financials","660.80235032","0.5","1.53","0.010000000000000009","90.7900000000001","0","0","819.82","0","725.07","0","0","-1.52"
Mindteck (India) Ltd,MINDTECK,"IT Services & Consulting","660.717427617","96.96","-5.45","20.15","61.779999999999944",,"1.47","0","2.48","128.86","0.81","9.82","24.13"
Ksolves India Ltd,KSOLVES,"IT Services & Consulting","659.782926","0","-7.59","3.1099999999999994","35.63",,"-23.41","0","36.75","8.9","7.23","7.3801000000000005","34.11"
Om Power Transmission Ltd,OMPOWER,"Power Transmission & Distribution","659.01078","0","1.4","0.5199999999999996","77.51999999999998",,"-13.33","0.14","0","72.05","0.49","9.52","12.45"
Foce India Ltd,FOCE,"Precious Metals, Jewellery & Watches","658.783422","19.54","-15.86","-0.6099999999999994","70.47999999999999",,"0","0","0","54.38","0.13","72.55999999999999","15.25"
Allcargo Terminals Ltd,ATL,"Logistics","658.421365737","0","-130.3","-3.5600000000000094","677.7",,"18.35","141.59","2.86","219.27","7.09","489.4097000000001","108.39"
Pradeep Metals Ltd,PRADPME,"Iron & Steel","657.38255","5.16","-18.81","0.40000000000000036","130.23",,"-14.01","0","3.4","114.78","23","98.53330000000003","33.22"
Oswal Greentech Ltd,OSWALGREEN,"Real Estate","655.120164609","442.53","-109.96","-1.979999999999988","57.29999999999956",,"-2.17","109.49","0","1800.66","0.1","123.4","110.15"
Advance Agrolife Ltd,ADVANCE,"Specialty Chemicals","653.5929152399999","0","-33.87","0.12000000000000455","250.62",,"28.28","0","0","55.87","33.61","76.89","5.71"
TV Today Network Limited,TVTODAY,"TV Channels & Broadcasters","652.65531087","54.04","-74.15","-14","241.89999999999978",,"-61.44","0.1","50.72","807.34","16.28","152.23000000000002","121.59"
LIC MF Nifty Midcap 100 ETF,LICNMID100,"Equity","651.812855808",,,,,,,,,,,,
Glottis Ltd,GLOTTIS,"Logistics","649.685493","0","-8.64","4.18","57.57000000000003",,"11.73","0","0","82.53","11.15","16.3","1.09"
Aditya Birla Sun Life Nifty 50 ETF,BSLNIFTY,"Equity","647.50496721",,,,,,,,,,,,
Influx Healthtech Ltd,INFLUX,"Pharmaceuticals","646.822176","0","-8.64","-1.690000000000001","34.13999999999999",,"-0.11","0","0","18","8.21","18.759999999999998","7.06"
Z F Steering Gear (India) Ltd,ZFSTEERING,"Auto Parts","646.1550595","2.32","-65.47","-10.499999999999998","167.73",,"15.72","155.58","7.23","454.52","59.03","260.02","39.25"
Shraddha Prime Projects Ltd,SHRADDHA,"Real Estate","644.79996","11.09","-1.45","9.299999999999997","304.90000000000003",,"85.38","6.81","0.4","25.44","0.19","0.3687","-74.63"
Mallcom (India) Ltd,MALLCOM,"Business Support Services","644.4048","12.68","-43.11","-26.229999999999997","194.14000000000001",,"15.18","0","0","279.71999999999997","78.67","202.809","1.7"
Kilitch Drugs (India) Ltd,KILITCH,"Pharmaceuticals","642.59354632","46.68","-39.95","-9.170000000000003","112.32",,"13.24","22.84","0","139.57","46.87","93.16399999999999","17.54"
Satia Industries Ltd,SATIA,"Paper Products","641","0","-172.44","3.660000000000025","396.34",,"-109.19","42.63","2","1038.72","136.49","849.99","285.29"
Innovassynth Technologies (India) Ltd,INOVSYNTH,"Specialty Chemicals","640.831663096","7.19","0","0.040000000000000036","6.36",,"0.77","48.53","0","7.069999999999999","0","0","-0.73"
Jagatjit Industries Ltd,JAGAJITIND,"Alcoholic Beverages","640.68672096","41.06","-99.65","-0.37999999999999545","667.72",,"104.62","3.92","0","-34.08","150.05","564.48","-5.35"
Shree Vasu Logistics Ltd,SVLL,"Logistics","638.245161","4.25","-13.81","-0.13000000000000034","146.93",,"-3.82","0.14","0","18.55","14.26","119.15","17.5"
Transpek Industry Ltd,TRANSPEK,"Specialty Chemicals","634.35307133","2.03","-30.46","48.43999999999998","255.20999999999992",,"-56.17","328.15","7.82","737.7","20.84","364.8999999999999","135.07"
Jayant Agro-Organics Ltd,JAYAGROGN,"Specialty Chemicals","634.05","39.37","-27.69","-2.7099999999999937","259.4599999999999",,"-93","12.51","22.28","522.5","28.22","321.87","117.98"
20 Microns Ltd,20MICRONS,"Specialty Chemicals","632.8986998720001","39.5","-63.26","-17.45","279.2",,"14.02","25.04","0","372.22","76.68","292.9015","31.79"
Tuticorin Alkali Chemicals and Fertilizers Ltd,TUTIALKA,"Commodity Chemicals","632.81530102","0.44","-77.92","0.5600000000000023","379.6700000000001",,"86.11","2.36","0","18.889999999999997","76.35","340.83","-7.63"
Baheti Recycling Industries Ltd,BAHETI,"Metals - Aluminium","628.851446475","9.66","-4.97","0.08000000000000185","189.67999999999998",,"27.75","0","0.52","39.09","3.65","21.94","-22.7"
Investment & Precision Castings Ltd,INVPRECQ,"Auto Parts","626.55","0.25","-4.01","-1.200000000000001","112.72000000000001",,"-16.18","0","0.5","86.02","4.45","85.1049","18.99"
Commercial Syn Bags Ltd,COMSYN,"Packaging","626.4274368","10.98","-0.21","1.19","157.64000000000004",,"0.38","23.49","0","95.52","9.4","101.38000000000001","1.02"
Utssav CZ Gold Jewels Ltd,UTSSAV,"Precious Metals, Jewellery & Watches","626.0369","59.49","2.81","31.680000000000007","142.88000000000002",,"118.04","0","0","43.48","4.41","8.179599999999999","-89.17"
Snowman Logistics Ltd,SNOWMAN,"Logistics","625.744541275","199.05","-51.89","-3.3200000000000003","364.26",,"-16.85","0","16.71","40.859999999999985","87.78","555.0600000000001","65.42"
Visaka Industries Ltd,VISAKAIND,"Cement","625.74327192","81.37","-32.7","-19.14","678.49",,"-100.49","0","4.52","645.81","30.2","729.76","114.05"
Polo Queen Industrial and Fintech Ltd,PQIF,"FMCG - Household Products","625.50225","0","0.15","-0.25","27.109999999999992",,"-2.9","0","0","123.66","0.27","191.19946","2.5"
Pyramid Technoplast Ltd,PYRAMID,"Plastic Products","624.605904","80.15","-68.12","-0.7400000000000091","119.34",,"32.37","0","0","132.39","68.69","160.19","35.01"
S Chand and Company Ltd,SCHAND,"Education Services","621.742928384","662.83","-49.49","-24.82","275.86",,"-75.22","26.59","10.57","306.5899999999999","24.68","198.99","99.89"
Dish TV India Ltd,DISHTV,"Cable & D2H","618.662067744","6336.13","-377.25","6.190000000000019","5546.8099999999995",,"-26.54","0","0","-9771.46","400.04","1390.7700000000004","409.98"
Sunlite Recycling Industries Ltd,SUNLITE,"Cables","618.0878149600001","24.92","-6.37","-0.029999999999999583","34.39",,"-1.89","0","0","24.229999999999997","8.84","16.62","8.23"
Panchmahal Steel Ltd,PANCHMAHQ,"Iron & Steel","617.56550973","77.13","1.22","0.2999999999999998","81.48999999999994",,"4.13","0","0","64.09","0.2","57.39","-5.05"
Indo Farm Equipment Ltd,INDOFARM,"Agricultural & Farm Machinery","616.6461828","191.34","-75.39","45.540000000000006","230.53000000000003",,"67.93","0.17","0","291.96000000000004","26.85","216.00510000000003","53"
KSE Ltd,KSE,"Agro Products","612.64","1.62","-118.19","5.919999999999991","59.999999999999986",,"-18.56","1.35","18.77","291.93","15.3","61.83","142.67"
Nahar Poly Films Ltd,NAHARPOLY,"Textiles","612.2409759","44.78","-3.26","12.770000000000003","146.3",,"-40.62","576.19","2.46","744.35","5.16","209.9","56.65"
Laxmi India Finance Ltd,LAXMIINDIA,"Specialized Finance","610.331976375","109.89","-18.39","60.160000000000025","1154.6200000000001","1126.91","389.81","29.27","0","127.08999999999999","3.66","12.89","-311.26"
CWD Limited,CWD,"Home Electronics & Appliances","606.3137535","24.51","-2.69","21.91","26.20999999999999",,"21.85","0","0","7.779999999999998","3.05","12.062300000000002","2.75"
Kinetic Engineering Ltd,KINETICENG,"Auto Parts","606.30688023","152.92","-16.56","28.03000000000001","119.28999999999996",,"66.15","3.85","0","-109.94","41.13","93.68859999999995","-21.56"
Sukhjit Starch and Chemicals Ltd,SUKHJITS,"Agro Products","604.290204","25.01","-1.24","0.3200000000000074","486.93999999999994",,"-66.21","0.01","0.12","502.45000000000005","39.84","585.15","67.77"
Best Agrolife Ltd,BESTAGRO,"Diversified Chemicals","604.0048833","110.27","-29.09","-0.12999999999999545","1190.9400000000003",,"-199.2","0.96","7.09","586.2","20.74","264.53000000000003","228.16"
ANB Metal Cast Ltd,AMCL,"Building Products - Others","602.390302","11.92","-1.68","12.82","64.07999999999998",,"10.5","0","0","13.42","2.3","14.709999999999999","4"
Oswal Agro Mills Ltd,OSWALAGRO,"Real Estate","601.908735584","446.49","-40.2","15.579999999999995","10.839999999999982",,"-0.09","617.36","0","370.09000000000003","0.03","6.22","55.87"
Sutlej Textiles and Industries Ltd,SUTLEJTEX,"Textiles","599.28509196","0","-25.03","9.04","1156.4500000000005",,"-31.96","0","0","878.41","65.4","1013.3100000000001","66.03"
Agarwal Industrial Corporation Ltd,AGARIND,"Commodity Chemicals","599.134238395","96","-156.89","-17.549999999999983","717.58",,"39.5","0","4.49","516.14","164.85","701.2619","99.84"
Hindustan Composites Ltd,HINDCOMPOS,"Auto Parts","598.956795","0","-17.91","8.829999999999998","111.54999999999978",,"-3.12","916.79","2.95","1077.14","20.69","138.16","29.86"
Emkay Global Financial Services Ltd,EMKAY,"Investment Banking & Brokerage","596.483060166","80.39","-10.14","-1.3499999999999996","930.1800000000001","17.99","10.88","31.94","3.72","197.41000000000003","6.86","41.75000000000001","-2.09"
Everest Industries Ltd,EVERESTIND,"Building Products - Prefab Structures","595.62139901","32.53","-58.9","-53.239999999999995","714.1199999999998",,"95.89","9.27","3.94","548.26","80.78","574.3999999999999","-90.23"
Elin Electronics Ltd,ELIN,"Electronic Equipments","595.4170371600001","168.98","-21.37","-0.15000000000000213","193.5900000000002",,"4.48","1.48","0","340.78999999999996","40.55","249.36999999999998","16.74"
Supreme Power Equipment Ltd,SUPREMEPWR,"Power Transmission & Distribution","593.914323275","34.66","-40.57","5.739999999999999","61.65000000000001",,"6.95","0","0","32.85000000000001","39.78","63.980000000000004","39.36"
Davangere Sugar Company Ltd,DAVANGERE,"Sugar","593.4461811699999","12.09","-3.15","-0.03000000000000025","392.7500000000001",,"7.69","4.62","0","243.65","3.09","349.41","-4.57"
Transindia Real Estate Ltd,TREL,"Logistics","592.863299412","0","28.38","35.05","79.18",,"-78.5","0","12.27","1193.31","180.93","875.76","85.17"
RDB Infrastructure and Power Ltd,RDBIPL,"Real Estate","592.015371","0","5.74","-2.1000000000000085","132.47999999999996",,"74.32","0.1","0","25.82","0.02","0.14","-82.16"
Hemant Surgical Industries Ltd,HSIL,"Health Care Equipment & Supplies","590.444624","18.94","-30.28","-3.8000000000000007","85.14",,"17.64","1.25","0","33.78999999999999","38.74","51.81","8.84"
Subam Papers Ltd,SUBAM,"Packaging","588.056378","91.9","-61.29","25.9","258.00000000000006",,"54.91","14.41","0","204.91","50.62","280.653","32.28"
Premier Polyfilm Ltd,PREMIERPOL,"Home Furnishing","585.196207825","8.46","-11.48","6.049999999999999","45.48000000000003",,"-5.58","10.08","1.57","98.82","9.43","56.36000000000001","23.11"
Onward Technologies Ltd,ONWARDTEC,"Outsourced services","583.860471946","92.87","-17.16","-6.859999999999999","86.22000000000003",,"-21.22","0","11.2","108.75","3.67","66.49","31.52"
Chemfab Alkalis Ltd,CHEMFAB,"Commodity Chemicals","583.78790673","352.3","-85.99","12.64","141.8500000000001",,"58.72","0.1","1.73","13.319999999999993","113.39","353.03000000000003","39.91"
Linc Ltd,LINC,"Stationery","582.815339708","6.1","-35.09","10.489999999999997","102.99000000000004",,"-11.35","9.81","7.44","198.72","17.05","128.0682","56.93"
Sharat Industries Ltd,SHINDL,"Agro Products","581.354236075","38.26","-2.09","19.970000000000002","142.66",,"47.78","0","0","60.50000000000001","2.07","45.36000000000001","-25.72"
Concord Enviro Systems Ltd,CEWATER,"Environmental Services","578.977118175","244.26","-122.36","6.930000000000007","315.03999999999996",,"124.54","66.06","0","279.07000000000005","25.76","87.269","4.75"
Azad India Mobility Ltd,AZADIND,"Commodities Trading","578.45851125","21.29","0.89","-39.45","6.739999999999995",,"10.7","0","0","-2.879999999999999","0","6.7299999999999995","-51.04"
Chandan Healthcare Ltd,CHANDAN,"Pharmaceuticals","577.55775168","57.82","-35.75","2.3100000000000023","84.55",,"67.11","1.15","3","40.330000000000005","38.7","76.01719999999999","-29.05"
ABS Marine Services Ltd,ABSMARINE,"Shipbuilding","576.06575","79.68","-234.56","2.859999999999985","192.04999999999998",,"192.53","0","0","126.22","114.03","183.36599999999999","44.89"
Shree Rama Multi-Tech Ltd,SHREERAMA,"Plastic Products","574.17935751","256.26","-46.73","-1.75","53.340000000000046",,"25.15","0.01","0","-169.82","38.56","88.10999999999999","19.83"
Euro India Fresh Foods Ltd,EIFFL,"FMCG - Foods","573.8472","31.53","-2.19","0.1800000000000006","56.510000000000026",,"-6.29","0.24","0","16.08","2.15","33.09","8.66"
Focus Lighting and Fixtures Ltd,FOCUS,"Home Electronics & Appliances","573.279776124","32.04","-25.44","3.1100000000000017","61.41999999999999",,"-3.9","3.31","3.31","94.82","27.84","60.28","32.45"
Artson Ltd,ARTSON,"Construction & Engineering","572.9984","0","7.34","4.880000000000003","170.6",,"-22.9","0","0","-66.19","2.37","13.790000000000001","20.44"
Rajapalayam Mills Ltd,RAJPALAYAM,"Textiles","572.758824","117.02","-51.04","-0.030000000000001137","1278.5400000000004",,"-64.63","2059.26","0.55","2188.17","24.22","944.8800000000001","115.64"
Panache Digilife Ltd,PANACHE,"Technology Hardware","572.58057","29.13","3.51","9.92","47.76999999999998",,"21.86","0.25","0","19.94","1.52","10.262799999999999","-15.45"
Mercury Ev-Tech Ltd,MERCURYEV,"Commodities Trading","570.489093174","176.89","-90.13","5.130000000000024","57.34",,"139.09","0","0","-4.079999999999984","22.83","102.89","-43.83"
Urja Global Ltd,URJA,"Renewable Energy Equipment & Services","568.540553914","40.67","6.35","2.25","101.38000000000001",,"2.41","0.7","0","81.14","0","83.583","-6.51"
Subex Ltd,SUBEXLTD,"Software Services","566.507269468","166.57","-14.57","-16.87","182.47999999999993",,"-12.05","6.91","0","-138.76999999999998","2.41","20.870000000000005","9.75"
Vashu Bhagnani Industries Ltd,POOJAENT,"Movies & TV Serials","561.8314975","40.87","16.19","-0.3100000000000023","64.66",,"56.67","0","0","32.07","0","0.22999999999999998","-73.17"
India Finsec Ltd,IFINSEC,"Diversified Financials","561.35667945","45.74","2.98","9.529999999999998","202.13999999999996","329.82","35.16","0","0","38.910000000000004","2.66","12.781991000000001","-28.61"
SoftTech Engineers Ltd,SOFTTECH,"Software Services","560.39895693","103.2","-64.03","1.1799999999999997","79.97999999999999",,"37.25","5.59","0","51.760000000000005","35.36","84.15","27.96"
Modison Ltd,MODISONLTD,"Electrical Components & Equipments","558.7241","0","-8.62","-0.4299999999999997","102.64999999999996",,"24.29","0","11.36","213.36","15.47","95.63","-16.1"
EFFWA Infra & Research Ltd,EFFWA,"Environmental Services","557.1523096899999","40.04","-0.18","7.940000000000001","54.87999999999997",,"39.36","0","0","31.690000000000005","0.18","0.5900000000000001","-31.24"
Shri Venkatesh Refineries Ltd,SVRL,"Wood Products","557.07527568","8.78","-46.81","0.259999999999998","238.33000000000004",,"45.96","0","2.21","64.59","47.79","73.12","1.11"
Primo Chemicals Ltd,PRIMO,"Specialty Chemicals","555.69300346","160.26","-42.98","-0.3099999999999916","349.8299999999999",,"-21.76","60.64","0","181.99","40.15","507.23","64.43"
Modi Naturals Ltd,MODINATUR,"Agro Products","555.54207475","37.93","-28.11","-0.07000000000000028","208.21999999999997",,"-20.75","0","0","70.32","28.15","160.92000000000002","48.79"
NBI Industrial Finance Company Ltd,NBIFIN,"Diversified Financials","554.388957","0.17","-4.75","0.09999999999999976","205.37999999999977","0","-0.12","3512.18","0.12","3306.42","0","0","4.97"
Aptech Ltd,APTECHT,"Education Services","553.34687418","117.41","16.01","7.609999999999999","139.05999999999997",,"-28.5","2.64","26.1","184.1","7.2","29.970000000000006","20.1"
Proventus Agrocom Ltd,PROV,"Packaged Foods & Meats","551.8558768","105.67","-3.82","12.780000000000001","38.97999999999996",,"18.44","0","0","20.53","10.9","13.3301","-1.84"
Triton Valves Ltd,TRITONV,"Auto Parts","547.78384006","33.09","-17.99","-29.77","177.86999999999995",,"0.8","2.34","1.04","71.45","16.58","86.80999999999999","-12.58"
POCL Enterprises Ltd,POEL,"Commodity Chemicals","545.021160345","0.85","-19.61","0","127.71999999999994",,"-20.82","0","1.39","91.47","13.9","45.75999999999999","40.43"
Peninsula Land Ltd,PENINLAND,"Real Estate","544.6977372399999","734.33","-41.26","32.95","734.8999999999999",,"118.25","98.33","0","-603.6600000000001","0.58","304.71999999999997","-44.04"
Empire Industries Ltd,EMPIND,"Packaging","543.7198187600001","0.13","16.78","49.94","436.86",,"-59.2","11.33","15","307.93","6.57","304.88","92.36"
Khaitan Chemicals and Fertilizers Ltd,KHAICHEM,"Fertilizers & Agro Chemicals","543.13952","21.53","-16.62","0.030000000000001137","397.85",,"-27.48","4.64","0","191.41","4.79","128.32","44.13"
Indo SMC Ltd,INDOSMC,"Electrical Components & Equipments","538.929153","2.88","-16.96","0.0799999999999983","64.25999999999999",,"30.79","0","0","16.12","17.04","23.729999999999997","-13.75"
ZIM Laboratories Ltd,ZIMLAB,"Pharmaceuticals","538.7033122199999","8.03","-39.7","-7.650000000000004","219.76000000000005",,"-9.1","0.05","0","194.13","40.8","234.56059999999997","41.15"
Goel Construction Company Ltd,GOELCONS,"Construction & Engineering","536.80264","0.09","-33.2","0.20999999999999464","133.53",,"-5.03","1.81","0","120.13","23.11","80.30999999999999","38.44"
Shri Jagdamba Polymers Ltd,SHRJAGP,"Textiles","536.12097","0","-47.25","4.63000000000001","113.28999999999996",,"86.39","39.32","0","291.61","54.59","117.28","-34.51"
Munjal Showa Ltd,MUNJALSHOW,"Auto Parts","535.413065","0","-9.98","8.629999999999999","153.98",,"-18","28.51","17.99","666.47","6.8","118.9","36.61"
Manba Finance Ltd,MANBA,"Diversified Financials","535.0999559100001","153.88","-14.65","114.92000000000002","1097.08","1146.07","453.13","37.89","2.51","164.78000000000003","2.61","18.019999999999996","-323.56"
Uday Jewellery Industries Ltd,UDAYJEW,"Precious Metals, Jewellery & Watches","534.6309225","27.99","-2.04","-1.5199999999999996","27.00999999999999",,"18.4","0","0","49.81","2.05","6.3100000000000005","-17.88"
True Green Bio Energy Ltd,TRUEGREEN,"Textiles","533.9057166","34.92","-151.81","2.200000000000017","196.32999999999998",,"185.15","0","0","41.459999999999994","0.14","265.13","-31.14"
Parth Electricals & Engineering Ltd,PARTH,"Electrical Components & Equipments","533.3236041","15.06","-10.45","19.6","66.17",,"29.75","1.18","0","15.51","11.67","22.171699999999998","0.3"
Onmobile Global Ltd,ONMOBILE,"Software Services","533.0952539140001","245","-32.14","-33.64","245.56000000000026",,"22.38","68.06","0","271.42999999999995","25.01","33.27100000000013","-23.88"
BMW Ventures Ltd,BMWVENTLTD,"Building Products - Pipes","530.435655","0","-24.13","11.899999999999999","465.9899999999999",,"-14.2","0","9.5","146.8","23.47","140.56","50.23"
Entertainment Network (India) Ltd,ENIL,"Radio","529.3322881600001","188.51","-30.47","-51.9","415.7199999999998",,"-46.97","80.14","7.15","540.12","6.57","443.46889999999985","25.54"
DCM Shriram International Ltd,DCMSIL,"Conglomerates","525.867758325",,,,,,,,,,,,
Piramal Finance Ltd,PIRAMALFIN,"Home Financing","524.0794","2208.85","-862.33","1865.539999999999","60241.420000000006","58746.75","12403.13","8084.9","0","-10453.66","97.96","769.8699999999999","-9675.26"
RNIT AI Solutions Ltd,RNITAI,"Software Services","523.198567134","0","-56.89","7.710000000000001","20.179999999999982",,"71.42","0","0","5.07","16.99","14.740899999999996","-6.82"
Lakshmi Mills Company Ltd,LAKSHMIMIL,"Textiles","521.6625","1.02","-5.9","-0.34999999999999787","264.3499999999998",,"-21.99","846.71","0","880.01","9.55","230.79","27.54"
Global Education Ltd,GLOBAL,"Education Services","521.027754","8.8","-19.9","-3.089999999999997","6.589999999999971",,"-7.11","43.25","7.13","91.04","8.21","15.47","23.92"
W S Industries (India) Ltd,WSI,"Industrial Machinery","520.869567434","152.91","-13.51","-11.930000000000007","210.36999999999998",,"84.17","0","0","-18.439999999999998","8.15","157.14","-82.59"
Lokesh Machines Ltd,LOKESHMACH,"Industrial Machinery","519.641188","107.72","-37.02","-0.03000000000000469","215.04000000000002",,"16.08","1.49","0","81.82","37.34","210.75000000000003","20.91"
Tirupati Forge Ltd,TIRUPATIFL,"Auto Parts","519.43626","42.86","-38","28.630000000000003","38.870000000000005",,"60.78","0","0","31.14","38.49","55.47","5.85"
Vinyl Chemicals (India) Ltd,VINYLINDIA,"Specialty Chemicals","519.30698352","0","21.23","-7.689999999999998","103.08000000000001",,"-12.84","0","12.84","128.42","0.89","0.8500000000000001","-16.08"
Namo eWaste Management Ltd,NAMOEWASTE,"Environmental Services","517.606202025","41.26","-13.59","10.25","11.730000000000006",,"43.41","0","0","24.660000000000004","15.65","33.68","-19.57"
Nile Ltd,NILE,"Metals - Diversified","517.0622655","10.93","-14.24","-8.57","37.34999999999994",,"6.72","0.23","1.2","250.67000000000002","14.14","75.50999999999999","-1.05"
Speciality Restaurants Ltd,SPECIALITY,"Restaurants & Cafes","517.038007383","186.69","-27.29","-2.5999999999999943","204.61",,"-49.49","0.03","4.82","92.05000000000001","37.85","246.40100000000004","74.18"
Repro India Ltd,REPRO,"Stationery","516.79080145","250.1","-71.34","1.9299999999999962","164.77",,"23.2","0","0","117.78","71.48","322.71999999999997","50.07"
PTL Enterprises Ltd,PTL,"Tires & Rubber","516.2703","0","6.58","0.03999999999999915","219.36999999999978",,"-33.01","457.8","23.17","837.58","0.15","608.24","26.47"
HLV Ltd,HLVLTD,"Hotels, Resorts & Cruise Lines","516.200500917","677.72","22.16","57.059999999999995","163.8399999999999",,"1.18","0","0","-341.71000000000004","10.99","328.03999999999996","33.72"
Investment Trust of India Ltd,THEINVEST,"Investment Banking & Brokerage","515.369470705","275.04","2.96","113.44999999999999","788.8800000000002","9.38","-14.87","213.17","0","377.7699999999999","6.43","20.4794","125.36"
Shish Industries Ltd,SHISHIND,"Plastic Products","515.20167039","41.43","-29.84","-0.04999999999999716","48.110000000000014",,"47.2","1.2","0","23.639999999999993","33.59","40.1482","-17.41"
Dhunseri Investments Ltd,DHUNINV,"Asset Management","515.15056922","0","-74.34","-50.71","988.6099999999999","0","-41.48","3220.91","9.15","2676.09","94.78","699.2619","65.11"
Nila Spaces Ltd,NILASPACES,"Real Estate","514.8131844","0.06","30.97","-4.32","156.27999999999997",,"5.18","0.84","0","102.83","1.6","26.01","-40.47"
KRM Ayurveda Ltd,KRMAYURVED,"Hospitals & Diagnostic Centres","513.129408","0","-4.34","1.5300000000000002","42.91",,"5.9","0","0","23.73","4.72","26.56","-0.03"
Sical Logistics Ltd,SICALLOG,"Logistics","512.77735949","1904.59","-63.84","-46.87","729.2800000000001",,"-3.04","0.73","0","-1974.61","84.16","649.13","20.01"
Coffee Day Enterprises Ltd,COFFEEDAY,"Restaurants & Cafes","512.707922013","2322.86","-18.83","11.360000000000014","1991.83",,"-165.7","79.19","0","56.34999999999991","33.42","521.8100000000001","195.89"
Black Rose Industries Ltd,BLACKROSE,"Specialty Chemicals","511.224","6.45","11.79","-8.620000000000001","61.43",,"-7.9","0","13.52","141.31","3.44","48.0296","-12.51"
Jenburkt Pharmaceuticals Ltd,JENBURPH,"Pharmaceuticals","510.133347","0","-17.04","3.250000000000001","23.329999999999977",,"-7.62","20.56","6.78","167.36","19.71","54.92250000000001","27.91"
Hercules Investments Ltd,HERCULES,"Industrial Machinery","509.824","0","6.01","0.7999999999999989","93.7099999999999","0","-12.8","928.03","12.8","843.28","0","0","7.59"
Kiran Vyapar Ltd,KIRANVYPAR,"Diversified Financials","509.25979831499995","13.23","-22.67","99.80999999999999","401.1799999999998","125.44","190.13","2097.27","2.7","2099.43","0.04","2.01","-67.65"
Andhra Cements Ltd,ACL,"Cement","509.06672921999996","234.89","-80.59","-10.520000000000007","999.8599999999999",,"10.52","0","0","-182.51","84.59","864.8799999999999","59.55"
Zee Media Corporation Ltd,ZEEMEDIA,"TV Channels & Broadcasters","508.47351683999995","263.81","-7.31","7.909999999999997","659.6499999999999",,"-48.32","42.79","0","-196.82","10.61","190.13399999999996","63.54"
International Conveyors Ltd,INTLCONV,"Industrial Machinery","506.740045","6.3","43.29","4.100000000000001","146.08000000000004",,"-54.11","24.64","6.97","349.15999999999997","0.4","12.598599999999998","14.92"
Credo Brands Marketing Ltd,MUFTI,"Apparel & Accessories","505.572376602","9.88","-19.7","43.57000000000001","359.06",,"-95.83","0","3.25","387.23","21.35","291.46999999999997","159.1"
GFL Ltd,GFLLIMITED,"Specialty Chemicals","504.32135","0","-0.96","-0.45999999999999996","164.86000000000024","0","0","2650.24","0","2509.68","0","2.47","0.5"
Shriram Asset Management Co Ltd,SRAMSET,"Asset Management","504.07196076","79.5","14.09","0.27","3.9500000000000055","0","-1.31","57.86","0","-29.520000000000003","0.35","0.5899999999999999","-12.51"
Chembond Chemicals Ltd,CHEMBONDCH,"Specialty Chemicals","503.611489024","0.39","-1.96","7.1000000000000005","39.36999999999999",,"-0.67","0.02","0","160.37","4.58","21.380000000000003","9.73"
DSP Gold ETF,GOLDADD,"Gold","503.22202221899994",,,,,,,,,,,,
CSL Finance Ltd,CSLFINANCE,"Specialized Finance","502.77516727200003","127.59","-1.61","9.70999999999998","703.4099999999999","1144.18","183.56","0","5.7","391.6","1.61","8.74","-172.24"
Orient Bell Ltd,ORIENTBELL,"Building Products - Ceramics","502.7305173","24.98","-7.64","21.06","216.12",,"-4.73","13.1","0.73","276.46","6.45","278.95000000000005","33.43"
Niyogin Fintech Ltd,NIYOGIN,"Diversified Financials","502.504623242","291.51","-8.81","-3.3200000000000074","242.10999999999996","224.77","91.49","3.89","0","-79.57999999999998","23.24","50.853999999999985","-86"
Basilic Fly Studio Ltd,BASILIC,"Animation","500.1248","90.16","-71.56","26.880000000000003","96.77000000000001",,"88.81","0","0","88.84","99.19","17.87999999999998","9.63"
Shiva Cement Ltd,SHIVACEM,"Cement","499.73","425.27","-209.73","-5.110000000000014","1527.7900000000002",,"261.12","0","0","-425.75","211.51","1238.8300000000002","-56.5"
Kanpur Plastipack Ltd,KANPRPLA,"Packaging","499.346264242","18.65","-4.38","5.729999999999997","282.05",,"-27.14","3","0","161.79999999999998","5.61","208.75000000000003","37.25"
Sayaji Hotels Ltd,SAYAJIHOTL,"Hotels, Resorts & Cruise Lines","499.263","52.35","-33.29","1.5599999999999996","172.25",,"6.72","107.69","0","89.65","39.99","155.21","28.13"
Inspirisys Solutions Ltd,INSPIRISYS,"IT Services & Consulting","498.261411721","115.55","-45.93","-22.259999999999998","214.68",,"-15.03","0","0","-96.64","3.09","12.949999999999996","38.7"
RBZ Jewellers Ltd,RBZJEWEL,"Precious Metals, Jewellery & Watches","498.2","82.11","-4.87","-11.93","106.94999999999999",,"7.86","0","0","122.92999999999999","5.38","35.2923","-14.92"
KN Agri Resources Ltd,KNAGRI,"Agro Products","496.17836568","42.8","-10.01","-23.740000000000002","90.19000000000001",,"-11.08","26.46","0","283.65999999999997","1.93","35.230000000000004","-2.65"
Shree Tirupati Balajee FIBC Ltd,TIRUPATI,"Packaging","495.865458","7.3","-0.83","0.4100000000000019","106.35000000000001",,"8.71","0.09","0","74.67","2.83","40.14","-7.47"
IRIS RegTech Solutions Ltd,IRIS,"IT Services & Consulting","495.20111477200004","32.21","-26.85","18.4","49.28000000000002",,"17.47","0","0","22.939999999999998","7.15","20.830000000000005","27.78"
GVK Power & Infrastructure Ltd,GVKPIL,"Airports","494.2928552","3846.43","78.58","-152.73000000000002","4000.92",,"-829.87","71.36","0","-4621.719999999999","9.7","3414.5000000000005","598.56"
R K Swamy Ltd,RKSWAMY,"Advertising","493.97028042600004","185.84","11.56","-20.840000000000003","155.07999999999998",,"-22.1","0.48","10.09","38.44999999999999","9.53","47.60999999999999","-10.3"
Haldyn Glass Ltd,HALDYNGL,"Building Products - Glass","493.2255992","5.93","-33.59","0.5399999999999991","274.1700000000001",,"-10.46","48.85","3.76","204.09","38.16","257.63000000000005","44.59"
TPL Plastech Ltd,TPLPLASTEH,"Plastic Products","492.19893","0","-22.45","-0.009999999999998899","97.75999999999999",,"6.12","0.34","6.24","132","24.34","95.86","16.32"
Advani Hotels and Resorts (India) Ltd,ADVANIHOTR,"Hotels, Resorts & Cruise Lines","491.77282","4.71","4.61","8.09","26.410000000000014",,"-17.72","0","16.56","58.22","3.28","44.480000000000004","21.2"
Moneyboxx Finance Ltd,MONEYBOXX,"Diversified Financials","491.5963864","203.46","-11.47","41.139999999999986","683.0600000000001","678.73","277.51","0.12","0","-3.6299999999999955","9.36","31.099999999999998","-224.9"
Gujarat Apollo Industries Ltd,GUJAPOLLO,"Industrial Machinery","491.49815","0","-13.19","-0.18999999999999773","63.830000000000005",,"28.57","60.49","4.7","470.43","0","119.48419999999999","-15.57"
Amanta Healthcare Ltd,AMANTA,"Pharmaceuticals","490.60884988500004","38.98","-24.47","-1.3200000000000003","274.02",,"-23.47","7.72","1","28.580000000000005","20.77","223.68","46.62"
Kronox Lab Sciences Ltd,KRONOX,"Specialty Chemicals","490.292256","0","-28.39","0.45999999999999863","8.740000000000004",,"-1.85","0.03","1.85","53","3.1","28.620000000000005","30.7"
Magna Electro Castings Ltd,MAGNAELQ,"Iron & Steel","489.7602354","0","-49.58","-1.4199999999999964","53.40999999999998",,"8.56","1.44","2.12","125.07","11.3","90.97","39.6"
DC Infotech and Communication Ltd,DCI,"IT Services & Consulting","489.294","11.99","-0.03","10.92","174.2",,"14.75","0","0","41.239999999999995","1.33","2.6999999999999997","-3.8"
Mangalam Organics Ltd,MANORG,"Commodity Chemicals","488.815413","0","-67.05","-1.2600000000000051","330.3900000000001",,"73.63","0.3","0","284.6","67.27","295.2397","-7.84"
StarlinePS Enterprises Ltd,STARLENT,"Precious Metals, Jewellery & Watches","488.2841381","0","-2.27","0.2200000000000002","20.370000000000008",,"0","1.92","0","6.91","0.6","5.88","2.49"
Propshare Titania,PSTITANIA,"Real Estate","486.358","0","-8.34","1.6899999999999942","192.07",,"-30.38","0","0","-1.98","0","239.97899999999998","40.41"
Haleos Labs Ltd,HALEOSLABS,"Pharmaceuticals","486.35617969","0","-15","-0.05999999999999872","177.95",,"-19.12","0.04","0.45","193.54","15.35","232.25000000000003","34.06"
Essar Shipping Ltd,ESSARSHPNG,"Logistics","486.186793128","3.36","-334.69","-14.780000000000001","2679.2",,"-210.72","0","0","-2589.9700000000003","180.37","207.81999999999982","530.63"
HT Media Ltd,HTMEDIA,"Publishing","485.309448116","499.74","169.95","-26.360000000000014","1876.79",,"-252.87","677.93","0","1120.29","23.36","781.3900000000001","56.56"
Vishnu Prakash R Punglia Ltd,VPRPL,"Construction & Engineering","484.86516","314.64","-84.77","-47.75000000000003","1230.2800000000002",,"243.92","1.36","0","340.03","76.21","238.34","-206.9"
Kamat Hotels (India) Ltd,KAMATHOTEL,"Hotels, Resorts & Cruise Lines","483.94486195200005","201.16","34.31","4.6299999999999955","310.75",,"-96.04","4.04","0","47.22999999999999","17.21","409.395","66.36"
Tandhan Industries Ltd,ZSANMCOM,"Commodities Trading","482.59416","0","0.39","0.12","0.44",,"0","0","0","0.46","0","0.01","-0.27"
Emami Paper Mills Ltd,EMAMIPAP,"Paper Products","482.35892565","17.93","-16.95","-4.979999999999997","1019.3199999999997",,"-31.81","54.12","14.58","481.32","20.5","1062.5099999999998","43.78"
Orient Ceratech Ltd,ORIENTCER,"Metals - Diversified","481.54778","0","-23.39","1.27","134.87",,"3.77","0","3.08","271","25.15","175.8","20.89"
ABM Knowledgeware Ltd,ABMKNO,"Software Services","481.352943","0","-14.63","6.260000000000002","39.97999999999999",,"-2.78","31.31","2.5","224.34","4.99","50.835499999999996","23.67"
Riddhi Siddhi Gluco Biols Ltd,RIDDHI,"Commodities Trading","480.47627853999995","0","20.61","-0.14000000000000146","197.7099999999998",,"7.55","306.54","2.14","1541.96","48.67","434.19","-28.3"
A B Cotspin India Ltd,ABCOTS,"Textiles","480.21258768","48.09","-49.47","0.09000000000000341","177.61",,"66.03","0.2","0","35.72","17.07","98.95","-16.47"
Aryaman Capital Markets Ltd,ARYACAPM,"Diversified Financials","479.20481126000004","1.02","-2.54","3.5","38.72000000000001","0","-21.84","47.05","0","64.39","0.13","1.35","27.88"
High Energy Batteries (India) Ltd,HIGHENE,"Aerospace & Defense Equipments","479.117248","7.83","-6.86","-0.6500000000000004","26.589999999999986",,"2.31","2.83","2.69","89.98","3","39.11000000000001","3.9"
United Drilling Tools Ltd,UNIDT,"Oil & Gas - Equipment & Services","478.09801104799993","12.35","-2.82","-0.9800000000000013","73.41",,"-7.2","0","3.65","231.55","3.28","46.797700000000006","9.04"
Monika Alcobev Ltd,MONIKA,"Alcoholic Beverages","477.36888205500003","28.8","-26.03","0.07000000000000028","227.89",,"52.02","0","2.29","50.55","16.15","19.05","-25.92"
Sunita Tools Ltd,SUNITATOOL,"Industrial Machinery","477.283633695","30.93","-6.27","-1.2899999999999991","10.780000000000012",,"13.24","1.2","0","8.869999999999997","5.07","10.47","-8.26"
Pasupati Acrylon Ltd,PASUPTAC,"Textiles","476.68393110799997","0","-81.55","-13.220000000000006","231.24",,"61.62","0","0","275","103.62","250.25999999999996","6.71"
Vinsys IT Services India Ltd,VINSYS,"IT Services & Consulting","476.4203811","49.81","-9.42","3.0399999999999996","49.08999999999997",,"-0.57","1.53","0","66.61","15.56","47.9788","13.03"
Freshara Agro Exports Ltd,FRESHARA,"Agro Products","476.328784","65.42","-24.26","29.129999999999995","121.64000000000003",,"53.51","1","0","38.75","22.41","49.5","-0.12"
Hindustan Media Ventures Ltd,HMVL,"Publishing","473.876536166","242.39","-2.73","-22.849999999999994","750.6800000000004",,"-57.68","560.61","0","1218.25","4.19","299.18","37.56"
ETOE Transportation Infrastructure Ltd,E2ERAIL,"Rail","472.857418","85.59","-9.64","8.66","179.37000000000006",,"27.41","0.82","0","30.090000000000003","4.78","6.859999999999999","-9.11"
Megatherm Induction Ltd,MEGATHERM,"Industrial Machinery","472.33707603","51.8","-20.23","-13.66","144.89000000000001",,"-9.54","0","0","71.01","19.02","77.33","16.11"
Ugar Sugar Works Ltd,UGARSUGAR,"Sugar","472.1625","15.75","-72.58","0.7600000000000051","914.62",,"52.03","5.09","2.81","189","77.45","382.28000000000003","21.31"
OCCL Ltd,OCCLLTD,"Commodity Chemicals","471.63224332","0","4.41","0.14999999999999147","138.0000000000001",,"-74.04","1.25","0","386.32","13.2","381.62","69.78"
Emrock Corporation Ltd,EMROCK,"Construction & Engineering","471.436","0","-0.01","0.020000000000000018","0.979999999999998",,"0.99","0","0","2.11","0.01","0.01","-0.96"
Wim Plast Ltd,WIMPLAST,"Plastic Products","469.5114264","0","-41.91","3.5400000000000063","37.33999999999987",,"-12","30.82","12","522.83","9.46","73.46","57.45"
PREVEST DENPRO LTD,PREVEST,"Health Care Equipment & Supplies","468.95721","19.78","-1.33","12.290000000000001","6.970000000000005",,"-1.2","0","1.2","73.78999999999999","1.97","26.819999999999997","14.82"
Kotyark Industries Ltd,KOTYARK,"Oil & Gas - Refining & Marketing","468.83048076000006","77.15","-13.43","-4.68","91.78999999999999",,"-22.17","0","15.42","55.629999999999995","14.39","80.08999999999999","30.92"
Sil Investments Ltd,SILINV,"Diversified Financials","468.2840327","30.57","-14.22","-7.000000000000002","324.41000000000025","0.1","-2.65","3345.18","2.65","3104.18","1.03","110.10979999999999","9.87"
Pune E - Stock Broking Ltd,PESB,"Investment Banking & Brokerage","468.27300834","44.8","81.11","45.92","130.00999999999996","0","24.27","11.03","0","85.07000000000001","1.02","9.13","-59.46"
Nahar Industrial Enterprises Ltd,NAHARINDUS,"Textiles","467.614003163","412.18","-125.51","-2.8600000000000065","802.5800000000005",,"44.99","97.15","0.36","501.36999999999995","195.57","788.1000000000003","77.66"
Donear Industries Ltd,DONEAR,"Textiles","466.492","0","-17.8","1.5199999999999996","553.06",,"19.86","7.58","1.04","224.3","26.65","107.28","-0.54"
Emami Realty Ltd,EMAMIREAL,"Real Estate","466.32771321800004","0","184.1","-15.470000000000013","2337.7699999999995",,"-124.17","107.9","0","-176.88","1.02","10.619999999999997","-75.4"
DIC India Ltd,DICIND,"Specialty Chemicals","466.154346945","65.48","-9.98","25.409999999999997","201.72000000000014",,"-7.39","0.12","3.65","353.99","11.36","139.67","42.78"
Qualitek Labs Ltd,QLL,"Labs & Life Sciences Services","465.906459535","62.32","-60.17","3.8999999999999986","65.13999999999999",,"53.57","0","0","14.509999999999998","11.81","74.9522","10.5"
Captain Technocast Ltd,CTCL,"Industrial Machinery","465.330804","7","-13.7","-0.06000000000000005","21.15",,"3.78","8.74","0","21.77","5.64","17.540000000000003","9.86"
Birla Cable Ltd,BIRLACABLE,"Telecom Equipments","465.12","20","-38.05","0.5300000000000011","162.80000000000007",,"-73.68","40.83","5.25","203.25","27.6","128.37000000000003","112.26"
Sheetal Cool Products Ltd,SCPL,"Packaged Foods & Meats","464.94","21","-18.17","4.979999999999997","119.85000000000001",,"-14.93","0","0","99.61","18.24","39.870000000000005","38.08"
Captain Polyplast Ltd,CPL,"Industrial Machinery","464.76079517","25.04","9.28","-3.6600000000000037","128.87999999999994",,"-21.89","3.07","0","108.08000000000001","4.78","17.510000000000005","8.95"
Keltech Energies Ltd,KELENRG,"Commodity Chemicals","464.35","0","-10.21","-18.28","162.68999999999994",,"9.5","0","0.15","123.61","11.94","77.11189999999999","-17.57"
Pansari Developers Ltd,PANSARI,"Real Estate","463.910412","5.56","5.35","-0.4400000000000013","276.36",,"10.58","8.64","0","111.23","2.25","91.87","-16.37"
Universus Photo Imagings Ltd,UNIVPHOTO,"Health Care Equipment & Supplies","463.69814543999996","0","-185.96","-1.25","18.099999999999888",,"0","501.57","0","863.28","0.01","4.079999999999999","184.71"
Pajson Agro India Ltd,PAJSON,"FMCG - Foods","463.09662275","17.5","-10.01","4.559999999999999","21.52999999999999",,"-1.56","0","0","23.21","8.37","31.189999999999998","16.13"
Aries Agro Ltd (CN),ARIES,"Fertilizers & Agro Chemicals","461.39394771999997","49","-34.33","26.150000000000006","287.9700000000001",,"-44.78","64.81","1.3","227.57999999999998","32.5","119.49000000000001","105.26"
Vikram Thermo (India) Ltd,VIKRAMTH,"Pharmaceuticals","460.49002725","4.82","-22.4","-2.719999999999998","24.44",,"-3.96","0","2.35","85.27000000000001","40.82","45.18000000000001","23.64"
Mirae Asset NYSE FANG+ ETF,MAFANG,"Equity","459.73124442",,,,,,,,,,,,
Rushil Decor Ltd,RUSHIL,"Building Products - Laminates","459.1973233","260.33","-97.09","0.18999999999999773","602.6900000000003",,"-10.86","0.01","2.75","328.78000000000003","108.29","716.71","108.14"
Kalyani Cast-Tech Ltd,KALYANI,"Industrial Machinery","458.83395","24.29","-4.01","1.6699999999999995","9.830000000000016",,"-2.6","0","0","33.13","2.02","7.829999999999999","8.28"
Brahmaputra Infrastructure Ltd,BRAHMINFRA,"Construction & Engineering","457.475076","26.98","16.6","12.11","412.8400000000001",,"-45.47","12.03","0","229.77","0.04","131.04999999999998","40.98"
Suditi Industries Ltd,SUDTIND-B,"Textiles","456.88069104","45.84","-20.29","0.8600000000000065","65.97999999999999",,"44.77","0","0","-67.92","0","10.0805","-23.62"
ATMASTCO Ltd,ATMASTCO,"Iron & Steel","456.8497243","29.98","-2.06","-9.36","294.88",,"25.42","0","0","72.53","2.7","25.639999999999997","-32.72"
Cropster Agro Ltd,CROPSTER,"Agro Products","456.12","1","0.33","0.9200000000000017","3.559999999999991",,"36.39","0","0","22.93","0","0.04","-35.8"
Tara Chand Infralogistic Solutions Ltd,TARACHAND,"Business Support Services","455.9232216","29.86","-57.75","19.629999999999995","269.4799999999999",,"21.22","0","1.58","75.74","72.85","272.03","56.16"
Suratwwala Business Group Ltd,SBGLP,"Real Estate","455.56498788000005","2.3","-34.65","-4.439999999999998","115.12999999999998",,"34.94","0","0","49.09","26.32","27.119999999999997","-4.73"
Systematic Industries Ltd,SYSTEMATIC,"Cables","454.77574333","0","-19.99","-0.259999999999998","124.89000000000004",,"12.11","0","0","64.03","18.93","61.45","7.62"
Mishtann Foods Ltd,MISHTANN,"FMCG - Foods","454.75264506599996","0","-0.03","3.3999999999999915","221.59000000000003",,"76.72","0","0","852.83","0.03","3.09","-73.29"
TechD Cybersecurity Ltd,TECHD,"Software Services","454.0197931","8.23","-2.62","1.9500000000000002","6.949999999999998",,"6.95","0","0","8.45","2.83","2.8","-2.38"
Sattrix Information Security Ltd,SATTRIX,"IT Services & Consulting","453.93516","17.09","-7.64","5.020000000000001","17.32",,"20.12","0","0","12.64","7.93","11.179000000000002","-7.46"
Shiv Aum Steels Ltd,SHIVAUM,"Commodities Trading","453.165328","23.27","2.85","6.17","100.85000000000002",,"10.41","2.33","0","79.11","0.24","4.079999999999999","-7.09"
S J Logistics (India) Ltd,SJLOGISTIC,"Logistics","452.676648","101.45","-4.06","-0.14000000000000057","80.01999999999998",,"55.46","3.86","0","92.42","0.2","41.5","-51.54"
JD Cables Ltd,JDCABLES,"Cables","451.36050668","2.05","-7.09","-0.6500000000000021","85.25000000000001",,"24.65","0","0","27.88","7.26","9.59","-18.21"
Maxvolt Energy Industries Ltd,MAXVOLT,"Batteries","450.6048246","0","-3.49","1.2999999999999972","26.910000000000007",,"49.3","0","0","57.71","3.49","4.06","-44.51"
Globe International Carriers Ltd,GICL,"Logistics","450.50526211199997","18.88","-8.61","-0.2999999999999998","36.23",,"-1.63","0","0","15.010000000000002","0.31","1.93","9.94"
Digispice Technologies Ltd,DIGISPICE,"Telecom Equipments","449.950052414","27.42","13.73","73.65","496.13999999999993",,"48.32","0.05","0","121.23","8.85","34.257799999999996","11.6"
Neetu Yoshi Ltd,NEETUYOSHI,"Auto Parts","449.061782","10.47","-17.11","-1.4700000000000002","18.829999999999995",,"3.36","2.27","0","19.86","14.81","32.14","12.28"
Sarveshwar Foods Ltd,SARVESHWAR,"Packaged Foods & Meats","448.31203471599997","35.46","-4","1.040000000000001","601.6899999999999",,"-9.7","0","0","124.29999999999998","1.34","15.75","14.74"
Megamont Ltd,VRWODAR,"Wood Products","447.52358397","1.11","0","0","2.129999999999999",,"0.13","0","0","-18.13","0","0","-0.13"
Shah Metacorp Ltd,SHAH,"Iron & Steel","447.03148733","152.83","-9.86","-0.10999999999999943","32.75000000000003",,"56.59","0","0","-46.83000000000001","9.95","27.760000000000005","-46.84"
Prakash Pipes Ltd,PPL,"Building Products - Pipes","447.01011790600006","22.57","-26.08","37.589999999999996","134.1800000000001",,"-9.65","0","4.3","397.22","58.85","133.99000000000004","73.32"
Veljan Denison Ltd,VELJAN,"Industrial Machinery","446.1975","0.45","-8.95","6.6800000000000015","41.73999999999996",,"-3.76","0","4.05","220.83","10.48","93.37059999999998","19.39"
Nisus Finance Services Co Ltd,NISUS,"Specialized Finance","445.9235175","89.47","-31.98","59.790000000000006","15.79000000000003","0","97.93","49.22","0","47.379999999999995","2.59","4.5971","-6.16"
SRG Housing Finance Ltd,SRGHFL,"Consumer Finance","444.72212896999997","97.8","-31.21","10.21999999999997","605.22","746.98","172.92","36.17","0","150.47000000000003","3.96","24.35","-131.49"
Zodiac Energy Ltd,ZODIAC,"Renewable Energy Equipment & Services","444.1827753","28.21","-104.56","0.04999999999998295","205.89000000000004",,"153.45","0","0","53.26","97.73","99.37","-48.84"
ICICI Prudential Silver ETF,SILVERIETF,"Silver","443.466746861",,,,,,,,,,,,
NDL Ventures Ltd,NDLVENTURE,"Real Estate","441.232921584","0","7.67","0.08999999999999986","6.35","0","-3.37","0","3.37","26.38","0","0","-4.21"
Cybertech Systems and Software Ltd,CYBERTECH,"IT Services & Consulting","439.96867086899994","58.96","-28.45","2.5999999999999988","57.800000000000054",,"-6.71","8.92","6.23","157.57999999999998","1.45","32.040000000000006","37.76"
Neptune Petrochemicals Ltd,NEPTUNE,"Building Products - Ceramics","439.4779","8.22","-9.04","68.05","136.02",,"20.59","0","0","41.99","1.47","4.16","56.5"
Shree Rama Newsprint Ltd,RAMANEWS,"Paper Products","438.28795707200004","0","3.78","-0.10000000000000142","178.85",,"-13.05","0.1","0","-161.62","0","340.59999999999997","9.17"
S & S Power Switchgear Ltd,S&SPOWER,"Electrical Components & Equipments","438.125025","103.15","-52.61","0.29999999999999716","23.579999999999977",,"54.93","80.42","0","-10","0","0.1100000000000001","-2.02"
Kothari Products Ltd,KOTHARIPRO,"Commodities Trading","436.61574495","0","-97.91","52.91000000000001","275.1599999999998",,"50.56","307.95","0","1035.89","2.29","96.91","100.26"
Sreeleathers Ltd,SREEL,"Footwear","436.40251116400003","129.58","-26.76","-0.21000000000000196","23.869999999999933",,"-0.72","314.89","0","309.36","2.66","151.0509","27.27"
RMC Switchgears Ltd,RMC,"Electrical Components & Equipments","436.23759075","26.82","-23.2","7.66","161.84999999999997",,"15.26","0","0","69.61000000000001","13.03","37.519999999999996","15.6"
Lehar Footwears Ltd,LEHAR,"Footwear","436.047577335","23.41","-7.71","1.4799999999999986","147.03000000000003",,"-11.12","0","0.52","71.36","8.27","82.55000000000001","20.31"
HRS Aluglaze Ltd,HRS,"Building Products - Others","435.872435625","4.84","-19.62","0.10999999999999943","60.459999999999994",,"16.84","0","0","8.61","19.65","46.449999999999996","2.89"
Euro Panel Products Ltd,EUROBOND,"Metals - Aluminium","435.806","42.16","-19.93","0.11000000000000121","176.9",,"10.63","0.28","0","66.57000000000001","21.67","79.9536","9.41"
Orbit Exports Ltd,ORBTEXP,"Textiles","434.91544856","0.97","-25.67","-2.129999999999999","57.34999999999988",,"-9.95","72.39","0.02","245.89000000000001","5.2","137.62","33.49"
Maruti Interior Products Ltd,SPITZE,"Cables","434.5176","8.25","-4.85","0.020000000000000462","14.169999999999993",,"1.38","2.24","0","12.079999999999998","2.73","23.14","3.49"
Sealmatic India Ltd,SEALMATIC,"Cables","434.455300125","36","-0.26","-3.11","24.809999999999995",,"-0.02","0","1","57.629999999999995","6.61","29.252899999999997","-2.83"
Alufluoride Ltd,ALUFLUOR,"Commodity Chemicals","434.4277751","6.28","-18.51","-5.1400000000000015","46.46",,"1.29","0","2.35","87.69","10.58","68.4","12.08"
Radiant Cash Management Services Ltd,RADIANTCMS,"Business Support Services","432.807266736","74.84","-24.39","71.62","150.74",,"52.59","0","26.68","187.47","3.43","39.30500000000001","43.42"
Mangalam Global Enterprise Ltd,MGEL,"Commodity Chemicals","432.0473916","83.44","3.97","-0.8200000000000003","354.27",,"34.29","2.92","0.33","85.14000000000001","8.75","57.239999999999995","-39.08"
Veritas (India) Ltd,VERITAS,"Commodities Trading","432.04315","931.78","19.06","21.479999999999993","1170.73",,"-26.51","1.5","0.13","1730.99","3.58","2381.7599999999998","28.93"
Swiss Military Consumer Goods Ltd,SWISSMLTRY,"Investment Banking & Brokerage","431.89693241000003","73.5","-42.57","13.669999999999995","37.65999999999999",,"63.23","0","2.36","7.909999999999997","44.03","44.940000000000005","-6.99"
Rama Phosphates Ltd,RAMAPHO,"Fertilizers & Agro Chemicals","431.855942904","41.24","-4.13","-0.12000000000000455","262.99",,"-35.89","0.32","0","312.3","7.46","189.82000000000002","39.9"
Xtglobal Infotech Ltd,XTGLOBAL,"IT Services & Consulting","430.93946416499995","34.24","0.07","7.709999999999999","59.28000000000003",,"-9.06","0","0","134.95","0.54","83.67000000000002","16.7"
Plastiblends India Ltd,PLASTIBLEN,"Specialty Chemicals","430.12126","0","6.25","3.209999999999999","79.3400000000001",,"-11.9","24.16","11.05","414.56","11.4","172.98000000000002","8.86"
Divine Hira Jewellers Ltd,DIVINEHIRA,"Precious Metals, Jewellery & Watches","429.901945","24.53","-0.27","27.740000000000002","22.050000000000008",,"27.26","0","0","5.849999999999998","0.27","0.51","0.75"
True Colors Ltd,TRUECOLORS,"Electronic Equipments","428.743494","16.16","-8.12","0.3600000000000012","99.50999999999999",,"2.87","0","0","20.34","11.78","48.09","5.61"
Kisan Mouldings Ltd,KISAN,"Building Products - Pipes","427.558309635","175.85","-9.15","-26.13","106.07",,"24.41","0","0","-89.52","11.44","146.69","-41.39"
Hindustan Motors Ltd,HINDMOTORS,"Four Wheelers","427.125572771","27.72","25.77","-1.2500000000000018","32.35",,"-0.08","0.11","0","-100.23","0","8.55","-26.94"
Workmates Core2cloud Solution Ltd,WORKMATES,"IT Services & Consulting","425.67446","0","-14.79","-0.9400000000000013","39.28",,"8.79","0","0","22.88","11.14","11.19","5.06"
Suraj Ltd,SURAJLTD,"Iron & Steel","425.4594688","13.37","-14.29","-0.14999999999999858","89.44999999999999",,"23.15","15.24","2.75","101.28999999999999","15.49","89.19","-9.01"
GP Eco Solutions India Ltd,GPECO,"Renewable Energy Equipment & Services","424.489104","28.37","-36.28","11.729999999999997","97.44999999999997",,"25.68","6","0","24.8","18.68","27.96","22.33"
A-1 Ltd,A1L,"Commodity Chemicals","424.12","13.71","0.97","-2.179999999999999","23.990000000000002",,"7.38","4.6","1.73","24.47","1.83","10.709999999999999","-10.53"
Banswara Syntex Ltd,BANSWRAS,"Textiles","422.013131552","29.59","-136.97","-4.520000000000003","637.27",,"55.23","9.55","3.42","512.62","144.37","540.4012999999999","77.22"
Kriti Nutrients Ltd,KRITINUT,"Packaged Foods & Meats","421.17018912","0","-28.86","-7.549999999999999","25.96000000000001",,"-10.65","32.56","1.5","206.85","4.65","57.63259999999998","31.96"
Unifinz Capital India Ltd,UCIL,"Specialized Finance","420.98948835","48.58","-15.77","6.259999999999998","48.33000000000001","95.05","52.33","15.15","0","20.11","0.69","2.5100000000000007","-30.3"
Omax Autos Ltd,OMAXAUTO,"Auto Parts","420.898643627","15.68","-12.93","-23.419999999999995","169.14999999999995",,"-44.66","0","4.31","278.13","6.38","271.65999999999997","34.17"
Manaksia Steels Ltd,MANAKSTEEL,"Iron & Steel","419.87665835","46.74","-20.86","1.83","247.16",,"9.16","23.66","0","236.07","70.9","154.91","13.53"
LT Elevator Ltd,LTELEVATOR,"Industrial Machinery","417.754599","23.58","-6.26","-0.08999999999999986","41.54",,"8.95","0","0","8.190000000000001","0.73","8.440200000000003","-2.78"
Tera Software Ltd,TERASOFT,"IT Services & Consulting","417.458709375","8.51","0.63","-9.88","90.85999999999997",,"-17.32","0","0","101.42","0.08","26.53","6.81"
Connplex Cinemas Ltd,CONNPLEX,"Theatres","416.953","0","-4.61","-1.4700000000000004","36.7",,"0.34","0","0","10.44","4.34","12.659999999999998","2.8"
Pakka Limited,PAKKA,"Paper Products","416.9385756","161.62","-177.72","11.810000000000002","286.37",,"178.37","0","0","221.01","190.78","376.2518","11.16"
Nahar Capital and Financial Services Ltd,NAHARCAP,"Asset Management","416.81209663000004","125.92","3.26","0.08999999999999941","162.36000000000044","21.98","-2.97","1631.73","2.51","1429.6999999999998","9.35","68.48","-0.2"
Singer India Ltd,SINGERIND,"Home Electronics & Appliances","416.059235379","59.78","6.11","-17.67","83.64000000000004",,"1.13","0","0.02","86.83000000000001","5.7","12.65","-24.91"
Shalimar Paints Ltd,SHALPAINTS,"Specialty Chemicals","415.709709948","611.6","-14.44","-45.739999999999995","387.29999999999995",,"27.31","0","0","-313.36","32.24","329.48","-58.61"
Valiant Laboratories Ltd,VALIANTLAB,"Pharmaceuticals","415.707875","141","-52.77","-6.810000000000002","166.54999999999998",,"44.65","0","0","49.860000000000014","113.85","204.22","1.31"
Saakshi Medtech and Panels Ltd,SAAKSHI,"Electrical Components & Equipments","413.94492","35.13","-14.66","-12.24","33.26999999999997",,"-0.6","0","0","45.26","15.2","73.28","3.02"
Rubfila International Ltd,RUBFILA,"Commodity Chemicals","412.487487929","41.14","-7.4","11.29","64.41000000000005",,"-6.71","0","6.51","225.75","7.17","168.87240000000003","25.4"
GEE Ltd,GEE,"Industrial Machinery","411.70927837199997","9.3","-4.64","-0.06999999999999851","117.7",,"-9.19","0.15","0","179.04999999999998","1.72","167.30999999999997","13.76"
Yaap Digital Ltd,YAAP,"Advertising","409.65881","0.9","-3.54","-9.7","92.85",,"-0.87","0.01","0","19.64","2.87","3.0787999999999993","-5.29"
Nimbus Projects Ltd,NIMBSPROJ,"Real Estate","409.151488565","0","-31.64","10.149999999999977","769.5799999999999",,"162.76","281.33","0","159.62","3.95","7.076499999999996","-120.97"
Solarium Green Energy Ltd,SOLARIUM,"Renewable Energy","408.8433","95.67","2.23","75.37","92.95000000000003",,"135.08","0","0","24.950000000000003","1.25","6.0219","-61.94"
KD Green Industries Ltd,MANBRO,"FMCG - Foods","408.741983","29.15","-0.02","0.03999999999999998","7.360000000000009",,"-0.44","42.22","0","0.26000000000000156","0.02","0.01","0.5"
Shera Energy Ltd,SHERA,"Metals - Diversified","408.62588184000003","45.68","-36.62","54.07","413.32",,"93.63","0","0","83.28999999999999","59.18","119.1149","-2.94"
Gokul Refoils and Solvent Ltd,GOKUL,"Packaged Foods & Meats","406.968445","0.89","-4.79","-23.159999999999997","423.32",,"-35.44","27.86","0","323.88","9.7","113.3903","17.07"
Mirza International Ltd,MIRZAINT,"Footwear","406.1753841","0","-28.87","0.6299999999999975","169.9200000000001",,"1.26","8.54","0.1","536.72","46.59","411.99000000000007","28.24"
Foods and Inns Ltd,FOODSIN,"FMCG - Foods","406.114794834","240.12","-29.73","-12.07","750.43",,"2.42","3.93","2.16","291.63","57.35","325.34999999999997","15.24"
Artemis Electricals and Projects Ltd,AEPL,"Electrical Components & Equipments","405.1735566","33.55","-29.73","1.2899999999999974","35.77",,"-10.17","0","0.13","27.310000000000002","29.71","67.769","41.19"
Forbes & Company Ltd,FORBESCO,"Conglomerates","405.13917676","1.62","6.59","-5.270000000000001","81.99000000000001",,"-0.65","165.27","0.06","205.29","1.97","27.490000000000002","-11.21"
Liberty Shoes Ltd,LIBERTSHOE,"Footwear","405.126","11.27","-43.99","0.629999999999999","274.07",,"-29.88","0","0","194.25","0","177.34899999999996","74.5"
Mahamaya Lifesciences Ltd,MAHALIFE,"Fertilizers & Agro Chemicals","404.9065","10.03","-8.28","0.7599999999999998","138.92999999999998",,"8.52","0","0","21.630000000000003","8.87","26.5034","0.52"
Patil Automation Ltd,PATILAUTOM,"Industrial Machinery","404.77584","8.98","-5.53","3.34","61.660000000000004",,"8.24","0.05","0","28.69","0.38","13.340000000000003","0.63"
Albert David Ltd,ALBERTDAVD,"Pharmaceuticals","404.26682027","3.15","23.3","-5.03","118.89999999999998",,"0.11","17.95","6.55","383.63","14.86","99.63900000000001","-28.44"
Sigma Solve Ltd,SIGMA,"IT Services & Consulting","403.70012144000003","0","-20.73","-4.8199999999999985","12.080000000000007",,"-2.1","15.21","0.51","39.15","0.2","6.9799999999999995","18.01"
SK Minerals & Additives Ltd,SKM,"Specialty Chemicals","403.5528","0","-0.98","3.22","51.53",,"7.11","0","0","14.66","0.98","4.75","-2.91"
Mawana Sugars Ltd,MAWANASUG,"Sugar","402.9036992","149.5","91.85","-0.8599999999999852","604.0500000000001",,"-206.47","0","27.38","303.31","27.25","189.95999999999998","113.76"
Vishal Fabrics Ltd,VISHAL,"Textiles","402.72918611399996","15.22","-17.36","0.3500000000000085","466.4100000000002",,"-89.88","64.93","0","327","10.68","196.60000000000002","107.59"
Nikhil Adhesives Ltd,NIKHILAD,"Commodity Chemicals","401.725592","15","-10.29","-6.709999999999999","193.2",,"-3.32","0.01","0.92","110.17","11.04","96.19000000000001","6.9"
Asgard Alcobev Ltd,ASGARD,"Alcoholic Beverages","401.170012","2.2","-19.58","0.6700000000000017","23.39",,"22.61","1.25","0","1.4299999999999997","0","17.043699999999998","-2.36"
Dreamfolks Services Ltd,DREAMFOLKS,"Logistics","401.015521136","13.76","-45.83","3.360000000000003","198.13999999999993",,"-8.23","0","7.96","276.54","1.23","14.683","57.42"
Coastal Corporation Ltd,COASTCORP,"Packaged Foods & Meats","399.58615418","65.95","-54.21","8.229999999999997","487.9299999999999",,"57.55","2.03","1.61","183.14999999999998","4.42","319.6088","4.89"
Tolins Tyres Ltd,TOLINS,"Tires & Rubber","399.197228424","233.26","-28.4","27.310000000000002","45.34000000000006",,"117.18","0","0","71.41000000000003","4.89","41.533","-61.47"
Purple Finance Ltd,PURPLEFIN,"Consumer Finance","397.974127848","65.03","-1.06","13.349999999999994","77.26000000000003","89.76","92.34","0.79","0","-32.72","1.06","4.0233000000000025","-77.93"
Fabtech Technologies Cleanrooms Ltd,FABCLEAN,"Construction & Engineering","397.79219898","25.98","-25.57","1.259999999999998","28.650000000000013",,"24.32","5.55","0","56.099999999999994","3.25","4.31","2.51"
Mazda Ltd,MAZDA,"Industrial Machinery","397.7766","0","-8.78","-4.6499999999999995","34.769999999999996",,"-6.94","2.19","6.41","225.92","4.01","74.6221","11.07"
Kanoria Chemicals and Industries Ltd,KANORICHEM,"Specialty Chemicals","397.6093303","88.57","-59.31","-3.1400000000000006","987.9299999999998",,"41.49","11.9","0","410.40000000000003","100.29","904.3749999999999","14.68"
Take Solutions Ltd,TAKE,"IT Services & Consulting","396.46312","626.69","22.13","2.519999999999998","15.950000000000028",,"-3.24","0","0.04","-620.7800000000001","0","0.009999999999999998","-16.37"
Shivalik Rasayan Ltd,SHIVALIK,"Fertilizers & Agro Chemicals","396.200431575","327.25","-21.11","-9.77","198.05",,"20.54","0","2.05","201.11","22.64","336.64","-9.2"
Raghuvir Synthetics Ltd,RAGHUSYN,"Textiles","395.25","1.73","-12.48","7.809999999999999","90.84",,"-3.66","0","0","29.59","13.86","71.31","23.95"
Vraj Iron and Steel Ltd,VRAJ,"Iron & Steel","395.230723477","161.63","-102.85","0.8500000000000085","20.410000000000057",,"90.06","37.91","0","202.32","4.52","198.46","13.64"
CLN Energy Ltd,CLN,"Batteries","394.69155","65.31","-12.59","4.010000000000005","104.94000000000001",,"83.42","0","0","18.629999999999995","7.56","18.33","-66.82"
RBM Infracon Ltd,RBMINFRA,"Construction & Engineering","394.112145","68.54","-20.5","-1.990000000000002","157.77",,"21.95","0.02","0","42.94","21.28","10.783499999999998","-3.44"
Shreeji Global FMCG Ltd,SHETHJI,"Agro Products","393.8618","0","-1.89","-0.050000000000000266","87.5",,"2.01","2.45","0","13.6","1.11","7.03","-0.17"
Trident Techlabs Ltd,TECHLABS,"IT Services & Consulting","392.79858472","12.08","-4.28","2.2499999999999982","33.10000000000001",,"-9.22","0.12","0","28.71","3.54","3.9400000000000013","15.75"
Lords Chloro Alkali Ltd,LORDSCHLO,"Commodity Chemicals","392.758472727","20.82","-125.21","-21.919999999999987","194.2200000000001",,"94.12","0.35","0","125.03","127.24","270.66","9.17"
Harrisons Malayalam Ltd,HARRMALAYA,"Agro Products","391.66060491","50.03","-16.07","-0.5599999999999987","317.87",,"-7.84","0.01","0","85.65","4.59","383.75","23.35"
Vishnusurya Projects and Infra Ltd,VISHNUINFR,"Construction & Engineering","391.04767219","46.2","-62.95","0.36999999999999744","143.72999999999996",,"55.53","1.56","2.46","87.52","0","146.49999999999997","7.79"
Akme Fintrade India Ltd,AFIL,"Consumer Finance","389.19596351999996","186.31","-35.35","9.960000000000008","293.1500000000001","564.91","222.41","1.33","0","144.56","2.16","19.22","-177.1"
Sinclairs Hotels Ltd,SINCLAIR,"Hotels, Resorts & Cruise Lines","389.01214","0","-3.05","-0.28000000000000025","32.53999999999999",,"-7.83","8.87","5.13","105.83","2.29","60.30000000000001","10.6"
Indogulf Cropsciences Ltd,IGCL,"Fertilizers & Agro Chemicals","388.44823756799997","18.22","-39.86","6.770000000000003","415.0899999999999",,"61.39","0","0","208.27","42.18","105.43","-14.76"
Manaksia Ltd,MANAKSIA,"Metals - Diversified","387.961576","30.03","321.95","-21.450000000000045","118.3100000000001",,"-68.18","10.43","0","529.07","12.39","53.67","-275.22"
B&B Triplewall Containers Ltd,BBTCL,"Packaging","387.72396971999996","20.86","-37.84","0.3199999999999985","312.07000000000005",,"15.24","0","2.05","70.06","39.01","239.13000000000002","22.92"
Autoline Industries Ltd,AUTOIND,"Auto Parts","387.097545931","315.04","-114.68","13.079999999999998","604.54",,"61.59","2.28","0","-210.76000000000002","155.18","299.28870000000006","66.17"
Gretex Industries Ltd,GRETEX,"Apparel & Accessories","384.3176971","7.66","-0.26","-0.71","13.190000000000005",,"-0.48","1.16","0","2.539999999999999","0.22","15.15","0.03"
Mirae Asset Nifty 50 ETF,NIFTYETF,"Equity","384.244091823",,,,,,,,,,,,
Goodricke Group Ltd,GOODRICKE,"Tea & Coffee","382.32","0","9.06","-6.729999999999997","370.80999999999995",,"-58.64","0","0.1","248.95","13.82","307.99999999999994","42.85"
Bemco Hydraulics Ltd,BEMHY,"Industrial Machinery","382.23516","4.48","-3.81","3.959999999999999","62.41",,"-5.57","0.49","0.44","63.45","1.14","46.235699999999994","13.34"
Quantum Gold Fund,QGOLDHALF,"Gold","381.93636555",,,,,,,,,,,,
Vertoz Ltd,VERTOZ,"Advertising","381.74517","40.28","8.7","2","63.28",,"-15.18","0.2","0","64.89","3.28","85.6691","8.48"
Medico Remedies Ltd,MEDICO,"Pharmaceuticals","381.394464","3.33","-3.46","0.9099999999999997","57.330000000000005",,"-0.52","0.2","0","42.54","0","21.650000000000002","4.89"
Dhabriya Polywood Ltd,DHABRIYA,"Building Products - Laminates","381.175787675","0","-11.59","0.6199999999999983","81.17999999999998",,"-4.87","0.02","0.54","89.08","11.93","79.41999999999999","17.08"
De Nora India Ltd,DENORA,"Electrical Components & Equipments","381.13337803","7.36","0.74","2.81","22.169999999999998",,"-1.06","0.23","1.06","107.48","3.23","17.4","3.13"
Ludlow Jute & Specialities Ltd,LUDLOWJUT,"Textiles","380.829792","5.86","-11.52","-0.17999999999999972","187.17",,"16.83","0.11","0","151.10999999999999","11.46","193.40999999999997","-5.49"
Nandan Denim Ltd,NDL,"Textiles","380.54852352","0","9.56","-12.800000000000011","655.6699999999997",,"-117.43","0.68","0","474.67","8.46","460.0499999999999","95.07"
HCL Infosystems Ltd,HCL-INSYS,"IT Services & Consulting","379.579046984","1194.37","23.01","-5.369999999999999","724.19",,"-0.17","0","0","-1551.1899999999998","0.21","1.8399999999999992","-28.21"
Covance Softsol Ltd,COVANCE,"IT Services & Consulting","379.35298029","0","-9.45","0.3600000000000012","104.46999999999998",,"-8.62","0","0","76.46","0.3","1.4099999999999997","18.43"
MBL Infrastructure Ltd,MBLINFRA,"Construction & Engineering","379.278252736","221.21","-8.33","-6.109999999999999","2051.22",,"-44.2","0","0","604.5799999999999","2.85","616.1706999999999","46.42"
RDB Real Estate Constructions Ltd,RRECL,"Real Estate","378.972502","0","-36.76","3.1599999999999966","1014.71",,"-98.43","11.84","0","124.05","41.81","247.93","138.35"
Thomas Scott (India) Ltd,THOMASCOTT,"Retail - Apparel","378.6425078","59.77","-5.92","-0.11999999999999744","34.98000000000001",,"45.1","0","0","27.529999999999994","6.03","11.870000000000001","-39.3"
Kaya Ltd,KAYA,"Wellness Services","377.26020755999997","224.14","24.93","-10.810000000000002","376.18",,"-36.95","0","0","-376.69","29.78","158.93","1.21"
Axis AAA Bond Plus SDL ETF-2026 Matur. Reg. Growth,AXISBPSETF,"Equity","375.77457153200004",,,,,,,,,,,,
Vipul Organics Ltd,VIPULORG,"Specialty Chemicals","374.04113058","19.26","-15.24","0.10999999999999943","91.63",,"14.73","0.4","1.32","31.289999999999996","15.89","47.44","0.62"
Kavveri Defence & Wireless Technologies Ltd,KAVDEFENCE,"Communication & Networking","373.61215164000004","118","-21.16","12.899999999999995","36.66000000000001",,"33.41","21.39","0","-84.7","0.61","2.0054999999999983","0.65"
Batliboi Ltd,BATLIBOI,"Industrial Machinery","373.33661171","63.57","-44.99","-5.960000000000001","210.56",,"36.76","10.33","1.79","137.69","15.85","210.73249999999996","2.27"
Mkventures Capital Ltd,MKVENTURES,"Specialized Finance","372.81465","39.54","-62.7","-30.66","37.85000000000004","44.17","-1.13","73.02","0.38","59.51","0.04","15.15","33.17"
Medicamen Biotech Ltd,MEDICAMEQ,"Pharmaceuticals","372.231457675","102.31","-1.4","-11.030000000000001","84.12000000000003",,"-1.47","0","1.27","98.03","2.19","87.11","-8.16"
Hi-Green Carbon Ltd,HIGREEN,"Commodity Chemicals","371.3514","34.99","-44.34","-10.050000000000004","54.64999999999999",,"21.93","0.02","0","26.669999999999995","54.02","76.3395","12.36"
Delton Cables Ltd,DLTNCBL,"Cables","370.6992","0.33","-12.26","3.919999999999998","337.65999999999997",,"30.2","0.05","1.27","81.48","22.92","50.290000000000006","-14.02"
Kriti Industries (India) Limited,KRITI,"Building Products - Pipes","369.873224","28.29","-36.56","-0.20999999999999908","270.35",,"2.58","4.05","0","168.24","31.14","185.22","33.77"
Last Mile Enterprises Ltd,LASTMILE,"Construction & Engineering","369.288222","311.28","-74.35","-1.3500000000000227","146.24",,"269.99","108.19","0.58","13.270000000000039","1","23.8552","-196.99"
Asarfi Hospital Ltd,ASARFI,"Hospitals & Diagnostic Centres","369.146148","25.94","-7.38","0.8399999999999999","82.91999999999999",,"12.57","0","0","35.370000000000005","9.85","103.59","-4.35"
Tiger Logistics (India) Ltd,TIGERLOGS,"Logistics","368.874525","0","2.03","2.7600000000000016","57.39999999999999",,"19.59","12.02","0","127.73","0.78","8.89","-18.86"
iWare Supplychain Services Ltd,IWARE,"Logistics","368.46966","0","-5.82","1.67","40.730000000000004",,"1.5","0","0","8.33","6.05","28.100000000000005","5.99"
Bai-Kakaji Polymers Ltd,BAIKAKAJI,"Plastic Products","368.15568","0","-75.48","0.45000000000000284","149.93999999999994",,"64.2","0.05","0","51.49","66.19","104.16999999999999","11.73"
Exato Technologies Ltd,EXATO,"Software Services","367.88931005","13.03","-11.7","19.79","52.85",,"18.83","0","0","29.269999999999996","12.31","17.377200000000002","12.66"
Kesoram Industries Ltd,KESORAMIND,"Tires & Rubber","367.825776992","1259.68","6.84","-4.659999999999997","360.99",,"-48.84","56.37","0","-1118.8000000000002","6.04","607.29","37.34"
Creative Graphics Solutions India Ltd,CGRAPHICS,"Stationery","367.32575","50.43","-20.22","17.450000000000003","110.94000000000001",,"59.91","0.99","0","32.02","17.52","47.7","-22.24"
Aprameya Engineering Ltd,APRAMEYA,"Health Care Equipment & Supplies","367.2816","19.72","-0.41","-0.16000000000000014","79.69999999999999",,"10.89","0","0","25.5","0.25","1.38","-10.64"
Trejhara Solutions Ltd,TREJHARA,"IT Services & Consulting","366.550544046","267.45","-6.37","2.0599999999999996","27.68999999999999",,"2.96","0","0","-54.98999999999998","0.07","27.5953","5.47"
Industrial Investment Trust Ltd,IITL,"Asset Management","366.1271169","446.65","138.13","1.299999999999983","5.709999999999896","157.51","2","218.56","0","-26.149999999999977","3.08","6.9799999999999995","-138.83"
3i Infotech Ltd,3IINFOLTD,"IT Services & Consulting","365.86024498800003","900.78","3.19","5.530000000000001","265.9300000000001",,"-25.91","2.29","0","-763.53","2.16","-77.72999999999996","28.25"
Ruchira Papers Ltd,RUCHIRA,"Paper Products","365.571221265","54.25","-113.54","0.9699999999999918","146.95",,"22.57","0","14.92","382.15","36.28","332.36","91.94"
Sizemasters Technology Ltd,SIZEMASTER,"Animation","364.9","0","1.13","2.26","20.360000000000003",,"0.8","0","0","4.17","0.03","0.43","0.33"
Orient Paper and Industries Ltd,ORIENTPPR,"Paper Products","363.261579424","46.97","-27.5","-0.8599999999999994","872.8",,"38.89","284.34","5.3","1466.8899999999999","65.12","1682.27","-12.25"
Fluidomat Ltd,FLUIDOM,"Industrial Machinery","362.57793","0","-12.19","-0.5999999999999988","12.540000000000019",,"-2.71","0","2.71","75.52","6.44","13.730000000000002","14.3"
Virtual Galaxy Infotech Ltd,VGINFOTECH,"Software Services","362.33601195","16.31","-51.33","0.37000000000000277","65",,"8.49","0","0","58.58","40.27","116.50999999999999","43.21"
Dcm Shriram Industries Ltd,DCMSRIND,"Packaged Foods & Meats","362.322450525","34.07","-88.27","14.869999999999997","1411.8200000000002",,"-48.65","18.63","17.63","847.4799999999999","78.39","665.49","151.79"
Goa Carbon Ltd,GOACARBON,"Metals - Coke","362.24439342","31.31","80.27","-53.190000000000005","313.45000000000005",,"-79.53","10.26","9.15","177.15","3.23","27.45","-53.93"
Simplex Castings Ltd,SIMPLEXCAS,"Iron & Steel","361.791773875","14.25","-12.34","1.2100000000000009","124.91999999999997",,"4.41","0.02","0","35.22","13.89","46.52","9.14"
Nupur Recyclers Ltd,NRL,"Metals - Diversified","361.714326815","0","-1.09","-3.360000000000003","18.399999999999984",,"16.4","11.08","0","29.8","4.35","15.515400000000001","-18.67"
JTL Defence Ltd,JTLDEFENCE,"Metals - Copper","361.210499225","0","0.2","-8.200000000000001","245.82",,"0","12.47","0","-170.08","0","48.41","-8.4"
Dev Accelerator Ltd,DEVX,"Real Estate","360.56968496999997","59.05","-38.01","2.8200000000000003","485.54999999999984",,"-52.92","53.15","0","-21.18","11.63","293.792","93.75"
Giriraj Civil Developers Ltd,GIRIRAJ,"Construction & Engineering","359.1663075","46.91","-0.36","6.1899999999999995","173.01",,"11.35","0","0","60.3","3.92","12.099999999999998","-4.8"
Markolines Pavement Technologies Ltd,MARKOLINES,"Roads","357.10698584","75.88","-13.78","0.1599999999999966","139.21000000000004",,"49.57","18.73","1.91","72.35","10","32.77","-35.63"
Purple United Sales Ltd,PURPLEUTED,"Apparel & Accessories","357.052119","37.64","-12","0.18999999999999773","70.57000000000002",,"43.22","0","0","13.280000000000001","12","15.240000000000002","-31.03"
Corporate Merchant Bankers Ltd,CMBL,"Investment Banking & Brokerage","356.96518997","0","0","-0.07000000000000739","91.68","95.79","74.86","0","0","1.99","0","0","-74.93"
Onesource Industries and Ventures Ltd,OIVL,"Investment Banking & Brokerage","356.49705","1.71","-0.03","-0.009999999999999981","0.8400000000000003",,"-0.24","0","0","-0.77","0.03","0.019999999999999997","0.26"
Anlon Technology Solutions Ltd,ANLON,"Construction & Engineering","355.93226","36.24","-10.34","-1.0599999999999987","22.18999999999999",,"26.01","0","0","16.32","10.8","18.86","-16.73"
Aerpace Industries Ltd,AERPACE,"Renewable Energy","355.74277438400003","40.82","-37.05","-0.8199999999999932","17.91000000000001",,"41.38","0","0","-7.520000000000003","33.17","51.7477","-5.15"
Stovec Industries Ltd,STOVACQ,"Industrial Machinery","355.73528591999997","7.96","14.39","12.440000000000001","35.85999999999999",,"-0.02","0","0","121.73","2.76","29.690000000000005","-1.93"
Cool Caps Industries Ltd,COOLCAPS,"Plastic Products","355.534575","7.28","-29.11","-0.05999999999999872","196.36",,"23.45","5.93","0","35.98","2.14","127.9749","5.6"
Megastar Foods Ltd,MEGASTAR,"Packaged Foods & Meats","354.960991","41.47","-48.97","1.9600000000000009","142.49000000000004",,"60.83","0","0","40.91","50.23","149.62","-9.9"
Ginni Filaments Ltd,GINNIFILA,"Textiles","354.76256923","66.62","-1.09","-13.780000000000001","136.60999999999999",,"-23.05","34.28","0","47.099999999999994","4.16","122.02320000000002","10.36"
Systango Technologies Ltd,SYSTANGO,"IT Services & Consulting","353.371392","26.97","2.37","15.54","10.11",,"0.79","13.25","0","60.66","0.83","3.863499999999999","12.38"
Deepak Builders & Engineers India Ltd,DBEIL,"Construction & Engineering","353.3158231","185.93","-11.92","9.390000000000015","419.11000000000007",,"152.56","0.3","0","180.33999999999997","11.7","68.5","-131.25"
ICICI Prudential Nifty 100 Low Vol 30 ETF,LOWVOLIETF,"Equity","352.8765443",,,,,,,,,,,,
Twamev Construction and Infrastructure Ltd,TICL,"Construction & Engineering","352.78","67.67","0.09","-1.71","420.01",,"2.66","4.42","0","220.43","0.03","429.52000000000004","-4.46"
Rajasthan Securities Ltd,RAJSEC,"Gas Distribution","352.1588778","7.15","-2.46","-0.18000000000000016","1.18",,"0","30.5","0","5.699999999999999","0","0","2.28"
Atal Realtech Ltd,ATALREAL,"Construction & Engineering","352.1131425","22.1","-0.89","7.6800000000000015","22.340000000000003",,"22.92","0","0","22.990000000000002","1.39","4.5","-14.35"
Aarti Surfactants Ltd,AARTISURF,"Specialty Chemicals","351.687380725","48.03","-16.16","-5.39","222.24",,"-0.37","0","0","176.13","20.24","218.6","11.14"
Mangal Credit and Fincorp Ltd,MANCREDIT,"Consumer Finance","350.639965502","38.38","-5.13","5.530000000000001","208.70000000000005","291.65","60.02","14.01","1.17","78.5","0.81","15.6594","-49.36"
Vardhman Acrylics Ltd,VARDHACRLC,"Textiles","350.466296306","0","-9.08","-0.019999999999999574","109.98000000000002",,"-17.09","64.38","16.11","158.29","5.04","57.669999999999995","26.15"
Beezaasan Explotech Ltd,BEEZAASAN,"Textiles","348.490802","58.73","-35.45","17.839999999999996","33.47000000000002",,"48.18","0","0","25.18","7.21","48.6077785","5.11"
Tracxn Technologies Ltd,TRACXN,"IT Services & Consulting","347.9617305","125.21","-15.71","-1.1400000000000012","44.929999999999986",,"0.3","0","0","-70.1","0.12","0.19999999999999996","14.27"
Mold-Tek Technologies Ltd,MOLDTECH,"Construction & Engineering","347.82179985","20.89","-47.36","-35.83","19.7",,"-12.95","52.28","9.71","91.07","4.31","34.699999999999996","24.48"
Ratnabhumi Developers Ltd,RATNABHUMI,"Real Estate","346.61","19.08","-0.65","0.6099999999999994","161.85999999999999",,"-88.55","18.85","0","8.090000000000003","0.03","5.16","89.81"
Property Share Investment Trust,PSPLATINA,"Real Estate","346.183",,,,,,,,,,,,
Bedmutha Industries Ltd,BEDMUTHA,"Iron & Steel","346.126947552","119.6","-55.6","1.3800000000000026","387.9399999999998",,"-51.97","3.05","0","-6.579999999999998","55.45","219.55","108.95"
Jay Ushin Ltd,JAYUSH,"Auto Parts","345.87275","2.86","5.11","0.029999999999997584","280.93",,"-24.82","0","1.16","113.34","11.41","169.2677","19.74"
Naperol Investments Ltd,NAPEROL,"Specialized Finance","345.595845","0","11.47","2.460000000000001","41.74000000000022","0","-5.59","1186.65","5.59","1157.81","0.01","0.07","-3.42"
Nandani Creation Ltd,JAIPURKURT,"Apparel & Accessories","345.16295935","25.03","-0.53","0.1999999999999993","40.43999999999999",,"17.67","0","0","9.979999999999997","0.76","7.31","-16.94"
Felix Industries Ltd,FELIX,"Water Management","345.07334925","43.25","-67.12","-1.8400000000000034","53.04000000000001",,"35.72","2.03","0","13","67.93","77.43","29.56"
Pramara Promotions Ltd,PRAMARA,"Advertising","344.90899548000004","34.32","-1.01","2.6999999999999993","40.94",,"23.45","0.56","0","17.409999999999997","1.74","8.149999999999999","-19.74"
Danlaw Technologies India Ltd,DANLAW,"IT Services & Consulting","344.867576935","34.49","-9.66","-0.06000000000000094","79.38000000000001",,"-0.52","0","0","37.37","4.81","30.419999999999998","10.12"
RPP Infra Projects Ltd,RPPINFRA,"Construction & Engineering","344.37420051","132.95","-41.92","-17.070000000000004","423.58",,"16.63","6.86","0","340.49","57.9","105.12000000000002","8.22"
National Peroxide Ltd,NPL,"Specialty Chemicals","343.641865","0","-1.8","4.330000000000002","92.46000000000001",,"-12.54","0","7.18","343.52","4.89","314.7899","18.67"
Ganesh Infraworld Ltd,GANESHIN,"Construction & Engineering","343.05281791","101.79","-24.76","4.569999999999993","85.32000000000006",,"109.47","0","0","56.37999999999998","11.8","19.66","-80.14"
Mizzen Ventures Ltd,MIZVEN,"Construction & Engineering","342.46215","27.68","-61.75","1.0600000000000023","1.01",,"68.3","17.43","0","-4.16","10.65","19.91","-5.49"
Savy Infra and Logistics Ltd,SAVY,"Construction & Engineering","342.299496","2.98","-35","-0.060000000000002274","133.56",,"52.45","0","0","34.290000000000006","35","3.025","-17.51"
Transworld Shipping Lines Ltd,TRANSWORLD,"Logistics","342.29598193699997","38.23","-42.12","12.049999999999997","398.02",,"-114.54","0.45","0","740.14","33.2","904.2299999999999","168.71"
Fundviser Capital (India) Ltd,FUNDVISER,"Construction Materials","341.28","10.38","-9.03","-5.33","29.13000000000001","0","13.85","5.73","0","4.469999999999999","0.29","3.108430000000001","-10.15"
Astal Laboratories Ltd,ASTALLTD,"Pharmaceuticals","341.097414656","11.52","-7.81","-17.04","27.34000000000001",,"3.29","0","0","10.900000000000002","5.78","11.44","-12.52"
Brandman Retail Ltd,BRANDMAN,"Retail - Speciality","341.08879728","0","-2.88","3.7299999999999995","54.940000000000026",,"7.31","0","0","17.04","2.62","7.500000000000001","-0.7"
Apsis Aerocom Ltd,APSISAERO,"Aerospace & Defense Equipments","340.94884509","0","-3.66","-2.0200000000000005","8.010000000000002",,"0.01","0","0","9.59","3.91","8.05","1.63"
IL&FS Engineering and Construction Company Ltd,IL&FSENGG,"Construction & Engineering","340.9148028","282.28","86.74","37.03999999999999","4905.67",,"-0.89","18.34","0","-3602.6800000000003","0","28.410000000000004","-48.81"
Likhami Consulting Ltd,LIKHAMI,"Outsourced services","340.29","35","-0.21","-0.04999999999999999","0.04999999999999488",,"0","13.87","0","-10.04","0.02","0.020000000000000004","0.16"
Remsons Industries Ltd,REMSONSIND,"Auto Parts","340.13791132","54.57","-29.1","3.0500000000000007","175.24",,"9.89","0.12","1.03","64.07","29.13","97.6311","22.26"
Jainam Ferro Alloys (I) Ltd,JAINAM,"Metals - Diversified","339.6248","7.81","-1.55","-0.6200000000000001","47.3",,"3.33","34.47","0","101.53999999999999","4.08","17.896300000000004","-2.4"
GTV Engineering Ltd,GTV,"Construction & Engineering","339.0199452","7.6","-2.5","-7.01","24.090000000000003",,"-6.86","10.83","0.16","36.54","0.58","12.28","2.35"
Sahyadri Industries Ltd,SAHYADRI,"Cement","338.897448","0","-10.8","-2.529999999999994","164.62000000000012",,"-45.62","0.15","1.09","367.34","19.32","217.87","53.89"
Sheetal Universal Ltd,SHEETAL,"Agro Products","338.238370475","20.4","-15.18","-0.11999999999999922","28.07999999999999",,"5","0.06","0","11.980000000000004","15.18","19.51","10.06"
Avana Electrosystems Ltd,AVANA,"Electrical Components & Equipments","337.4165792","0","-0.74","1.5299999999999994","27.619999999999994",,"-4.5","0","0","21.01","0.23","3.26","6.77"
UVS Hospitality and Services Ltd,UVS,"Restaurants & Cafes","336.329532","23.52","-4.48","36.03","8.120000000000019",,"14.15","0","0","96.39","1.25","117.219","26.36"
Committed Cargo Care Ltd,COMMITTED,"Logistics","335.6634","21.71","-10.2","-5.769999999999998","12.809999999999981",,"10.92","0","0","32.66","1.96","4.06","-6.49"
Atlantaa Ltd,ATLANTAA,"Construction & Engineering","335.454","71","-102.25","16.14","360.20000000000005",,"63.7","0.39","0","123.06","2.43","31.990599999999972","54.69"
Adisoft Technologies Ltd,ADISOFT,"Industrial Machinery","335.41649","0","-4.85","3.5100000000000007","61.759999999999984",,"9.08","1.53","0","49.24","0.13","10.389999999999999","-0.72"
Muthoot Capital Services Ltd,MUTHOOTCAP,"Diversified Financials","334.70729655","201.35","-7.65","115.92999999999984","2926.4599999999996","2980.13","1220.08","111.97","0","440.27","4.02","9.770000000000001","-1096.5"
Setco Automotive Ltd,SETCO,"Auto Parts","333.8831184","52.01","-5.59","6.239999999999995","1268.72",,"-77.41","83.11","0","-772.58","12.28","195.8331","89.24"
Tankup Engineers Ltd,TANKUP,"Heavy Machinery","333.585","0.39","-0.91","0.020000000000000462","14.869999999999996",,"6.73","0","0","2.3699999999999997","0.38","0.84","-5.8"
Soma Textiles & Industries Ltd,SOMATEX,"Textiles","333.236904","87.14","-0.54","-10.15","3.879999999999991",,"-3.65","2.6","0","37.47","2.75","5.109999999999999","-5.96"
Mahindra EPC Irrigation Ltd,MAHEPC,"Agricultural & Farm Machinery","333.005271242","95.49","-2.09","-1.6600000000000001","166.62",,"16.71","0","0","61.62000000000002","2.17","19.190000000000005","-16.28"
Ekansh Concepts Ltd,EKANSH,"Construction & Engineering","332.882838","14","18.92","-3.479999999999997","17.099999999999994",,"-47.58","15.72","0","19.32","0.05","0.8399999999999999","25.18"
Gayatri Rubbers and Chemicals Ltd,GRCL,"Tires & Rubber","332.5171","3.06","-0.65","-0.39","5.429999999999999",,"-0.16","0","0","5.32","0.65","2.3265","0.42"
Alphalogic Techsys Ltd,ALPHALOGIC,"Software Services","332.152654725","5.28","-0.18","0.009999999999999787","6.730000000000009",,"-2.29","1.53","0","10.419999999999998","6.09","13.690000000000001","2.48"
Anjani Portland Cement Ltd,APCL,"Cement","331.9348332","144.56","-14.68","-2.1600000000000006","727.24",,"2.82","0","0","39.80000000000001","14.14","567.7399999999999","9.7"
Majestic Auto Ltd,MAJESAUT,"Auto Parts","331.52358603000005","1.3","-341.27","-276.01","282.87000000000006",,"-34.46","26.06","5.2","598.76","116.49","436.6763","99.72"
Artificial Electronics Intelligent Material Ltd,AEIM,"Software Services","330.23655665","12.67","-25.72","2.9800000000000004","23.72",,"27.93","0","0","1.9499999999999993","0","0.04000000000000001","0.77"
Varvee Global Ltd,VGL,"Textiles","330.144239946","28.07","181.98","13.20999999999998","168.67",,"-196.24","0","0","-15.790000000000001","0","68.22999999999999","27.47"
Robust Hotels Ltd,RHL,"Hotels, Resorts & Cruise Lines","329.8391012","332.37","-26.71","6.66","188.47",,"-20.98","14.74","0","367.55999999999995","5.15","640.16","54.35"
Spencer's Retail Ltd,SPENCERS,"Retail - Department Stores","328.723856868","71.97","-20.24","-9.770000000000003","1971.1200000000001",,"-26.94","42.56","0","-777.64","22","623.6096","37.41"
Talbros Engineering Ltd,TALBROSENG,"Auto Parts","328.52595636","1.79","-26.55","0.08000000000000096","182.39",,"-7.79","0.09","1.27","147.59","26.91","175.00000000000006","34.42"
Yash Optics & Lens Ltd,YASHOPTICS,"Pharmaceuticals","328.268028","45.66","-37.09","-0.0400000000000027","21.61",,"31.37","0","0","19.939999999999998","11.53","32.62","5.68"
DJ Mediaprint & Logistics Ltd,DJML,"Logistics","328.13658779499997","0","-8.17","0.3100000000000023","44.72",,"21.78","0.1","0.22","7.57","4.32","22.4844","-13.3"
Genus Paper & Boards Ltd,GENUSPAPER,"Paper Products","328.09269944","0","-47.95","-9.34","603.5900000000001",,"-2.23","83.11","0","466.66","64.91","649.73","40.84"
Omnitex Industries (India) Ltd,OMNITEX,"Commodities Trading","327.9198","2.42","128.5","97.44","0.6499999999999716",,"-3.36","75.26","3.17","168.88000000000002","9.66","0","-27.7"
Nippon India ETF Nifty PSU Bank BeES,PSUBNKBEES,"Equity","327.73773732",,,,,,,,,,,,
Parmeshwar Metal Ltd,PARMESHWAR,"Metals - Copper","327.5484","18.35","-5.37","0.23000000000000043","18.18",,"9.77","0","0","37.12","0.84","12.280000000000001","-4.17"
Bafna Pharmaceuticals Ltd,BAFNAPH,"Pharmaceuticals","327.30905106","75.38","-21.16","2.0400000000000005","68.27",,"1.06","0","0","-14.229999999999997","21.86","66.09","22.14"
Career Point Edutech Ltd,CPEDU,"Education Services","326.70879856199997","1.66","-0.34","2.5","8.780000000000005",,"-4.16","0.1","0","37.21","0.34","3.297799999999997","7"
Agribio Spirits Ltd,AGRIBIO,"Agro Products","325.54752866999996","10.76","2.03","11.049999999999999","3.119999999999986",,"13.94","45.97","0","44.7","0","2.54","-4.92"
Lancer Container Lines Ltd,LANCER,"Logistics","325.355884278","281.15","-338.63","-4.570000000000011","116.13000000000012",,"24.48","0.01","0","79.09000000000003","342.48","460.58000000000004","309.58"
Jinkushal Industries Ltd,JKIPL,"Business Support Services","325.167806","26.33","-4.71","-2.66","85.96000000000001",,"13.3","0.6","0","59.72","0.26","9.5444","-11.25"
Shiv Texchem Ltd,SHIVTEXCHEM,"Specialty Chemicals","324.411808","176.24","-0.28","64.71","920.7399999999999",,"181.01","1.23","0","133.43","0.3","0.9400000000000001","-116.02"
Nicco Parks & Resorts Ltd,NICCOPAR,"Hotels, Resorts & Cruise Lines","324.2304","0.81","-7.36","2.5600000000000005","29.190000000000005",,"-6.08","35.48","6.08","101.7","8.41","30.55","16"
MOS Utility Ltd,MOS,"Online Services","324.162618","34.05","-29.05","20.61","59.12",,"12.73","6","0","27.450000000000003","4.42","27.3144","36.93"
Fratelli Vineyards Ltd,FRATELLI,"Alcoholic Beverages","324.130169664","243.96","-32.93","-14.870000000000001","177.63000000000002",,"25.06","0.05","0","-135.10000000000002","40.74","98.83","-7"
Riddhi Steel and Tube Ltd,RSTL,"Metals - Diversified","323.319828","7.9","-0.38","-4.010000000000002","138.81000000000003",,"-16.35","0","0","45.910000000000004","1.06","21.739999999999995","12.72"
ITCONS e-Solutions Ltd,ITCONS,"Employment Services","322.27286265","8.58","-0.73","-1.1099999999999994","13.100000000000001",,"22.51","0","0","6.119999999999999","0.73","1.5499999999999998","-22.89"
Modi Rubber Ltd,MODIRUBBER,"Tires & Rubber","322.14644418","57.82","35.98","1.5399999999999956","82.16000000000012",,"-5.52","348.98","0","604.6899999999999","1.9","214.95829999999998","-28.92"
Espire Hospitality Ltd,ESPIRE,"Hotels, Resorts & Cruise Lines","322.10483904","0","-25.54","0.3100000000000023","137.71",,"49.06","0","0","28.58","24.4","106.16","-23.21"
Alacrity Securities Ltd,ALSL,"Investment Banking & Brokerage","322.09398","27.47","-2.47","-0.10999999999999943","28.63","0","42.42","23.36","0","27.1","4.02","4.369999999999999","-40.06"
Andhra Petrochemicals Ltd,ANDHRAPET,"Commodity Chemicals","321.3625912","4.13","77.24","-2.960000000000001","132.31",,"-23.47","0","16.99","431.64","1.35","198.66","-56.73"
Blue Water Logistics Ltd,BLUEWATER,"Logistics","321.2","0","-5.25","-0.08999999999999986","56.18",,"16.63","0","0","12.15","5.36","6.970000000000001","-11.47"
Manomay Tex India Ltd,MANOMAY,"Textiles","320.76211842","53.03","-3.2","-0.8299999999999998","469.7899999999999",,"-1.78","0.31","0","77.1","21.14","209.31999999999996","4.15"
Logica Infoway Ltd,LOGICA,"Retail - Online","320.26806393000004","30.36","-11.64","-0.14000000000000057","177.14",,"3","12.77","0","39.739999999999995","1.4","1.8700000000000006","8.5"
Balgopal Commercial Ltd,BALGOPAL,"Apparel & Accessories","320.1321","1.48","-11.51","3.580000000000002","9.649999999999995",,"21.96","40.02","0","36.11000000000001","0","0","-6.87"
Msafe Equipments Ltd,MSAFE,"Building Products - Others","320.076","0","-18.17","0.1999999999999975","47.94000000000001",,"4","0","0","24.65","21.14","39.4298","14.37"
Infinium Pharmachem Ltd,INFINIUM,"Commodity Chemicals","319.6097912","2.87","-27.24","22.930000000000007","73.59",,"79.29","29.02","0","91.00999999999999","8.65","21.615448999999998","-29.12"
Hp Adhesives Ltd,HPAL,"Diversified Chemicals","319.35657886","112.86","-9.11","2.35","43.80999999999999",,"1.52","0","2.76","53.040000000000006","14.03","77.11849999999998","9.94"
Polysil Irrigation Systems Ltd,POLYSIL,"Water Management","318.78459985","5.69","1.08","0.1599999999999997","66.24",,"-2.43","0","0","5.679999999999999","0.01","7.306600000000002","1.51"
Essen Speciality Films Ltd,ESFL,"Plastic Products","318.1881024","34.66","-5.81","-4.470000000000001","38.970000000000006",,"13.83","2.74","1.55","93.75","14.49","44.49","-12.49"
HP Telecom India Ltd,HPTL,"Technology Hardware","318.122757","30.59","-5.63","4.57","196.07000000000005",,"57.93","10.6","0","32.959999999999994","0.15","1.71","-47.73"
Music Broadcast Ltd,RADIOCITY,"Radio","317.471891595","326.26","-9.47","-0.3000000000000016","167.42000000000002",,"-7.44","170.74","0.01","102.34000000000003","12.67","178.69","16.61"
Aptus Pharma Ltd,APPL,"Pharmaceuticals","317.275","0.8","-0.54","4.3","14.95",,"6.68","0","0","1.17","0.62","0.9627000000000001","-1.84"
Nath Bio-Genes (I) Ltd,NATHBIOGEN,"Agro Products","317.138752","133.5","-3.96","11.489999999999998","381.83000000000004",,"-2.13","5.78","3.8","491.88","7.92","243.1978","17.58"
Mason Infratech Ltd,MASON,"Construction & Engineering","316.008","26.45","-26.78","0.14999999999999858","91.16000000000004",,"19.42","25.86","0","22.48","4.84","11.530000000000001","7.51"
Prime Fresh Ltd,PRIMEFRESH,"Agricultural & Farm Machinery","315.76683775","26.82","7.14","-0.1299999999999999","10.159999999999995",,"3.51","0.36","0.68","30.049999999999997","0.46","1.4200000000000002","-10.78"
R & B Denims Ltd,RNBDENIMS,"Textiles","315.53685408","74.42","-29.01","7.619999999999997","117.36000000000013",,"13.41","14.64","0","90.55","7.74","88.43870000000001","23.22"
VEGA Jewellers Ltd,VEGA,"Precious Metals, Jewellery & Watches","315.21083055","0","0.27","13.84","2.4799999999999986",,"13.22","0","0","15.31","0","0","0.35"
Bhatia Communications & Retail (India) Ltd,BHATIA,"Retail - Speciality","314.577384","13.34","-8.09","-8.86","42.34000000000002",,"-5.94","0","0.5","53.50999999999999","4.66","12.500000000000002","5.17"
Annapurna Swadisht Ltd,ANNAPURNA,"FMCG - Foods","314.5353","232.4","-37.78","26.449999999999996","164.94000000000003",,"80.1","3.6","0","45.66","25.61","94.5899","-15.87"
Wardwizard Foods and Beverages Ltd,WARDWIZFBL,"Packaged Foods & Meats","314.48222","67.19","0.44","-0.28","55.999999999999986",,"1.2","0.54","0","-12.659999999999997","0.75","70.6314","-1.92"
Bella Casa Fashion & Retail Ltd,BELLACASA,"Textiles","314.472375","66.16","-31.1","0.00999999999999801","63.48000000000003",,"19.27","0","1.11","69.97","10.43","36.5","11.84"
Ashima Ltd,ASHIMASYN,"Textiles","314.130867842","0","29.44","-0.1399999999999988","194.77000000000004",,"-9.72","31.11","0","106.89","0.3","46.55","-19.86"
Suba Hotels Ltd,SUBAHOTELS,"Hotels, Resorts & Cruise Lines","314.06179478","5.89","-4.94","1.5899999999999994","75.44",,"2.59","0","0","24.28","2.02","70.75999999999999","3.94"
Monarch Surveyors & Engineering Consultants Ltd,MSECL,"Construction & Engineering","313.69696","0","-28.7","-5.159999999999999","39.260000000000005",,"-0.37","0","0","98.4","15.3","42.260000000000005","23.91"
Dhariwalcorp Ltd,DHARIWAL,"Specialty Chemicals","313.53669","19.94","-10.89","-0.04999999999999716","33.01999999999999",,"24.03","3.71","0","5.73","4.97","9.5","-13.19"
Chavda Infra Ltd,CHAVDA,"Construction & Engineering","312.35464","36.61","-26.93","3.299999999999997","249.72999999999996",,"63.05","0","1.23","51.03","26.07","74.2","-32.82"
Tipco Engineering India Ltd,TIPCO,"Industrial Machinery","312.34446335999996","6.6","-31.23","-2.619999999999999","67.86000000000001",,"12.31","0","0","26.47","31.29","34.150000000000006","16.3"
Oneclick Logistics India Ltd,OLIL,"Logistics","311.75953335","7.34","0.24","0.4099999999999999","5.630000000000002",,"-1.23","0.25","0","2.9800000000000004","0.12","2.6428","1.4"
SBI Nifty Bank ETF,SETFNIFBK,"Equity","311.36301138000005",,,,,,,,,,,,
Shree Karni Fabcom Ltd,SHREEKARNI,"Textiles","310.83625","39.36","-40.82","-16.090000000000003","137.68000000000004",,"31.33","3.34","0","36.64","40.49","88.46","-6.6"
Bhavik Enterprises Ltd,BHAVIK,"Plastic Products","310.45963725","0","-1.53","-34.49","75.2",,"0","0","0","82.16","4.01","1.15","-32.96"
Sahaj Solar Ltd,SAHAJSOLAR,"Renewable Energy Equipment & Services","310.3547825","49.74","-0.26","-1.6199999999999974","194.50999999999996",,"45.4","0","1.1","47.88999999999999","0.66","6.39","-46.76"
Pushpa Jewellers Ltd,PUSHPA,"Precious Metals, Jewellery & Watches","309.20547168","2.07","-10.08","1.8499999999999996","32.980000000000004",,"11.78","0","0","37.21","5.96","15.910000000000002","0.15"
Nila Infrastructures Ltd,NILAINFRA,"Real Estate","308.4152436","0.34","-24.97","22.900000000000002","706.0600000000001",,"-12.34","92.08","0","124.49","3.22","37.629999999999995","60.21"
Arham Technologies Ltd,ARHAM,"Home Electronics & Appliances","307.33108","6.06","0.5","8.881784197001252e-16","35.03000000000001",,"-4.47","0.1","0","6.87","0","8.510000000000002","3.97"
Ecoline Exim Ltd,ECOLINE,"Packaging","306.91002496","4.58","1.37","-10.61","57.860000000000014",,"-7","4.8","0","67.69","2.28","13.780000000000003","-4.98"
Encompass Design India Ltd,ENCOMPAS,"FMCG - Foods","306.3645504","19.65","-9.91","12.209999999999999","20.859999999999996",,"17.38","0","0","12.54","9.9","1.7196999999999996","4.74"
Akiko Global Services Ltd,AKIKO,"Investment Banking & Brokerage","303.70272","22.72","-6.65","2.5799999999999983","18.680000000000014","0","36.15","0","0","10.280000000000001","5.7","4.5692","-26.92"
Shankara Building Products Ltd,SHANKARA,"Building Products - Pipes","303.60156151999996","214.59","-26.39","-5.159999999999997","934.03",,"-42.37","0","7.22","628.9599999999999","27.44","289.53","63.6"
Om Freight Forwarders Ltd,OMFREIGHT,"Logistics","302.57384636999996","0.01","-46.2","-6.2","138.53999999999996",,"0.19","21.07","0","141.60000000000002","33.72","98.04","39.81"
Avonmore Capital & Management Services Ltd,AVONMORE,"Investment Banking & Brokerage","302.502042352","69.43","-19.78","18.139999999999997","96.5","95.32","44.61","166.04","0","275.55","4.83","74.2186","-6.69"
Sayaji Hotels (Indore) Ltd,SHILINDORE,"Hotels, Resorts & Cruise Lines","301.9185555","0","-30.85","-2.2500000000000027","72.5",,"3.63","0","0","59.36","30.95","111.41999999999999","24.97"
Bombay Oxygen Investments Ltd,BOMOXY-B1,"Conglomerates","301.6875","0","2.99","3.3306690738754696e-16","25.849999999999945","0","-0.38","500.82","0.38","481.57","0","6.700000000000001","-2.61"
P S Raj Steels Ltd,PSRAJ,"Metals - Diversified","301.53256","26.04","-2.51","0.8100000000000005","9.269999999999994",,"12.38","0","0","31.36","2.69","5.609999999999999","-9.06"
All e Technologies Ltd,ALLETEC,"IT Services & Consulting","300.28739712","35.65","-6.88","9.580000000000002","28.550000000000022",,"-5.68","2.75","2.02","88.47","2.7","5.189999999999998","22.14"
Axita Cotton Ltd,AXITA,"Textiles","300.258836405","0","-11.8","4.930000000000007","14.52",,"-28.08","3.93","2.6","27.9","2.58","5.5266","44.81"
Ascom Leasing & Investments Ltd,ASCOM,"Consumer Finance","300.11726598","0.33","-0.46","4.23","9.949999999999996","0","4.15","0","0","37.730000000000004","0.46","0.5398000000000001","0.54"
Aelea Commodities Ltd,ACLD,"Agro Products","299.93058","45.63","-28.35","-0.32000000000000384","58.509999999999984",,"18.56","0","0","36.26","26.73","64.581","9.47"
Stellant Securities (India) Ltd,STELLANT,"Investment Banking & Brokerage","299.801809225","0.69","0.06","0.98","0.04000000000000066","0","-0.01","0","0","0.6100000000000001","0","0","0.93"
Sera Investments & Finance India Ltd,SERA,"Specialized Finance","299.564982","52.25","-9.18","1.0000000000000004","86.53999999999999","22.54","0.52","324.18","0.65","226.35000000000002","1.18","2.65731","9.66"
Trident Lifeline Ltd,TLL,"Pharmaceuticals","298.623325","31.84","-13.71","-4.190000000000001","85.87999999999998",,"19.76","10.72","0","21.12","11.1","44.9463","-10.24"
Oil Country Tubular Ltd,OILCOUNTUB,"Oil & Gas - Equipment & Services","298.21194408","19.53","-0.04","11.719999999999999","157.69",,"-18.73","0","0","127.91","0.54","306.64","30.49"
Vardhman Polytex Ltd,VARDMNPOLY,"Textiles","298.022725468","184.97","30.64","-0.6800000000000068","503.15999999999997",,"66.96","0.01","0","-473.78999999999996","4.71","116.22420000000001","-98.28"
Shradha Realty Ltd,SHRADHA,"Real Estate","297.909055104","65.33","-8.31","59.51","193.52",,"89.61","1.75","2.02","77.02","4.84","48.049","-21.79"
Menon Pistons Ltd,MENNPIS,"Auto Parts","297.84","8.08","-24.74","0.4299999999999997","56.38000000000001",,"-13.73","0","5.1","144.01","18.59","87.97859999999997","38.9"
Apollo Sindoori Hotels Ltd,APOLSINHOT,"Restaurants & Cafes","295.691484","0","-3.39","5.749999999999998","169.37999999999997",,"-12.19","14.35","0.65","144.71","12.63","56.89080000000001","21.33"
SKP Bearing Industries Ltd,SKP,"Industrial Machinery","294.899","0","-8.23","-2.37","45.58",,"-0.09","0.11","1.83","34.58","29.69","59.79","5.95"
Mach Conferences and Events Limited,MCEL,"Business Support Services","294.5194","48.92","-24.93","4.75","30.10000000000001",,"38.55","0","0","39","1.99","19.740000000000002","-8.87"
Coromandel Engineering Company Ltd,COROENGG,"Construction & Engineering","294.451100158","24.41","1.7","0.31000000000000005","69.94999999999999",,"0.24","0","0","-51.39","0","4.209999999999994","-1.63"
iStreet Network Ltd,ISTRNETWK,"Retail - Online","293.849139228","2.98","0.02","0","8.829999999999998",,"0","0.01","0","-13.02","0","0.07","-0.02"
Digilogic Systems Ltd,DIGILOGIC,"Aerospace & Defense Equipments","293.67924832","11.41","-5.13","-0.009999999999999787","39.09999999999999",,"15.63","0","0","17.31","2.21","8.939999999999998","-10.51"
PPAP Automotive Ltd,PPAP,"Auto Parts","293.67814641999996","71.7","-35.4","-0.4499999999999993","279.68",,"-17.24","38.96","3.17","202.12","12.53","335.57550000000003","52.19"
Asian Hotels (East) Ltd,AHLEAST,"Hotels, Resorts & Cruise Lines","293.0942472","0","9.58","0.8300000000000001","425.37999999999994",,"-9.14","0","4.33","226.28","10.87","119.62939999999996","0.39"
B C C Fuba India Ltd,BCCFUBA,"Electronic Equipments","293.042012025","9.06","-2.22","0.020000000000000018","17.73999999999999",,"2.29","0.04","0","-1.2100000000000009","6.93","14.88","-0.05"
Sugs Lloyd Ltd,SUGSLLOYD,"Renewable Energy Equipment & Services","292.4964","0","-8.56","-1.1599999999999966","94.86",,"51.84","2.1","0","22.39","0.41","1.0891","-44.44"
Sayaji Industries Ltd,SAYAJIIND,"Agro Products","292.26208","0.92","3.85","0.730000000000004","426.76000000000005",,"30.36","19.19","0","87.42999999999999","32.53","321.34","-33.48"
Exxaro Tiles Ltd,EXXARO,"Building Products - Ceramics","292.1591871","142.69","-4.75","1.2899999999999991","214.12000000000003",,"-17.25","0","0","89.34","7.66","191.57","23.29"
Dhruva Capital Services Ltd,DHRUVCA,"Specialized Finance","290.48812","0","1.66","-0.23000000000000043","9.190000000000001","19.36","6.25","0","0","6.95","0.54","0.53","-8.14"
Chaman Metallics Ltd,CMNL,"Iron & Steel","290.46188474","46.85","-175.21","-0.07999999999998408","401.40999999999997",,"226.99","0.02","0","28.43","175.7","364.96999999999997","-51.86"
Kings Infra Ventures Ltd,KINGSINFR,"Real Estate","290.26705525","14.66","-16.19","-2.5100000000000016","70.62",,"18.01","0.08","0","31.610000000000003","5.81","32.5726","-4.33"
TechEra Engineering (India) Ltd,TECHERA,"Aerospace & Defense Equipments","289.529210625","28.75","-38.24","0.8799999999999955","31.270000000000014",,"34.47","2.36","0","4.549999999999997","36.88","32.43","4.65"
Transteel Seating Technologies Ltd,TRANSTEEL,"Business Support Services","289.13952885","36.65","-15.88","1.209999999999999","62.000000000000014",,"8.68","0","0","33.71","16.09","24.03","8.41"
Sat Kartar Life Ltd,SATKARTAR,"FMCG - Personal Products","288.83975022","26.13","-0.31","28.180000000000003","12.240000000000007",,"33.56","0","0.05","9.629999999999999","5.18","7.0200000000000005","-5.07"
UFO Moviez India Ltd,UFO,"Movies & TV Serials","287.889052669","198.87","-61.98","-11.919999999999998","253.33999999999997",,"-0.02","5.98","0","60.14999999999998","46.5","146.03789999999998","50.08"
Cupid Breweries and Distilleries Ltd,CUPIDTR,"Alcoholic Beverages","287.640080041","0","-3.02","0","8.180000000000001",,"4.68","1.08","0","-2.66","0.01","0.01","-1.66"
India Gelatine & Chemicals Ltd,INDGELA,"Commodity Chemicals","287.4154575","0","-17.46","-0.0699999999999994","23.029999999999994",,"-3.62","19.6","0.78","164.41","12.17","68.96","21.01"
DU Digital Global Ltd,DUGLOBAL,"IT Services & Consulting","287.40725529499997","36.75","16.79","-5.52","12.59999999999999",,"-4.16","0","0","9.79","5.89","10.56","-18.15"
VVIP Infratech Ltd,VVIPIL,"Construction & Engineering","287.15155","63.23","17.59","46.94000000000001","326.7700000000001",,"93.7","19.82","0","110.80000000000001","3.81","21.552200000000003","-64.35"
Pelatro Ltd,PELATRO,"Advertising","286.87159093","53.98","-44.42","28.48","57.62999999999997",,"52.7","0","0","15.06000000000001","44.54","48.95979999999999","20.2"
Jost's Engineering Company Ltd,JOSTS,"Industrial Machinery","286.736959535","24.16","-9.2","1.7300000000000004","83.2",,"6.38","0.03","0.98","53.27000000000001","2.06","40.05","4.55"
Baroda Rayon Corporation Ltd,BARODARY,"Textiles","284.78819237","51.93","-14.01","-0.9499999999999957","329.73",,"-29.28","0.76","0","297.46","16.77","19.549999999999997","42.34"
Waaree Technologies Ltd,WAAREE,"Specialty Chemicals","284.65575446500003","1.4","-0.23","-2.24","21.4",,"-0.27","0.2","0","-14.08","0.37","2.7965","-1.74"
Hi-Klass Trading and Investment Ltd,HIKLASS,"Investment Banking & Brokerage","284.04356","4.22","-9.33","0.5299999999999994","3.3800000000000017","4.33","11.35","7.48","0","-1.17","0.05","0.05","-1.49"
Dynemic Products Ltd,DYNPRO,"Commodity Chemicals","282.957086829","46.97","-3.72","0.3100000000000023","191.74000000000004",,"-24.4","0.98","0","164.88","6.92","234.7589","28.43"
Mirae Asset S&P 500 Top 50 ETF,MASPTOP50,"Equity","282.692129632",,,,,,,,,,,,
Brand Concepts Ltd,BCONCEPTS,"Retail - Department Stores","282.165311462","32","-27.61","-0.23999999999999844","193.03",,"30.2","0","0","35.349999999999994","28.49","82.25","-2.83"
U. Y. Fincorp Ltd,UYFINCORP,"Diversified Financials","282.12344190700003","111.15","5.77","7.449999999999999","15.16999999999996","274.75","-5.41","20.59","0","123.38999999999999","0","5.529999999999999","7.09"
Phantom Digital Effects Ltd,PHANTOMFX,"Animation","281.992788","94.6","2.59","0.7900000000000027","63.339999999999996",,"17.01","0","0","56.77000000000001","7.93","30.89","-18.81"
Halder Venture Ltd,HALDER,"FMCG - Foods","281.72375775","49.94","-61.84","-2.8500000000000014","437.77000000000004",,"34.04","0","0.32","99.31","68.31","49.59","24.95"
Radix Industries (India) Ltd,RADIXIND,"FMCG - Personal Products","281.60954505","0","-0.19","5.82","0.3499999999999964",,"-1.52","0","0.75","5.84","0.26","3.1399999999999997","7.53"
LIC MF Gold ETF,LICMFGOLD,"Gold","281.451552",,,,,,,,,,,,
Integra Essentia Ltd,ESSENTIA,"Agro Products","280.84532064","50.03","23.42","-1.8399999999999892","51.28",,"66.18","28.94","0","12.86","18.81","52.760000000000005","-91.44"
Asahi Songwon Colors Ltd,ASAHISONG,"Specialty Chemicals","279.817812618","0","-5.39","3.039999999999999","301.45000000000005",,"-49.49","0.3","0.59","243.26","5.98","279.46729999999997","57.92"
Quest Flow Controls Ltd,MESON,"Industrial Machinery","278.853481255","33.87","-16.27","1.290000000000001","38.05",,"13.07","0","0","22.39","5.34","19.43","4.49"
B.R.Goyal Infrastructure Ltd,BRGIL,"Construction & Engineering","278.7490368","71.77","-18.7","36.38000000000001","143.59999999999994",,"91.51","5.3","0","133.34000000000003","23.97","71.25999999999999","-36.43"
Atvo Enterprises Ltd,ATVOENT,"Apparel & Accessories","278.69610735","0","0.72","0.030000000000000027","0.15000000000000002",,"-0.72","0","0","0.84","0","0.04","0.03"
Suyog Gurbaxani Funicular Ropeways Ltd,SGFRL,"Construction & Engineering","278.4568864","5.25","-0.08","0.04999999999999982","116.52999999999999",,"-3.5","0","0","-5.64","0.08","53.6","3.63"
Krishca Strapping Solutions Ltd,KRISHCA,"Iron & Steel","278.443","56.63","-41.98","-0.13999999999999346","57.8",,"62.2","0","0","27.04","28.49","35.120000000000005","-20.36"
GSM Foils Ltd,GSMFOILS,"Metals - Aluminium","277.6271553","7.41","0","0","30.160000000000004",,"0","2.99","0","11.02","0","2.12","0"
Cryogenic OGS Ltd,CRYOGENIC,"Oil & Gas - Equipment & Services","277.4604","0","-1.36","0.5199999999999998","4.850000000000004",,"-0.06","2.46","0","18.49","0.27","6.6","1.94"
Hampton Sky Realty Ltd,HAMPTON,"Real Estate","277.2239847","20.65","4.1","-5.059999999999997","105.17999999999995",,"15.67","11.2","0","97.68","8.77","15.980000000000002","-24.83"
Cineline India Ltd,CINELINE,"Real Estate","276.76998741799997","93.11","110.59","21.110000000000014","171.02999999999997",,"-139.17","0","0","21.730000000000004","41.34","219.18509999999998","49.69"
Sakuma Exports Ltd,SAKUMA,"Commodities Trading","275.91848064","161.97","-61.46","-0.009999999999990905","206.06000000000012",,"199.49","0","1.56","388.25","67.12","68.72","-138.04"
Khemani Distributors & Marketing Ltd,KDML,"Commodities Trading","274.76904","10.41","-17.48","-0.5600000000000014","8.779999999999987",,"-4.87","60.65","0","70.4","0.01","0.8699999999999999","21.79"
KCP Sugar and Industries Corp Ltd,KCPSUGIND,"Sugar","274.1650509","0","3.33","-2.8200000000000003","168.39000000000004",,"-53.94","195.49","2.27","438.94","5.37","100.00999999999999","47.79"
Shemaroo Entertainment Ltd,SHEMAROO,"Movies & TV Serials","274.000861563","145.85","-1.48","0.9399999999999977","397.59",,"-72.73","0.15","0","298.58000000000004","2.63","41.36","75.15"
Tierra Agrotech Ltd,TIERRA,"Agro Products","272.793315134","139.14","0.25","-1.6699999999999982","71.21000000000001",,"27.67","0","0","-101.39999999999998","0.08","39.8489","-29.59"
Spunweb Nonwoven Ltd,SPUNWEB,"Building Products - Others","272.60955579","7.73","-8.64","0.3299999999999992","137.70000000000002",,"6.02","0","0","19.57","3.8","56.200599999999994","2.95"
Arihant Academy Ltd,ARIHANTACA,"Education Services","272.484","0","-16.89","-11.610000000000001","18.35",,"-0.63","6.44","0.61","18.99","8.45","9.219299999999999","5.91"
Nidhi Granites Ltd,NIDHGRN,"Investment Banking & Brokerage","272","2.17","-0.39","0.19999999999999984","7.09",,"-0.91","2.15","0","4.71","2.97","5.04","1.5"
Emerald Leisures Ltd,EMERALL,"Wellness Services","269.959335","7.18","0","-0.3000000000000007","124.77",,"18.04","1.64","0","-90.24000000000001","0.03","60.38","-18.34"
Nitin Castings Ltd,NITINCAST,"Metals - Iron","269.919825","23.42","-18.61","-0.19000000000000072","46.67999999999998",,"0.61","1.48","1.54","56.59","8.38","30.099999999999994","17.81"
Quest Capital Markets Ltd,QUESTCAP,"Investment Banking & Brokerage","269","12.3","-35.89","-0.259999999999998","116.67","0","-2.5","1417.13","2.5","1301.03","0","0","38.13"
Evexia Lifecare Ltd,EVEXIA,"Fertilizers & Agro Chemicals","268.45804628499997","207.61","-14.51","-0.35999999999999943","429.59999999999985",,"20.08","708.81","0","17.73999999999998","0","10.52","-5.93"
Zenotech Laboratories Ltd,ZENOTECH,"Biotechnology","267.985224088","209.54","15.27","24.759999999999998","14.87999999999999",,"0","0","0","-174.44","3.86","64.43","9.49"
Goldkart Jewels Ltd,GOLDKART,"Precious Metals, Jewellery & Watches","267.894186","3.23","-0.95","0.0600000000000005","14.92999999999999",,"-2.34","24.02","0","30.2","0.74","1.06","3.35"
Sawaliya Food Products Ltd,SAWALIYA,"FMCG - Foods","267.8415311","0","-3.43","-0.7599999999999998","33.61",,"6.98","0.03","0","5.33","1.73","8.21","-4.31"
Delphi World Money Ltd,DELPHIFX,"Consumer Finance","267.587142525","0","37.11","25.680000000000003","85.92000000000002","0","-7.06","0","0","212.43","1.39","3.62","-4.37"
DCM Nouvelle Ltd,DCMNVL,"Textiles","267.540076676","55.19","-7.21","0.46999999999999176","412.26",,"-58.78","0","0","250.69","9.1","304.3222","66.46"
BPL Ltd,BPL,"Home Electronics & Appliances","267.50555196199997","0.1","-11.22","-4.840000000000002","209.36000000000013",,"-2.49","124.28","0","200.28","0.64","346.55300000000005","8.87"
Kaycee Industries Ltd,KAYCEEI,"Electrical Components & Equipments","267.46258","1.56","-4.4","-0.040000000000000036","11.7",,"-1.5","8.53","0.63","24.8","0.58","7.339999999999999","5.86"
United Nilgiri Tea Estates Company Ltd,UNITEDTEA,"Tea & Coffee","267.44119515","0","-19.29","0.5400000000000005","12.57999999999998",,"-1.35","121.34","1.35","215.52","3.65","45.239999999999995","21.18"
Gennex Laboratories Ltd,GENNEX,"Pharmaceuticals","266.02770303","100.22","0.82","-5.41","61.46000000000005",,"4.57","0.01","0","58","8.95","64.77","-10.8"
AdCounty Media India Ltd,ADCOUNTY,"Advertising","265.851678","3.43","-4.09","-0.75","10.020000000000007",,"3.58","1.21","0","17.93","0.05","1.11","-0.24"
Vikas Lifecare Ltd,VIKASLIFE,"Plastic Products","265.64660408000003","331.81","106.29","-8.109999999999985","196.05",,"107.8","53.96","0","13.96999999999997","12.7","51.000499999999995","-222.2"
P.E. Analytics Ltd,PROPEQUITY,"Real Estate","265.30205224","19.08","4.29","13.75","11.700000000000019",,"0","0.79","0","60.010000000000005","0.68","1.2831000000000008","9.46"
Poddar Pigments Ltd,PODDARMENT,"Specialty Chemicals","265.25","0","-25.19","-5.550000000000001","50.160000000000004",,"7.42","87.59","4.24","352.8","24.27","125.77","12.22"
D P Wires Ltd,DPWIRES,"Iron & Steel","264.931573203","29.19","-120.24","-42.989999999999995","50.41999999999998",,"25.47","0","0","203.73","0.9","32.14","51.78"
Shri Keshav Cements and Infra Ltd,SKCIL,"Cement","264.4425552","84.23","-55.82","-0.7300000000000004","313.74",,"26.27","0.04","0","-5.480000000000004","84.56","334.77","28.82"
Shankar Lal Rampal Dye-Chem Ltd,SRD,"Specialty Chemicals","264.43866851999996","0","0.01","-2.1099999999999994","19.2",,"10.47","0","0.32","45.65","0.03","1.05","-12.59"
RDB Rasayans Ltd,RDBRL,"Packaging","264.216242","31.05","12.12","0.15999999999999986","5.850000000000019",,"-0.43","0","0","164.19","0.68","12.29","-11.53"
Ponni Sugars (Erode) Ltd,PONNIERODE,"Sugar","263.24056707","1.6","-4.77","-1.209999999999999","47.81",,"-6.07","255.11","6.02","521.93","26.93","141.70999999999998","9.63"
D & H India Ltd,DHINDIA,"Industrial Machinery","263.0395","5.47","-7.21","1.3699999999999992","74.27",,"10.92","0","0","33.33","13.61","38.8202","-2.34"
E Factor Experiences Ltd,EFACTOR,"Advertising","262.75927398000005","22.46","2.49","-5.390000000000001","79.92000000000003",,"9.62","0.58","1.31","35.24","0.08","7.572300000000001","-17.5"
Almondz Global Securities Ltd,ALMONDZ,"Investment Banking & Brokerage","262.727538802","43.31","-12.84","10.25","109.77000000000001","0","32.51","111.93","0","180.85999999999999","5.02","51.01039999999999","-9.42"
Frog Innovations Ltd,FROG,"Electronic Equipments","261.5455545","37.49","-7.14","5.67","67.26",,"14.87","0.05","0","106.91999999999999","11.05","85.25999999999999","-2.06"
Indian Toners & Developers Ltd,INDTONER,"Commodity Chemicals","261.40401846","0","16.46","11.450000000000003","27.779999999999962",,"-31.08","5.08","4.68","191.42","10.37","80.43999999999998","26.07"
Nureca Ltd,NURECA,"Pharmaceuticals","260.1604488","98.78","8.43","-10.819999999999999","15.690000000000008",,"-0.17","0","0","85.50999999999999","2.32","9","-19.08"
Kerala Ayurveda Ltd,KERALAYUR,"Pharmaceuticals","259.51184745","38.12","-14.77","-19.42","115.85999999999999",,"-9.48","0.05","0","-40.66","13.33","41.7626","4.83"
Globe Civil Projects Ltd,GLOBECIVIL,"Construction & Engineering","258.34438967399996","0","2.58","0.4299999999999997","260.56000000000006",,"8.62","0.03","0","63.32","1.74","26.47","-10.77"
Active Infrastructures Ltd,ACTIVEINFR,"Construction & Engineering","258.2582752","83.75","-6.42","61.42","77.45999999999995",,"62.76","1.25","1.88","20.5","3.32","30.658999999999995","5.08"
Sharp India Ltd,SHARP,"Home Electronics & Appliances","258.1428","17.86","0.01","-0.9299999999999997","120.70999999999998",,"7.85","0","0","-166.57999999999998","0.02","1.4399999999999977","-8.79"
FCS Software Solutions Ltd,FCSSOFT,"Software Services","258.1425181","352.23","-0.12","4.820000000000002","37.77999999999999",,"-5.27","71.47","0","-88.10000000000002","8.27","195.442","10.21"
TRF Ltd,TRF,"Industrial Machinery","257.99843934","0","-110.85","-17.909999999999993","180.85000000000008",,"-0.62","0","0","-366.54","3.8","21.55","93.56"
Mercantile Ventures Ltd,MERCANTILE,"Real Estate","257.4118485","122.52","-18.28","-50.85","46.43000000000006",,"0.24","222.71","0","96.33","4.96","91.41420000000001","-32.81"
AVG Logistics Ltd,AVG,"Logistics","257.1858576","128.23","-35.4","0.06000000000000005","252.39",,"-1.69","10.75","0.79","98.25","35.83","224.06","37.15"
Aplab Ltd,APLAB,"Electronic Equipments","257.14449","36.68","-0.73","1.83","59.48999999999999",,"0.67","0.03","0","-40.17","0.18","7.94","1.89"
Regency Fincorp Ltd,REGENCY,"Specialized Finance","256.7880333","31.09","-48.17","31.33","107.26999999999998","170.18","68.11","3.32","0","9.95","2.37","5.89","11.39"
Aaron Industries Ltd,AARON,"Heavy Electrical Equipments","256.61530197800005","9.66","-7.87","0.0400000000000007","39.78",,"-0.72","0","1.05","22.900000000000002","7.99","57.410000000000004","8.63"
Nova Agritech Ltd,NOVAAGRI,"Fertilizers & Agro Chemicals","256.286407611","95.49","-26.37","-56.599999999999994","116.08000000000007",,"-11.8","0","0","105.79","25.87","32.9485","-18.43"
K M Sugar Mills Ltd,KMSUGAR,"Sugar","256.03647311","26.88","-7.22","-3.4299999999999997","391.3199999999998",,"-27.54","70.6","0","293.31","15.37","212.57","31.33"
Madhusudan Masala Ltd,MADHUSUDAN,"Packaged Foods & Meats","255.9558","53.98","-7.22","-1.1599999999999966","85.59999999999998",,"44.99","3.94","0","24.79","2.85","14.559999999999999","-38.93"
Tulive Developers Ltd,TULIVE,"Real Estate","255.519646875","0","0.36","1.3900000000000001","0.06",,"0","0","0","44.71","0","35.9","1.03"
Diamines and Chemicals Ltd,DIAMINESQ,"Commodity Chemicals","255.30588984000002","0.02","14.65","19.380000000000003","16.83",,"9.75","16.07","2.45","138.81","4.01","66.05","-5.02"
Owais Metal and Mineral Processing Ltd,OWAIS,"Metals - Diversified","255.09904394","34.59","-16.83","-1.0699999999999976","86.11999999999998",,"-0.13","0","3.64","58.94","16.93","26.26","15.89"
Supershakti Metaliks Ltd,SUPERSHAKT,"Iron & Steel","254.7086438","51.98","-45.29","-0.06999999999999673","77.1",,"-3.16","142.4","0.58","206.24000000000004","2.55","49.14","48.38"
A2z Infra Engineering Ltd,A2ZINFRA,"Construction & Engineering","254.56706137199998","895.87","-12.43","2.539999999999999","471.84000000000003",,"-39.24","0","0","-1031.48","3.33","55.05350000000004","54.21"
CASHurDRIVE Marketing Ltd,CUDML,"Advertising","254.275978","13.53","-6.43","-6.52","38.410000000000004",,"14.3","27.61","0","29.269999999999996","1","3.1","-14.39"
Voler Car Ltd,VOLERCAR,"Logistics","254.0724156","25.44","-23.77","6.09","6.760000000000001",,"28.58","0","0","0.4499999999999993","0.08","0.29000000000000004","1.28"
Geekay Wires Ltd,GEEKAYWIRE,"Iron & Steel","253.77456","13.43","-49.32","-0.14999999999999858","143.63",,"18.03","2.81","3.14","120.9","53.41","122.17999999999999","31.14"
HCP Plastene Bulkpack Ltd,HPBL,"Packaging","253.63412712","36.49","0.81","0.05999999999999872","205.92000000000004",,"17.78","0.52","0","12.409999999999997","0.42","72.88","-18.53"
Apex Ecotech Ltd,APEXECO,"Environmental Services","253.419544","20.26","0.45","8.979999999999999","13.450000000000001",,"22.61","0","0","12.789999999999996","0.1","1.1800000000000002","-14.08"
Univastu India Ltd,UNIVASTU,"Construction & Engineering","253.31087403","17.42","-17.83","-4.899999999999999","101.76000000000002",,"17.71","0.39","0","46.89999999999999","6.05","13.41","-4.78"
Cords Cable Industries Ltd,CORDSCABLE,"Cables","253.28106576","50.24","-15.84","0.030000000000000027","238.11",,"1.7","0","1.29","119.32","20.25","102.41000000000001","14.17"
PG Foils Ltd,PGFOILQ,"Packaging","252.6489","87.25","2.63","11.99","85.96",,"-7.83","10.34","0","238.8","15.7","61.21","17.19"
RRP Electronics India Ltd,INLCM,"Commodities Trading","252.613625","0","0.29","0.12999999999999998","0.39",,"0","0","0","2.83","0","0.03","-0.16"
International Travel House Ltd,ITHL,"Hotels, Resorts & Cruise Lines","252.1865025","11.86","-15.06","17.83","65.86000000000003",,"-4.72","0","4","145.51","14.87","28.169999999999998","37.61"
Kartik Investments Trust Ltd,KARTKIN,"Diversified Financials","251.72382","0","0.08","0.020000000000000004","0.75","0","0","4.4","0","3.95","0","0","-0.06"
Shree Tirupati Balajee Agro Trading Company Ltd,BALAJEE,"Agro Products","251.64607841999998","120.06","12.73","2.5100000000000016","255.17000000000007",,"30.03","1.49","0","91.46000000000001","3.93","86.11000000000001","-40.25"
Sayaji Hotels (Pune) Ltd,SHPLPUNE,"Hotels, Resorts & Cruise Lines","251.31444645","0","-2.43","0.28","10.00999999999999",,"-1.7","0","0","78.78","2.65","41.28349999999999","4.41"
Dynamic Services & Security Ltd,DYNAMIC,"Employment Services","251.19125096","77.66","-148.87","-0.20000000000000284","152.61",,"127.95","6.22","0","84.36000000000001","51.59","71.1","20.72"
Naga Dhunseri Group Ltd,NDGL,"Investment Banking & Brokerage","251.06","0","20.33","16.66","456.9299999999998","1.49","4.36","850.13","0.25","1279.74","8.96","813.5400000000001","-8.03"
Pavna Industries Ltd,PAVNAIND,"Auto Parts","251.01447","101.33","-27.84","0.8500000000000014","66.38000000000004",,"22.39","0","0","84.42999999999999","31.1","91.31","6.3"
Multibase India Ltd,MULTIBASE,"Specialty Chemicals","250.9487","1.17","2.85","-62.03","10.070000000000029",,"-70.67","0","70.67","64.72","2.16","12.57","5.79"
Aveer Foods Ltd,AVEER,"FMCG - Foods","250.903856","0","-2.33","6.6","16.939999999999998",,"1.54","0","0","17.41","1.27","11.579999999999995","7.39"
Suraj Products Ltd,SURAJ,"Iron & Steel","250.8","5.47","-4.56","0.9200000000000017","33.54999999999998",,"-24.38","0.35","2.28","132.65","1.66","72.03","29.86"
Taurian MPS Ltd,TAURIAN,"Industrial Machinery","250.150912","5.11","-6.69","0.05999999999999961","38.88000000000001",,"6.29","0","0","22.79","6.95","12.780000000000001","0.46"
Marble City India Ltd,MARBLE,"Building Products - Others","250.11673832399998","23.93","1.58","-1.5999999999999979","114.61999999999999",,"18.56","0","0","19.009999999999998","0.11","22.69","-21.74"
Paradeep Parivahan Ltd,PPARIVAH,"Logistics","250.07178","44.49","-22.14","51.75","117.16",,"69.72","0","0","66.37","11.63","31.80000000000001","4.17"
Surana Telecom and Power Ltd,SURANAT&P,"Cables","249.93409188299998","0","-4.86","1.7299999999999995","9.189999999999971",,"3.09","28.79","0","142.82","7.48","48.44","3.5"
Reliance Communications Ltd,RCOM,"Telecom Services","249.72711855","13894","21","-11","127915",,"-58","36","0","-106767","0","1406","26"
SAB Industries Ltd,SAB,"Conglomerates","249.36922880999998","6.81","1.59","1.1099999999999994","206.6",,"-6.75","353.87","0","333.62","0.23","23.379999999999995","6.27"
Super Sales India Ltd,SUPER,"Conglomerates","249.252225","7.19","-26.37","-1.6799999999999997","169.27",,"-4.32","366.98","2.13","554.66","20.42","164.07999999999998","29.01"
Indo National Ltd,NIPPOBATRY,"Batteries","248.475","4.27","80.47","5.93","250.57",,"-18.78","96.14","3.75","430.15000000000003","41.66","227.62","-55.76"
S V Global Mill Ltd,SVGLOBAL,"Real Estate","247.736689","0","2.73","-3.370000000000001","1.16",,"-8.63","4.59","0.52","56.15","0.02","8.709999999999999","2.53"
Ambalal Sarabhai Enterprises Ltd,AMBALALSA,"Pharmaceuticals","247.678812672","10.61","13.26","-5.8900000000000015","130.06",,"-1.53","31.93","0","52.730000000000004","2.72","62.990200000000016","-17.62"
ACS Technologies Ltd,ACSTECH,"Software Services","247.5234381","21.58","-4.7","-0.06999999999999851","64.91",,"-9.76","2","0","16.6","9.02","19.428957699999998","14.39"
Syschem (India) Ltd,SYSCHEM,"Pharmaceuticals","247.466637","42.37","-21.67","2.0500000000000007","125.97999999999999",,"33.81","0","0","5.400000000000006","21.69","53.4","-10.09"
Ahmedabad Steel Craft Ltd,AHMDSTE,"Commodities Trading","247.35788","36.58","17.56","-2.759999999999998","34.519999999999996",,"56.4","0.49","0","27.560000000000002","0.05","0.049999999999999996","-76.72"
Integrated Proteins Ltd,INTEGFD,"Packaged Foods & Meats","246.832384","0","2.47","0.030000000000001137","12.26",,"21.12","0","0","-0.66","0","0.050000000000000044","-23.56"
Madhav Infra Projects Ltd,MADHAVIPL,"Construction & Engineering","246.12796428000001","16.12","-72.61","23.109999999999996","423.07",,"-28.38","21.24","0","169.75","10.03","124.03","124.1"
Candour Techtex Ltd,CANDOUR,"Textiles","245.57906628","12.6","0.56","7.45","40.78",,"0.78","0.29","0","6.250000000000002","1.59","48.48","6.11"
Ravinder Heights Ltd,RVHL,"Real Estate","245.180332508","0.16","11.23","2.9000000000000012","44.529999999999994",,"-0.29","18.06","0","234.74","0.42","41.11","-8.04"
B A G Convergence Ltd,BAGDIGITAL,"TV Channels & Broadcasters","244.758858","0","-5.15","11.659999999999998","21.640000000000004",,"13.2","1.1","0","6.59","5.34","4.7299999999999995","3.61"
Kaka Industries Ltd,KAKA,"Building Products - Glass","244.7189","15.71","-24.66","0.3999999999999986","92.54999999999998",,"21.22","0.64","0","34.97","26.15","76.91999999999999","3.84"
Narmada Gelatines Ltd,SHAWGELTIN,"Specialty Chemicals","243.7983561","4.25","-28.91","-6.43","39.88000000000001",,"5.43","41.97","0","109.96","14.7","39.75","17.05"
Everest Organics Ltd,EVERESTO,"Pharmaceuticals","243.58854470999998","28.02","-5.17","5.809999999999999","154.53",,"16.36","0.08","0","31.220000000000002","5.43","72.82","-5.38"
Saraswati Saree Depot Ltd,SSDL,"Retail - Apparel","243.2615714","0","-8.08","36.650000000000006","112.07999999999998",,"42.27","7.89","8.99","138.26","5.09","6.958999999999999","2.46"
Starteck Finance Ltd,STARTECK,"Diversified Financials","242.9021883","80.49","-38.83","-2.119999999999999","280.05999999999995","195.26","9.28","195.96","0.07","143.95","0","22.909999999999997","27.43"
Jay Shree Tea and Industries Ltd,JAYSREETEA,"Tea & Coffee","242.59977668800002","0","91.59","2.990000000000002","571.28",,"-46.09","21.69","0.03","404.66","44.55","462.0046","-42.51"
Hitech Corporation Ltd,HITECHCORP,"Packaging","241.9712616","18.8","-60.67","1.629999999999999","179.58999999999997",,"14.2","1.14","1.73","234.72","53.08","298.7854","48.1"
Peria Karamalai Tea and Produce Company Ltd,PKTEA,"Tea & Coffee","241.81910869","2.8","-30.67","-13.280000000000001","59.83000000000001",,"21.96","159.13","0.31","206.07999999999998","1.56","27.25","-4.57"
MK Exim (India) Ltd,MKEXIM,"Textiles","241.396155","7.14","-0.67","2.1300000000000003","3.2699999999999996",,"-2.11","3.98","1.97","52.8","0.12","9.38","4.91"
Sundaram Brake Linings Ltd,SUNDRMBRAK,"Auto Parts","241.38617625","17","-6.84","-0.05999999999999961","125.25000000000003",,"6.65","0.01","0.79","78.42","8.06","70.18","0.13"
Aarey Drugs and Pharmaceuticals Ltd,AAREYDRUGS,"Pharmaceuticals","241.181701318","50.18","-5.94","-0.1200000000000001","152.10000000000002",,"-4.48","2.12","0","54.82","5.2","16.220000000000002","10.3"
Visaman Global Sales Ltd,VISAMAN,"Iron & Steel","240.895196175","10.86","-7.34","9.48","71.26",,"1.49","0","0","3.51","7.19","8.34","15.33"
Osiajee Texfab Ltd,OSIAJEE,"Textiles","240.84","0","0.96","2.3199999999999994","2.4399999999999986",,"-4.41","0.4","0","9.57","0","4.1000000000000005","5.77"
Pratham EPC Projects Ltd,PRATHAM,"Construction & Engineering","240.76910458000003","28.01","-0.78","-3.4299999999999997","31.17999999999997",,"6.5","0.3","0","28.819999999999997","7.12","16.799999999999997","-9.15"
Team India Guaranty Ltd,TEAMGTY,"Specialized Finance","240.74659873000002","0.48","2.05","1.2399999999999998","0.1599999999999878","0","0","29.51","0","38.290000000000006","0","0","-0.81"
Shree Ajit Pulp and Paper Ltd,SAPPL,"Paper Products","240.61561985","24.91","-46.4","10.030000000000001","352.32",,"48.45","0.03","0","214.19","46.99","408.61999999999995","7.98"
Silkflex Polymers (India) Ltd,SILKFLEX,"Specialty Chemicals","240.555075","12.87","-4.88","0.030000000000001137","47.04000000000002",,"35.14","0","0","11.140000000000002","6.97","12.679250000000001","-30.23"
Mahickra Chemicals Ltd,MAHICKRA,"Specialty Chemicals","239.509795","10.37","-0.16","0.050000000000000044","32.59",,"0.4","0.05","0.16","17.200000000000003","0.16","5.15","-0.19"
Magson Retail And Distribution Ltd,MAGSON,"FMCG - Foods","239.2953266","11.57","-4.42","-4.879999999999999","15.950000000000001",,"9.74","0.06","0.31","5.41","4.36","7.9542","-10.2"
Trishakti Industries Ltd,TRISHAKT,"Oil & Gas - Equipment & Services","238.580444","0","-43.57","1.0399999999999991","41.86999999999999",,"41.04","9.19","0.22","22.83","37.52","37.419999999999995","3.57"
Aeroflex Neu Ltd,AERONEU,"Packaging","238.380836","49.53","-5.52","-3.3600000000000003","40.47000000000001",,"-5.4","0","0","8.810000000000002","5.71","51.59190000000001","7.56"
Nectar Lifesciences Ltd,NECLIFE,"Pharmaceuticals","238.35821019000002","328.8","-41.93","-0.5800000000000125","1091.1300000000003",,"-128.09","0.24","0","604.8799999999999","43.8","689.8400000000001","169.44"
CL Educate Ltd,CLEDUCATE,"Education Services","238.15162353600002","266.92","-240.62","-15.789999999999992","606.71",,"208.47","0.6","0","-22.400000000000006","30.51","107.81510000000009","16.36"
Shardul Securities Ltd,SHARDUL,"Investment Banking & Brokerage","237.891196635","26.67","11.8","-10.869999999999997","34.410000000000004","0","13.27","681.55","0","659.82","0.67","16.08","-35.94"
Destiny Logistics & Infra Ltd,DESTINY,"Logistics","237.45957","7.19","-11.45","-0.05999999999999872","32.86000000000001",,"9.33","14","0","8.579999999999998","2.56","8.99","2.06"
C K K Retail Mart Ltd,CKKRETAIL,"Agro Products","237.35484","0","1.83","3.72","25.56000000000001",,"-0.01","0","0","35.05","0.01","1.4300000000000002","1.9"
ELGI Rubber Co Ltd,ELGIRUBCO,"Tires & Rubber","237.237","0.19","77.21","7.04999999999999","341.15999999999997",,"-62.07","32.14","0.02","173.9","22.44","157.35500000000002","-8.09"
Hindustan Organic Chemicals Ltd,HOCL,"Commodity Chemicals","237.1882161","48.39","10.23","-0.5499999999999545","558.1800000000001",,"-642.18","0.05","0","223.82","7.23","231.32999999999996","631.4"
United Van Der Horst Ltd,UVDRHOR,"Industrial Machinery","236.84325","13.03","-3.31","-0.3100000000000005","36.89999999999999",,"-8.64","0","2.07","31.479999999999997","3.41","67.46","11.64"
Shivam Autotech Ltd,SHIVAMAUTO,"Auto Parts","236.6913942","58.7","-6.42","-0.39000000000000057","484.34999999999997",,"-71.36","0","0","-53.52","7.21","306.47999999999996","77.39"
Rudra Ecovation Ltd,RUDRAECO,"Textiles","235.911456","85.38","-97.07","-2.4299999999999926","25.339999999999982",,"79.59","96.27","0","-9.72999999999999","0.84","11.190000000000005","15.05"
VIP Clothing Ltd,VIPCLOTHNG,"Apparel & Accessories","235.868951223","105.17","3.95","0.4100000000000037","144.82",,"33.82","0","0","48.52999999999999","0.62","27.871700000000004","-37.36"
VMS TMT Ltd,VMSTMT,"Building Products - Others","235.84750992","6.24","-55.18","-7.200000000000003","338.87",,"65.92","0","0","32.32","56.35","174.56","-17.94"
Intense Technologies Ltd,INTENTECH,"IT Services & Consulting","235.71231447600002","31.22","10.06","7.05","32.96",,"-4.86","0.03","2.35","103.25999999999999","5.27","23.620000000000005","1.85"
Jasch Gauging Technologies Ltd,JGTL,"Industrial Machinery","235.70932","0","4.87","7.35","11.3",,"-3.56","0.01","3.4","84.48","0.68","8.989999999999998","6.04"
Shivashrit Foods Ltd,SHIVASHRIT,"FMCG - Foods","235.6701","0","1.75","0.5899999999999999","74.19",,"7.18","2.02","0","20.64","1.72","16.99","-8.34"
Organic Recycling Systems Ltd,ORGANICREC,"Construction & Engineering","235.58971725","180.52","-16.64","17.209999999999997","58.25",,"40.55","0","0","-65.85000000000001","18.38","68.8924","-6.7"
Interiors & More Ltd,INM,"Plastic Products","235.04544","40.15","-12.28","0.060000000000002274","40.08",,"28.17","0.01","0","20.04","21.84","25.58","-15.83"
Birla Precision Technologies Ltd,BIRLAPREC,"Industrial Machinery","234.91153309499998","33.19","-24.52","-9.969999999999999","120.05000000000004",,"6.91","16.23","0","104.94999999999999","10.87","75.14999999999999","7.64"
ICICI Prudential Nifty Next 50 ETF,NEXT50IETF,"Equity","234.86379609000002",,,,,,,,,,,,
S V J Enterprises Ltd,SVJ,"Packaging","234.5391","7.25","-0.01","1.2600000000000002","6.13",,"2.66","2.02","0","2.960000000000001","0.01","2.37","-1.39"
Propshare Celestia,PSCELESTIA,"Real Estate","234.4446",,,,,,,,,,,,
Cospower Engineering Ltd,COSPOWER,"Electrical Components & Equipments","234.15375","12.06","-0.27","8.55","35.28999999999999",,"6.38","0","0","4.4399999999999995","1.71","11.55","2.44"
Balaji Phosphates Ltd,BALAJIPHOS,"Fertilizers & Agro Chemicals","234.0855495","31.18","5.25","0.26000000000000156","44.31000000000001",,"31.45","0","0","25.08","3.79","7.658200000000001","-36.44"
IL&FS Investment Managers Ltd,IVC,"Asset Management","233.9543913","0.48","20.65","-10.230000000000002","13.310000000000008","0","-21.98","50.41","21.98","141.83","0.18","0.40000000000000036","-8.9"
Alankit Ltd,ALANKIT,"Investment Banking & Brokerage","233.4671241","211.1","-52.21","-38.24","105.45000000000006",,"-35.27","17.78","0","58.50000000000003","27.99","62.9014","49.24"
Chembond Material Technologies Ltd,CHEMBOND,"Specialty Chemicals","233.31434851199998","14.57","-7.69","2.4099999999999984","45.599999999999994",,"-9.38","49.33","4.71","134.87","4.37","41.05389999999999","19.48"
Ramdevbaba Solvent Ltd,RBS,"FMCG - Household Products","233.18577","54.12","-127.56","-3.160000000000011","318.21999999999997",,"125.14","0.01","0","66.6","128.04","289.70809999999994","-0.74"
DCM Shriram Fine Chemicals Ltd,DSFCL,"Specialty Chemicals","233.1390558",,,,,,,,,,,,
Veer Global Infraconstruction Ltd,VGIL,"Construction & Engineering","233.093077","13.3","-2.88","-2.6799999999999997","44.98",,"5.58","4.82","0","4.870000000000001","0.24","0.54","-5.38"
Comfort Intech Ltd,COMFINTE,"Consumer Finance","232.91492224","52.26","-0.53","-0.060000000000002274","37.88",,"-18.89","73.76","2.24","95.04000000000002","0.58","43.5653","19.36"
Global Vectra Helicorp Ltd,GLOBALVECT,"Airlines","232.736","44.12","58.95","2.6399999999999864","769.7399999999998",,"-154.12","0","0","-36.86","29.03","442.45","97.81"
Global Surfaces Ltd,GSLSU,"Building Products - Ceramics","231.82854446","110.29","-5.99","0.18999999999999773","253.5599999999999",,"37.41","0","0","99.79","4.67","286.26","-31.23"
Nippon India ETF Nifty SDL Apr 2026 Top 20 Eq.Wgt.,SDL26BEES,"Debt","231.2649567",,,,,,,,,,,,
Thaai Casting Limited,TCL,"Auto Parts","231.2436515","38.45","-49.89","-9.850000000000001","118.36",,"38.85","0","0","21.72","45.28","103.1","1.19"
Innovators Facade Systems Ltd,INNOVATORS,"Construction & Engineering","230.6589528","60.84","-9.74","1.4700000000000006","119.35",,"8.07","15.98","0","81.88999999999999","6.48","64.44","3.14"
Emmforce Autotech Ltd,EMMFORCE,"Auto Parts","230.6205","44.38","-30.79","9.160000000000004","50.53000000000002",,"42.49","0","0","14.809999999999995","34.53","58.389013600000006","-2.54"
Novus Loyalty Ltd,NOVUS,"Advertising","230.609466","0.06","-0.39","1.8499999999999999","1.7200000000000002",,"-1.05","0","0","13.02","0.39","0.75","3.29"
Pro Fin Capital Services Ltd,PROFINC,"Investment Banking & Brokerage","229.92659848800002","33.31","0","-0.02999999999999936","306.03000000000003","335.18","9.75","5.21","0","7.519999999999996","0","21.57","-9.78"
Exim Routes Ltd,EXIMROUTES,"Commodities Trading","229.33696","4.99","-4.11","1.8100000000000005","24.18",,"10.8","0","0","9.42","4.18","5.0772","-4.88"
Current Infraprojects Ltd,CURRENT,"Construction & Engineering","228.53138","0","-18.27","0.019999999999999574","55.78999999999999",,"19.39","0","0","10.23","17.09","18.490000000000002","-1.1"
Indag Rubber Ltd,INDAG,"Auto Parts","228.2175","4.5","1.29","-2.6099999999999994","42.86999999999996",,"-7.18","96.85","7.94","217.85","3.86","60.44","3.28"
Sonam Ltd,SONAMLTD,"Precious Metals, Jewellery & Watches","228.1824","7.3","-4.34","0.22000000000000064","34.72",,"-5.84","0","0","35.68","1.73","49.65","10.4"
DSM Fresh Foods Ltd,ZAPPFRESH,"Packaged Foods & Meats","227.77455035999998","46.16","-9.59","-3.4400000000000013","34.96",,"22.83","0.03","0","-13.459999999999994","4.07","5.725","-16.68"
Panasonic Carbon India Co Ltd,PANCARBON,"Batteries","227.568","2.7","-1.25","1.1500000000000004","5.6299999999999715",,"-5.76","0","5.76","164.4","0.27","4.5","8.16"
Panasonic Energy India Co Ltd,PANAENERG,"Batteries","227.5125","9.28","3.24","-0.3600000000000003","39.71000000000002",,"-7.46","0","6.64","91.03","4.29","24.18","3.86"
Vibhor Steel Tubes Ltd,VSTL,"Iron & Steel","227.302804241","60.59","-57.81","-5.420000000000002","285.24999999999994",,"16.47","0","0","108.57","67.33","136.51999999999998","35.92"
Lotus Eye Hospital and Institute Ltd,LOTUSEYE,"Hospitals & Diagnostic Centres","227.13751625999998","25.14","-6.13","-5.029999999999999","9.57",,"-1.6","0","0.01","14.060000000000002","4.83","54.06999999999999","2.7"
NTC Industries Ltd,NTCIND,"FMCG - Tobacco","226.859375","4.87","-89.55","0.02000000000000568","66.73",,"-0.88","16.29","0","85.8","97.89","130.07000000000002","90.45"
Pritika Auto Industries Ltd,PRITIKAUTO,"Auto Parts","226.79025245399998","81.17","-47.55","-0.27999999999999936","243.8299999999999",,"12.65","2.02","0","122.35000000000001","52.43","240.02429999999993","34.62"
GRE Renew Enertech Ltd,GRERENEW,"Renewable Energy","226.60768","3.19","-10.22","0.3899999999999995","14.239999999999998",,"-0.05","0.11","0","17.52","10.9","14.225999999999999","10.66"
Clear Secured Services Ltd,CSSL,"Business Support Services","226.0428528","0","-11.46","2.789999999999999","130.32000000000002",,"36.68","3.33","0","97.1","3.78","25.860000000000003","-22.43"
Maral Overseas Ltd,MARALOVER,"Textiles","225.637488","25.9","-28.32","-0.36999999999999744","623.24",,"-47.92","0","0","41.48","32.23","337.71999999999997","75.87"
Fidel Softech Ltd,FIDEL,"IT Services & Consulting","225.509184","0","-3.45","4.22","7.99",,"-1.51","0","1.51","31.57","0.14","0.15999999999999992","9.18"
Amba Auto Sales and Services Ltd,AMBAAUTO,"Two Wheelers","225.47682","0","-4.7","0.6400000000000006","75.97",,"12.27","2","0","14.39","4.44","8.559999999999999","-6.93"
Nagarjuna Fertilizers and Chemicals Ltd,NAGAFERT,"Fertilizers & Agro Chemicals","225.470506131","1096.19","2240.6","1468.46","1407.5500000000002",,"-561.08","0","0","-2082.29","0.02","0","-211.06"
Vaarad Ventures Ltd,VAARAD,"Conglomerates","224.9127","1.95","0.01","-0.010000000000000002","6.0000000000000036","0.12","0.05","1.48","0","-4.65","0","6.014042999999999","-0.07"
Lloyds Luxuries Ltd,LLOYDS,"Wellness Services","224.816341995","70.49","-5.64","5.0600000000000005","6.98",,"11.18","0.02","0","-27.229999999999997","7.35","20.5641","-0.48"
HVAX Technologies Ltd,HVAX,"Pharmaceuticals","224.6491875","32.06","0.41","9.599999999999998","49.539999999999985",,"31.13","0.03","0","37.17999999999999","0.32","7.76","-21.94"
Shiva Texyarn Ltd,SHIVATEX,"Textiles","224.267897613","22.43","-5.17","-2.0299999999999994","168.39999999999995",,"-10.2","2.41","0","100.28","4.45","168.98","13.34"
AVIO Smart Market Stack Ltd,ASMS,"Payment Infrastructure","223.8639039","177.04","-0.5","-2.84","4.320000000000005",,"0.18","5.01","0","-179.25","0.28","0.29","-2.52"
P H Capital Ltd,PHCAP,"Investment Banking & Brokerage","223.50745","0","-0.13","-8.63","9.199999999999998","0","-0.67","0","0.08","51.21","0.15","1.17","-7.83"
HOAC Foods India Ltd,HOACFOODS,"FMCG - Foods","223.4685831","4.39","-3.21","2.869999999999999","8.849999999999998",,"7.27","0","0","3.1500000000000004","3.23","3.82","-1.19"
Macobs Technologies Ltd,MACOBSTECH,"Wellness Services","223.33056","13.06","-0.06","1.83","3.499999999999998",,"13.67","0","0","5.24","0.13","0.6399999999999999","-11.78"
Rainbow Foundations Ltd,RAINBOWF,"Real Estate","223.28055","4.41","-2.19","0.6700000000000017","658.5699999999999",,"83.38","0","0","26.18","0.03","1.74","-80.52"
C P S Shapers Ltd,CPS,"Retail - Apparel","223.24596","13.56","-1.57","-1.58","12.340000000000005",,"2.54","0","0","1.1600000000000001","1.37","6.2299999999999995","-2.55"
Chandrima Mercantiles Ltd,CHANDRIMA,"Precious Metals, Jewellery & Watches","222.8903955","12.23","7.24","0.020000000000003126","12.210000000000006",,"31.04","80.15","0","66.97999999999999","0","0","-38.26"
Recode Studios Ltd,RECODE,"FMCG - Personal Products","222.30712444","4.06","-1","0.6600000000000001","14.420000000000005",,"-1.48","0","0","4.7","1.06","2.46","3.14"
Kalyani Forge Ltd,KALYANIFRG,"Iron & Steel","222.02714","6.92","-24.35","0.07999999999999696","140.58999999999997",,"2.6","0.01","1.02","79.13","24.35","76.02","21.83"
Samor Reality Ltd,SAMOR,"Real Estate","221.7512","19.3","-0.9","-0.759999999999998","64.28999999999999",,"24.82","30.39","0","19.279999999999998","0.06","10.18","-24.68"
Shalibhadra Finance Ltd,SAHLIBHFI,"Consumer Finance","221.5316048","69.31","-10.4","-13.129999999999999","41.089999999999975","175.63","24.26","8.82","0.84","77.22","0.87","3.38","-26.99"
Remi Edelstahl Tubulars Ltd,REMIEDEL,"Iron & Steel","221.38480845","8.56","-6.25","0.35999999999999943","21.730000000000004",,"-17.57","0.06","0","26.449999999999996","6.79","24.92","24.18"
Agarwal Toughened Glass India Ltd,AGARWALTUF,"Building Products - Glass","221.197619","0","-13.61","68.15","38.15000000000001",,"67.06","0","0","76.55","13.61","33.02","14.7"
Vikas Ecotech Ltd,VIKASECO,"Specialty Chemicals","221.088253","130.54","45.66","0.6399999999999952","118.4",,"15.33","140.5","0","123.89000000000001","5.14","41.7054","-60.35"
HIM Teknoforge Ltd,HIMTEK,"Auto Parts","221.0837424","58.01","-22.79","-0.010000000000001563","232.85999999999999",,"18.77","0.01","0.35","156.73000000000002","25.02","188.56000000000003","4.01"
Silgo Retail Ltd,SILGO,"Precious Metals, Jewellery & Watches","220.81826737600002","22.16","0","-7.77","6.000000000000004",,"-7.14","0","0","17.790000000000003","0","0.13","-0.63"
Generic Engineering Construction and Projects Ltd,GENCON,"Construction & Engineering","220.707626187","158.95","11.46","4.6899999999999995","172.19000000000003",,"-15.49","0","0","97.03","15.26","86.83900000000001","8.72"
Indian Wood Products Co Ltd,IWP,"Wood Products","220.3860204","0","-4.7","0.7200000000000006","181.89000000000001",,"-8.28","10.2","0.64","346.8","3.26","384.59","13.7"
GTT Data Solutions Ltd,GTTDATA,"Software Services","220.331597382","11.64","-19.7","0.6700000000000017","25.839999999999996",,"34.27","21.16","0","-17.04","9.7","8.370000000000001","-13.9"
Diksat Transworld Ltd,DIKSAT,"TV Channels & Broadcasters","219.46136625","7.02","3.59","-0.9200000000000003","7.910000000000007",,"-0.6","0","0","0.7200000000000006","0.61","5.400000000000002","-3.91"
Country Club Hospitality & Holidays Ltd,CCHHL,"Hotels, Resorts & Cruise Lines","219.0427449","496.66","12.64","-0.6999999999999993","279.66",,"-4.82","0","0","-213.33000000000004","0","444.6291000000001","-8.52"
Ashwini Container Movers Ltd,ASHWINI,"Logistics","219","0","-18.01","0.4500000000000002","80.62",,"-1.46","1.77","0","10.84","24.51","61.279999999999994","19.92"
DRC Systems India Ltd,DRCSYSTEMS,"Advertising","218.71545894000002","13.61","-34.94","-2.069999999999998","34.89999999999999",,"-0.06","20.9","0","37.61","23.4","47.51","32.93"
Manaksia Aluminium Co Ltd,MANAKALUCO,"Metals - Aluminium","217.90071625","40.15","-33.25","6.839999999999996","368.91",,"39.12","0.59","0.46","88.63","31.66","146.93","0.97"
Gamco Ltd,GAMCO,"Specialized Finance","217.855008","54.75","-13.22","1.8400000000000034","157.44","0","52.72","170.89","0","33.44","2.2","1.9342999999999997","-37.66"
Invesco India Gold Exchange Traded Fund,IVZINGOLD,"Gold","217.734984",,,,,,,,,,,,
Surani Steel Tubes Ltd,SURANI,"Building Products - Pipes","217.672504","104.43","-66.4","-32.34","35.35",,"25.19","0","0","1.8599999999999994","2.3","11.930000000000001","8.87"
Finbud Financial Services Ltd,FINBUD,"Consumer Finance","217.164072","5.81","-1.46","5.580000000000002","32.959999999999994",,"20.37","0","0","16.17","1.68","2.59","-13.33"
Kataria Industries Ltd,KATARIA,"Construction & Engineering","217.03483871999998","47.15","-10.47","0.03999999999999959","27.39",,"3.78","0","0","40.43","6.47","42.67000000000001","6.73"
ASI Industries Ltd,ASIIL,"Mining - Diversified","216.81030836999997","0","4.24","-1.9699999999999998","52.79000000000008",,"-2.85","89.55","3.15","343.52","6.12","164.22000000000003","-3.36"
Competent Automobiles Company Ltd,COMPEAU,"Retail - Speciality","216.80015","14.32","-36.28","36.82","449.65999999999997",,"19.53","62.87","0.61","344.66","48.44","299.35","53.57"
Lyka Labs Ltd,LYKALABS,"Pharmaceuticals","216.53123","188.09","-11.8","-4.61","71.52999999999999",,"5.29","0.02","0","-120.23","15.65","78.4824","1.9"
Shreyans Industries Ltd,SHREYANIND,"Paper Products","216.03624285","19.24","-44.75","0.03000000000000283","188.85",,"-0.17","3.8","6.83","393.37","46.32","246.39999999999998","44.95"
Alfred Herbert (India) Ltd,ALFREDHE,"Industrial Machinery","216.00012","0","1.13","-5.551115123125783e-17","8.18","0","-0.31","82.32","0.31","121.74","3.13","37.65","-0.82"
Dhanashree Electronics Ltd,DEL,"Electrical Components & Equipments","215.688","1.92","13.27","0.7599999999999998","102.12000000000002",,"-5.67","0.09","0","25.799999999999997","0.12","4.92","-6.84"
Kesar Petroproducts Ltd,KESARPE,"Commodity Chemicals","215.5811691","11.76","-14.88","9.18","94.41000000000003",,"10.9","17.21","0","112.96","16.38","120.02000000000001","13.16"
Atishay Ltd,ATISHAY,"Outsourced services","214.56428935","1.3","2.73","-0.16999999999999998","8.340000000000003",,"-0.44","0","0","42.35","4.5","27.241300000000003","-2.46"
Power and Instrumentation (Gujarat) Ltd,PIGL,"Power Infrastructure","214.4197881","43.69","-11.84","-0.01999999999999602","62.91",,"51.72","0.37","0.25","40.94","0.31","1.2299999999999995","-39.9"
Nilachal Carbo Metalicks Ltd,NCML,"Metals - Coke","214.3722","0","1.17","-3.1100000000000003","45.03999999999998",,"-6.99","0.05","0","55.97","0.05","35.56999999999999","2.71"
Graviss Hospitality Ltd,GRAVISSHO,"Hotels, Resorts & Cruise Lines","214.025574725","91.83","-4.64","0.9500000000000006","36.62999999999998",,"2.49","0.06","0","86.57000000000001","3.13","203.9652","3.1"
BDH Industries Ltd,BDH,"Pharmaceuticals","213.941268","4.09","1.62","6.020000000000001","18.18",,"-10.37","0.35","2.59","58.91","0.21","19.66","14.77"
EMA Partners India Ltd,EMAPARTNER,"Employment Services","213.8671192","66.68","-79.34","-4.030000000000001","16.90999999999996",,"62.67","0","0","59.19999999999999","1.64","19.66437","12.64"
Sintercom India Ltd,SINTERCOM,"Industrial Machinery","213.505787432","63.97","-6.02","0.049999999999998934","90.28999999999996",,"9.04","0","0","10.049999999999997","6.19","84.63","-2.97"
Wise Travel India Ltd,WTICAB,"Tour & Travel Services","213.35405952","77.78","-27.61","17.92","207.51999999999998",,"45.32","9.01","0","70.38","72.3","111.46","0.21"
Ace Alpha Tech Ltd,ACEALPHA,"Software Services","213.24426613","0","-22.59","-11.5","0.46000000000000907",,"0","10.41","0","18.9","1.18","2.3","11.09"
Grand Continent Hotels Ltd,GCHOTELS,"Hotels, Resorts & Cruise Lines","213.185492665","68.96","-24.2","24.330000000000002","26.099999999999994",,"42.35","0","0","12.91000000000001","29.02","63.099999999999994","6.18"
Star Paper Mills Ltd,STARPAPER,"Paper Products","212.91350235","44.6","4.48","11.780000000000001","141.59",,"-7.54","15.36","6.24","620.6999999999999","3.78","425.4800000000001","14.84"
Spice Islands Industries Ltd,SPICEISLIN,"Hotels, Resorts & Cruise Lines","212.49401516","3.49","-2.91","0.1599999999999997","2.7199999999999998",,"2.77","0","0","-7.61","2.91","0.76","0.3"
Worth Peripherals Ltd,WORTHPERI,"Packaging","212.291978","12.45","-26.36","2.2","40.76999999999997",,"7.2","0","0.4","145.73000000000002","5.32","85.3","21.36"
VETO Switch Gears And Cables Ltd,VETO,"Electrical Components & Equipments","212.21423041","24.24","-18.49","-6.499999999999998","64.80999999999999",,"-3","0.01","1.91","223.09","19.75","62.1289","14.99"
Capital Trade Links Ltd,CTL,"Consumer Finance","212.19648","34.76","-7.12","-8.420000000000002","140.75","176.48","-19.23","26.99","0","28.64","0","3.99","17.93"
Plaza Wires Ltd,PLAZACABLE,"Industrial Machinery","212.110074144","49.59","-21.58","-29.65","41.45",,"-19.03","0","0","28.86","4.64","49.03","10.96"
Neelamalai Agro Industries Ltd,NEAGI,"Tea & Coffee","211.5321831","0","7.15","0.050000000000000266","9.389999999999992",,"-3.12","253.71","3.11","298.85","3.81","7.95","-3.98"
Zodiac Clothing Company Ltd,ZODIACLOTH,"Apparel & Accessories","211.345234307","107.49","27.1","-0.3999999999999986","144.49999999999994",,"-13.46","36.09","0","72.06000000000002","3.77","144.29999999999998","-14.04"
Bimetal Bearings Ltd,BIMETAL,"Auto Parts","211.14","0","-5.42","0.6099999999999994","54.01999999999995",,"-6.26","64.86","4.78","221.69","10.37","81.91000000000001","12.29"
EKI Energy Services Ltd,EKI,"Environmental Services","211.1391555","8.95","-0.03","27.999999999999996","205.38",,"-14.59","0.71","5.52","352.19","0.55","108.3094","42.62"
JAYBEE Laminations Ltd,JAYBEE,"Electrical Components & Equipments","209.540166","56.06","-17.74","0","81.10000000000002",,"52.31","7.42","0","69","18.81","24.799999999999997","-34.57"
Aion-Tech Solutions Ltd,GOLDTECH,"IT Services & Consulting","209.465438688","28.63","20.35","0.6700000000000026","31.769999999999996",,"-7.39","14.92","0","32.64","0","12.582","-12.29"
Revathi Equipment India ltd,RVTH,"Industrial Machinery","208.751475295","0","-36.06","-12.000000000000002","112.07999999999997",,"-3.83","2.48","0","123.26","24.35","38.419999999999995","27.89"
Sakthi Sugars Ltd,SAKHTISUG,"Sugar","208.698907216","270","23.32","-0.5800000000000054","1332.1",,"-64.48","212.56","0","-190.2","14.81","799.4","40.58"
Rossell India Ltd,ROSSELLIND,"Tea & Coffee","208.499203225","41.5","-89.9","-0.4100000000000108","117.23999999999997",,"56.91","13.86","0.57","140.83","16.18","218.87999999999997","32.58"
Ushanti Colour Chem Ltd,UCL,"Specialty Chemicals","208.3005","28.54","-7.35","0.4600000000000004","79.38000000000001",,"2.73","0","0","4.719999999999999","3.24","63.56000000000001","5.08"
Jainik Power Cables Ltd,JAINIK,"Cables","208.04165","7.25","-0.65","2.3200000000000003","46.59",,"8.3","0","0","7.66","1.11","7.169999999999999","-5.33"
Kothari Sugars and Chemicals Ltd,KOTARISUG,"Sugar","207.88455864000002","0","-27.73","21.000000000000004","161.22999999999996",,"-3.72","17.15","0","206.41","5.43","154.77999999999997","52.45"
Prime Cable Industries Ltd,PRIMECAB,"Cables","207.4283592","0","-5.59","0.020000000000000462","77.47",,"2.18","0","0","7.73","5.13","21.41","3.43"
Sicagen India Ltd,SICAGEN,"Building Products - Pipes","207.395195844","294.44","-14.49","1.6099999999999994","237.6999999999999",,"-17.36","78.82","2.37","149.98000000000002","3.8","137.49","33.46"
Emerald Finance Ltd,EMERALD,"Consumer Finance","207.34553495699998","30.16","-0.26","14.580000000000002","19.689999999999998","80.69","28.19","0.05","0","19.830000000000002","0.26","0.72","-13.35"
Race Eco Chain Ltd,RACE,"Textiles","207.2934864","28.22","-13.62","4.840000000000003","104.41000000000001",,"61.1","14.33","0","8.89","8.87","10.927500000000002","-42.64"
Mother Nutri Foods Ltd,MNFL,"FMCG - Foods","206.82783","7.54","-0.14","0.020000000000000018","45.96999999999999",,"3.25","0","0","12.45","0.04","3.7300000000000004","-3.09"
Spacenet Enterprises India Ltd,SPCENET,"Online Services","206.088072168","67.49","-49.93","-3.700000000000003","38.74000000000004",,"28.75","56.91","0","12.050000000000011","33.12","50.179","17.48"
Patel Chem Specialities Ltd,PATELCHEM,"Specialty Chemicals","205.9236","4.44","-7.2","0.11999999999999922","29.939999999999987",,"5.42","0.08","0","13.09","10.63","26.22","1.9"
Bhilwara Technical Textiles Ltd,BTTL,"Textiles","205.82427343","0.87","0.65","0.42000000000000004","0.5900000000000091",,"-0.03","157.83","0","165.97","0","0","-0.2"
Emergent Industrial Solutions Ltd,EMERGENT,"Commodities Trading","205.55931","8.48","-8.2","-16.049999999999997","25.05",,"0","0","0","14.719999999999999","0.49","0.53","-7.85"
Northern Spirits Ltd,NSL,"FMCG - Foods","205.45536","32.29","-1.28","8.93","172.24",,"16.95","0","0.4","74.27000000000001","1.28","11.51","-6.74"
Lakshmi Electrical Control Systems Ltd,LAKSELEC,"Electrical Components & Equipments","205.31674","5.03","-4.72","4.440892098500626e-16","67.54999999999994",,"-0.69","185.14","3.67","277.84000000000003","8.47","50.61449999999999","5.41"
HBG Hotels Ltd,HBGHOTELS,"Hotels, Resorts & Cruise Lines","205.1926","60.59","-100.91","28.099999999999994","361.3400000000001",,"190.28","6.02","0","263.24","105.97","349.78000000000003","-61.27"
De Neers Tools Ltd,DENEERS,"Industrial Machinery","205.133544","20.72","-1.33","0.8200000000000003","91.55000000000001",,"-15.03","0","0","31.54","1.36","2.59","17.18"
Airan Ltd,AIRAN,"IT Services & Consulting","204.78276","8.23","-3.03","19.599999999999998","25.55000000000002",,"1.41","13.54","0","111.07","5.41","80.51350000000002","21.22"
Transchem Ltd,TRANSCHEM,"Pharmaceuticals","204.7752","20.3","6.02","42.019999999999996","0.4100000000000284",,"0","2.04","0","46.78","0","0.049999999999999996","36"
Oxygenta Pharmaceutical Ltd,OXYGENTAPH,"Pharmaceuticals","204.592722","11.59","-11.25","0.019999999999999574","108.43999999999998",,"8.67","0.05","0","-73.6","11.39","39.85999999999999","2.6"
Infinity Infoway Ltd,INFINITY,"Software Services","204.4875","3.2","-2.84","2.75","2.2400000000000015",,"3.19","0.2","0","5.6000000000000005","2.57","3.1199999999999997","2.4"
Indo Us Bio-Tech Ltd,INDOUS,"Agro Products","204.349932","22.12","-0.79","-0.8500000000000001","19.330000000000016",,"-1.48","0","0.5","36.349999999999994","0.86","10.23","1.42"
Wardwizard Innovations & Mobility Ltd,WARDINMOBI,"Two Wheelers","204.255045834","44.79","-19.27","4.3300000000000125","308.21",,"92.59","0","1.72","33.809999999999995","20.64","65.28630000000001","-68.99"
Anya Polytech & Fertilizers Ltd,ANYA,"Fertilizers & Agro Chemicals","204","33.08","-3.68","6.940000000000005","97.32000000000001",,"61.99","0","0","31.370000000000005","7.95","47.318999999999996","-51.37"
Murudeshwar Ceramics Ltd,MURUDCERA,"Building Products - Ceramics","203.7347999","146.04","-24.47","-11.939999999999998","197.8400000000002",,"-16.16","9.94","3.03","165.48999999999998","29.34","386.58000000000004","28.69"
BharatRohan Airborne Innovations Ltd,BHARATROHAN,"Agricultural & Farm Machinery","203.5136493","13.16","-1.65","5.4399999999999995","4.590000000000003",,"10.33","0","0","9.66","1.65","2.3200000000000003","-3.24"
Speciality Medicines Ltd,SPML,"Pharmaceuticals","203.34724842","10.33","-2.07","0.6000000000000014","9.549999999999995",,"8.46","0.1","0","13.65","0.61","1.96","-5.79"
Acetech E-Commerce Ltd,ACETEC,"Retail - Online","203.158314","0","0.84","-2.3200000000000003","6.6700000000000035",,"-2.1","0","0","3.76","0.02","0.08","-1.06"
Precision Electronics Ltd,PRECISIO,"Communication & Networking","202.94994336","0","-27.3","0.0799999999999983","62.9",,"26.88","0","0","0.38","18.23","19.22","0.5"
Parsvnath Developers Ltd,PARSVNATH,"Real Estate","201.92406288","1407.11","-87.89","-0.14000000000000057","3802.7300000000005",,"48.61","881.21","0","-1615","1.99","370.66999999999996","39.14"
Rudra Global Infra Products Ltd,RUDRA,"Iron & Steel","201.490406624","10.58","-3.58","0.03999999999999915","217.69",,"17","0.04","0","64.01","0","60.57999999999999","-13.38"
Nitiraj Engineers Ltd,NITIRAJ,"Electronic Equipments","201.257883","17.76","-12.44","-0.07000000000000028","10.200000000000005",,"-1.83","0.78","1.54","54.8","6.37","37.02","14.2"
Quint Digital Ltd,QUINT,"Online Services","200.87007404000002","132.36","111.32","27.79999999999999","163.22999999999996",,"-53.6","90.73","0","2.6799999999999784","4.66","8.1943","-29.92"
Cochin Minerals and Rutile Ltd,COCHINM,"Diversified Chemicals","200.448","0","0.45","0.010000000000000009","100.06999999999995",,"-1.41","14.48","6.26","157.57","2.55","24.149999999999995","0.97"
Scan Steels Ltd,SCANSTL,"Iron & Steel","200.4198489","206.42","-15.03","-22.03","156.27999999999986",,"-13.99","26.22","0","157.94000000000003","19.27","283.7099999999999","6.99"
Vaidya Sane Ayurved Laboratories Ltd,MADHAVBAUG,"Labs & Life Sciences Services","199.88665","19.11","-10.08","-0.020000000000000462","14.169999999999984",,"-0.54","6.36","0","32.910000000000004","8.45","26.058999999999994","10.6"
Active Clothing Co Ltd,ACTIVE,"Textiles","199.874890275","25.5","-10.57","-0.06999999999999673","201.72000000000003",,"20.87","0","0","36.37","2.62","61.06","-10.37"
Crescentis Capital Ltd,CRESCENTIS,"Specialized Finance","198.803320065","0","0.31","-1.66","0.44000000000000017","0","-0.25","26.94","0","19.77","0.04","0.030000000000000002","-1.72"
Lexora Global Ltd,YASTF,"Investment Banking & Brokerage","198.35","0","-1.6","-0.0900000000000003","0.05","0","2.76","1.6","0","-1.4","0","0","-1.25"
Goyal Salt Ltd,GOYALSALT,"Commodity Chemicals","198.1557675","11.51","-27.44","0.16999999999999993","25.649999999999984",,"15.31","5.73","0","26.090000000000003","28.41","41.2878","12.3"
Gradiente Infotainment Ltd,GRADIENTE,"Movies & TV Serials","198.1104","2.76","-0.31","0.010000000000000009","24.679999999999993",,"0.33","0","0","-13.91","0","20.549999999999997","-0.01"
Brady And Morris Engineering Co Ltd,BRADYM,"Industrial Machinery","198.09","0","23.37","22.540000000000003","29.87",,"0.14","0","0","45.06","11.83","10.66","-0.97"
Simmonds Marshall Ltd,SIMMOND,"Industrial Machinery","198.016","1.54","-7.26","0.019999999999999574","130.19",,"-9.12","0.01","0","40.2","7.76","72.03699999999999","16.4"
Khadim India Ltd,KHADIM,"Footwear","197.32868753399998","136.7","-8.88","16.65999999999999","509.83000000000004",,"-41.53","0","0","96.27000000000001","11.94","226.39","67.07"
UCAL Ltd,UCAL,"Auto Parts","196.67858075","21.65","-5.3","2.459999999999999","487.67999999999995",,"-6.85","3.66","0","310.95000000000005","1.01","488.11519999999996","14.61"
Stratmont Industries Ltd,STRATMONT,"Commodities Trading","196.635372","0","-3.2","-0.8499999999999979","31.729999999999993",,"25.75","0","0","1.24","3.2","7.97","-23.4"
Game Changers Texfab Ltd,TRADEUNO,"Apparel & Accessories","196.37363365","3.76","-1.57","0","30.299999999999997",,"-1.7","0","0","4.73","1.58","6.23","3.27"
Waterbase Ltd,WATERBASE,"Packaged Foods & Meats","195.617250438","14.73","-2.07","-15.290000000000001","89.28999999999999",,"-0.67","0","0","99.03","8.78","75.14","-12.55"
Capitalnumbers Infotech Ltd,CNINFOTECH,"IT Services & Consulting","195.41592","60.42","-76.56","6.310000000000002","7.249999999999991",,"63.64","0","0","72.04","1.61","9.009999999999998","19.23"
Sumit Woods Ltd,SUMIT,"Real Estate","194.97251917100002","66.62","-12.05","18.26","125.79000000000002",,"7.05","8.36","0","39.3","2.63","8.3","23.26"
AVP Infracon Ltd,AVPINFRA,"Construction & Engineering","194.83776","42.84","-65.76","12.549999999999997","230.12000000000006",,"94.14","0","0","58.349999999999994","48.56","74.71000000000001","-15.83"
Affordable Robotic & Automation Ltd,AFFORDABLE,"Industrial Machinery","194.66625073","79.7","-24.23","-30.39","132.01",,"-0.38","0.55","0","9.799999999999997","9.17","56.50999999999999","-5.78"
Swadeshi Industries and Leasing Ltd,SWADEIN,"Plastic Products","194.62169925","0","1.73","-0.010000000000000018","1.449999999999998",,"0.01","0","0","-1.86","0.01","0.010000000000000002","-1.75"
Astonea Labs Ltd,ASTONEALAB,"Pharmaceuticals","194.4535","0","-11.14","-0.27000000000000046","84.97000000000001",,"1.62","0","0","10.69","10.79","30.04","9.25"
Rana Sugars Ltd,RANASUG,"Sugar","194.2632923","83.15","7.69","22.239999999999995","914.8100000000002",,"-40","0","0","310.47","18.01","573.71","54.55"
Avance Technologies Ltd,AVANCE,"IT Services & Consulting","194.22790814","167.08","17.56","5.720000000000006","119.08000000000004",,"55.77","201.87","0","15.649999999999977","0","0","-67.61"
Shree Salasar Investments Ltd,SALSAIN,"Investment Banking & Brokerage","193.8216","38.14","-1.98","-0.019999999999999574","201.87","0","16.05","6.23","0","5.829999999999998","0","0.13","-14.09"
Mitsu Chem Plast Ltd,MITSU,"Commodity Chemicals","193.68954234","17.8","-8.3","-0.0600000000000005","98.48999999999995",,"-6.92","0.13","0.27","65.60000000000001","8.37","91.39729999999999","15.16"
T T Ltd,TTL,"Textiles","193.216586112","27.22","34.54","0.0799999999999983","114.51",,"-34.77","0","0","38.010000000000005","15.47","55.81999999999999","0.31"
Goldstar Power Ltd,GOLDSTAR,"Batteries","193.1839875","0","-0.07","0.02000000000000135","20.96",,"-8.87","9.7","0","6.4","0.36","16.96","8.96"
Dai Ichi Karkaria Ltd,DAICHI,"Specialty Chemicals","192.278964345","25.94","-4.13","2.480000000000002","44.17999999999997",,"-9.51","23.39","1.49","154.77","2.96","126.48","16.12"
Nikita Greentech Recycling Ltd,NIKITA,"Paper Products","192.162941","15.25","-2.38","-5.5","278.55",,"16.83","1.44","0","70.7","2.38","87.99000000000001","-19.95"
Ajanta Soya Ltd,AJANTSOY,"Agro Products","192.11289713","4.02","-14.13","-0.5800000000000018","99.98",,"-2.83","9.65","0","138.72","287.02","45.92","16.38"
Optivalue Tek Consulting Ltd,OPTIVALUE,"IT Services & Consulting","191.97348","1.55","-0.67","-1.6400000000000001","15.34",,"3.03","1.1","0","13.08","0.12","4.73","-4"
Inflame Appliances Ltd,INFLAME,"Housewares","191.7696","45.5","-7.38","-1.37","72.21000000000001",,"4.35","0","0","3.039999999999999","10.56","40.300000000000004","1.66"
Filatex Fashions Ltd,FILATFASH,"Apparel & Accessories","191.683672675","1433.19","1.88","0.31000000000000005","141.15000000000023",,"-3.93","1.02","0","45.069999999999936","0.97","6.927999999999884","2.36"
Tainwala Chemicals and Plastics (India) Ltd,TAINWALCHM,"Plastic Products","191.43481517200001","25.07","2.05","1.0999999999999999","13.54000000000002",,"-0.01","159.8","0","119.19","0","2.7800000000000002","-0.94"
Sikko Industries Ltd,SIKKO,"Fertilizers & Agro Chemicals","191.3184","44.36","-15.9","0.060000000000002274","26.75",,"47.09","7.74","0","15.189999999999998","9.83","13.1272","-31.13"
Sangam Finserv Ltd,SANGAMFIN,"Specialized Finance","191.06566225","0","-24.35","4.589999999999997","28.390000000000033","2.02","0.13","36.37","0","86.59","0.02","0.3599999999999999","28.81"
Trade Wings Ltd,TRADWIN,"Tour & Travel Services","190.755","0","-1.37","3.1099999999999994","68.32000000000001",,"-2.95","0.13","0","-13.85","1.16","23.990000000000002","7.43"
Envirotech Systems Ltd,ENVIRO,"Electronic Equipments","190.7185","26.01","-24.87","3.539999999999999","17.040000000000003",,"29.43","0","0","19.099999999999998","28.61","38.47","-1.02"
Supreme Holdings and Hospitality India Ltd,SUPREME,"Real Estate","190.490338437","43.04","3.97","2.3499999999999996","31.380000000000027",,"9.12","8.85","0","486.28000000000003","0","432.25","-10.74"
Accretion Nutraveda Ltd,ANL,"Pharmaceuticals","190.412","1.52","-0.87","-0.10000000000000009","5.51",,"2.98","0","0","3.3400000000000003","0.87","2.01","-2.21"
Infollion Research Services Ltd,INFOLLION,"Business Support Services","190.2524764","14.75","-1.51","4.260000000000001","7.220000000000001",,"0.15","0","0","29.61","0.01","2.39","5.62"
Jullundur Motor Agency (Delhi) Ltd,JMA,"Auto Parts","190.03756927999999","0","-1.54","-8.18","93.08000000000001",,"-4.63","4.49","4.63","244.15","0.34","16.32","-2.01"
Zee Learn Ltd,ZEELEARN,"Education Services","189.6959629","130.22","-12.56","6.979999999999997","1313.2",,"-63.35","5.5","0","33.16999999999999","11.07","532.2158999999999","82.89"
RRIL Ltd,RRIL,"Textiles","189.21550669","0","-11.75","0.2900000000000009","34.71999999999996",,"13.38","3.46","0","44.7","14.39","50.460899999999995","-1.34"
M K Proteins Ltd,MKPL,"FMCG - Household Products","189.187488","0","-1.48","-0.05999999999999872","61.1",,"17.55","0","0","31.93","2.22","10.34","-16.13"
Gillanders Arbuthnot & Co Ltd,GILLANDERS,"Conglomerates","188.43157283399998","0","-6.56","-1.7799999999999994","257.18",,"-2.92","0.02","0","223.84","8.06","269.08000000000004","7.7"
7Seas Entertainment Ltd,7SEASL,"Online Services","188.203011035","20.96","-3.95","-0.8500000000000005","1.9100000000000004",,"6.22","0","0","-25.23","4.07","6.85","-3.12"
Safety Controls & Devices Ltd,SCDL,"Power Infrastructure","188.01943151700002","12.9","-6.42","-0.10999999999999943","78.11",,"13.74","0","0","15.97","4.72","4.72","-7.43"
Bannari Amman Spinning Mills Ltd,BASML,"Textiles","187.975074","160.81","54.12","-4.680000000000007","590.45",,"-81.62","3.89","0","215.2","26.06","491.5533","22.82"
Vijay Solvex Ltd,VIJSOLX,"Agro Products","187.94615073","4.81","29.24","27.52","71.88999999999999",,"20.6","103.15","0","333.66","5.18","48.24","-22.32"
Desco Infratech Ltd,DESCO,"Construction & Engineering","187.33297524","33.78","-0.96","30.82","23.659999999999986",,"43.97","0","0","17.42","0.54","1.5899999999999999","-12.19"
Nanta Tech Ltd,NANTA,"Electronic Equipments","187.251205","3.96","-2.09","-0.15000000000000036","17.09",,"3.8","0","0","6.45","0","2.09","-1.86"
Pritika Engineering Components Ltd,PRITIKA,"Industrial Machinery","187.191713","15.29","-27.68","-0.13999999999999968","109.88",,"5.47","0","0","17.020000000000003","26.43","101.94","22.07"
Landmarc Leisure Corporation Ltd,LANDMARC,"Hotels, Resorts & Cruise Lines","187.18","5.7","0.04","0.22999999999999998","17.539999999999992",,"0.97","0","0","-60.18","0.01","1.22","-0.78"
Aviva Industries Ltd,AVIVA,"Building Products - Glass","187.154624","0","0","0","1.0999999999999992",,"0","1.67","0","1.53","0","0","0"
Shri Techtex Ltd,SHRITECH,"Textiles","187.125","34.09","-3.86","9.640000000000002","16.650000000000002",,"-7.01","11.32","0","39.50999999999999","4.31","48.29","20.51"
Pil Italica Lifestyle Ltd,PILITA,"Home Furnishing","187.06","40.36","-13.73","5.5699999999999985","17.700000000000003",,"-2.42","2.49","0","15.560000000000002","18.15","43.78","21.72"
Simca Advertising Ltd,SIMCA,"Advertising","186.816818","0","-0.59","2.9800000000000004","19.309999999999995",,"0.26","0","0","17.32","0.74","0.63","3.31"
Forcas Studio Ltd,FORCAS,"Apparel & Accessories","186.2601","37.71","4.88","8.09","27.349999999999994",,"13.26","0","0","8.369999999999997","0.93","1.69","-10.05"
Akanksha Power and Infrastructure Ltd,AKANKSHA,"Electronic Equipments","186.01494","34.86","-14.44","7.9300000000000015","49.83000000000001",,"22.48","13.89","0","10.399999999999999","5.79","19.65","-0.11"
Shahlon Silk Industries Ltd,SHAHLON,"Textiles","185.749096","3.11","-2.83","0.120000000000001","176.94",,"-5.93","2","0.54","84.72","7.63","71.28","8.88"
SC Agrotech Ltd,SCAGRO,"Agro Products","185.351805","0","-1.04","-0.029999999999999943","0.44999999999999957",,"-0.1","0","0","-3.32","2.12","1.13","1.11"
Aarvi Encon Ltd,AARVI,"Outsourced services","185.0448858","15.32","-12.64","-3.9700000000000006","87.57",,"11.07","0","2.96","94.25","9.9","17.446600000000004","-2.4"
ACE Software Exports Ltd,ACESOFT,"Software Services","185.010771116","46.56","-15.18","25.18","11.299999999999994",,"50.15","1.49","0","29.269999999999996","23.75","39.03","-9.79"
Worth Investment & Trading Co Ltd,WORTH,"Specialized Finance","184.987783","0","-0.76","-2.4499999999999997","23.17000000000001","60.56","2.56","2.76","0","1.9","0","0","-4.25"
Grover Jewells Ltd,GJL,"Precious Metals, Jewellery & Watches","184.9668","0","-2.1","2.4399999999999995","13.13",,"4.3","0","0","14.03","2.4","5.01","0.24"
Savera Industries Ltd,SAVERA,"Hotels, Resorts & Cruise Lines","184.884","0","-9.58","-2.6799999999999997","18.21",,"-5.9","17.71","3.58","76.09","2.79","45.3399","12.8"
Aditya Birla Sun Life Nifty Next 50 ETF,ABSLNN50ET,"Equity","184.47251823",,,,,,,,,,,,
Gourmet Gateway India Ltd,GOURMET,"Business Support Services","184.444300844","38.66","-11.56","1.0599999999999987","135.97000000000003",,"-15.66","0","0","9.07","10.95","112.73140000000002","28.28"
Virinchi Ltd,VIRINCHI,"Software Services","184.41720249600002","154.65","-77.59","-12.259999999999998","373.0799999999998",,"-18.65","1.64","0","218.54999999999998","79.03","613.1983999999999","83.98"
Eleganz Interiors Ltd,ELGNZ,"Construction & Engineering","184.41294815999998","73.11","-48.96","-5.93","77.08999999999997",,"39","2.48","0","56.709999999999994","4.33","8.255699999999997","4.03"
Shivalic Power Control Ltd,SPCL,"Electrical Components & Equipments","184.36493933","57.34","-1.42","45.39","15.87",,"55.36","0","0","31.429999999999993","2.06","18.909999999999997","-8.55"
Tunwal E-Motors Ltd,TUNWAL,"Two Wheelers","183.876091","67.42","-16.28","8.059999999999988","91.47999999999998",,"77.27","0","0","24.039999999999992","16.32","29.212300000000003","-52.93"
Aashka Hospitals Ltd,AASHKA,"Health Care Equipment & Supplies","183.3858","77.51","-1.38","0.6099999999999994","16.52",,"-7.2","0","0","-1.3400000000000034","1.38","41.67000000000001","9.19"
Chatha Foods Ltd,CHATHA,"Packaged Foods & Meats","183.0222804","45.65","-24.24","-4.18","31.75000000000002",,"21.13","0","0","12.440000000000005","15.34","39.78","-1.07"
Byke Hospitality Ltd,BYKE,"Hotels, Resorts & Cruise Lines","182.6115949","62.69","-7.07","-1.7000000000000002","98.77999999999997",,"-4.22","0","0","109.53","13.46","183.61999999999998","9.59"
Dhara Rail Projects Ltd,DHARARAIL,"Rail","182.59182","0","16.58","4.579999999999999","33.349999999999994",,"-7.03","0.26","0","12.79","0.03","0.09999999999999998","-4.97"
Justo Realfintech Ltd,JUSTO,"Real Estate","182.3419774","12.16","-8.7","6.869999999999997","23.859999999999996",,"24.79","0","0","26.41","3.36","11.59","-9.22"
Nagpur Power and Industries Ltd,NAGPI,"Mining - Manganese","181.50372702","23.16","-0.49","-1.3600000000000012","28.99000000000001",,"8.26","5.73","0","48.71000000000001","3.97","23.398089999999996","-9.13"
Mahalaxmi Rubtech Ltd,MHLXMIRU,"Textiles","181.489879475","0","-8.61","2.750000000000001","29.749999999999986",,"-2.37","0.26","0","58.11","2.9","28.63999999999999","13.73"
Rikhav Securities Ltd,RIKHAV,"Investment Banking & Brokerage","181.389204","86.1","140.25","-29.17","64.15","0","18.58","0","0","121.27000000000001","0.9","2.24","-188"
Panchsheel Organics Ltd,PANCHSHEEL,"Pharmaceuticals","181.17742125","54.69","-16.33","-17.7","29.41999999999997",,"-5.2","0","3.96","66","15.56","32.730000000000004","3.83"
Abans Enterprises Ltd,ABANSENT,"Commodities Trading","181.13784135999998","0","83.57","4.389999999999986","284.28000000000003",,"113.91","0","0","190.97","6.07","7.090000000000001","-193.09"
Ducol Organics & Colours Ltd,DUCOL,"Commodity Chemicals","181.02587338","47.82","13.06","45.39","45.39",,"13.78","3.71","0.73","26.119999999999997","9.08","42.27","18.55"
Integrated Personnel Services Ltd,IPSL,"Employment Services","180.73671","18.49","-0.97","1.0200000000000005","48.959999999999994",,"7.62","0.52","0","29.290000000000003","1.11","10.77","-5.63"
VijayPD Ceutical Ltd,VIJAYPD,"Pharmaceuticals","179.95684149000002","13.66","-0.55","-10.82","24.979999999999997",,"-2.38","0.25","0","4.48","0.75","4.749699999999999","-7.89"
Cosmo Ferrites Ltd,COSMOFE,"Electrical Components & Equipments","179.8485","0","-2.5","-0.8199999999999998","91.06",,"-2.72","0.29","0","12.63","2.73","62.92000000000001","4.4"
Omega Interactive Technologies Ltd,OMEGAIN,"Software Services","179.59946819","13.04","4.36","-2.7","11.590000000000007",,"4.09","0","0","1.4000000000000004","0","0","-11.15"
Admach Systems Ltd,ADMACH,"Industrial Machinery","179.4792","7.21","-2.73","1.29","33.870000000000005",,"3.57","0","0","9.829999999999998","3.88","4.530000000000001","0.45"
Paul Merchants Ltd,PML,"Tour & Travel Services","179.35002","75.45","17.08","-6.420000000000016","961.8600000000001","0","-471.35","0","0","550.3499999999999","4.19","62.260000000000005","447.85"
Kotak S&P BSE Sensex ETF,SENSEX1,"Equity","179.0865119",,,,,,,,,,,,
earKART Ltd,EARKART,"Health Care Equipment & Supplies","178.801116","0","-1.32","-1.02","10.390000000000002",,"-0.41","0.83","0","9.48","0.53","1.17","0.71"
Rex Pipes and Cables Industries Ltd,REXPIPES,"Building Products - Pipes","178.5105","6.33","-1.13","-2.38","40.87",,"-3.55","0.97","0","20.740000000000002","0.35","10.408600000000002","2.3"
CDG Petchem Ltd,CDG,"Plastic Products","178.3836825","0","1.19","0.15000000000000036","12.08",,"6.18","0","0","-3.3","0.35","3.61","-7.22"
Parshva Enterprises Ltd,PARSHVA,"Precious Metals, Jewellery & Watches","178.3206075","0","-3.41","-0.17000000000000004","3.0500000000000016",,"-0.11","0.08","0","3.55","0.13","0.19999999999999996","3.35"
Parnax Lab Ltd,PARNAXLAB,"Pharmaceuticals","178.3141884","9.99","-16.39","0.0899999999999963","106.57000000000002",,"-15.82","0.16","0","61.62","9.75","117.70000000000002","32.3"
Aspinwall and Company Ltd,ASPINWALL,"Tea & Coffee","178.225693248","0","-22.86","-21.14","119.21000000000005",,"36.98","0.03","4.69","184.81","7.45","87.32","-35.26"
Arvee Laboratories (India) Ltd,ARVEE,"Specialty Chemicals","178.14932","1.94","-1.32","-1.65","6.320000000000004",,"-0.12","0","0","18.299999999999997","1.85","16.000000000000004","-0.21"
Jattashankar Industries Ltd,JATTAINDUS,"Textiles","177.984647","4.18","-1.56","-0.040000000000000036","1.4000000000000017",,"0","0","0","9.870000000000001","0","0.009999999999999998","1.52"
Quest Laboratories Ltd,QUESTLAB,"Pharmaceuticals","177.964992","37.42","-44.13","-0.030000000000001137","39.85",,"67.43","2.92","0","28","3.47","11.790000000000001","-23.33"
Vaswani Industries Ltd,VASWANI,"Iron & Steel","177.54681851700002","54.3","-134.3","22.439999999999984","224.42",,"122.38","2.41","0","51.84","65.07","179.13","34.36"
Zeal Aqua Ltd,ZEAL,"Packaged Foods & Meats","177.500928","12.3","-2.58","-4","242.11",,"-36.02","0.1","0","64.21000000000001","3.36","38.04","34.6"
Lancor Holdings Ltd,LANCORHOL,"Real Estate","177.47750127999998","61.19","-8.67","11.22999999999999","225.42999999999998",,"88.52","0.69","1.46","119.9","5.7","56.1","-68.62"
Sadhav Shipping Ltd,SADHAV,"Business Support Services","177.463","45.88","-88.36","2.770000000000003","152.54",,"36.38","0","0","39.24","88.6","205.54000000000002","54.75"
Shree Ram Twistex Ltd,SRTL,"Textiles","177.209175","9.74","-10.03","0.34000000000000163","120.17",,"-11.39","0.51","0","34.919999999999995","10.15","78.69","21.76"
Mini Diamonds (India) Ltd,MINID,"Precious Metals, Jewellery & Watches","177.12190674000001","0","-0.05","0.5800000000000054","147.59999999999997",,"38.38","0","0","39.06","0","2.19","-37.75"
Shivam Chemicals Ltd,SHIVAM,"Agricultural & Farm Machinery","177.00454","13.69","-0.45","0.40000000000000213","23.04",,"15.46","0","0","4.76","1.29","15.508699999999997","-14.61"
Baroda Extrusion Ltd,BAROEXT,"Industrial Machinery","176.88790756","1.69","-0.42","-1.0400000000000027","52.709999999999994",,"-18.02","0","0","-36.3","0.53","2.41","17.4"
LOYAL EQUIPMENTS Ltd,LOYAL,"Industrial Machinery","176.8481","11.12","-7.05","4.280000000000001","24.57999999999999",,"8.21","2.01","0","28.96","5.01","15.699999999999998","3.12"
Shigan Quantum Technologies Ltd,SHIGAN,"Auto Parts","176.746743","42.01","-11.45","0.7699999999999996","95.06",,"17.86","0","0","30.619999999999997","12.03","25.001399999999997","-5.64"
Dolfin Rubbers Ltd,DOLFIN,"Auto Parts","176.2753519","3.32","-3.62","0.03999999999999959","40.029999999999994",,"-0.81","0","0","20.04","3.02","26.44","4.47"
Laxmipati Engineering Works Ltd,LAXMIPATI,"Construction & Engineering","176.0112","4.11","-3.16","-0.010000000000000231","50.99",,"0.77","0","0","-1.2900000000000005","2.5","33.1","2.38"
Trigyn Technologies Ltd,TRIGYN,"IT Services & Consulting","175.971266976","139.38","28.85","76.88000000000001","162.36000000000013",,"-3.46","38.3","0","563.89","0.13","9.816699999999997","51.49"
AVI Polymers Ltd,AVI,"Commodities Trading","175.941007","0","0","0","0.2399999999999991",,"-0.81","0","0","1.19","0","0.09","0.81"
SPEB Adhesives Ltd,SPEB,"Specialty Chemicals","175.56061455","0","0.31","-0.10000000000000009","1.9100000000000001",,"0.52","0","0","7.75","0.86","2.3","-0.93"
CHL Ltd,CHLLTD,"Hotels, Resorts & Cruise Lines","175.418528","0","-3.42","16.199999999999996","432.0799999999999",,"-33.75","1.6","0","-131.99","7.22","269.91999999999996","53.37"
Beacon Trusteeship Ltd,BEACON,"Diversified Financials","175.41030523","18.49","-27.08","-2.669999999999998","6.700000000000001","0","20.32","14.4","0","8.3","13.38","15.030000000000001","4.09"
Golkunda Diamonds and Jewellery Ltd,GOLKUNDIA,"Precious Metals, Jewellery & Watches","175.320714","0.28","-1.33","0.15000000000000036","62.980000000000004",,"-6.99","0.83","1.06","58.16","0.48","9.28","8.47"
Alphalogic Industries Ltd,ALPHAIND,"Education Services","175.25424","5.93","-2.25","0.020000000000000018","4.9899999999999975",,"-1.19","0","0","5.859999999999999","0.03","1.03","3.46"
Bharat Gears Ltd,BHARATGEAR,"Auto Parts","174.786625214","32.85","2.21","0.14000000000000057","251.5300000000001",,"-51.04","1.3","0","64.68","13.95","130.81000000000003","48.97"
Neochem Bio Solutions Ltd,NEOCHEM,"Specialty Chemicals","174.374869305","1.48","-1.69","-0.30000000000000004","59.14999999999999",,"-1.2","0","0","11.6","1.14","18.715099999999996","2.59"
Niraj Cement Structurals Ltd,NIRAJ,"Construction & Engineering","174.3074728","183.72","-18.86","13.239999999999995","141.84000000000003",,"104.97","22.87","0","-0.18999999999999773","4.44","11.569999999999999","-72.87"
Kanchi Karpooram Ltd,KANCHI,"Commodity Chemicals","174.168309645","7.78","-6.89","0.16000000000000003","8.079999999999972",,"-0.59","0","0.43","198.67","8.26","74.66","7.64"
Kimia Biosciences Ltd,KIMIABL,"Pharmaceuticals","174.11088687999998","6.09","-4.7","0.05999999999999872","101.25",,"-16.55","0","0","-0.8599999999999994","4.6","33.28","21.31"
Golden Crest Education & Services Ltd,GOLDENCREST,"Education Services","174.0291","7.5","-0.16","0.1","2.1337098754514727e-16",,"0","3.86","0","-1.9299999999999997","0.02","0.03","0.26"
Global Ocean Logistics India Ltd,GLOBALLOG,"Logistics","173.60114582","0","-0.27","-0.27000000000000024","17.849999999999998",,"1.76","0.2","0","6.84","0.07","0.76","-1.76"
Kamdhenu Ventures Ltd,KAMOPAINTS,"Commodity Chemicals","173.383","47.28","-3.29","-2.66","98.96000000000001",,"-0.39","0","0","87.1","3.49","47.405699999999996","1.02"
Royal Arc Electrodes Ltd,ROYALARC,"Cables","173.16312","0","-6.65","18.35","9.050000000000018",,"20.85","0.02","0","60.68","7.76","23.5","4.15"
Munish Forge Ltd,MUNISH,"Auto Parts","172.94483965499998","17.79","-10.49","3.0199999999999996","94.15",,"7.99","11.82","0","31.9","13.72","36.69","5.52"
Shri Dinesh Mills Ltd,SHRIDINE,"Textiles","172.69394597000002","7.2","2.69","-0.870000000000001","65.06",,"-17.71","10.86","16.8","181.49","4.49","24.129999999999995","14.15"
Rajputana Industries Ltd,RAJINDLTD,"Metals - Copper","172.16625","22.53","-18.37","-7.105427357601002e-15","125.1",,"41.12","0","0","19.46","33.2","62.08","-22.75"
Durlax Top Surface Ltd,DURLAX,"Building Products - Ceramics","171.56793414","26.36","-3.54","0.019999999999999574","57.09",,"10.34","0","0","14.700000000000003","0.52","18.419999999999998","-6.78"
DRS Dilip Roadlines Ltd,DRSDILIP,"Logistics","171.033586065","27.45","-4.61","13.02","43.68",,"-4.86","5.26","0","-8.59","3.14","8.93","22.49"
Esconet Technologies Ltd,ESCONET,"IT Services & Consulting","171.02324448","36.97","-2.58","19.15","46.769999999999996",,"19.7","0","0","18.189999999999998","3.66","4.75","2.03"
Credent Global Finance Ltd,CGFL,"Asset Management","170.67783570999998","48.88","15.26","1.359999999999999","37.05","55.41","-2.68","18.5","0","15.57","0.04","8.227300000000001","-11.22"
M Tek Copper Ltd,MCL,"Metals - Copper","170.6196408","23.43","-0.53","0.03000000000000025","31.12",,"-2.66","0.02","0","8.71","0.79","11.95","3.22"
Mega Flex Plastics Ltd,MEGAFLEX,"Packaging","170.5622115","16.99","-9.42","-6.359999999999999","4.360000000000001",,"6.65","0","0","26.110000000000003","2.53","7.579999999999998","-3.59"
South India Paper Mills Ltd,STHINPA,"Paper Products","170.2875","41.63","1.58","0.6400000000000006","231.91000000000003",,"-41.23","0.13","0","150.8","2.78","317.64000000000004","40.29"
GLEN Industries Ltd,GLEN,"Packaging","169.89733357","0","-34.8","1.0400000000000027","155.92",,"30.07","0","0","40.9","35.31","108.18","5.77"
Ishan Dyes and Chemicals Ltd,ISHANCH,"Specialty Chemicals","169.614914164","33.82","-39.15","-0.00999999999999801","118.03000000000002",,"27.53","0.02","0","49.080000000000005","42.14","133.5","11.61"
Kanishk Steel Industries Ltd,KANSHST,"Iron & Steel","169.59274533599998","9.87","28.27","-3.3900000000000006","76.36000000000003",,"-33.03","9.65","0","67.52","1.07","74.5","1.37"
Rajputana Biodiesel Ltd,RAJPUTANA,"Oil & Gas - Refining & Marketing","169.50735","23.87","-2.23","-2.1499999999999986","18.519999999999992",,"15.41","0.1","0","9.929999999999996","1.86","6.5127999999999995","-15.33"
HB Estate Developers Ltd,HBESD,"Real Estate","169.375529019","66.62","-3.97","-1.6999999999999957","216.81999999999988",,"-32.44","2.11","0","83.72999999999999","5.64","403.96999999999997","34.71"
Ameenji Rubber Ltd,AMEENJI,"Tires & Rubber","169.2564","0","-14.21","0.029999999999998472","80.64",,"6.13","0","0","13.9","11.48","29.720000000000002","8.11"
Shradha AI Technologies Ltd,SHRAAITECH,"IT Services & Consulting","169.08201308","6.25","-5.79","1.0700000000000007","7.329999999999992",,"-2.11","48.68","1.77","68.63","0.05","0.26799999999999985","8.97"
Auro Laboratories Ltd,AUROLAB,"Pharmaceuticals","168.838425","0.52","-24.45","-1.009999999999998","56.129999999999995",,"17.69","0.05","0","36.22","23.8","77.53999999999999","5.75"
Bharat Road Network Ltd,BRNL,"Roads","168.82345","1060.21","-61.82","-58.57","1012.48",,"-68.15","98.24","0","-813.4200000000001","52.16","2.3164999999999054","71.4"
S D Retail Ltd,SDREAMS,"Retail - Apparel","168.501474","55.66","-48.79","-0.5","65.24999999999999",,"46.74","0","0","36.05","4.61","7.18","1.55"
CP Capital Ltd,CPCAP,"Education Services","168.46661514000002","172.35","18.99","-0.5100000000000009","79.08999999999999","0","-0.55","0.34","7.29","355.13","0","190.10000000000002","-18.95"
Fractal Industries Ltd,FIL,"Conglomerates","168.083486805","0","-0.55","-0.009999999999999787","35.7",,"5.73","0","0","15.21","0.43","11.14","-5.19"
GP Petroleums Ltd,GULFPETRO,"Commodity Chemicals","168.044526368","45.34","-6.38","-1.179999999999998","76.48000000000005",,"13.65","0","0","258.14","0.78","69.19","-8.45"
Bambino Agro Industries Ltd,BAMBINO,"FMCG - Foods","167.14461602","4.28","-6.89","0.4300000000000015","121.96000000000001",,"11.14","1.95","1.28","88.89","7.42","99.74000000000001","-3.82"
Jhaveri Credits and Capital Ltd,JHACC,"Investment Banking & Brokerage","167.04733295999998","69.37","-4.56","-38.86","0.9900000000000142","29.67","-27.42","1.53","0","5.849999999999994","2.08","2.84","-6.88"
Ausom Enterprise Ltd,AUSOMENT,"Commodities Trading","166.97025331199998","36.41","2.18","5.8500000000000005","42.64999999999997",,"-4.47","65.71","1.36","93.02000000000001","0","7.76","8.14"
Aeron Composite Ltd,AERON,"Building Products - Others","166.796","50.72","-34.1","40.59","105.36000000000003",,"83.53","0","0","33.239999999999995","36.25","54.8","-8.84"
ATV Projects India Ltd,ATVPR,"Industrial Machinery","166.68247965","101.26","0.26","-1.8200000000000003","53.38000000000006",,"-7.93","0","0","52.14999999999999","0.48","213.47000000000003","5.85"
LGB Forge Ltd,LGBFORGE,"Auto Parts","166.50352163699998","26.39","-2.9","0","44.22999999999999",,"-12.7","0","0","-31.92","8.46","17.37","15.6"
National Fittings Ltd,NATFIT,"Iron & Steel","166.31306242","4.01","37.25","33.33","21.819999999999993",,"-12.18","0.43","1.36","67.88","2.84","27.342499999999994","8.26"
Emerald Tyre Manufacturers Ltd,ETML,"Tires & Rubber","166.0372648","54.72","-31.73","11.729999999999997","127.78999999999999",,"35.3","1.25","1.45","35.120000000000005","31.19","79.9493","8.16"
Chemkart India Ltd,CHEMKART,"Specialty Chemicals","165.63531","0","-4.25","2.77","32.82",,"3.05","0","0","43.79","4.05","8.8278","3.97"
Winsome Textile Industries Ltd,WINSOMTX,"Textiles","165.61592","51.31","-11.31","-0.20000000000000284","530.54",,"-79.18","0.12","0","232.06","13.19","318.9200000000001","90.29"
APT Packaging Ltd,APTPACK,"Plastic Products","165.50667267","4.81","-1.7","0.030000000000000027","26.250000000000004",,"1.26","0.16","0","-15.27","2.47","14.310000000000002","0.47"
Super House Ltd,SUPERHOUSE,"Footwear","165.430125","17.87","-6.68","-4.289999999999999","375.81",,"-14.46","30.46","0.97","427.93","21.56","254.82180000000002","16.85"
Empower India Ltd,EMPOWER,"Renewable Energy Equipment & Services","165.25939552","275.28","0.02","38.599999999999994","62.78000000000001",,"20.9","193.3","0","-87.20999999999998","0","0","17.68"
Shree Krishna Paper Mills & Industries Ltd,SKPMIL,"Paper Products","164.964496","5.65","-2.74","0.2599999999999998","64.46",,"1.12","2.49","1.46","15.270000000000001","5.38","31.61","1.88"
Rama Vision Ltd,RAMAVISION,"FMCG - Personal Products","164.94352812","0","-0.95","0","30.189999999999998",,"3.75","0.01","0","20.01","1.27","28.65","-2.8"
Jeevan Scientific Technology Ltd,JSTL,"Labs & Life Sciences Services","164.9290302","20.38","-15.62","-0.3099999999999987","28.210000000000008",,"5.24","0","0","13.73","16.03","32.43729999999999","10.07"
DEV Information Technology Ltd,DEVIT,"IT Services & Consulting","164.80749973599998","10.46","9.31","-1.4999999999999987","53.330000000000005",,"-1.94","3.64","1.12","46.89","4.55","20.4373","-8.87"
Hannah Joseph Hospital Ltd,HANNAH,"Hospitals & Diagnostic Centres","164.767417017","9.15","-13.58","2.9299999999999984","47.350000000000016",,"-2.89","0","0","26.090000000000003","11.49","69.8177","19.4"
OK Play India Ltd,OKPLA,"Industrial Machinery","164.40781095","127.93","-64.03","-1.0600000000000094","224.11999999999998",,"34.48","0","0","-6.8500000000000085","82.86","192.8633","28.49"
Sharp Chucks and Machines Ltd,SCML,"Industrial Machinery","164.10368544000002","18.2","-24.08","-0.8800000000000026","167.71000000000004",,"34.93","0","0","48.95","16.07","88.81","-11.73"
Tamboli Industries Ltd,TAMBOLIIN,"Industrial Machinery","164.0768","0","-3.65","1.6700000000000002","17.96999999999997","0.04","1.84","0.01","0.99","103.68","3.73","33.09960000000001","3.48"
Sadbhav Engineering Ltd,SADBHAV,"Construction & Engineering","164.0216848","571.34","41.72","1.8400000000000318","6842.660000000001",,"-330.11","1.21","0","-984.21","0","28.253000000000043","290.23"
Flywings Simulator Training Centre Ltd,FWSTC,"Airlines","163.90264644","8.64","-20.6","-5.6800000000000015","25.630000000000006",,"5.85","16.4","0","22.72","0.15","15.020000000000001","9.07"
HDFC BSE Sensex ETF,HDFCSENSEX,"Equity","163.80679",,,,,,,,,,,,
Tips Films Ltd,TIPSFILMS,"Movies & TV Serials","163.64284953","0","2.21","11.75","226.06000000000003",,"188.54","0","0","41.1","0.07","13.329999999999998","-179"
Coral Laboratories Ltd,CORALAB,"Pharmaceuticals","163.178505","0","-0.15","1.34","28.250000000000036",,"2.71","24.8","0.71","197.63","0.46","25.21","-1.22"
QMS Medical Allied Services Ltd,QMSMEDI,"Hospitals & Diagnostic Centres","162.4345212","30.19","-45.49","0.5199999999999996","82.87",,"25.89","0","0.89","41.67","0","26.7571811","20.12"
Patels Airtemp (India) Ltd,PATELSAI,"Industrial Machinery","162.4114256","8.88","-1.23","23.060000000000006","150.91",,"-15.66","0","1.64","143.07","2.68","44.006299999999996","39.95"
AMJ Land Holdings Ltd,AMJLAND,"Real Estate","162.401","15.38","-4.96","15.39","41.410000000000046",,"-17.75","102.58","0.82","203.57","0.62","25.849999999999998","38.1"
Manas Properties Ltd,MANAS,"Real Estate","162.24","5.25","-4.28","23.549999999999997","28.94",,"0","15.01","0","101.5","0","34.82","27.83"
IVP Ltd,IVP,"Commodity Chemicals","162.184286678","0","-4.71","-0.8999999999999995","210.52",,"6.28","0","1.03","129","4.81","72.17000000000002","-2.47"
Maheshwari Logistics Ltd,MAHESHWARI,"Logistics","162.165975748","26.54","-26.06","20.54","412.4",,"-10.62","0","0","142.76000000000002","29.25","191.49","57.22"
Smartlink Holdings Ltd,SMARTLINK,"Communication & Networking","161.684775","0","35.66","0.269999999999996","48.440000000000026",,"-29.29","33.38","0","194.32","3.37","31.560000000000002","-6.1"
Abate AS Industries Ltd,ABATEAS,"Health Care Equipment & Supplies","161.5466174","90.61","-162.42","1.5300000000000011","19.670000000000055",,"164.66","13.65","0","-5.6200000000000045","0.04","16.860355999999996","-0.71"
Emmbi Industries Ltd,EMMBI,"Packaging","161.4256975","34.95","-19.35","0.28000000000000025","224.9",,"-5.29","0.01","0.6","131.20999999999998","18.72","170.002","24.92"
Global Pet Industries Ltd,GLOBALPET,"Industrial Machinery","161.31067848","30.33","-25.99","-3.0699999999999967","10.580000000000013",,"21.8","0","0","8.399999999999999","7.87","13.280000000000001","1.12"
Esprit Stones Ltd,ESPRIT,"Construction & Engineering","161.29722","39.62","-13.44","3.5","174.44000000000005",,"10.17","0","0","71.77000000000001","12.93","120.80000000000001","6.77"
Karbonsteel Engineering Ltd,KARBON,"Construction & Engineering","161.2167708","3.65","-9.45","1.1000000000000005","172.38",,"5.87","0","0","45.620000000000005","12.38","35.89","4.68"
Energy-Mission Machineries (India) Ltd,EMMIL,"Industrial Machinery","160.8363","34.81","-16.32","4.210000000000001","54.72000000000001",,"28.21","0","0","38.03999999999999","16.55","40.04","-7.68"
Lactose (India) Ltd,LACTOSE,"Pharmaceuticals","160.824475","13.09","-15.57","2.9499999999999993","74.72000000000003",,"18.81","0","0","26.540000000000003","14.38","62.57","-0.29"
Jaysynth Orgochem Ltd,JAYSYNTH,"Specialty Chemicals","160.6728078","0","0.57","-1.8100000000000005","45.269999999999975",,"-8.96","0","2.05","109.45","2.98","20.484899999999996","6.58"
Gallard Steel Ltd,GALLARD,"Industrial Machinery","160.55","0.83","-5.79","-0.44999999999999973","31.700000000000003",,"1.15","0","0","9.25","6.97","21.553","4.19"
Natural Capsules Ltd,NATCAPSUQ,"Pharmaceuticals","160.341445452","92.86","-44.48","-1.5599999999999952","162.18",,"16.17","2.73","0","129.74","44.63","283.63","26.75"
Indian Terrain Fashions Ltd,INDTERRAIN,"Apparel & Accessories","160.260881821","105.64","8.26","12.61","259.52",,"-14.89","0","0","49.33999999999999","3.24","42.81999999999999","19.24"
Ecoplast Ltd,ECOPLAST,"Commodity Chemicals","160.238142125","27.54","-28.36","-0.28999999999999915","13.049999999999999",,"23.03","0","0.9","43.35","11.72","25.08","5.04"
KPT Industries Ltd,KPT,"Industrial Machinery","160.174","3.11","-3.07","-0.28000000000000114","45.34",,"-18.44","0.1","0.85","63.58","3.51","28.749999999999993","21.23"
Machino Plastics Ltd,MACPLASQ,"Auto Parts","160.109112","0","-105.87","0.18000000000000682","283.45",,"79.79","1.25","0","57.3","104.63","194.68999999999997","26.26"
Incredible Industries Ltd,INCREDIBLE,"Iron & Steel","159.8384975","0","-4.45","10.579999999999998","48.80999999999999",,"-22.32","0","0","98.49","6","43.68","37.35"
Bhagwati Autocast Ltd,BGWTATO,"Iron & Steel","159.7339278","2.5","-13.92","-2.89","37.63000000000001",,"1.02","0","0.57","41.1","14.42","43.470000000000006","10.01"
Star Delta Transformers Ltd,STARDELTA,"Heavy Electrical Equipments","159.220614","0.57","1.12","3.71","9.829999999999984",,"-0.72","0","0","80.77000000000001","1.38","6.580000000000001","3.31"
Enfuse Solutions Ltd,ENFUSE,"IT Services & Consulting","159.168324","17.11","-12.75","-3.3499999999999996","33.11",,"13.74","4.63","0","9.07","12.92","18.16","-4.34"
EPW India Ltd,EPWINDIA,"Electronic Equipments","158.99246","0","-0.45","0.28000000000000114","21.930000000000003",,"11.9","0","0","5.18","0.41","0.40880000000000005","-11.17"
Archidply Industries Ltd,ARCHIDPLY,"Wood Products","158.939865","8.8","-4.66","-0.620000000000001","288.4799999999999",,"27.4","0","0","75.25","4.95","145.61139999999997","-23.36"
Sanjivani Paranteral Ltd,SANJIVIN,"Pharmaceuticals","158.835999","0","-21.91","0.9500000000000011","38.329999999999984",,"10.46","0","0","24.75","30.35","39.67176","12.4"
Shubhshree Biofuels Energy Ltd,SHUBHSHREE,"Renewable Energy","158.8326","14.82","-6.23","7.589999999999998","20.489999999999995",,"22.49","4.18","0","10.2","2.26","3.26","-8.67"
Galaxy Bearings Ltd,GALXBRG,"Heavy Machinery","158.7456","0","-10.25","0.10999999999999943","42.989999999999974",,"12.27","0","0","103.59","6.07","43.269999999999996","-1.91"
Hindustan Adhesives Ltd,HINDADH,"Packaging","158.2215775","2.13","-49.13","3.9399999999999977","167.56",,"34.71","3.12","0","83.86","8.81","129.46","18.36"
Century Extrusions Ltd,CENTEXT,"Metals - Aluminium","157.76","9.9","-6.16","-0.5","87.86",,"-7.65","0","0","65.07","0","35.699999999999996","13.31"
Marc Technocrats Ltd,MARC,"Business Support Services","157.37865147","0.03","-3.91","1.1399999999999997","7.299999999999999",,"-0.37","0","0","14.180000000000001","2.71","8.17","5.42"
Amba Enterprises Ltd,AEL,"Electrical Components & Equipments","157.3697664","3.15","0.47","2.3599999999999994","62.93000000000003",,"-3.24","0","0.63","33.02","0.05","2.5799999999999996","5.13"
CAPTAIN PIPES Ltd,CAPPIPES,"Building Products - Others","157.3322752","14.08","-15.92","0","23.590000000000007",,"18.3","16.08","0","14.610000000000001","10.62","21.07","-2.38"
Indowind Energy Ltd (chennai),INDOWIND,"Renewable Energy","157.29912009","93.88","-22.5","1.2299999999999969","25.779999999999895",,"32.9","0.04","0","-5.929999999999993","20.08","169.64029999999997","-9.17"
Aksharchem (India) Ltd,AKSHARCHEM,"Specialty Chemicals","157.071184747","58.39","-44.03","-0.02000000000000135","151.5899999999999",,"9.19","0","0.39","197.29000000000002","44.2","276.11","34.82"
Metroglobal Ltd,METROGLOBL,"Commodities Trading","156.979590625","84.13","-11.5","1.9999999999999991","8.770000000000124",,"-0.54","171.55","2.47","299.44","0","31.03","14.04"
Available Finance Ltd,AVAILFC,"Specialized Finance","156.932906","64.26","0","0.09","0.2199999999999909","0","0","1189.94","0","1121.81","0","0.01","0.09"
Chemtech Industrial Valves Ltd,CHEMTECH,"Industrial Machinery","156.883266497","65.55","0.01","47.46","8.309999999999995",,"48.67","0.05","0","12.340000000000003","2.62","13.110800000000001","-1.22"
LKP Securities Ltd,LKPSEC,"Diversified Financials","156.563508498","12.34","-0.74","1.3500000000000014","289.95","0","25.25","12.6","0","63.879999999999995","4.37","14.398","-23.16"
Digicontent Ltd,DGCONTENT,"Online Services","156.428447016","0","-18.5","-3.819999999999993","198.86",,"-62.66","0.16","0","15.69","8.8","80.66","77.34"
Kritika Wires Ltd,KRITIKA,"Iron & Steel","156.30636","0","-27.98","-15.610000000000001","85.22",,"5.65","0","0","41.15","14.35","29.870000000000005","6.72"
Winsol Engineers Ltd,WINSOL,"Construction & Engineering","156.244284","17.04","-1.92","-0.11999999999999744","36.829999999999984",,"26.03","0","0","20.910000000000004","0.34","2.05","-24.23"
Xelpmoc Design and Tech Ltd,XELPMOC,"IT Services & Consulting","156.238247601","60.36","6.43","0.029999999999999583","8.349999999999994",,"-1.53","63.08","0","-11.04","0.45","1.47","-4.87"
Rathi Steel and Power Ltd,RATHIST,"Iron & Steel","155.971585224","200.03","-26.6","-5.210000000000001","128.3899999999999",,"32.45","0.11","0","-158.26","22.6","89.64999999999999","-11.06"
Autoriders International Ltd,AUTOINT,"Tour & Travel Services","155.9590362","0","-24.06","2.5199999999999996","43.2",,"7.52","0.01","0","48.95","23.87","60.43","19.06"
Kore Digital Ltd,KDL,"Telecom Infrastructure","155.95128","46.78","-56.95","-38.150000000000006","139.01999999999998",,"5.47","0.07","0","46.42","57.47","62.66","13.33"
Baid Finserv Ltd,BAIDFIN,"Consumer Finance","155.507659428","70.53","-6.15","-21.259999999999998","275.00999999999993","402.65","-17.04","9.5","1.2","84.49000000000001","1.7","5.25","1.93"
Avi Ansh Textile Ltd,AVIANSH,"Textiles","155.49334625","22.21","-2.01","2.74","31.31999999999999",,"3.98","0","0","6.169999999999998","2.18","19.13","0.77"
Umiya Buildcon Ltd,UMIYA-MRO,"Real Estate","155.343781028","17.69","17.8","0.18000000000000016","166.40999999999997",,"-0.73","0","0","47.89","0.81","121.38000000000001","-16.89"
Bansal Roofing Products Ltd,BRPL,"Building Products - Glass","155.23218","0","-2.37","-0.020000000000000073","20.710000000000008",,"0.06","0","0","19.95","2.85","30.77","2.29"
Milkfood Ltd,MLKFOOD,"FMCG - Foods","155.14273752","37.96","-3.95","0.09999999999999964","198.92000000000007",,"-15.19","0.02","1.52","126.07999999999998","4.23","225.99000000000004","19.24"
Trustedge Capital Ltd,TRUSTEDGE,"Specialized Finance","155.0308704","2.29","0.66","4.83","0.5399999999999945","11.02","2.59","7.07","0","15.330000000000002","0","0.020000000000000018","1.58"
JK Agri Genetics Ltd,JK AGRI,"Seeds","154.944118645","48.97","32.25","1.2100000000000009","189.81000000000003",,"-34.46","0","0","53.870000000000005","0","26.758900000000004","3.42"
Shri Bajrang Alliance Ltd,SHBAJRG,"Iron & Steel","154.665","24.82","-14.59","-1.3400000000000034","133.12",,"36.91","303.15","0","301.99","3.94","42.09","-23.66"
Aayush Wellness Ltd,AAYUSH,"Wellness Services","154.337957529","0.05","-0.03","0.35","0.37",,"0","0","0","3.3600000000000003","0.07","0.06999999999999999","0.38"
Bharat Agri Fert & Realty Ltd,BHARATAGRI,"Commodity Chemicals","154.3369212","3.19","-12.92","-0.9400000000000013","96.36000000000003",,"19.56","0.31","0.26","41.940000000000005","10.52","42.09","-7.58"
Resonance Specialties Ltd,RESONANCE,"Specialty Chemicals","153.962328","0","2.15","-1.5599999999999998","11.540000000000006",,"-1.2","0","0","52.48","1.56","21.89","-2.51"
K V Toys India Ltd,KVTOYS,"Building Products - Glass","153.8914","0","1.75","1.629999999999999","39.540000000000006",,"18.02","0","0","4.45","0.05","1.1806","-18.14"
DHP India Ltd,DHPIND,"Industrial Machinery","153.885","0.1","186.05","181.92","11.82",,"-2.61","0","1.2","234.99","6.27","29.03","-1.52"
Jyoti Ltd,JYOTI,"Heavy Electrical Equipments","153.819995108","93.68","-4.48","-9.98","357.93999999999994",,"-21.6","13.34","0","-156.38","3.19","35.120000000000005","16.1"
Methodhub Software Ltd,METHODHUB,"Software Services","153.806045358","18.73","-5.42","7.44","49.809999999999995",,"7.79","0","0","17.029999999999998","0.61","0.7309999999999999","5.07"
Motilal Oswal Nifty Midcap 100 ETF,MOM100,"Equity","153.6408456",,,,,,,,,,,,
Dcm Ltd,DCM,"Conglomerates","153.53109677999998","10.61","3.93","1.4900000000000002","82.19999999999997",,"-3.08","24.05","0","13.629999999999999","0.84","30.809999999999988","0.64"
B D Industries (Pune) Ltd,BDI,"Plastic Products","152.8996","0","-8.42","0.1499999999999997","47.75999999999999",,"-1.53","0","0","11.13","1.86","11.409699999999997","10.1"
Sonal Mercantile Ltd,SONAL,"Diversified Financials","152.5732108","7.25","-0.37","0.7899999999999999","273.71","329.49","0","293.44","0","335.95","0","6.4","1.16"
Alpine Housing Development Corporation Ltd,ALPINEHOU,"Real Estate","152.533102582","0","0.05","0.8700000000000001","62.830000000000005",,"-4.59","0.18","0","66.25","0","14.93","5.41"
Equippp Social Impact Technologies Ltd,EQUIPPP,"IT Services & Consulting","152.065456875","0","-1.34","4.83","13.810000000000002",,"6.74","0","0","-1.65","1.34","9.63","-0.57"
Jeyyam Global Foods Ltd,JEYYAM,"FMCG - Foods","151.9896192","68.95","-30.1","2.039999999999999","87.16",,"31.27","0.23","0","74.63000000000001","14.89","73.92","0.87"
CCME Global Ltd,CCME,"Biotechnology","151.97","0","0","0","0.309999999999998",,"0","0","0","-4.47","0","0","0"
North Eastern Carrying Corporation Ltd,NECCLTD,"Logistics","151.7","46.34","-1.83","-5.75","125.83000000000001",,"17.32","5.25","0","72.72","4.64","9.841199999999997","-21.24"
Yashhtej Industries (India) Ltd,YASHHTEJ,"Agro Products","151.3329372","0","-4.38","2.91","55.59",,"6.08","0.49","0","12.12","4.2","32.54","1.21"
VL E-Governance & IT Solutions Ltd,VLEGOV,"IT Services & Consulting","151.072701297","16.25","-1.59","2.3999999999999986","2.799999999999991",,"63.22","0","0","-174.57","0","2.35","-59.23"
Gujarat Inject Kerala Ltd,GUJINJEC,"Diversified Chemicals","151.03119","0","0.18","-2.9000000000000004","1.9499999999999997",,"-1.53","0","0","-4.62","0","0","-1.55"
Jay Ambe Supermarkets Ltd,CITYSQUARE,"Retail - Speciality","150.91481823","2.58","-1.02","-1.4200000000000004","13.200000000000003",,"2.65","0","0","4.4799999999999995","1.06","3.58","-3.05"
Prajay Engineers Syndicate Ltd,PRAENG,"Construction & Engineering","150.641693814","428.98","-6.24","4.050000000000001","355.48",,"-8.97","56.79","0","-12.28000000000003","6.28","231.42219999999998","19.26"
Modern Threads (India) Ltd,MODTHREAD,"Textiles","150.54166764000001","79.86","-18.3","-6.030000000000001","92.88999999999993",,"19.8","0","0","18.090000000000003","8.84","54.08999999999998","-7.53"
Kotak Nifty PSU Bank ETF,PSUBANK,"Equity","150.28611015",,,,,,,,,,,,
Ruchi Infrastructure Ltd,RUCHINFRA,"Agro Products","150.11186311199998","56.42","-26.14","-8.030000000000001","120.35999999999987",,"-5.43","10.15","0","118.58","18.25","234.79549999999995","23.54"
Indbank Merchant Banking Services Ltd,INDBANK,"Investment Banking & Brokerage","150.0870724","0","0.56","0.52","26.429999999999982","0","-0.12","1.83","0","47.27","0.25","3.12","0.08"
MITCON Consultancy & Engineering Services Ltd,MITCON,"Education Services","149.745957167","29.54","13.93","-6.480000000000004","145.90999999999997",,"-41.03","4.45","0","82.72999999999999","16.4","163.2604","20.62"
Raaj Medisafe India Ltd,RAAJMEDI,"Health Care Equipment & Supplies","149.4612392","9.98","-16.42","0.00999999999999801","42.28999999999999",,"16.52","0.07","0","3.76","14.71","31.57","-0.09"
Keynote Financial Services Ltd,KEYFINSERV,"Investment Banking & Brokerage","148.824040195","23.06","-5.92","0.5299999999999999","13.390000000000008","2.24","-0.35","101.58","0.56","109.75999999999999","1.66","17.4812","6.8"
Jay Jalaram Technologies Ltd,KORE,"Electrical Components & Equipments","148.713125","37.69","-5.12","0.020000000000003126","120.52000000000002",,"37.27","0","0","13.880000000000003","1.53","8.9759","-32.13"
Suraj Industries Ltd,SURJIND,"Packaged Foods & Meats","148.435866648","46.22","-97.38","-1.9500000000000028","91.51999999999995",,"93.57","15.11","0","10.850000000000001","102.86","140.54","1.86"
Tilak Ventures Ltd,TILAK,"Diversified Financials","148.417036398","83.8","-32.2","18.439999999999998","8.190000000000028","0","49","0","0","9.680000000000007","0.02","0.9799","1.64"
Ikoma Technologies Ltd,IKOMA,"Communication & Networking","148.3735925","0","-9.94","-5.09","47.93",,"-2.86","0","1.74","-13.79","9.94","11.919999999999998","7.71"
Suryalata Spinning Mills Ltd,SURYALA,"Textiles","148.0649","12.88","8.4","0.0799999999999983","112.77999999999989",,"-37.64","0","0.56","245.63","1.34","291.80699999999996","29.32"
Bluegod Entertainment Ltd,BLUEGOD,"Movies & TV Serials","147.720635832","0","0.04","0.07000000000000028","11.019999999999998",,"2.39","0","0","-11.12","0","0","-2.36"
VJTF Eduservices Ltd,VJTFEDU,"Education Services","147.664","0","117.39","13.400000000000006","27.36000000000001","0","-58.47","29.86","0","90.67","1.68","3.1141000000000005","-45.52"
Ecoboard Industries Ltd,ECOBOAR,"Building Products - Laminates","147.552200275","26.19","-5.28","0.2599999999999998","52.89000000000001",,"6.76","0","0","-49.07","5.28","22.76","-1.22"
Hindprakash Industries Ltd,HPIL,"Diversified Chemicals","147.51953243","15.84","2.37","2.99","41.39",,"5.01","6.89","0.14","24.419999999999998","0.23","15.270000000000001","-4.39"
Barflex Polyfilms Ltd,BARFLEX,"Packaging","147.25655","33.18","-21.82","-12.840000000000002","6.730000000000006",,"13.6","0","0","33.029999999999994","4.28","7.0200000000000005","-4.62"
Duroply Industries Ltd,DUROPLY,"Paper Products","146.9944379","55.95","1","-0.7200000000000002","159.14999999999995",,"1.21","0.66","0","62.730000000000004","7.11","111.94","-2.93"
Renol Polychem Ltd,RNPL,"Specialty Chemicals","146.88663560999998","0.01","-0.4","1.9500000000000002","10.090000000000003",,"3.6","0.3","0","7.83","0.1","0.35000000000000003","-1.25"
East India Drums and Barrels Manufacturing Ltd,EASTINDIA,"Packaging","146.85575674","0","-7.12","20.13","114.01",,"2.29","0.08","0","4.21","7.93","35.34","24.96"
Gujarat Intrux Ltd,GUJINTRX,"Iron & Steel","146.7731925","0","-0.88","-0.2999999999999998","5.750000000000005",,"-5.56","0","5.84","63.29","2.41","14.629999999999999","6.14"
Jayesh Logistics Ltd,JAYESH,"Logistics","146.45091565","1.96","-2.88","1.0899999999999999","41.54999999999999",,"0.17","2.47","0","9.030000000000001","1.16","13.369999999999997","3.8"
Brooks Laboratories Ltd,BROOKS,"Labs & Life Sciences Services","145.842834848","117.02","-45.14","-0.0799999999999983","25.570000000000007",,"42.43","73.55","0","-48.36999999999999","0.92","13.979999999999999","2.63"
California Software Company Ltd,CALSOFT,"IT Services & Consulting","145.707514484","92.9","0","2.01","2.8499999999999988",,"4.09","0","0","-95.84","0","2.24","-2.08"
Bilcare Ltd,BI,"Packaging","145.697889428","510.34","81.41","-2.8600000000000136","827.12",,"-169.25","10.7","0","-64.84999999999997","22.58","940.9078000000001","84.98"
Shri Gang Industries and Allied Products Ltd,SHRIGANG,"Packaged Foods & Meats","145.39446","9.73","-5.87","-1.4799999999999969","143.95000000000002",,"-40.38","0","0","-18.53","5.9","125.68","44.77"
Salona Cotspin Ltd,SALONA,"Textiles","145.163304","0","-26.11","0.060000000000002274","271.90000000000003",,"-37.57","0","0.53","77.25","26.27","124.63999999999999","63.74"
Mangalam Seeds Ltd,MSL,"Seeds","144.99298639","6.95","-9.15","-5.720000000000001","79.77",,"3.51","0.59","0","62.03","9.45","70.9955","-0.08"
IP Rings Ltd,IPRINGLTD,"Auto Parts","144.88513695","53.02","-25.29","-4.209999999999999","199.97999999999996",,"1.69","4.19","0","35.63999999999999","0","149.29","19.39"
Avatar Industries Ltd,AVATAR,"Auto Parts","144.74546555","23.2","0.06","0.039999999999999994","0.1",,"0","0","0","1.4200000000000017","0","0","-0.02"
Dev Labtech Venture Ltd,DEVLAB,"Hospitals & Diagnostic Centres","144.49303302","25.07","-0.99","-0.11000000000000121","2.599999999999995",,"13.94","0","0","3.9299999999999997","0.99","4.880000000000001","-13.06"
Meta Infotech Ltd,METAINFO,"Software Services","143.876268","0","-7.97","-5.200000000000001","29.83",,"15.51","6.53","0","26.91","2.97","17.44","-12.74"
Duncan Engineering Ltd,DUNCANENG,"Auto Parts","143.8668","0","-4.29","0.3400000000000001","18.69999999999999",,"-1.99","0","1.29","53.15","3.11","18.4518","6.62"
Alpa Laboratories Ltd,ALPA,"Pharmaceuticals","143.5389732","54.96","-12.36","0.5200000000000005","51.20000000000002",,"-5.44","7.37","0","95.42999999999998","11.38","20.65","18.32"
Eyantra Ventures Ltd,EY,"Business Support Services","143.23066875","23.47","-14.68","-0.9199999999999999","3.2400000000000033",,"14.81","5.91","0","2.4700000000000024","0.19","1.5154999999999998","-1.05"
Dhunseri Tea & Industries Ltd,DTIL,"Tea & Coffee","143.132170594","0","25.06","7.329999999999998","438.92999999999995",,"-16.18","12.01","0","509.5","32.49","795.2099999999999","-1.55"
Alphageo (India) Ltd,ALPHAGEO,"Oil & Gas - Equipment & Services","143.10542122799998","54.91","22.24","7.259999999999998","42.790000000000006",,"-5.43","0.01","5.09","207.17","29.01","75.93","-9.55"
W H Brady & Company Ltd,WHBRADY,"Heavy Machinery","143.055","0","23.3","23.090000000000003","41.62000000000002",,"-0.13","37.69","0","79.99","16.54","17.55","-0.08"
SBEC Sugar Ltd,SBECSUG,"Sugar","142.96164","0","-2.04","-0.5400000000000063","770.98",,"-68.58","38.03","0","-104.45","2.18","223.16","70.08"
Siddhika Coatings Ltd,SIDDHIKA,"Construction & Engineering","142.951165","0.98","-4.33","-0.5800000000000001","9.520000000000005",,"-1.04","4.49","1.02","31.49","0.54","3.8599999999999994","4.79"
Signet Industries Ltd,SIGIND,"Plastic Products","142.76945","15","-7.1","0.7200000000000006","593.44",,"-7.92","5.94","1.84","166.6","3.96","72.72999999999999","15.74"
PRO FX Tech Ltd,PROFX,"Electronic Equipments","142.21744875","0","-0.67","-0.43000000000000016","29.240000000000006",,"-2.72","0","0","24.04","0.25","0.8300000000000001","2.96"
Refex Renewables & Infrastructure Ltd,REFEXRENEW,"Renewable Energy","141.662462825","0.39","-40","4.700000000000003","522.48",,"17.67","0.1","0","-180.02999999999997","13","414.6519","27.03"
IBL Finance Ltd,IBLFL,"Consumer Finance","141.08835825","27.13","-0.61","-2.3699999999999974","54.23","0","44.17","0","0","6.800000000000001","0.64","1.6389","-45.93"
NSB BPO Solutions Ltd,NSBBPO,"Business Support Services","140.80678065","73.77","-11.46","-2.700000000000001","35.60000000000003",,"15.49","72.15","0","51.08","9.1","20.369999999999997","-6.73"
Magnum Ventures Ltd,MAGNUM,"Paper Products","140.653667752","108.68","-70.47","-30.619999999999997","450.40000000000003",,"-0.11","0","0","498.69","100.01","949.72","39.96"
Lagnam Spintex Ltd,LAGNAM,"Textiles","140.592233","16.55","-3.37","-0.19000000000000128","449.37",,"-20.89","0.16","0.88","86.65","3.48","340.28999999999996","24.07"
ARCL Organics Ltd,ARCL,"Specialty Chemicals","140.48","11.23","-9.3","-2.290000000000001","91.43999999999997",,"1.66","0.04","0","58.22","10.03","67.89999999999999","5.35"
Vital Chemtech Ltd,VITAL,"Commodity Chemicals","140.3294949","58.24","-30.34","0.33999999999999986","88.9",,"24.52","20.27","0.32","9.949999999999996","45.78","83.55","6.16"
Sir Shadi Lal Enterprises Ltd,SSLEL,"Sugar","139.93875","0","-14.2","1.4799999999999613","526.42",,"268.77","0","0","-214.87","13.69","83.57","-253.09"
Gabriel Pet Straps Ltd,GPSL,"Plastic Products","139.8768228","45.13","-0.66","5.200000000000003","1.4699999999999929",,"36.6","0","0","0","0.66","5.24","-30.74"
Maximus International Ltd,MAXIMUS,"Commodities Trading","139.845008","20.06","-7.03","1.3399999999999999","52.27999999999999",,"22.94","0","0","38.42","5.61","12.2845","-14.57"
N R Vandana Tex Industries Ltd,NRVANDANA,"Textiles","139.768854","6.75","0.3","-1.8900000000000006","165.9",,"-7.98","4.33","0","13.18","0","6.09","5.79"
Positron Energy Ltd,POSITRON,"Oil & Gas - Equipment & Services","139.619348","43.89","-0.63","48.21","36.609999999999985",,"41.69","0","0","27.14","3.22","1.86","7.15"
Premier Roadlines Ltd,PRLIND,"Logistics","139.4615367","27.62","-17.23","0.45999999999999375","56.06000000000002",,"33.69","0","0","38.64","18.3","25.8381","-16"
Crown Lifters Ltd,CROWN,"Heavy Machinery","139.30021","9.23","-42.94","11.220000000000002","117.4",,"6.44","0","0","35.099999999999994","51.08","124.05","47.72"
Alan Scott Enterprises Ltd,ALANSCOTT,"Movies & TV Serials","139.2233165","5.32","0.1","-1.7299999999999998","26.040000000000003",,"-0.15","1.36","0","-7.180000000000001","0.79","15.82","-1.68"
Rapid Fleet Management Services Ltd,RAPIDFLEET,"Logistics","138.361628","43.23","-12.23","34.87","50.160000000000025",,"46.18","0","0","18.470000000000006","17.55","36.38","0.92"
Binayak Tex Processors Ltd,ZBINTXPP,"Textiles","138.34785","2.52","-3.74","0.5299999999999994","118.93",,"-10.1","7.37","0","92.73","0","70.81","14.37"
Avro India Ltd,AVROIND,"Plastic Products","138.3307134","46.83","-23.73","29.939999999999998","32.400000000000006",,"55.97","0","0","21.700000000000003","11.19","27.619999999999997","-2.3"
Enser Communications Ltd,ENSER,"IT Services & Consulting","138.14953515","4.62","-14.98","-2.24","38.63",,"13.06","4.37","0","12.439999999999998","18.66","17.641","-0.32"
Swadeshi Polytex Ltd,SWADPOL,"Real Estate","137.67","0","6.5","-0.03000000000000025","4.379999999999977",,"0","0","0","107.12","0.13","4.92","-6.53"
Ashapuri Gold Ornament Ltd,AGOL,"Precious Metals, Jewellery & Watches","137.658957058","87.23","-8.56","0.4099999999999966","6.54999999999999",,"44.71","7.97","0","26.11","0.59","5.720000000000001","-35.74"
Shah Alloys Ltd,SHAHALLOYS,"Iron & Steel","137.25634482","5.03","1.32","2.420000000000001","202.37",,"5.61","4.81","0","-32.519999999999996","0.18","66.08","-4.51"
Tyche Industries Ltd,TYCHE,"Pharmaceuticals","137.09375","0","-0.62","5.359999999999999","10.700000000000056",,"-2.56","0","2.56","126.46","0.72","16.640000000000004","8.54"
Expo Engineering and Projects Ltd,EXPOEAPL,"Agricultural & Farm Machinery","136.7784","11.43","-2.22","0.9699999999999998","50.07000000000001",,"-2.27","0","0","11.29","2.53","4.900000000000002","5.46"
Elnet Technologies Ltd,ELNET,"Real Estate","136.500238875","0","5.68","10.01","18.699999999999992",,"-0.68","4.24","0.68","152.25","2.36","22.61","5.01"
Latteys Industries Ltd,LATTEYS,"Industrial Machinery","136.322601075","0","-0.46","-0.040000000000000924","25.97",,"-9.66","0","0","8.79","0.57","8.929999999999998","10.08"
Reliable Data Services Ltd,RELIABLE,"Outsourced services","136.31688","18.08","0.86","-1.509999999999998","81.11000000000001",,"25.46","2.37","0","28.72","5.85","43.72","-27.83"
Elfin Agro India Ltd,ELFIN,"FMCG - Foods","136.227525","0","-0.46","0.18999999999999995","19.659999999999993",,"3.73","0","0","6.73","0.69","10.4","-3.08"
Master Components Ltd,MASTER,"Plastic Products","136","7.88","-11.45","-5.83","13.55000000000001",,"3.94","0","0","17.61","12.06","24.19","1.68"
G. G. Automotive Gears Ltd,GGAUTO,"Auto Parts","135.9639","8.98","-17.41","-0.5800000000000005","48.91",,"2.73","0","0","25.540000000000003","17.99","53.04","14.1"
Upsurge Investment and Finance Ltd,UPSURGE,"Diversified Financials","135.91268","42.79","-16.46","-1.0799999999999983","2.51","21.78","41.17","32.5","0.76","41.14000000000001","0.01","5.25","-25.79"
KHFM Hospitality and Facility Management Services Ltd,KHFM,"Business Support Services","135.8529792","24.69","0.25","-0.5","54.75",,"2.23","0.06","1.04","10.150000000000002","0.75","3.0600000000000005","-2.98"
Maha Rashtra Apex Corporation Ltd,MAHAPEXLTD,"Consumer Finance","135.56403952","9.98","1.23","2.44","77.27","0","5.51","512.61","0","441.74","0.9","3.630000000000001","-4.3"
Bengal Tea & Fabrics Ltd,BENGALT,"Textiles","135.54007425","3.02","-19.56","-0.009999999999999787","18.64",,"-2.17","18.74","0.9","179.5","4.63","55.96","21.72"
Manilam Industries India Ltd,MANILAM,"Building Products - Laminates","135.4576","16.53","0.81","-0.010000000000001563","125.13000000000001",,"-17.34","0","0","15.04","0.92","29.94","16.52"
Krishanveer Forge Ltd,KVFORGE,"Metals - Diversified","135.375075","0","-0.68","2.48","13.129999999999997",,"-2.19","0","2.19","31.48","0.93","15.129999999999999","5.35"
Polson Ltd,POLSON,"Commodity Chemicals","135.3","0.21","-18.66","0.20999999999999908","62.089999999999996",,"1.67","0","0","125.80000000000001","21.17","121.08000000000001","17.2"
Balaxi Pharmaceuticals Ltd,BALAXI,"Health Care Equipment & Supplies","135.2031675","56.58","-21.76","-22.880000000000003","78.61999999999999",,"33.88","0","0","164.11","2","35.686","-35"
Mayasheel Ventures Ltd,MAYASHEEL,"Roads","135.05625","1.37","-6.23","-2.6400000000000006","70.25",,"-8.55","9.02","0","11.219999999999999","7.8","21.500000000000004","12.14"
Harshdeep Hortico Ltd,HARSHDEEP,"Housewares","134.81994062","14.48","-5.31","0.45999999999999996","7.319999999999992",,"0","0","0","16.849999999999998","5.29","12.36","5.77"
Retaggio Industries Ltd,RETAGGIO,"Precious Metals, Jewellery & Watches","134.799504","2.94","-0.06","-0.5199999999999998","17.509999999999998",,"-1.14","0","0","8.72","0.06","2.3000000000000003","0.68"
Viram Suvarn Ltd,VSL,"Precious Metals, Jewellery & Watches","134.791998264","0","-5.09","-0.049999999999999906","1.7899999999999985",,"-0.17","0","0","10.18","0.25","11.21","5.21"
Usha Financial Services Ltd,USHAFIN,"Consumer Finance","134.7733122","128.1","-4.17","-2.030000000000001","229.0200000000001","0","94.7","0","0","61.31","5.4","13.6","-92.56"
Virat Leasing Ltd,VLL,"Diversified Financials","134.73759","0","0","0.02","0.86","10.34","0","5.42","0","2.44","0","0.12","0.02"
Pmc Fincorp Ltd,PMCFIN,"Diversified Financials","134.5834224","58.71","-1.58","46.260000000000005","51.239999999999995","148.02","75.81","21.02","0","27.970000000000006","0.05","0.19999999999999996","-27.97"
Eppeltone Engineers Ltd,EEPL,"Electrical Components & Equipments","134.452862","4.5","-8.27","-0.9399999999999995","83.79",,"15.35","0","0","25.98","8.62","20.27","-8.02"
SNL Bearings Ltd,SNL,"Industrial Machinery","134.3131726","0","-1.39","-0.04999999999999938","7.19",,"-2.57","0","2.49","64.23","0.34","14.240000000000004","3.91"
Praxis Home Retail Ltd,PRAXIS,"Home Furnishing","134.15641562000002","132.98","-1.33","-0.240000000000002","376.7299999999999",,"28.58","0","0","-262.08","1.33","137.30999999999997","-27.49"
Lakshya Powertech Ltd,LAKSHYA,"Construction & Engineering","134.116136","52.77","-0.24","0.8099999999999952","55.97000000000001",,"40.3","0","0","30.46","0.84","2.12","-39.25"
National Plastic Technologies Ltd,NATPLASTI,"Plastic Products","133.93600155","0.16","-6.73","-8.881784197001252e-16","114.53",,"-5.22","0","0.61","45.14","6.87","75.46","11.95"
Texmo Pipes and Products Ltd,TEXMOPIPES,"Plastic Products","133.88827","69.92","2.22","23.6","146.12",,"1.03","0","0","116.19000000000001","11.61","142.9343","20.35"
Intrasoft Technologies Ltd,ISFT,"Retail - Online","133.82100631199998","75.49","48.94","1.990000000000009","37.61",,"-129.56","0","0.01","136.69","41.13","233.06","82.61"
Sambhaav Media Ltd,SAMBHAAV,"Publishing","133.777588","29.95","-17.65","0.06000000000000316","14.93",,"-3.21","17.97","0","34.64","2.64","38.1216","20.92"
Indian Phosphate Ltd,IPHL,"Commodity Chemicals","133.69440815","52.13","-36.24","0.0899999999999963","127.41999999999994",,"25.81","0","0","71.19999999999999","27.57","70.5168","10.52"
Uravi Defence and Technology Ltd,URAVIDEF,"Electrical Components & Equipments","133.6422","8.32","-13.81","2.450000000000001","30.12",,"17.96","11.44","0","26.71","1.01","16.84","-1.7"
Panth Infinity Ltd,PANTH,"Commodities Trading","133.40225593800002","1.84","0","0.1700000000000017","71.25",,"62.39","0.72","0","0.9000000000000001","0","0.03999999999999998","-62.22"
Globus Power Generation Ltd,GLOBUSCON,"Power Generation","133.38255104","37.67","0","-0.020000000000000018","0.090000000000014",,"-3.63","0","0","-128.48000000000002","0","0","3.61"
Kay Cee Energy & Infra Ltd,KCEIL,"Construction & Engineering","133.2416","14.02","-2.02","-25.439999999999998","111.89000000000001",,"51.08","0","0","36.709999999999994","2.55","21.02","-74.5"
Mauria Udyog Ltd,MUL,"Gas Distribution","133.2","0","-24.32","3.320000000000002","434.74000000000007",,"-7.6","2.82","0","6.95","60.75","52.72110000000001","35.24"
Lakshmi Engineering and Warehousing Ltd,LAKSHMIEW,"Logistics","133.148125","3.5","-7.29","0","16.63000000000001",,"2.26","0","0.74","11.56","5.23","24.720000000000002","5.03"
Kifs Financial Services Ltd,KIFS,"Specialized Finance","133.11549","4.87","17.92","164.01","336.78000000000003","201.58","-1.51","11.78","1.51","41.32","0","1.03","147.6"
Aaradhya Disposal Industries Ltd,AARADHYA,"Paper Products","132.8972","2.24","0.05","-0.3799999999999999","53.620000000000005",,"-5.91","0","0","16.979999999999997","0.06","26.32","5.48"
Pioneer Investcorp Ltd,PIONRINV,"Investment Banking & Brokerage","132.855794032","11.12","4.98","1.3200000000000003","293.21999999999997","0","20.96","121.68","0","131.82","0.04","4.940000000000001","-24.62"
Aartech Solonics Ltd,AARTECH,"Electrical Components & Equipments","132.831937875","5.09","1.28","0.040000000000000036","11.299999999999995",,"0.28","0.99","0.79","10.48","0.49","5.1","-1.52"
Ovobel Foods Ltd,OVOBELE,"Packaged Foods & Meats","132.678672","0","-8.93","0.6100000000000003","42.199999999999996",,"5.84","0.08","0","76.08","15.13","30.61","3.7"
Narmada Agrobase Ltd,NARMADA,"Agro Products","132.587714505","10.49","-3.58","14.32","10.589999999999996",,"33.83","0","0","7.4399999999999995","0.05","2.99","-15.93"
Chemcrux Enterprises Ltd,CHEMCRUX,"Commodity Chemicals","132.56873568","0","-2.48","-4.050000000000001","52.43999999999999",,"-9.16","0.05","1.48","59.81","8.4","78.67","7.59"
Dharni Capital Services Ltd,DHARNI,"Specialized Finance","132.405","10.2","-6.74","-4.7700000000000005","2.6600000000000015","0","1.67","7.38","0","8.920000000000002","5.46","12.270000000000001","0.3"
Coral India Finance and Housing Ltd,CORALFINAC,"Real Estate","132.150995775","0","-17.7","-0.5499999999999978","13.23999999999997","0","-1.61","51.78","1.61","212.76","0","22.16","18.76"
Bright Brothers Ltd,BRIGHTBR,"Commodity Chemicals","132.06546375","9.67","-9.25","-0.17000000000000037","154.73",,"-2.11","0.21","0.57","61","11.04","81.84","11.19"
Bhadora Industries Ltd,BHADORA,"Cables","132.06","0","-7.3","2.49","27.829999999999995",,"7.45","0","0","7.74","7.3","8.81","2.34"
HEC Infra Projects Ltd,HECPROJECT,"Electrical Components & Equipments","131.88956904","8.33","0.02","-9.45","53.02999999999999",,"16.53","0","0","33.97","0","1.3200000000000003","-26"
BIOPOL CHEMICALS LIMITED,BIOPOL,"Specialty Chemicals","131.82588","0.09","-0.02","1.0700000000000003","17.929999999999996",,"3.43","0","0","5.54","0.02","0.22","-2.34"
Achyut Healthcare Ltd,ACHYUT,"Pharmaceuticals","130.815494","6.44","4.69","0.6300000000000008","1.29",,"0","0","0","1.2999999999999998","10.86","18.220000000000002","-4.06"
Somi Conveyor Beltings Ltd,SOMICONVEY,"Industrial Machinery","130.601046072","18.18","-0.6","-3.7399999999999993","45.32999999999996",,"5.11","0","0","46.580000000000005","1.01","27.279999999999994","-8.25"
Vibrant Global Capital Ltd,VGCL,"Diversified Financials","130.38880695999998","15.27","-49.84","-5.460000000000006","42.85999999999999","5.8","-3.24","116.42","1.72","112.53","0.67","23.858700000000002","47.62"
Nephro Care India Ltd,NEPHROCARE,"Hospitals & Diagnostic Centres","130.160128","30.24","-39.56","3.3599999999999994","14.799999999999999",,"35.1","2.58","0","6.760000000000002","29.21","32.1","7.82"
Apollo Techno Industries Ltd,ATIL,"Construction & Engineering","130.072878","0","-0.32","-0.05000000000000071","50.97",,"-14.91","0.04","0","15.25","0.34","13.4219","15.18"
Kanoria Energy & Infrastructure Ltd,KEIL,"Building Products - Others","130.069385","0","-5.67","0.14000000000000057","178.57",,"-17.14","0","0.56","49.66","2.34","99.5","22.95"
Rockingdeals Circular Economy Ltd,ROCKINGDCE,"Technology Hardware","130.03732","20.94","-10.98","-1.12","13.549999999999995",,"6.86","1.04","0","13.789999999999996","10","12.92","3"
Sampann Utpadan India Ltd,SAMPANN,"Commodity Chemicals","130.02984","0","-6.61","0.39000000000000057","104.25",,"6.73","0.47","0","-31.48","7.25","73.78743","0.27"
ResGen Ltd,RESGEN,"Oil & Gas - Refining & Marketing","130.024025","17.53","-1.06","1.75","12.949999999999987",,"-4.68","0","0","19.08","1.58","17.0098","7.49"
Anka India Ltd,ANKIN,"IT Services & Consulting","129.99014717","1.86","-0.48","0.22999999999999998","0.15999999999999978",,"0.96","0","0","-2.6500000000000004","0","7","-0.25"
Apollo Finvest (India) Ltd,APOLLOFI,"Diversified Financials","129.729050115","4.23","1.91","1.4400000000000013","39.909999999999975","82.2","24.94","8.75","0","59.370000000000005","1.51","5.41","-25.41"
Aztec Fluids & Machinery Ltd,AZTEC,"Industrial Machinery","129.608","18.3","-22.82","-1.3299999999999983","38.68999999999999",,"15.64","6.98","0.67","18.220000000000002","6.15","12.412000000000003","5.85"
Rappid Valves (India) Ltd,RAPPID,"Industrial Machinery","129.5400008","0","-3.22","8.27","15.000000000000004",,"24.31","0.57","0","40.06","3.38","9.17211","-12.82"
Rudrabhishek Enterprises Ltd,REPL,"Real Estate","129.285915","33.33","-5.36","-0.19000000000000128","53.429999999999986",,"17.55","1.76","0","98.97000000000001","4.63","10.339","-12.38"
Premco Global Ltd,PREMCO,"Apparel & Accessories","129.234204","4.6","-4.56","-12.25","22.199999999999992",,"-13.14","17.27","0","99.23","9.11","34.7373","5.45"
Smruthi Organics Ltd,SMRUTHIORG,"Pharmaceuticals","128.9996883","0","-11.42","-0.03999999999999959","40.09999999999997",,"1.4","0.16","1.72","60.18","11.52","47.50999999999999","9.98"
Focus Business Solution Ltd,FOCUS,"Business Support Services","128.9820948","1.42","-0.62","1.77","0.8300000000000002",,"1.13","0","0","1.2800000000000002","0.62","0.9199999999999999","1.26"
Aluwind Infra-Tech Ltd,ALUWIND,"Building Products - Others","128.9581098","22.85","-3.77","4.309999999999999","53.85999999999997",,"26.4","2.28","0","11.990000000000002","1.52","8.859999999999998","-18.32"
Gujjubhai Industries Ltd,SUMUKA,"FMCG - Foods","128.88852795","3.38","-0.02","-7.93","18.01",,"3.83","0.03","0","5.670000000000001","0.02","0.88","-11.74"
Sanco Trans Ltd,SANCTRN,"Logistics","128.7","0","-3.51","-0.020000000000000018","38.08",,"-3.61","0","0.27","104.74","4.14","104.56000000000002","7.1"
Star Imaging and Path Lab Ltd,STARIMAGIN,"Hospitals & Diagnostic Centres","128.62928","0","-3.97","-10.37","50.92999999999999",,"-0.37","0","0","33.65","4.22","20.909999999999997","-6.03"
Lahoti Overseas Ltd,LAHOTIOV,"Textiles","128.6171435","9.15","-8.01","5.43","31.129999999999974",,"-6.83","43.8","0.58","186.03","1.96","27.133999999999997","20.27"
EMIAC Technologies Ltd,EMIAC,"Advertising","128.491848755","3","-0.66","4.25","7.91",,"3.5","0","0","4.32","0.24","0.38","1.41"
Reganto Enterprises Ltd,REGANTO,"Electronic Equipments","128.45355988","12.67","-0.01","0.09000000000000075","735.12",,"7.86","0","0","39.809999999999995","0.01","0.01","-7.76"
Tarmat Ltd,TARMAT,"Construction & Engineering","128.3289856","142.05","-26.9","4.1299999999999955","62.58999999999999",,"40.19","1.05","0","-8.530000000000001","5.95","20.693700000000003","-9.16"
SecMark Consultancy Ltd,SECMARK,"IT Services & Consulting","128.195137","7.92","-5.06","0.010000000000000675","13.339999999999998",,"-4.77","0","0","2.1799999999999997","0.45","10.5","9.84"
Modulex Construction Technologies Ltd,MODULEX,"Construction & Engineering","128.13974729400002","292.19","-23.65","1.1999999999999993","43.409999999999954",,"27.04","3.63","0","-76.91","23.18","71.27910000000003","-2.19"
Shyam Dhani Industries Ltd,SHYAMDHANI,"FMCG - Foods","128.0672","0","-13.81","0.13000000000000256","58.87999999999998",,"20.1","0","0","8.73","13.94","27.119999999999997","-6.16"
Cubex Tubings Ltd,CUBEXTUB,"Metals - Copper","127.98299855","22.59","-2.46","-1.9400000000000002","64.14000000000001",,"1.3","0","0","39","0.47","13.559999999999995","-0.78"
Garware Offshore Services Ltd,GARWAOFFS,"Oil & Gas - Equipment & Services","127.83123599400001","158.95","-10.23","38.03","45.040000000000006",,"38.85","0.36","0","-55.80999999999999","10.67","115.61999999999999","9.41"
Surana Solar Ltd,SURANASOL,"Renewable Energy Equipment & Services","127.7895402","0","4.8","0.5899999999999999","3.590000000000004",,"-5.72","0","0","31.51","0","11.640000000000002","1.51"
Greenchef Appliances Ltd,GREENCHEF,"Home Electronics & Appliances","127.6460424","58.83","-30.26","-38.18000000000001","185.56000000000003",,"-41.72","0","0","38.39","30.26","102.57000000000001","33.8"
Tirupati Starch & Chemicals Ltd,TIRUSTA,"Commodity Chemicals","127.5366393","8.53","-25.68","-0.7199999999999989","168.13",,"-23.89","0","0","36.449999999999996","27.03","138.57","48.85"
Weizmann Ltd,WEIZMANIND,"Textiles","127.51440195999999","0","-5.98","-0.15000000000000036","29.869999999999997",,"-7.85","21.76","0.79","45.37","5.95","33.63999999999999","13.68"
Vaxfab Enterprises Ltd,VEL,"Textiles","127.344625","7.14","-1.67","-0.10999999999999943","98.79999999999998",,"7.65","5.94","0","-2.37","0.13","0.10999999999999999","-6.09"
Aesthetik Engineers Ltd,AESTHETIK,"Construction & Engineering","127.343194125","19.48","-20.99","1.5899999999999999","18.18",,"19.97","5.97","0","7.759999999999998","11.04","13.66","2.61"
Dollex Agrotech Ltd,DOLLEX,"Sugar","127.236928","12.42","-47.22","-9.150000000000006","216.95999999999998",,"63.16","0","0","28.729999999999997","3.58","84.16","-25.09"
Bal Pharma Ltd,BALPHARMA,"Pharmaceuticals","127.175925536","31.98","-14.92","-2.4399999999999995","258.28",,"-7.84","0","1.91","29.52","18.79","74.24589999999999","20.32"
Vipul Ltd,VIPULLTD,"Real Estate","127.14545095999999","279.74","11.66","-22.120000000000005","812.57",,"-76.75","2.22","0","83.19","1.44","41.16629999999999","42.97"
Raja Bahadur International Ltd,RAJABAH,"Real Estate","127.1125","0","-49.11","7.189999999999998","229.92000000000004",,"43.51","0","0","9.29","54.6","179.23850000000002","12.79"
Excel Realty N Infra Ltd,LANDSMILL,"Business Support Services","126.96255495","0","4.22","-0.8100000000000002","4.4399999999999995",,"0.89","0","0","32.18","0.88","61.14","-5.92"
Purv Flexipack Ltd,PURVFLEXI,"Plastic Products","126.84072375","42.65","-28.13","-10","239.15",,"26.21","14.18","0","73.80000000000001","35.5","135.3549","-8.08"
Godavari Drugs Ltd,GODAVARI,"Pharmaceuticals","126.643574675","10.63","-19.51","-0.240000000000002","99.72",,"8.07","0","0","25.189999999999998","20","62.56","11.2"
Meera Industries Ltd,MEERA,"Industrial Machinery","126.629162968","7.34","-8.37","0.20000000000000062","14.100000000000005",,"3.11","0.08","0.78","11.14","8.45","25.590400000000002","5.46"
Kaira Can Co Ltd,KAIRA,"Packaging","126.44287695999999","0.44","-12.99","-11.75","32.58999999999999",,"2.43","0.32","1.11","87.86","13.56","44.64999999999999","-1.19"
Prodocs Solutions Ltd,PRODOCS,"IT Services & Consulting","126.195","4.45","-15.98","0.1899999999999995","15.900000000000007",,"13.11","0","0","9.29","2.85","4.3100000000000005","3.06"
BSL Ltd,BSL,"Textiles","126.08935016800001","19.26","-11.31","-0.010000000000005116","507.49",,"-45.71","0","1.03","89.71","12.42","224.95999999999998","57.01"
Accord Transformer & Switchgear Ltd,ACCORDTS,"Electrical Components & Equipments","125.80566223499999","9.4","-2.69","-0.02999999999999936","38.349999999999994",,"11.46","0","0","11.85","3.08","7.1000000000000005","-8.8"
Kandarp Digi Smart Bpo Ltd,KANDARP,"Outsourced services","125.622","5.4","0.63","0.33999999999999986","9.630000000000004",,"-1.1","0","0","5.27","2","10.510000000000002","0.81"
Accretion Pharmaceuticals Ltd,ACCPL,"Pharmaceuticals","125.6108","0","-1.61","-0.040000000000000036","24.589999999999996",,"-4.18","0","0","7.12","1.61","6.09","5.75"
Addictive Learning Technology Ltd,ADDICTIVE,"Education Services","125.5586106","48.26","-64.53","-47.46","13.33000000000002",,"0","26.79","0","14.93","40.39","52.584500000000006","17.07"
MRC Agrotech Ltd,MRCAGRO,"Commodities Trading","125.528919849","7.46","-9.31","-0.14000000000000057","9.509999999999994",,"7.21","8.9","0","2.7","4.54","4.529999999999999","1.96"
Swastika Investmart Ltd,SWASTIKA,"Diversified Financials","125.41464","15.14","19.66","-5.43","239.41","46.52","-5.27","8","0.62","89.27","1.06","4.319999999999999","-19.82"
International Combustion (India) Ltd,INTLCOMBQ,"Industrial Machinery","125.40583034000001","8.9","-7.6","0.009999999999999787","96.61",,"-4.74","0","1.17","122.47","5.68","60.02","12.35"
Spectrum Talent Management Ltd,SPECTSTM,"Employment Services","125.39551128","77.38","-8.35","-36.32","89.93000000000002",,"39.01","0","0","52.91","4.61","8.95","-66.98"
Moxsh Overseas Educon Ltd,MOXSH,"Academic & Educational Services","124.74336","2.15","-1.27","-0.020000000000000018","7.199999999999998",,"1.62","0","0","-1.5499999999999998","1.41","4.18","-0.37"
Vistar Amar Ltd,VISTARAMAR,"Agro Products","124.416","0","-15.29","4.27","10.010000000000005",,"29.58","0","0","39.07","15.29","16.857599999999998","-10.02"
Pervasive Commodities Ltd,PERVASIVE,"Electrical Components & Equipments","124.3314036","0","0","-0.010000000000001563","0.51",,"28.2","0","0","-0.1","0","0","-28.21"
Airo Lam Ltd,AIROLAM,"Building Products - Laminates","124.306572","12.69","-17.52","-0.009999999999998899","144.06999999999996",,"3.63","0.49","0","45.620000000000005","17.68","57.666","13.88"
Patdiam Jewellery Ltd,PJL,"Precious Metals, Jewellery & Watches","124.28643","3.69","-7.46","-2.1400000000000006","35.660000000000004",,"10.12","0.93","0","63.650000000000006","7.91","11.23","-4.8"
Innomet Advanced Materials Ltd,INNOMET,"Metals - Diversified","124.2291648","27.92","-8.42","0.09999999999999787","19.770000000000007",,"26.99","0","0","0.4599999999999973","6.99","19.1259","-18.47"
Indian Sucrose Ltd,INDSUCR,"Sugar","124.10439854200001","9.23","80.95","127.35","397.9699999999999",,"-21.62","6.55","0","231.06","8.5","200.34999999999997","68.02"
Taylormade Renewables Ltd,TRL,"Renewable Energy Equipment & Services","123.6673368","50.34","-8.37","-0.10000000000000142","46.88000000000001",,"20.75","0","0","24.789999999999992","14.17","31.371400000000005","-12.48"
Ace men engg works Ltd,ACEMEN,"Diversified Financials","123.359304","0","0","0","0.4600000000000002",,"0","0","0","0.75","0","0","0"
K I C Metaliks Ltd,KAJARIR,"Iron & Steel","123.242112","19.74","-4.08","0.9399999999999995","253.70999999999998",,"-15.74","0","0","147.22","6.36","182.57","20.76"
Ganges Securities Ltd,GANGESSECU,"Diversified Financials","123.155390657","1.08","-19.1","2.1599999999999993","55.26999999999998","0","-0.04","667.27","0","665.17","1.52","14.2089","21.3"
M P K Steels (1) Ltd,MPKSTEELS,"Iron & Steel","123.13868700999998","4.28","12.01","0.44999999999999973","38.13000000000001",,"2.43","0.02","0","13.029999999999998","1.48","3.5500000000000007","-13.99"
Sotac Pharmaceuticals Ltd,SOTAC,"Pharmaceuticals","122.9865","28.02","-13.62","-1.8599999999999994","65.89000000000001",,"16.09","3.78","0","14.180000000000003","17.02","46.97570000000001","-4.33"
Dhoot Industrial Finance Ltd,DHOOTIN,"Commodities Trading","122.44284","5.51","20.12","-1.2499999999999991","73.38",,"-6.12","372.04","0.95","437.86","0.51","6.32","-15.25"
Lorenzini Apparels Ltd,LAL,"Apparel & Accessories","122.124741557","19.96","-2.89","0.1200000000000001","25.049999999999986",,"7.96","0.05","0","10.36","0.39","4.0201","-4.95"
Norben Tea and Exports Ltd,NORBTEAEXP,"Tea & Coffee","121.8191117","0.85","-1.72","0.17999999999999994","11.739999999999995",,"0.94","0","0","1.4099999999999997","1.74","23.629999999999995","0.96"
TCI Industries Ltd,TCIIND,"Commodities Trading","121.707990565","33.25","-2.3","-0.3500000000000001","4.65",,"3.9","0","0","-30.19","2.31","15.459999999999999","-1.95"
SBI Nifty 1D Rate Liquid ETF - IDCW,LIQUIDSBI,"Debt","121.5826",,,,,,,,,,,,
Anik Industries Ltd,ANIKINDS,"Commodities Trading","121.365994278","124.27","118.56","0.29999999999999893","43.939999999999934",,"1.08","0","0","234.97000000000003","0","11.545500000000004","-119.34"
Supra Pacific Financial Services Ltd,SUPRAPFSL,"Specialized Finance","121.179895956","32.06","-3.48","-4.230000000000004","232.8199999999999","255.56","117.66","0","0","2.469999999999999","3.8","28.5977","-118.41"
Party Cruisers Ltd,PARTYCRUS,"Hotels, Resorts & Cruise Lines","121.0981213","5.69","-2.93","5.3999999999999995","10.010000000000007",,"3.4","0","0","25.86","2.16","6.790000000000001","4.93"
Sellwin Traders Ltd,SELLWIN,"Commodities Trading","121.03570866400001","4.99","-19.56","-1.9699999999999953","34.43999999999999",,"30.8","20.99","0","10.6","0.01","0.039999999999999994","-13.21"
B & A Ltd,BNALTD,"Agro Products","120.9","10.02","-2.53","-9.719999999999999","109.23000000000002",,"-4.36","0.82","0.28","127.86","11.2","131.989","-2.83"
Kemp and Company Ltd,KEMP,"Retail - Speciality","120.858177","0","1.77","0.06000000000000006","0.8099999999999625",,"-0.01","124.84","0.01","128.46","0.02","1.9900000000000002","-1.7"
Thrive Future Habitats Ltd,THRIVE,"FMCG - Personal Products","120.723331365","21.67","0.18","0.24999999999999997","1.6199999999999974",,"-0.1","0.54","0","-17.28","0","1.79","0.17"
Indian Card Clothing Company Ltd,INDIANCARD,"Industrial Machinery","120.67602944000001","22.2","57.65","28.479999999999997","38.32000000000001",,"-11.85","212.16","0.02","310.11","15.8","34.2","-17.32"
Valencia Nutrition Ltd,VALENCIA,"Alcoholic Beverages","120.612387","36.33","-10.17","7.670000000000002","1.8399999999999999",,"33.57","2.93","0","-17.979999999999997","3.94","6.1899999999999995","-15.73"
LIC MF Nifty 8-13 yr G-Sec ETF,LICNETFGSC,"Debt","120.56832286800001",,,,,,,,,,,,
Auto Pins (India) Ltd,AUTOPINS,"Iron & Steel","120.4190082","0","-0.34","-0.8200000000000001","15.19",,"0.21","0.03","0","2.87","0.43","5.59","-0.69"
Western India Plywoods Ltd,WIPL,"Wood Products","120.37594322000001","4.42","-1.63","-2.27","34.41999999999999",,"-2.52","0.96","0.78","32.42","1.65","24.228900000000003","1.88"
AAA Technologies Ltd,AAATECH,"IT Services & Consulting","120.1999428","4.27","-2.52","-1.5","1.7199999999999949",,"-0.64","0","0.64","13.73","0.26","1.21","1.66"
Rts Power Corporation Ltd,RTSPOWR,"Heavy Electrical Equipments","120.199035","27.83","-0.98","-0.5700000000000003","69.42999999999998",,"-14.95","3","0","108.41000000000001","2.71","89.47000000000001","15.36"
Udayshivakumar Infra Ltd,USK,"Construction & Engineering","120.01428385599999","47.14","-8.66","-1.3100000000000005","161.17000000000002",,"15.4","0","0","65.95","34.14","72.34","-8.05"
Rajshree Polypack Ltd,RPPL,"Plastic Products","119.681328","38.32","-35.87","4.260000000000005","158.65",,"22.03","0.33","0","84.82","22.13","129.76","18.1"
Urban Enviro Waste Management Ltd,URBAN,"Water Management","119.4647","3.95","-10.41","2.08","61.78999999999999",,"2","0","0","19.27","11.05","28.319999999999997","10.49"
V R Infraspace Ltd,VR,"Real Estate","119.436","18","1.01","-16.769999999999996","60.55999999999999",,"9.35","0.03","0.27","9.41","0.2","0.22000000000000003","-27.13"
Optimus Finance Ltd,OPTIFIN,"Specialized Finance","119.407354","23.75","-5.95","9.940000000000001","52.84999999999998","0","25.89","0","0","26.060000000000002","5.61","12.2732","-10"
LA Tim Metal & Industries Ltd,LATIMMETAL,"Real Estate","119.35677645","42.19","-1.54","0.1899999999999995","58.24000000000004",,"5.67","1.87","0","15.07","0.27","18.750000000000004","-3.94"
Steel City Securities Ltd,STEELCITY,"Investment Banking & Brokerage","119.24030083499999","10.44","0.97","-3.829999999999999","84.19000000000004","0","-8.27","7.08","6.04","104.03","3.18","26.0711","3.47"
Forge Auto International Ltd,FORGEAUTO,"Auto Parts","119.028","34.3","-13.95","1.490000000000002","76.77",,"22.61","2.67","0","13.010000000000005","12.83","31.290000000000003","-7.17"
Vishwaraj Sugar Industries Ltd,VISHWARAJ,"Sugar","118.9339242","73.65","-82.59","8.499999999999993","538.04",,"40.73","1.31","0","163.26","82.65","477.47999999999996","50.36"
Krebs Biochemicals and Industries Ltd,KREBSBIO,"Pharmaceuticals","118.928192376","118.02","-4.97","0","185.28",,"12.86","0","0","-285.82","3.4","148.8","-7.89"
Sampre Nutritions Ltd,SAMPRE,"FMCG - Foods","118.666132337","70.32","-75.17","-0.060000000000002274","24.55",,"75.03","73.51","0","-2.1699999999999875","0.28","24.86","0.08"
Scoobee Day Garments (India) Ltd,SCOOBEEDAY,"Apparel & Accessories","118.60939628","0","1.97","0.7199999999999993","62.660000000000004",,"2.94","0","0","-8.57","0.83","46.36","-4.19"
Puretrop Fruits Ltd,PURETROP,"Agro Products","118.57450852000001","0","8.06","0.1700000000000017","17.360000000000028",,"-47.44","0","0","104.57","19.37","57.24","39.55"
Jocil Ltd,JOCIL,"Commodity Chemicals","118.57223365","7.84","-3.13","0.08000000000000007","81.59",,"-7.21","5.08","1.33","189.35999999999999","8.78","45.019999999999996","10.42"
Iconik Sports and Events Ltd,ICONIKSPEV,"IT Services & Consulting","118.311632","0","0","0.00999999999999801","17.32",,"38.72","0.33","0","17.34","0","0.01","-38.71"
Maitreya Medicare Ltd,MAITREYA,"Hospitals & Diagnostic Centres","118.2412","11.44","-7.37","1.3599999999999994","15.140000000000008",,"3.67","0","0","8.500000000000002","2.38","15.260000000000002","5.06"
BCPL Railway Infrastructure Ltd,BCPL,"Construction & Engineering","117.968542452","10","-10.65","12.549999999999997","107.19999999999999",,"28.97","3.33","1.17","66.32","37.47","46.82","-5.77"
JSL Industries Ltd,JSLINDL,"Electrical Components & Equipments","117.92090994000002","3.02","1.17","-0.010000000000000009","15.559999999999999",,"-1.02","8.74","0","41.75","0.91","15.829999999999998","-0.16"
Saptarishi Agro Industries Ltd,SPTRSHI,"Agro Products","117.920397572","0","-7.3","-0.04999999999999982","59.290000000000006",,"6.09","0.28","0","-24.1","7.02","8.61","1.16"
Canarys Automations Ltd,CANARYS,"IT Services & Consulting","117.783510465","43.73","-2.08","3.9","33.05000000000002",,"2.13","1.1","0.29","29.15","3.18","6.02","3.85"
Hindcon Chemicals Ltd,HINDCON,"Commodity Chemicals","117.7384375","6.35","-5.68","-2.6199999999999997","8.92",,"0.31","4.76","0.38","40","2.35","7.109999999999999","2.75"
Mukta Arts Ltd,MUKTAARTS,"Movies & TV Serials","117.44304","97.36","-2.79","-0.370000000000001","281.48",,"-21.07","4.46","0","-154.78","7.86","134.02830000000003","23.49"
Bihar Sponge Iron Ltd,BIHSPONG,"Iron & Steel","117.176818497","23.63","-0.42","-1.1199999999999992","177.23000000000002",,"-8.94","0","0","-159.19","2.18","54.16999999999997","8.24"
Hindustan Tin Works Ltd,HINDTIN,"Packaging","116.99643375","26.03","-42.9","-1.33","125.92000000000003",,"-14.08","5.06","1.22","178.85999999999999","45.14","143.03","55.65"
Caprihans India Ltd,CAPRIHANS,"Commodity Chemicals","116.61757948800002","93.28","67.87","-3.2199999999999704","797.13",,"-161.32","10.7","0.2","161.68","8.57","883.5","90.23"
Hindustan Hardy Ltd,HINDHARD,"Auto Parts","116.36213475","0","-5.3","-0.4700000000000002","26.89",,"3.19","0","0.37","28.02","5.56","14.5","1.64"
Ravelcare Ltd,RAVEL,"FMCG - Personal Products","116.26005","0","1.18","0.5899999999999999","2.6100000000000017",,"-0.04","3.07","0","5.34","0.04","0.16999999999999998","-0.55"
Maruti Infrastructure Ltd,MAINFRA,"Construction & Engineering","115.96875","1.62","0.13","0.009999999999999787","40.88000000000001",,"-3.13","0.35","0","7.31","0.01","1.16","3.01"
Bodhi Tree Multimedia Ltd,BTML,"Movies & TV Serials","115.923181726","6.81","-0.04","-0.34999999999999787","58.96999999999999",,"13.89","0.02","0","13.46","0.03","0.82","-14.2"
GTL Ltd,GTL,"Telecom Infrastructure","115.61313403499999","448.18","-7.36","0.009999999999990905","5839.39",,"-190.75","0","0","-7205.71","11.87","15.76000000000002","198.12"
Assam Entrade Ltd,ASSAMENT,"Specialized Finance","115.1832","6.23","0.06","0.24999999999999978","0.9299999999999716","40.48","-1.84","17.84","0","54.56","0","3.44","2.03"
Gravity (India) Ltd,GRAVITY,"Textiles","115.1529444","0","0.56","0.11000000000000004","3.9400000000000004",,"-0.06","0","0","-6.94","0","1.83","-0.39"
Ashnisha Industries Ltd,ASHNI,"Iron & Steel","115.06425","50.21","0.62","-0.6100000000000012","50.610000000000014",,"11.52","2.82","0","0.3999999999999986","0.34","5.570200000000001","-12.75"
WOL 3D India Ltd,WOL3D,"Electronic Equipments","114.87786","16.05","-11.55","0.1899999999999995","9.129999999999999",,"13.03","0","0","13.29","0.95","1.2300000000000002","-1.29"
Rama Telecom Ltd,RTL,"Communication & Networking","114.8343363","1.34","-2.76","-1.3799999999999997","12.200000000000001",,"1.26","0","0","5.62","0.06","1.1600000000000001","0.12"
DCG Cables & Wires Ltd,DCG,"Electrical Components & Equipments","114.705472","44.99","-32.99","0.38000000000000256","41.78999999999999",,"56.46","0","0","16.009999999999998","32.99","41.829299999999996","-23.09"
Noida Toll Bridge Company Ltd,NOIDATOLL,"Roads","114.50992622999999","144.63","9.35","0.6600000000000001","122.38999999999999",,"-23.81","0","0","-370.62","0.12","2.169999999999959","15.12"
Anand Rayons Ltd,ARL,"Textiles","114.177055832","31.08","-24.32","8.61","22.020000000000003",,"21.7","0.04","0","16.770000000000003","0.8","1.3499999999999999","11.23"
Striders Impex Ltd,STRIDERS,"Business Support Services","114.1214744","0","-4.96","1.04","35.68",,"5.19","0","0","15.06","0.44","0.8506000000000005","0.81"
Basant Agro Tech (India) Ltd,BASANTGL,"Commodity Chemicals","113.9187675","14.63","-3.76","-0.10999999999999943","225.27999999999994",,"-40.24","2.33","0.45","154.21","3.75","105.79999999999998","43.89"
Novelix Pharmaceuticals Ltd,NOVELIX,"Pharmaceuticals","113.859","9.47","2.93","0.5700000000000003","9.660000000000002",,"11.32","0.04","0","-1.8800000000000008","0.11","0.18000000000000002","-13.68"
Glittek Granites Ltd,GLITTEKG,"Building Products - Granite","113.7281314","0.59","31.83","9.689999999999998","1.6700000000000015",,"-22.22","1.25","0","-2.34","6.8","0.12","0.08"
OBCL Ltd,OBCL,"Logistics","113.61515530999999","10.26","-25.29","1.0899999999999963","70.99000000000002",,"41.48","9.97","0","60.440000000000005","18.67","31.3","-15.1"
Mehai Technology Ltd,MEHAI,"Electrical Components & Equipments","113.57711","34.02","-34.53","-0.30000000000000426","45.180000000000014",,"55.94","0","0","9.589999999999996","34.57","24.91","-21.71"
Rishi Laser Ltd,RISHILASE,"Industrial Machinery & Supplies & Components","113.52861","27.58","-17.31","-3.639999999999999","48.68000000000001",,"4.82","1.39","0","31.54","14.29","72.78000000000002","8.85"
Value 360 Communications Ltd,VALUE360,"Advertising","113.51500644000001","6.79","-8.94","-0.0699999999999994","27.46",,"2","2.64","0","6.739999999999999","6.48","11.951699999999999","6.87"
Sanmit Infra Ltd,SANINFRA,"Real Estate","113.449385","1.45","-1.42","0.029999999999999805","24.340000000000007",,"-2.97","0","0.55","19.42","1.44","9.92","4.42"
Escorp Asset Management Ltd,ESCORP,"Asset Management","113.3898402","0","-10.18","4.57","3.7499999999999947","0","0","50.08","0","55.57","0.01","0","14.75"
Dachepalli Publishers Ltd,DACHEPALLI,"Education Services","113.158656","0","-2.38","1.3399999999999999","77.00999999999999",,"0.94","0.68","0","16.31","2.21","7.429999999999999","2.78"
Matrix Geo Solutions Ltd,MGSL,"Specialized Finance","112.86337968","3.97","-1.33","5.199999999999999","8.809999999999999",,"4.56","0","0","7.219999999999999","1.87","3.1940999999999997","1.97"
Regency Ceramics Ltd,REGENCERAM,"Building Products - Ceramics","112.64115636","3.3","10.83","0.4999999999999991","158.68",,"3.13","0.05","0","-89.84","0","19.900000000000006","-13.46"
GVP Infotech Ltd,GVPTECH,"IT Services & Consulting","112.53735877999999","0","-0.03","48.83","50.269999999999996",,"-1.52","0","1.63","132.73","0.03","0.9299999999999997","50.38"
Rajshree Sugars & Chemicals Ltd,RAJSREESUG,"Sugar","112.49538237","15.6","17.56","-3.6400000000000006","422.47",,"-104.14","0","0","215.41","4.51","525.5","82.94"
Thacker and Company Ltd,THACKER,"Real Estate","112.410320055","0","2.24","2.7755575615628914e-16","2.010000000000028",,"-0.07","137.09","0","164.42","0","14.560000000000002","-2.17"
RICHA INFO SYSTEMS LIMITED,RICHA,"Academic & Educational Services","112.110299805","69.63","0.53","-0.25","15.690000000000023",,"83.19","0","0","5.840000000000003","0","0.16999999999999993","-83.97"
TBI Corn Ltd,TBI,"Agro Products","112.03735885","54.2","-12.2","-0.18999999999999773","78.63000000000001",,"41.57","0.19","0","29.039999999999992","14.71","23.78","-29.56"
Titan Securities Ltd,TITANSEC,"Specialized Finance","111.7473654","0","-3.37","-1.24","2.740000000000009","0","-0.01","91.26","0","76.84","0","0.010000000000000009","2.14"
Samkrg Pistons and Rings Ltd,SAMKRG,"Auto Parts","111.659085","1.64","-33.26","0.1800000000000015","101.85000000000001",,"15.4","0","2.46","182.04000000000002","5.24","171.59000000000003","18.04"
Indsil Hydro Power and Manganese Ltd,INDSILHYD,"Metals - Iron","111.414608098","19.11","131.18","66.88","38.60000000000003",,"-53.04","1.08","0","137.70999999999998","0.92","49.28000000000001","-11.26"
Sharvaya Metals Ltd,SHARVAYA,"Metals - Aluminium","111.333","2.34","-4.01","0.010000000000000231","24.55",,"2.43","0","0","12.91","4.25","11.67","1.59"
Aditya Birla Sun Life Nifty Bank ETF,ABSLBANETF,"Equity","111.25312222999999",,,,,,,,,,,,
Modern Dairies Ltd,MODAIRY,"FMCG - Foods","111.12165651","39.93","-3.5","7.029999999999999","76.56",,"-9.6","0.01","0","-33.11","3.63","31.46","20.13"
Narmadesh Brass Industries Ltd,NARMADESH,"Metals - Diversified","111.117168","0","-4.16","-2.24","44.949999999999996",,"0.79","0","0","12.64","4.16","14.5","1.13"
Purple Wave Infocom Ltd,PURPLEWAVE,"Electronic Equipments","110.952","0","-0.65","2.31","36.180000000000014",,"2.25","0","0","10.55","0.69","0.9899999999999998","0.71"
K&R Rail Engineering Ltd,KRRAIL,"Construction & Engineering","110.832509612","0","1.89","0.7199999999999989","187.05999999999995",,"17.75","0.12","0","59.16","0.34","9.549999999999999","-18.92"
Globe Enterprises (India) Ltd,GLOBE,"Apparel & Accessories","110.803021848","38.84","-36.31","0.44999999999999574","239.35",,"54.26","0","0","16.319999999999993","4.05","68.40090000000001","-17.5"
Thakkers Developers Ltd,THAKDEV,"Real Estate","110.7","4.5","27.44","-0.25","67.03999999999999",,"-13.71","2.59","0","137.53","1.8","15.31","-13.98"
HDFC Nifty Banking ETF,HDFCNIFBAN,"Equity","110.68248543",,,,,,,,,,,,
Garnet Construction Ltd,GARNET,"Real Estate","110.6337076","43.3","2.31","0","72.62",,"-2.89","0","0","45.69","0.95","4.59","0.58"
Calcom Vision Ltd,CALCOM,"Electrical Components & Equipments","110.470271751","28.64","-26.46","-0.4200000000000017","105.77000000000004",,"14.92","0.15","0","40.22","23.17","81.02510000000001","11.12"
Garnet International Ltd,GARNETINT,"Textiles","110.407605","45.46","-4.23","-0.14000000000000057","4.820000000000004","0","6.92","15.82","0","-36.21","0.48","1.28","-2.83"
Zenith Exports Ltd,ZENITHEXPO,"Textiles","110.40187875","2.77","-3.98","-5.63","18.91",,"1.38","1.51","0","73.8","2.9","11.290000000000006","-3.03"
Surya Lakshmi Cotton Mills Ltd,SURYALAXMI,"Textiles","110.36824700999999","98.52","-32.81","0.6799999999999962","472.49",,"25.73","0","0","146.97000000000003","21.39","264.97999999999996","7.76"
Hilton Metal Forging Ltd,HILTON,"Industrial Machinery","110.344285344","74.25","11.13","5.290000000000001","105.12000000000002",,"-8.57","0.01","0","17.950000000000003","5.91","49.45","2.73"
delaPlex Ltd,DELAPLEX,"IT Services & Consulting","110.231","27.53","-12.68","-7.33","4.73",,"-2.76","11.09","2.51","37.2","15.24","15.32","8.11"
United Heat Transfer Ltd,UHTL,"Heavy Electrical Equipments","110.2232","26.68","-2.58","0.08999999999999986","29.410000000000004",,"9.5","1.99","0","12.840000000000003","2.3","35.919999999999995","-6.83"
Srinibas Pradhan Constructions Ltd,SPCON,"Roads","110.21117794000001","1.3","-1.73","0.08000000000000007","39.849999999999994",,"15.6","0","0","10.25","0.56","11.84","-13.79"
Super Iron Foundry Ltd,SUPERIRON,"Dredging","110.18419983","84.88","-41.23","-2.819999999999993","137.07",,"32.7","0","0","65.09","35.76","122.07000000000001","5.71"
Shri Krishna Devcon Ltd,SHRIKRISH,"Real Estate","110.096","23.83","2.57","0.08000000000000007","109.45999999999998",,"-15.69","21.61","0","34.760000000000005","0.01","0.96","13.2"
Prima Plastics Ltd,PRIMAPLA,"Housewares","110.05970235","1.31","0.54","-2.51","65.03",,"-6.58","68.26","6.48","168.45","7.21","53.129999999999995","3.53"
Aspira Pathlab & Diagnostics Ltd,ASPIRA,"Hospitals & Diagnostic Centres","109.857189","9.03","0.12","0.9600000000000002","4.09",,"-0.99","0.08","0","-12.09","0.34","3.878199999999999","1.83"
Pattech Fitwell Tube Components Ltd,PATTECH,"Construction & Engineering","109.806130095","9.6","-1.9","-0.07000000000000028","20.740000000000002",,"6.18","0","0","3.1500000000000004","1.53","16.64","-4.35"
ShreeOswal Seeds and Chemicals Ltd,OSWALSEEDS,"Seeds","109.764","7.43","-0.77","-2.759999999999998","61.39999999999999",,"-26.09","0.01","0","18","0.22","8.82","24.1"
Ambar Protein Industries Ltd,AMBARPIL,"Agro Products","109.25","0","-0.3","0.05999999999999983","35.779999999999994",,"-1.81","0.02","0","28.98","1.15","19.16","2.17"
Reliance Home Finance Ltd,RHFL,"Home Financing","109.13823405","660.34","-104.81","-36.869999999999436","108.67999999999992","0","-4035.08","0","0","-1219.23","0.23","0","4103.02"
Moksh Ornaments Ltd,MOKSH,"Precious Metals, Jewellery & Watches","108.987474245","49.5","-0.47","-0.04999999999999716","33.12",,"27.12","0.05","0","44.56","0.47","0.43","-26.7"
Maiden Forgings Ltd,MAIDEN,"Metals - Diversified","108.86392","28.28","-9.03","0.1800000000000006","87.76000000000002",,"4.69","0","0","33.98","9.27","37.41","4.52"
Indian Infotech and Software Ltd,INDINFO,"Consumer Finance","108.83681523","162.63","13.88","-0.18999999999999878","1.5500000000000569","0","0.2","0","0","-24.439999999999998","0","0","-14.27"
Modern Diagnostic & Research Centre Ltd,MDRC,"Hospitals & Diagnostic Centres","108.789736","0","-13.14","0.3699999999999999","43.849999999999994",,"-0.22","0.23","0","9.73","13.16","39.60000000000001","13.73"
Greenhitech Ventures Ltd,GVL,"Oil & Gas - Storage & Transportation","108.71991369000001","4.42","-0.4","-0.10000000000000053","12.700000000000001",,"5.67","0","0","2.6900000000000004","0.4","0.55","-5.37"
Bhilwara Spinners Ltd,BHILSPIN,"Textiles","108.64356","16.83","-31.92","0.19000000000000128","77.21999999999998",,"20.44","0","0","19.43","32.8","110.22999999999999","11.67"
Loyal Textile Mills Ltd,LOYALTEX,"Textiles","108.41819946","0","109.67","-0.9700000000000273","572.7100000000002",,"-258.62","35.94","0","264.12","0.68","254.84000000000003","147.98"
Milgrey Finance and Investments Ltd,ZMILGFIN,"Investment Banking & Brokerage","108.2663225","11.73","0","0.15000000000000213","28.070000000000007","10.51","29.51","0","0","-1.200000000000001","0","0","-29.36"
Rajnandini Metal Ltd,RAJMET,"Metals - Diversified","108.10368","0","4.97","-0.030000000000001137","91.52",,"-67.45","0","0","28.72","0.55","34.49","62.45"
Oval Projects Engineering Ltd,OVAL,"Oil & Gas - Equipment & Services","108.0001936","23.31","-3.23","9.52","100.36",,"28.82","0.19","0","17.3","0.38","8.120000000000001","-16.07"
Addi Industries Ltd,ADDIND,"Textiles","107.96574","13.19","-0.96","-0.17999999999999972","0.7599999999999909",,"-1.42","3.75","1.35","60.7","0","4.45","2.2"
Jasch Industries Ltd,JASCH,"Textiles","107.88426","0","-18.78","-2.9600000000000017","45.900000000000006",,"7.79","0","0","56.84","18.92","44.86","8.03"
Amarjothi Spinning Mills Ltd,AMARJOTHI,"Textiles","107.73","2.25","11.59","3.0599999999999987","84.27000000000005",,"-22.59","0.91","0","183.07","0.7","128.25000000000003","14.06"
Shilp Gravures Ltd,SHILGRAVQ,"Industrial Machinery","107.560002","0","-2.78","2.3","16.57",,"-4.86","0","1.29","92.97","3.7","52.189699999999995","9.94"
Ambani Orgochem Ltd,AMBANIORGO,"Diversified Chemicals","107.52757236","25.04","1.53","9.84","151.08999999999997",,"-2.51","0.07","0","15.649999999999999","20.1","81.9699","10.82"
Nagarjuna Agri Tech Ltd,NAGTECH,"Agro Products","107.4461956","0","5.73","-1.2999999999999998","0.44000000000000067",,"0","1.48","0","-2.63","0","0.18999999999999997","-7.03"
Diensten Tech Ltd,DTL,"IT Services & Consulting","107.388398","16.76","-9.04","9.110000000000001","39.42999999999999",,"19.14","0","0","-6.000000000000002","9.73","16.684762","-0.99"
CG VAK Software and Exports Ltd,CGVAK,"Software Services","106.761228","0","-16.82","-5.390000000000001","8.780000000000005",,"-1.6","16.42","0.51","66.51","9.25","33.74","13.03"
Mehul Telecom Ltd,MTL,"Retail - Speciality","106.60632","3.75","-0.18","3.9800000000000004","17.320000000000004",,"15.45","0","0","5.73","0.17","0.13","-11.29"
Rungta Irrigation Ltd,RUNGTAIR,"Building Products - Pipes","106.58153905","25.8","-1.34","0","56.65999999999997",,"15.75","13.93","0","47.42","3.48","17.13","-14.41"
Raj Television Network Ltd,RAJTV,"TV Channels & Broadcasters","106.57809523200001","43.18","0","-2.26","66.03999999999999",,"2.91","0","0","54.38999999999999","0","116.94999999999999","-5.17"
Bhandari Hosiery Exports Ltd,BHANDARI,"Apparel & Accessories","106.54605856","61.81","44.89","-0.21000000000000085","122.42000000000007",,"-19.68","0","0","67.32999999999998","1.86","73.88000000000001","-25.42"
Dhampure Speciality Sugars Ltd,DHAMPURE,"Agro Products","106.389672","8.05","-12.66","-0.030000000000001137","5.5999999999999925",,"4.59","0","0","17.75","12.66","21.81","8.04"
Cressanda Railway Solutions Ltd,CRSL,"IT Services & Consulting","106.209321206","101.63","-12.48","-0.5500000000000007","169.08999999999997",,"7.42","0","0","22.14","7.61","9.2402","4.51"
Shantidoot Infra Services Ltd,SISL,"Construction & Engineering","106.082","1.54","-2.17","-1.68","7.300000000000002",,"-0.01","0","0","7.47","2.75","2.7790999999999997","0.5"
Lovable Lingerie Ltd,LOVABLE,"Apparel & Accessories","106.0716","51.71","-6.83","-0.1599999999999997","32.86",,"0.94","95.56","0","111.47","2.15","20.5948","5.73"
Arunjyoti Bio Ventures Ltd,ABVL,"Commodities Trading","105.864408","16.57","-5.59","0.5100000000000007","27.249999999999993",,"4.65","0","0","-2.83","5.87","43.33","1.45"
Galaxy Agrico Exports Ltd,GALAGEX,"Industrial Machinery","105.76887111","0","0.49","0.21000000000000002","2.329999999999999",,"-0.07","0","0","0.11","0.02","2.829999999999999","-0.21"
Shyam Century Ferrous Ltd,SHYAMCENT,"Iron & Steel","105.66214902","0","0.06","0.22999999999999998","17.540000000000003",,"1.71","32.56","0","145.87","8.31","24.719999999999995","-1.54"
Shree Osfm E-Mobility Ltd,SHREEOSFM,"Tour & Travel Services","105.51329","32.79","-14.63","13.969999999999999","34.73999999999999",,"12.47","7.01","0","28.42","9.84","15.210000000000003","16.13"
Gayatri BioOrganics Ltd,GAYATRIBI,"Specialty Chemicals","105.497322138","2.99","0","-0.010000000000000009","37.55",,"0.54","0","0","-117.67","0","0","-0.55"
Emkay Taps and Cutting Tools Ltd,EMKAYTOOLS,"Industrial Machinery","105.4858005","4.2","19.25","-2.1599999999999966","11.149999999999999",,"-40.69","282.94","0","272.82","0","2.1500000000000004","19.28"
Compucom Software Ltd,COMPUSOFT,"Education Services","105.23650004","13.53","-19.89","0.9900000000000002","50.16999999999998",,"-15.87","0.05","3.17","111.17999999999999","6.4","43.23929999999999","36.75"
Lambodhara Textiles Ltd,LAMBODHARA,"Textiles","105.1458432","9.43","-5.75","7.139999999999999","76.10999999999999",,"-13.65","5.71","0.53","102.72","12.19","113.66000000000001","26.54"
Art Nirman Ltd,ARTNIRMAN,"Real Estate","105.014848","15.82","-0.42","-0.3800000000000008","31.520000000000007",,"13.45","0","0","-3.49","0.03","4.5600000000000005","-13.41"
Upsurge Seeds Of Agriculture Ltd,USASEEDS,"Seeds","104.8884512","21.7","-8.33","-5.98","59.84999999999999",,"-4.96","0","0","17.169999999999998","8.71","17.53","7.31"
Telge Projects Ltd,TELGE,"Business Support Services","104.7545836","1.47","-9.32","1.0299999999999994","13.589999999999996",,"7.05","0","0","8.84","8.55","8.467499999999998","3.3"
Sylvan Plyboard (India) Ltd,SYLVANPLY,"Wood Products","104.624082","59.83","-6.88","1.2999999999999998","137.1",,"8.16","0","0","45.96000000000001","9.48","30.871199999999995","0.02"
RSD Finance Ltd,RSDFIN,"Specialized Finance","104.52987952000001","0","4.78","-1.1399999999999997","43.13000000000004","0","-5.78","172.8","0.54","205.42","0","63.41000000000001","-0.14"
Par Drugs and Chemicals Ltd,PAR,"Pharmaceuticals","104.515578184","10.67","-25.24","-9.079999999999998","20.41000000000001",,"0","25.07","0","76","1.23","38.910000000000004","16.16"
Semac Construction Ltd,SEMAC,"Construction & Engineering","104.429818","0","-13.34","0.5700000000000003","142.20000000000002",,"16.6","0","0","70.76","0.35","20.980000000000004","-2.69"
Aban Offshore Ltd,ABAN,"Oil & Gas - Equipment & Services","104.415562847","1780.08","18.68","148.38","26934.99",,"-9.19","21.9","0","-27193.75","1.24","283.266","138.89"
Makers Laboratories Ltd,MAKERSL,"Pharmaceuticals","104.11213452","14.49","19.75","-0.16999999999999993","32.740000000000016",,"-15.84","0.14","0","50.12","3.94","73.7558","-4.08"
AG Ventures Ltd,AGVENTURES,"Asset Management","104.04680818","0","11.62","1.3500000000000014","31.059999999999953","0","-18.36","130.45","7.64","256.35","5.7","68.78999999999999","8.09"
James Warren Tea Ltd,JAMESWARREN,"Agro Products","104.007","0","-26.79","-2","22.21000000000003",,"0","16.85","0","184.09","2.42","26.11","24.79"
DB (International) Stock Brokers Ltd,DBSTOCKBRO,"Investment Banking & Brokerage","103.74","7.6","-0.7","-2.91","38.48","0","-2.37","0.62","0","57.419999999999995","0.71","4.6","0.16"
Ducon Infratechnologies Ltd,DUCON,"IT Services & Consulting","103.651262253","0","-0.35","-3.552713678800501e-15","134.16000000000005",,"28.56","5.13","0","135.03","0.35","3.509999999999998","-28.21"
Pharmaids Pharmaceuticals Ltd,PHARMAID,"Pharmaceuticals","103.51102822","0","-12.02","-2.6499999999999986","64.79999999999998",,"23.36","0","0","24.05","12.48","49.1783","-13.99"
Silverline Technologies Ltd,SILVERLINE,"IT Services & Consulting","103.068069568","0","0.1","0.45999999999999375","40.66999999999999",,"94.23","0","0","-34.04","0","58.39","-93.87"
Sarthak Metals Ltd,SMLT,"Electrical Components & Equipments","102.82371225","4.34","-5.67","-6.260000000000001","4.219999999999995",,"-0.4","0.35","0","102.17999999999999","7.17","19.729999999999997","-0.19"
ITL Industries Ltd,ITL,"Industrial Machinery","102.8099655","0","-3.48","4.440892098500626e-16","56.60000000000002",,"2.47","17.26","0.32","76.95","3.16","17.97","1.01"
Tahmar Enterprises Ltd,TAHMARENT,"Alcoholic Beverages","102.664951","0","-2.55","0.33999999999999986","37.879999999999995",,"20.89","0","0","62.01","0.05","81.39999999999999","-18"
Newtime Infrastructure Ltd,NEWINFRA,"Real Estate","102.54865511","9.56","-11.3","0.20999999999999908","31.30000000000002",,"0","15.24","0","-63.440000000000005","7.24","3.4345999999999997","11.51"
Aksh Optifibre Ltd,AKSHOPTFBR,"Communication & Networking","102.337023759","330.64","11.41","-2.2699999999999987","269.94000000000005",,"5.47","0","0","-400.38","2.81","110.94000000000001","-19.15"
Mega Nirman & Industries Ltd,MNIL,"Cement","102.333525","1.2","5.73","0.33000000000000085","0.9599999999999964",,"0.62","0","0","-0.07999999999999985","0.22","0.25","-6.02"
KVS Castings Ltd,KVSCASTING,"Auto Parts","102.2056158","2.38","-18.54","-2.96","13.310000000000006",,"5.05","0.34","0","18.290000000000003","6.62","14.25","10.53"
Munoth Capital Market Ltd,MUNCAPM,"Asset Management","102.2009","1.23","0.21","0.15","0.06999999999999978","0","0.01","0.1","0","0.06000000000000005","0","0.020000000000000018","-0.07"
B.A.G. Films and Media Ltd,BAGFILMS,"Movies & TV Serials","102.19730028","377.91","4.2","1.2800000000000002","180.09",,"-5.37","122.82","0","-260.22","0.59","19.24410000000002","2.45"
Nexome Capital Markets Ltd,NEXOME,"Investment Banking & Brokerage","102.0623985","44.95","-2.53","-1","8.800000000000047","0","7.76","116.41","0","99.93999999999998","4.03","5.03","-6.23"
Mayank Cattle Food Ltd,MCFL,"FMCG - Foods","102.06","17.31","-8.88","0.019999999999998685","40.47",,"-2.63","0","0","9.420000000000002","8.11","18.9161","11.53"
Clara Industries Ltd,CLARA,"Packaging","101.92142888","11.29","-4.69","-1.2900000000000005","2.119999999999993",,"-0.93","0","0.21","10.880000000000003","0.64","7.25","4.33"
Athena Global Technologies Ltd,ATHENAGLO,"IT Services & Consulting","101.892458488","48.08","-3.73","0.4299999999999988","162.13000000000005",,"-5.45","0","0","116.61999999999999","7.83","321.98","9.61"
Parvati Sweetners and Power Ltd,PARVATI,"Sugar","101.865227011","15.67","3.93","3.0199999999999996","38.25",,"-25.55","0","0","11.62","0","46.25000000000001","24.64"
Kaytex Fabrics Ltd,KAYTEX,"Textiles","101.571472","0","-10.65","0.6100000000000003","75.19000000000003",,"-1.71","0.72","0","38.57","10.44","28.37","12.97"
Yajur Fibres Ltd,YAJUR,"Textiles","101.39244231","0","-16.54","-0.1600000000000037","91.06000000000002",,"41.76","0.62","0","33.44","16.29","59.45050000000001","-25.38"
Standard Industries Ltd,SIL,"Textiles","101.38241101599999","25.27","15.4","-2.650000000000002","30.66",,"-18.67","19.91","6.71","62.03","1.86","23.972300000000004","0.62"
Sancode Technologies Ltd,SANCODE,"Software Services","101.3147883","5.73","0.87","-0.5599999999999996","2.77",,"1.08","1.21","0","-4.260000000000001","0.01","0.16469999999999999","-2.51"
Grob Tea Co Ltd,GROBTEA,"Tea & Coffee","101.2970595","1.79","-23.53","0.17999999999999883","36.22999999999999",,"7.71","3.44","0.23","84.80999999999999","6.97","51.30999999999999","16"
Bajaj Finserv Nifty Bank ETF,BANKBETF,"Equity","101.06620524",,,,,,,,,,,,
Inventure Growth & Securities Ltd,INVENTURE,"Investment Banking & Brokerage","100.8","36.05","-19.8","1.009999999999998","99.93","138.19","55.02","5.63","0","131.62","19.55","26.56","-34.21"
Rapicut Carbides Ltd,RAPICUT,"Industrial Machinery","100.6571313","1.27","-0.7","0.010000000000000675","12.229999999999997",,"4.61","0.18","0","12.940000000000001","1.06","4.879999999999999","-3.9"
Kabra Jewels Ltd,KKJEWELS,"Precious Metals, Jewellery & Watches","100.656","34.64","-2.85","11.399999999999999","109.03999999999998",,"32.89","0","0","35.11","2.94","13.45","-18.64"
Womancart Ltd,WOMANCART,"Retail - Online","100.51881","50.23","-24.7","6.390000000000001","22.200000000000003",,"57.61","0.06","0","10.25","13.56","14.839999999999998","-26.52"
Fortis Malar Hospitals Ltd,FORTISMLR,"Hospitals & Diagnostic Centres","100.512053517","9.57","-29.1","-107.21000000000001","6.62",,"-79.65","0","79.65","1.879999999999999","0","0","1.54"
Alstone Textiles (India) Ltd,ALSTONE,"Textiles","100.3968","0","-1423.64","-0.020000000000209184","1425.89",,"1422","0","0","28.43","0","0","1.62"
Surat Trade and Mercantile Ltd,SURATRAML,"Commodities Trading","100.37312688","0","9.25","0.10999999999999938","4.08999999999998",,"-0.42","77.81","0","194.62","1.62","14.52","-8.72"
Holmarc Opto-Mechatronics Ltd,HOLMARC,"Industrial Machinery","100.24875","6.17","-2.18","0.53","4.78",,"-0.41","0.03","0.4","10.950000000000001","2.42","7.45","3.12"
On Door Concepts Ltd,ONDOOR,"Retail - Online","100.23461994","173.59","-8.55","-4.000000000000001","30.18",,"-0.41","0","0","-79.42","4.13","46.989999999999995","4.96"
Mobilise App Lab Ltd,MOBILISE,"Software Services","100.06624","0","-3.46","0.3899999999999999","3.68",,"-0.28","0","0","6.26","3.08","4.58","4.13"
MRP Agro Ltd,MRP,"Agro Products","100.04107962","12.51","-2.49","4.6","2.229999999999998",,"10.85","0","0","8.950000000000001","0.46","10.18","-3.76"
Samrat Forgings Ltd,SAMRATFORG,"Metals - Diversified","100","0","-21.23","-0.31000000000000005","143.34",,"1.19","0","0","31.83","23.86","88.98","19.73"
Gautam Exim Ltd,GEL,"Paper Products","99.76278","2.49","0.47","-1.0399999999999991","0.7599999999999982",,"-9.89","0","0","7.74","0","0","8.38"
Chetana Education Ltd,CHETANA,"Education Services","99.756","35.06","-1.48","-3.5","38.64",,"8.59","0","0","23.58","1.72","3.3599999999999994","-10.61"
Sattva Engineering Construction Ltd,SATTVAENGG,"Water Management","99.5711112","10.09","-0.05","1.75","71.38",,"7.43","0.43","0","20.580000000000002","0.67","4.1","-5.63"
Akar Auto Industries Ltd,AAIL,"Auto Parts","99.29284403999999","3.51","-8.44","0.46999999999999886","185.17000000000004",,"-16.93","0.06","0.65","41.29","8.73","59.320000000000014","25.84"
Texel Industries Ltd,TEXELIN,"Agricultural & Farm Machinery","98.92094706","24.8","-7.11","0.10999999999999943","63.239999999999995",,"9.6","0","0","-0.5100000000000016","6.17","46.019999999999996","-2.38"
Tomorrow Technologies Global Innovations Ltd,TTGIL,"Investment Banking & Brokerage","98.73187","5","4.93","-2.29","0.030000000000000214","0","0","11.86","0","-1.17","0","0","-7.22"
Asit C Mehta Financial Services Ltd,ASITCFIN,"Diversified Financials","98.70476364","43.01","-0.44","7.91","170.72",,"14.72","17.16","0","-25.72","1.09","65.42060000000001","-6.37"
Curis Lifesciences Ltd,CURIS,"Pharmaceuticals","98.6300948","4.21","-0.02","-0.1100000000000001","26.32",,"1.67","0.01","0","6.079999999999999","0.09","11.009999999999998","-1.76"
Sal Automotive Ltd,SALAUTO,"Auto Parts","98.61793569","0","-5.96","-3.2300000000000004","80.26000000000002",,"-6.79","0","1.08","40.63","6.59","36.7197","9.52"
Nath Industries Ltd,NATHIND,"Paper Products","98.61","77.1","3.91","-6.16","197.83",,"-24.02","0","0","157.44","1.56","280.9","13.95"
Drone Destination Ltd,DRONE,"Education Services","98.332","34.58","-9.83","-3.9400000000000013","19.749999999999993",,"16.02","0","0","0.35999999999999943","10.59","18.040000000000003","-10.13"
KG Petrochem Ltd,KGPETRO,"Textiles","98.1548","0","-9.67","0.490000000000002","192.18999999999988",,"-17.03","0","0","176.31","10.47","141.28999999999996","27.19"
ICICI Prudential BSE 500 ETF,BSE500IETF,"Equity","98.03162408",,,,,,,,,,,,
Bhudevi Infra Projects Ltd,BHUDEVI,"Real Estate","97.91139272999999","0","0.52","0.05000000000000071","11.12",,"6.15","0","0","-4.04","0","0.019999999999999997","-6.62"
Ai Champdany Industries Ltd,AICHAMP,"Textiles","97.889444073","37.55","1.56","-0.030000000000001137","232.95999999999998",,"21.52","0.5","0","-82.58","2.13","60.24000000000001","-23.11"
Sel Manufacturing Company Ltd,SELMC,"Textiles","97.747365","519.38","2.29","-0.4099999999999966","1157.56",,"-69.7","0.06","0","-761.62","0","925.72","67"
Srivari Spices and Foods Ltd,SSFL,"FMCG - Foods","97.616856","29.24","-17.67","0.06999999999999673","24.14999999999999",,"20.2","0","0","20.77","17.71","21.619999999999997","-2.46"
Beardsell Ltd,BEARDSELL,"Building Products - Prefab Structures","97.567138","16.55","-9.57","2.74","93.50999999999999",,"-6.9","1.28","0.39","56.730000000000004","9.64","65.3788","19.21"
Palash Securities Ltd,PALASHSECU,"Diversified Financials","97.33018246","0","-3.13","7.960000000000001","86.3","0","15.96","608.94","0","577.07","0.52","47.44","-4.87"
Sellowrap Industries Ltd,SELLOWRAP,"Packaging","97.3090776","4.31","-28.32","-0.010000000000000675","89.48999999999998",,"6.95","18.15","0","39.12","26.63","53.809999999999995","21.36"
Pacific Industries Ltd,PACIFICI,"Mining - Diversified","97.186365","66.93","-15.87","1.5500000000000025","146.54000000000002",,"16.96","125.56","0","367.81","6.09","106.94","0.46"
Denis Chem Lab Ltd,DENISCHEM,"Pharmaceuticals","97.136676","31.71","-8.23","-0.35000000000000053","27.14999999999999",,"-4.21","0","3.47","39.52","7.63","38.89000000000001","12.09"
Indus Finance Ltd,INDUSFINL,"Consumer Finance","97.0732755","0","-4.36","-0.09000000000000075","20.56","26.98","-5.59","9.34","0","13.79","0","0.14999999999999997","9.86"
HDFC Silver ETF,HDFCSILVER,"Silver","96.9967999",,,,,,,,,,,,
Deepak Chemtex Ltd,DEEPAKCHEM,"Specialty Chemicals","96.6896","11","-16.44","-20.520000000000003","15.209999999999996",,"-0.6","0","0","33.29","8.16","13.53","-3.48"
Mirae Asset Nifty Financial Services ETF,BFSI,"Equity","96.61311598500001",,,,,,,,,,,,
Invicta Diagnostic Ltd,INVICTA,"Hospitals & Diagnostic Centres","96.55275264","0","-5.23","0.8199999999999994","5.399999999999999",,"-0.42","4.33","0","8.41","0.55","9.62","6.47"
Archit Organosys Ltd,ARCHITORG,"Commodity Chemicals","96.467918823","18.55","-20.85","-3.7600000000000016","53.70000000000001",,"-1.43","6.34","0","30.139999999999997","0.5","54.78","18.52"
Sadbhav Infrastructure Projects Ltd,SADBHIN,"Roads","96.157483968","903.93","-299.04","-8.28000000000003","5807.220000000001",,"-315.27","40.97","0","-1854.78","0","87.72","606.03"
Jet Freight Logistics Ltd,JETFREIGHT,"Logistics","96.009429096","26.1","1.24","0.19999999999999996","113.04",,"1.4","0","0","15.149999999999999","2.63","26.560000000000002","-2.44"
GEM Enviro Management Ltd,GEMENVIRO,"Environmental Services","95.9068512","9.15","-8.79","-8.819999999999997","9.880000000000006",,"8.8","0.7","1.09","28.509999999999998","0.88","1.08","-8.83"
Kovilpatti Lakshmi Roller Flour Mills Ltd,KLRFM,"Packaged Foods & Meats","95.8396456","20.9","-9.28","0.08999999999999986","101.00000000000001",,"-31.8","0","1.13","36.63","9.62","83.13","41.17"
Indian Emulsifiers Ltd,IEML,"Specialty Chemicals","95.69941883999999","43.72","-23.81","-0.00999999999999801","35.38000000000001",,"40.35","0","0","26.090000000000003","22.62","40.370000000000005","-16.55"
Vippy Spinpro Ltd,VIPPYSP,"Textiles","95.681","0","-1.73","0.010000000000001563","43.389999999999986",,"-27.56","0.56","0","81.55","2.83","54.07999999999999","29.3"
Kakatiya Cement Sugar and Industries Ltd,KAKATCEM,"Cement","95.6184534","13.92","105.98","37.18000000000001","46.14",,"-83.17","0.02","2.33","187.34","0.65","45.33","14.37"
Motor and General Finance Ltd,MOTOGENFIN,"Real Estate","95.50125054","8.88","0.35","0.019999999999999796","97.19",,"-1.28","4.23","0","47.47","0.01","50.78","0.95"
Viaz Tyres Ltd,VIAZ,"Tires & Rubber","95.28462","16.78","-0.58","-2.64","22.079999999999988",,"0.59","0","0","7.779999999999998","0.28","11.26","-2.65"
Aarnav Fashions Ltd,AARNAV,"Textiles","95.24810614","115.63","-2.92","-0.020000000000003126","191.47999999999993",,"-22.14","0","2.11","28.610000000000014","2.24","119.7721","25.04"
Mirae Asset Silver ETF,SILVERAG,"Silver","95.191967013",,,,,,,,,,,,
NIS Management Ltd,NISMGMT,"Business Support Services","95.0404512","5.06","-5.84","-6.639999999999999","103.11000000000006",,"-15.68","1.17","0","132.07999999999998","6.67","21.768700000000003","14.88"
Vels Film International Ltd,VELS,"Movies & TV Serials","94.8738","30.33","67.23","17.420000000000016","140.73999999999998",,"-81.94","19.9","0","17.340000000000003","0","0.21000000000000002","32.13"
Leo Dryfruits & Spices Trading Ltd,VANDU,"IT Services & Consulting","94.824632","26.94","-0.58","0.1700000000000017","53.769999999999996",,"31.63","0","0","18.84","0.59","4.1","-30.88"
Manoj Ceramic Ltd,MCPL,"Building Products - Others","94.71602","71.17","-7.71","9.689999999999998","83.98999999999998",,"57.71","0","0","20.39","4.66","5.06","-40.31"
Prithvi Exchange (India) Ltd,PRITHVIEXCH,"Investment Banking & Brokerage","94.705982","0","-1.9","-2.13","19.81","0","1.19","8.67","1.24","41.55","0.68","2.9499999999999997","-1.42"
Panyam Cements And Mineral Industrties Ltd,PANCM,"Cement","94.6525318","15.71","3.81","-0.040000000000000036","440.98",,"7.04","0.07","0","-251.04000000000002","2.46","148.39000000000001","-10.89"
Smarten Power Systems Ltd,SMARTEN,"Renewable Energy Equipment & Services","94.52898","0","-5.8","0.8000000000000007","58.7",,"9.11","0","0","23.54","3.83","9.14","-2.51"
Sakthi Finance Ltd,SAKTHIFIN,"Consumer Finance","94.5","14.3","-14.22","-49.040000000000006","1138.1","1180.8","-56.88","23.06","5.18","150.48999999999998","5.75","70.82000000000001","22.06"
Hindustan Appliances Ltd,HINDAPL,"Textiles","94.44492","0","0.62","0.14","36.13",,"0","0.1","0","4.61","0","2.4","-0.48"
Goyal Aluminiums Ltd,GOYALALUM,"Iron & Steel","94.34636757999999","0","0.23","1.0099999999999998","2.1299999999999977",,"-1.73","3.51","0","8.01","0.03","0.28","2.51"
Rukmani Devi Garg Agro Impex Ltd,RDGAIL,"Agro Products","94.0856","7.53","-0.36","-0.03999999999999915","78.36999999999999",,"19.96","0.08","0","18.4","0.41","6.03","-19.64"
Kundan Edifice Ltd,KEL,"Electrical Components & Equipments","93.9888","18.6","-14.62","-2.26","40.73000000000001",,"7.18","0","0","11.479999999999997","12.13","24.669999999999998","5.18"
Droneacharya Aerial Innovations Ltd,DRONACHRYA,"Oil & Gas - Equipment & Services","93.9873348","37.66","4.51","-0.75","9.479999999999997",,"1.88","4.74","0","-3.6599999999999966","11.28","16.4077","-7.14"
Sodhani Academy of Fintech Enablers Ltd,SAFE,"Education Services","93.9675","2.54","-6.8","0.48","0.27000000000000024",,"3.51","11.85","0","5.69","0.46","1.1099999999999999","3.77"
Sunrise Efficient Marketing Ltd,SEML,"Business Support Services","93.96064","12.06","0.63","0.08000000000000007","9.000000000000005",,"9","0","0","23","0.15","1.01","-9.55"
DIGJAM Ltd,DIGJAMLMTD,"Textiles","93.88","0","7.39","-3.880000000000001","48.4",,"7.49","0","0","-14.6","0.23","0.22000000000000003","-18.76"
Landmark Property Development Co Ltd,LPDC,"Real Estate","93.76606884","0","0.33","-0.03999999999999998","0.4200000000000122",,"0","0","0","26.55","0","0.009999999999999998","-0.37"
Prime Industries Ltd,PRIMIND,"Real Estate","93.675164","4.28","0","3.8100000000000023","20.45","0","22.69","2.46","0","14.14","0","0","-18.88"
Silicon Rental Solutions Ltd,SRSOLTD,"IT Services & Consulting","93.63744","42.11","-40.02","23.159999999999997","14.859999999999992",,"23.35","0","1.03","44.55","42.97","57.79999999999998","39.83"
Gujarat State Financial Corp,GUJSTATFIN,"Specialized Finance","93.302358","18.9","14.19","0.5199999999999996","3280.61","0","0","206.42","0","-3173.21","0","1.9600000000000009","-13.67"
Standard Capital Markets Ltd,STANCAP,"Consumer Finance","93.27395032000001","47.13","-368.73","23.860000000000127","697.8699999999998","1315.67","1053.65","376.54","1.5","38.73","18.55","21.7802","-661.06"
Barak Valley Cements Ltd,BVCL,"Cement","93.27144","15.14","2.29","-0.05999999999999872","93.66999999999999",,"-14","0.22","0","88.12","2.51","131.71999999999997","11.65"
Ultracab (India) Ltd,ULTRACAB,"Cables","93.20212913200001","34.42","-5.26","2.7500000000000018","62.03999999999997",,"11.72","0","0","28.25","5.44","11.699700000000002","-3.71"
J A Finance Ltd,JAFINANCE,"Specialized Finance","93.17641375","0","2.53","-2.0300000000000002","4.150000000000003","21.91","-3.45","0.9","0","9.4","0","0.01","-1.11"
Readymix Construction Machinery Ltd,READYMIX,"Construction & Engineering","93.14725","29.96","-11.01","3.200000000000003","23.590000000000014",,"27.6","0","0","20.199999999999996","1.86","2.0074857","-13.39"
Confidence Futuristic Energetech Ltd,CFEL,"Oil & Gas - Storage & Transportation","92.89926","161.55","-26.26","2.8599999999999994","163.12",,"92.85","0","0.94","-11.100000000000023","0","115.5188","-63.73"
G M Polyplast Ltd,GMPL,"Specialty Chemicals","92.87124","4.81","-0.84","-1.2999999999999998","9.420000000000005",,"-0.85","0","0","20.93","0.84","5.66","0.39"
Jyoti Global Plast Ltd,JYOTIGLOBL,"Plastic Products","92.8567","0","-3.62","-1.919999999999999","35.47",,"-6.35","0.92","0","5.84","4.06","20.5","8.05"
Rachit Prints Ltd,RACHIT,"Textiles","92.81748","2","-4.85","0.3700000000000001","13.770000000000003",,"4.76","0","0","6.68","4.97","9.77","0.46"
WeP Solutions Ltd,WEPSOLN,"IT Services & Consulting","92.708590296","15.62","-15.37","-10.059999999999999","40.68",,"-1.12","0","1.83","10.480000000000002","16.79","37.11","6.43"
Raama Finance Ltd,RLFL,"Diversified Financials","92.687004","0","0.7","0.019999999999999962","0.7499999999999996","6.17","-0.25","0","0","0.5","0","0","-0.43"
Ideal Technoplast Industries Ltd,IDEALTECHO,"Packaging","92.625","0","-15.8","-0.08000000000000007","14.679999999999998",,"15.34","0","0","18.73","16.16","23.42","0.38"
Paragon Fine & Speciality Chemical Ltd,PARAGON,"Specialty Chemicals","92.54718","41.73","-1.98","-13.11","14.560000000000004",,"-5.46","0","0","28.1","8.79","19.130000000000003","-5.67"
Shetron Ltd,SHETR,"Packaging","92.4188745","21.11","-7.05","-0.060000000000002274","92.82",,"-14.89","0.16","0.9","28.509999999999998","7.05","46.000000000000014","21.88"
Kohinoor Foods Ltd,KOHINOOR,"Packaged Foods & Meats","92.3081097","157.57","1.92","0.7100000000000364","372.97",,"-440.07","0","0","-358.18","0","154.05","438.86"
Gujarat Cotex Ltd,GUJCOTEX,"Textiles","92.180177011","0","-2.26","0.2400000000000002","24.220000000000002",,"1.23","1.21","0","-0.26","0","4.7","1.27"
Housing Development and Infrastructure Ltd,HDIL,"Real Estate","91.95677328400001","5209.63","0.28","-1.6999999999999997","6247.87",,"0.05","489.36","0","-7968.24","0","204.39999999999998","-2.03"
Cinevista Ltd,CINEVISTA,"Movies & TV Serials","91.840923525","75.08","-0.46","-0.6600000000000001","95.07999999999998",,"-2.74","0","0","-36.339999999999996","0.38","24.339999999999996","2.54"
Zeal Global Services Ltd,ZEAL,"Logistics","91.837275","29.87","-17.22","0.6700000000000017","61.46999999999999",,"3.42","3","0","37.92","4.57","12.9223","14.47"
Mangalam Alloys Ltd,MAL,"Iron & Steel","91.83164844","44.66","-1.25","0.7599999999999999","316.9699999999999",,"0.88","0.47","0","73.82000000000001","3.8","66.2123","1.13"
Globalspace Technologies Ltd,GSTL,"IT Services & Consulting","91.76737401","21.69","-4.19","0.27999999999999936","13.569999999999991",,"-3.42","1.01","0","-1.8000000000000007","4.19","23.393700000000003","7.89"
Naturite Agro Products Ltd,NAPL,"Packaged Foods & Meats","91.64728","0.15","0","-0.08999999999999986","16.849999999999998",,"10.6","0","0","5.17","0","10.31","-10.69"
Reliance Chemotex Industries Ltd,RELCHEMQ,"Textiles","91.533593442","25.62","32.88","0.3100000000000023","337.07",,"-43.38","0","0.75","104.1","9.01","312.73","10.81"
BITS Ltd,BITS,"Education Services","91.29","24.88","-6.68","-0.1299999999999999","0.590000000000002",,"0","5.4","0","-27.02","5.03","7.539999999999999","6.55"
Mercury Laboratories Ltd,MERCURYLAB,"Pharmaceuticals","91.224","0.36","-9.04","-6.029999999999999","20.66999999999999",,"-0.99","0.01","0.42","52.01","9.04","33.96","4"
Banka BioLoo Ltd,BANKA,"Business Support Services","91.2023072","8.68","-6.02","-0.0699999999999994","50.57",,"5.08","0.04","0","11.96","4.48","23.490000000000002","0.87"
Aakash Exploration Services Ltd,AAKASH,"Oil & Gas - Equipment & Services","91.125","13.98","-4.42","-0.41999999999999993","36.059999999999995",,"-4.23","0","0","36.260000000000005","9.09","61.36000000000001","8.23"
Chrome Silicon Ltd,CHROME,"Metals - Diversified","90.9230651","53.92","-21.65","-0.35999999999999943","210.95000000000002",,"16.43","14.11","0","-45.29","0.17","133.07","4.86"
Prerna Infrabuild Ltd,PRERINFRA,"Real Estate","90.86073795","34.02","-38.03","-4.269999999999998","30.46999999999999",,"-10.19","4.31","0","32.32999999999999","0.02","26.32","43.95"
Chowgule Steamships Ltd,CHOWGULSTM,"Logistics","90.807370925","29.22","4.26","0","8.839999999999995",,"0","0","0","-21.009999999999998","0.44","7.749999999999999","-4.26"
Amrapali Industries Ltd,AMRAPLIN,"Commodities Trading","90.791056024","0","10.45","-0.7100000000000009","87.13",,"-4.83","0.21","0","7.31","0","17.874499999999998","-6.33"
Deep Polymers Ltd,DEEP,"Specialty Chemicals","90.69918","28.88","-22.04","-5.989999999999998","46.09999999999997",,"-3.86","2.98","0","37.36","24.75","64.03999999999999","19.91"
Slone Infosystems Ltd,SLONE,"Technology Hardware","90.6270236","14.03","-7.16","4.659999999999998","18.730000000000015",,"20.33","0","0","11.540000000000001","7.17","7.72","-8.51"
FYNX Capital Ltd,FYNX,"Consumer Finance","90.6","0","2.67","15.94","0.5199999999999985","1.26","16","1.22","0","-0.83","0.52","0.52","-2.73"
APM Industries Ltd,APMIN,"Textiles","90.5515984","2.43","0.49","-0.1700000000000017","54.21999999999997",,"-25.38","0","1.1","162.56","1.53","165.23999999999998","24.72"
Valplast Technologies Ltd,VALPLAST,"Construction & Engineering","90.543701059","0.87","-10.59","-0.03999999999999915","45.28",,"9.56","0","0","15.040000000000001","10.69","10.190000000000001","0.99"
CURA Technologies Ltd,CURAA,"Software Services","90.288","0","-17.63","-0.6699999999999982","11.749999999999996",,"11.47","0","0","-2.03","17.63","1.7772999999999985","5.49"
Mirae Asset Nifty 8-13 yr G-Sec ETF,GSEC10YEAR,"Debt","90.210931402",,,,,,,,,,,,
Chatterbox Technologies Ltd,CHTR,"Advertising","90.1384374","0","-1.58","1.48","14.209999999999994",,"0","0","0","15.22","4.42","9.0821","3.06"
Ganga Papers India Ltd,GANGAPA,"Paper Products","90.054831442","2.98","-6.71","-2.61","55.010000000000005",,"-3.44","0.02","0","16.89","6.76","24.739999999999995","7.54"
KCK Industries Ltd,KCK,"Textiles","89.9964055","10.22","5.28","5.32","19.069999999999997",,"-15.73","0.1","0","5.049999999999999","0.21","7.239999999999999","15.77"
Navkar Urbanstructure Ltd,NAVKARURB,"Construction & Engineering","89.76723376","53.95","1.77","-5.09","55.37999999999999",,"-7.85","5.4","0.22","58.59","0.67","62.220000000000006","0.99"
Cenlub Industries Ltd,CENLUB,"Industrial Machinery","89.62091878","0.13","-5.91","-1.14","25.629999999999995",,"0.24","0","0","59.849999999999994","0.72","23.47","4.53"
Radhe Developers (India) Ltd,RADHEDE,"Real Estate","89.46769102","6.55","-0.09","-0.8799999999999999","80.59000000000002",,"0.04","0","0","1.6100000000000003","0.09","2.76","-0.83"
Aakaar Medical Technologies Ltd,AAKAAR,"Health Care Equipment & Supplies","89.35960487999999","3.89","-0.05","5.250000000000001","30.909999999999993",,"10.71","0","0","8.889999999999999","0.08","0.2306","-5.41"
B & A Packaging India Ltd,BAPACK,"Paper Products","88.79295","0","0.63","5.67","21.419999999999987",,"-1.32","0","0.99","77.7","7.06","31.3128","6.36"
Jagsonpal Services Ltd,JAGSONSER,"Investment Banking & Brokerage","88.7695304","0","-0.01","15.010000000000002","0.85",,"15.88","0","0","-2.07","0.01","0.01","-0.86"
Lykis Ltd,LYKISLTD,"FMCG - Personal Products","88.7382099","11.71","-5.09","0.37000000000000455","56.80000000000001",,"-51.42","0.04","0","2.4299999999999997","0.07","2.7403","56.88"
Cravatex Ltd,CRAVATEX,"Commodities Trading","88.701292","0","-0.64","1.57","34.29000000000002",,"-0.78","0","0.78","103.84","1.78","8.99","2.99"
Marvel Decor Ltd,MDL,"Home Furnishing","88.7007","26.66","-4.17","0.75","27.51000000000001",,"9.48","0","0","18.209999999999997","3.89","16.158800000000003","-4.56"
Maxposure Ltd,MAXPOSURE,"Advertising","88.689705","39.32","-4.04","-4.600000000000001","27.219999999999988",,"16.56","26.48","0","13.39","1.34","3.814300000000001","-17.12"
Piccadily Sugar and Allied Industries Ltd,PICCASUG,"Alcoholic Beverages","88.506729762","0","-25.65","0.1600000000000028","83.75999999999999",,"6.12","0","0","-11.98","25.69","77.31","19.69"
Rox Hi-Tech Ltd,ROXHITECH,"IT Services & Consulting","88.1590488","41.14","60.8","27.449999999999996","95.64999999999999",,"1","0.01","0","46.17","0","33.36","-34.35"
Flomic Global Logistics Ltd,FLOMIC,"Logistics","88.116546","0","-2.12","-11.900000000000002","162.46999999999997",,"-26.44","0","0","28.71","2.38","76.32000000000001","16.66"
Refractory Shapes Ltd,REFRACTORY,"Construction & Engineering","87.854","12.6","-10.49","0.7100000000000009","24.209999999999994",,"10.14","6.58","0","11.299999999999999","10.16","26.729999999999997","1.06"
Rexnord Electronics and Controls Ltd,REXNORD,"Industrial Machinery","87.7812","23.71","-24.81","0.020000000000003126","43.64999999999999",,"20.75","0","0","55.080000000000005","27.97","69.76","4.08"
Vdeal System Ltd,VDEAL,"Electrical Components & Equipments","87.4414248","13.75","-1.31","0.23999999999999844","23.269999999999996",,"15.28","0","0","7","1.28","3.75","-13.73"
Sheel Biotech Ltd,SHEEL,"Seeds","87.41420225","1.97","-2.25","-0.1399999999999988","29.440000000000005",,"-7.1","0.79","1.5","66.93","1.24","7.49","9.21"
AMD Industries Ltd,AMDIND,"Packaging","87.112874205","65.04","-12.07","-3.0199999999999996","164.57999999999996",,"-31.24","0","0","72.92999999999999","12.62","101.87","40.29"
Classic Electrodes (India) Ltd,CLASSICEIL,"Industrial Machinery","87.04018275","0.02","-11.25","-0.10000000000000009","69.94999999999999",,"3.56","0.33","0","31.99","3.83","17.21","7.59"
Advik Capital Ltd,ADVIKCA,"Specialized Finance","87.018420775","87.88","-7.89","-0.04000000000000625","169.05999999999997","290.62","119.52","23.92","0","16.200000000000003","3.94","2.87","-111.67"
Mangalam Industrial Finance Ltd,MANGIND,"Diversified Financials","86.932925608","0","0","-0.78","0.899999999999998","29.47","-0.34","0","0.34","-66.75","0","0.13","-0.44"
Gabion Technologies India Ltd,GTIL,"Building Products - Others","86.882304","0.33","-2.94","-0.4500000000000002","65.35000000000001",,"6.12","0.01","0","11.73","3.05","27.179","-3.63"
Pee Cee Cosma Sope Ltd,PCCOSMA,"FMCG - Household Products","86.8763875","0","-5.88","-0.010000000000000231","9.119999999999996",,"-1.44","0.61","1.32","45.92","1.98","17.880000000000003","7.31"
DSP Silver ETF,SILVERADD,"Silver","86.6073585",,,,,,,,,,,,
Grill Splendour Services Ltd,BIRDYS,"Restaurants & Cafes","86.42234","0","-5.75","2.25","6.289999999999997",,"11.42","0","0","10.61","5.53","6.82","-3.42"
ICICI Prudential BSE Liquid Rate ETF - IDCW,LIQUIDIETF,"Equity","86.396236029",,,,,,,,,,,,
AmpVolts Ltd,AMPVOLTS,"Electronic Equipments","86.337245854","31.7","-21.17","-0.3200000000000003","11.739999999999997",,"42.51","0.02","0","-8.309999999999999","3.81","5.26","-21.66"
Mahendra Realtors & Infrastructure Ltd,MRIL,"Construction & Engineering","86.3157295","1.15","-2.79","2.1799999999999997","66.64999999999999",,"10.6","2.84","0","52.36","5.73","2.3499999999999996","-5.63"
Chartered Logistics Ltd,CHLOGIST,"Logistics","86.07378","14.21","-18.86","0.8399999999999999","25.47",,"16.43","9.46","0","36.25","4.39","23.070000000000004","3.27"
R S Software (India) Ltd,RSSOFTWARE,"Software Services","86.069595052","26.57","-7.7","0.07000000000000017","14.179999999999996",,"-0.38","0","0","17.85","7.19","12.73","8.15"
Shri Vasuprada Plantations Ltd,VASUPRADA,"Agro Products","85.90924874","23.18","1.1","0.07999999999999918","82.79000000000005",,"-6.53","1.85","0","74.00999999999999","6.19","161.86020000000005","5.51"
Fervent Synergies Ltd,FERVENTSYN,"Conglomerates","85.75","1","0","0.03999999999999915","0.1299999999999949",,"15.12","0","0","2.33","0","7.4799999999999995","-15.08"
Total Transport Systems Ltd,TOTAL,"Logistics","85.71486149500001","31.62","3.17","-0.48","89.46000000000002",,"-1.76","5.95","0.81","35.72999999999999","1.61","22.656700000000004","-1.89"
Fiberweb (India) Ltd,FIBERWEB,"Textiles","85.71292067","29.63","-16.53","-2.0500000000000007","15.909999999999961",,"2.41","0","0","117.93","15.77","128.78","12.07"
SPL Industries Ltd,SPLIL,"Apparel & Accessories","85.666011816","49.67","-20.81","-0.21999999999999942","13.170000000000009",,"-0.11","52.11","0","130.27999999999997","0.54","57.22","20.7"
Himalaya Food International Ltd,HFIL,"Packaged Foods & Meats","85.471768368","33.78","-2.55","4.3500000000000005","74.21",,"-0.04","0","0","50.3","2.65","118.22","6.94"
Shakti Press Ltd,SHAKTIPR,"Publishing","85.3096608","0","-1.06","-2.26","17.02",,"-3.63","0.26","0","11.71","0.51","7.890000000000001","2.43"
Gujarat Containers Ltd,GUJCONT,"Packaging","85.28675","0.54","-1.37","-7.31","27.660000000000004",,"-5.47","0","0.85","44.96","1.48","25.93","-0.47"
My Mudra Fincorp Ltd,MYMUDRA,"Consumer Finance","85.267623","41.37","-8","15.17","8.08","0","21","0","0","0.6500000000000057","6.46","11.24","2.17"
Variman Global Enterprises Ltd,VARIMAN,"IT Services & Consulting","85.250397","10.41","-1.08","0.09999999999999787","48.99999999999997",,"18.12","0.29","0","3.2200000000000006","2.03","11.266900000000001","-16.94"
Rishiroop Ltd,RISHIROOP,"Commodity Chemicals","85.2215079","8.72","1.76","1.23","20.680000000000014",,"-1.9","106.03","1.65","113.97","0.21","1.8900000000000006","1.37"
Gujarat Peanut and Agri Products Ltd,GPAPL,"Agro Products","85.164338","2.84","-0.03","0","107.61",,"-6.96","0","0","9.18","0.03","3.619999999999999","6.99"
Onelife Capital Advisors Ltd,ONELIFECAP,"Investment Banking & Brokerage","85.10608","90.78","-26.96","25.799999999999997","136.32000000000002","0","-5.04","6.92","0","-69.46000000000001","21.59","32.381800000000005","57.8"
Ameya Precision Engineers Ltd,AMEYA,"Industrial Machinery","84.7875","3.31","-4.14","1.6800000000000008","4.719999999999995",,"-0.16","0.35","0","16.610000000000003","6.25","9.54","5.98"
Innovative Tyres & Tubes Ltd,ITTL,"Tires & Rubber","84.75","36.26","-2.31","0.07000000000000028","71.44999999999997",,"7.02","0.01","0","-62.55","9.19","41.26999999999999","-4.64"
UMA Exports Ltd,UMAEXPORTS,"Agro Products","84.59219466","48.72","-9.97","30.180000000000007","264.85",,"78.18","1.09","0","111.46000000000001","19.76","28.8998","-38.03"
Acme Resources Ltd,ACME,"Diversified Financials","84.388832","38.01","-1.26","7.62","24.900000000000034","15.35","7.67","30.07","0","67.07","0","0.04999999999999999","1.21"
Titan Intech Ltd,TITANIN,"IT Services","84.292265082","38.85","-18.5","-0.6300000000000026","4.070000000000009",,"43.33","0","0","7.399999999999999","19.59","47.16","-25.46"
ODigMa Consultancy Solutions Ltd,ODIGMA,"Advertising","84.17900585","62.67","1.6","15.120000000000001","8.63",,"-1.61","15.25","0","-6.609999999999999","0.09","2.820000000000002","15.13"
Ashapura Logistics Ltd,ASHALOG,"Logistics","84.0479502","0","-49.69","-1.6500000000000057","82.68",,"69.07","0.03","0","116.75","37.37","62.440000000000005","-21.03"
Digidrive Distributors Ltd,DIGIDRIVE,"Online Services","83.97786629400001","0","1.38","-7.04","39.40000000000002",,"-0.41","280.88","0","236.13","0.04","0.8900000000000001","-8.01"
Continental Petroleums Ltd,CONTPTR,"Commodity Chemicals","83.882759844","0.42","-0.3","0.54","39.96",,"-1.62","0","0","25.209999999999997","0.52","9.16","2.46"
Nukleus Office Solutions Ltd,NUKLEUS,"Business Support Services","83.8656","31.5","-8.89","18.14","20.250000000000004",,"34.49","0","0","3.740000000000002","7.82","13.52","-7.46"
Choksi Laboratories Ltd,CHOKSILA,"Labs & Life Sciences Services","83.86176652","1.35","-7.61","-0.05000000000000071","41.72",,"-4.22","0","0","15.290000000000001","7.69","47.62","11.78"
Polychem Ltd,POLYCHEM,"Specialty Chemicals","83.8393375","14.24","-0.6","-0.010000000000000009","4.850000000000005",,"-1.53","28.35","1.21","29.759999999999998","0.49","3.59","2.12"
Techknowgreen Solutions Ltd,TECHKGREEN,"Environmental Services","83.68324455","13.84","-10.47","-1.1400000000000006","4.609999999999997",,"2.59","0.44","0","14.09","10.7","0.9299999999999997","6.74"
Ceenik Exports (India) Ltd,CEENIK,"Textiles","83.5758","0","17.9","0.46999999999999886","40.350000000000016",,"5.18","0.34","5.7","16.77","0.01","36.07","-22.61"
Ken Enterprises Ltd,KEN,"Textiles","83.522632","48.28","1.84","15.91","183.80000000000004",,"25","0.12","0","38.75","1.32","8.830000000000002","-10.93"
Mukesh Babu Financial Services Ltd,MUKESHB,"Diversified Financials","83.511382","7.36","-0.53","-0.16999999999999993","108.68000000000006","0","6.79","143.77","0.84","301.58","0.22","2.0699999999999994","-6.43"
Technichem Organics Ltd,TECHNICHEM,"Specialty Chemicals","83.142","18.09","-6.83","6.65","23.84000000000001",,"20.5","0.05","0","10.129999999999999","6.6","31.630000000000003","-7.02"
Abhinav Capital Services Ltd,ABHICAP,"Diversified Financials","83.060577","0","7.53","-15.07","7.74999999999999","8.17","0","43.23","0","72.91","0","0.020000000000000018","-22.6"
Acknit Industries Ltd,ACKNIT,"Apparel & Accessories","83.0224","6.95","-7.23","-0.48","82.78000000000003",,"-3.31","0","0.46","77.3","7.45","41.910000000000004","10.06"
Nhc Foods Ltd,NHCFOODS,"Packaged Foods & Meats","82.8765","1.74","0.02","2.3000000000000043","126.35000000000004",,"39.94","0","0","21.44","0","8.235299999999999","-37.66"
Pioneer Embroideries Ltd,PIONEEREMB,"Apparel & Accessories","82.770277212","53.35","-8.27","1.2000000000000028","166.36",,"-23.41","10.5","0","70.72","9.28","182.2295","32.88"
Shanti Spintex Ltd,SHANTIDENM,"Textiles","82.7512","28.75","-0.31","2.8900000000000023","80.28000000000002",,"-14.03","0","0","51.129999999999995","0.68","62.88999999999999","17.23"
Inter Globe Finance Ltd,INTRGLB,"Investment Banking & Brokerage","82.72863520499999","91.2","-0.06","0.019999999999999574","17.30000000000002","66.34","15.22","0.4","0","16.25","0","0.42999999999999994","-15.14"
T & I Global Ltd,TIGLOB,"Agro Products","82.654187","3.4","-37.98","-4.359999999999999","36.72",,"0","49.3","0","80.19","1.64","20.09","33.62"
Patel Integrated Logistics Ltd,PATINTLOG,"Logistics","82.598280502","40.81","0.55","-3.36","46.449999999999974",,"-4.79","2.26","0.65","11.259999999999998","1.35","47.01319999999999","0.88"
Ascensive Educare Ltd,ASCENSIVE,"Education Services","82.5193432","4.58","-4.52","-1.0200000000000005","14.420000000000003",,"6.14","0","0","6.41","4.61","5.390000000000001","-2.64"
Nagreeka Exports Ltd,NAGREEKEXP,"Textiles","82.4355215","42.04","0.84","2.040000000000001","207.02",,"-14.78","12.3","0","95.6","2.79","93.37000000000002","15.98"
Edvenswa Enterprises Ltd,EDVENSWA,"IT Services & Consulting","82.418237265","78.17","-57.07","7.400000000000006","16.61",,"64.87","11.05","0","20.58","41.65","14.394300000000001","-0.4"
Trust Fintech Ltd,TRUST,"Software Services","82.19694","54.54","-13.96","2.4199999999999946","8.080000000000018",,"53.12","0.48","0","31.199999999999996","13.62","32.85","-36.74"
Nilachal Refractories Ltd,NILACHAL,"Cement","81.853029","13.5","1.59","0.030000000000000193","18.759999999999998",,"-0.41","0","0","-61.8","0.22","14.44","-1.15"
Crayons Advertising Ltd,CRAYONS,"Advertising","81.8405","26.8","-6.46","1.2200000000000002","95.34",,"0.1","10.8","0","63.67","5.56","11.19","7.58"
New Swan Multitech Ltd,SWANAGRO,"Agricultural & Farm Machinery","81.769832","24.57","-5.69","9.919999999999998","84.83000000000001",,"19.63","0","0","36.19","6.03","57.160000000000004","-4.02"
Transcorp International Ltd,TRANSCOR,"Consumer Finance","81.737677152","0.29","3.07","-0.7500000000000009","92.99999999999997","0","-4.94","13.95","1.91","58.99","0.74","30.11","1.12"
Bhaskar Agro Chemicals Ltd,BHASKAGR,"Specialty Chemicals","81.47866012","1.52","-1.69","1.1102230246251565e-16","39.36000000000001",,"0.65","0","0","11.02","1.76","18.550000000000004","1.04"
Simran Farms Ltd,SIMRAN,"Packaged Foods & Meats","81.4333","1.7","-2.43","-10.149999999999999","148.27",,"3.48","0.12","0","31.31","2.45","23.61","-11.2"
Deepak Spinners Ltd,DEEPAKSP,"Textiles","81.4195926","2.18","-5.88","0.030000000000001137","107.4",,"-10.43","0.02","0.36","215.75","8.53","175.48000000000002","16.34"
Naapbooks Ltd,NBL,"Software Services","81.310671","13.42","-4.19","0.6600000000000001","7.249999999999994",,"14.04","5.61","0","7.49","4.88","7.12","-9.19"
Chartered Capital and Investment Ltd,CHRTEDCA,"Investment Banking & Brokerage","81.298142","1.51","10.57","-3.0000000000000004","6.400000000000009","0","-0.02","152.28","0","163.13","0.01","0.13","-13.55"
Zenith Steel Pipes & Industries Ltd,ZENITHSTL,"Building Products - Pipes","81.242135808","143.08","-1.28","2.53","415.29",,"-2.44","0","0","-542.11","0.52","43.01000000000002","6.25"
Kati Patang Lifestyle Ltd,KATIPATANG,"IT Services & Consulting","81.210286274","1.36","-17.82","0.41999999999999815","17.659999999999997",,"19.5","2.16","0","-24.75","17.76","1.4209999999999958","-1.26"
Indrayani Biotech Ltd,INDRANIB,"Software Services","81.028514814","20.12","24.74","-0.3000000000000007","168.01",,"-18.3","0.25","0","3.3699999999999974","1.38","83.35","-6.74"
BLB Ltd,BLBLIMITED,"Investment Banking & Brokerage","80.989575256","2.5","-8.07","-9.49","0.9299999999999857","0","0.05","11.36","0","89.57","0.12","4.12","-1.47"
Indian Acrylics Ltd,INDIANACRY,"Textiles","80.922652876","0.39","27.33","0.6999999999999957","362.16",,"-17.07","0","0","-125.63","0","207.42999999999998","-9.56"
Eco Hotels and Resorts Ltd,ECOHOTELS,"Hotels, Resorts & Cruise Lines","80.911685288","57.11","-84.34","-20.650000000000006","3.4499999999999984",,"76.92","0","0","-74.47","9.94","9.673100000000002","-13.23"
Concord Drugs Ltd,CONCORD,"Pharmaceuticals","80.75","8.59","-2.32","-0.029999999999999583","31.03",,"-1.43","0.8","0","15.52","2.33","14.21","3.72"
Alcokraft Distilleries Ltd,ALCODIS,"Alcoholic Beverages","80.565","3.45","-26.24","-0.5399999999999974","116.07999999999997",,"11.96","0","0","82.67","6.13","50.58999999999999","13.74"
Highness Microelectronics Ltd,HIGHNESS,"Electronic Equipments","80.29398","0","-1.85","-0.1499999999999999","7.760000000000002",,"1.37","0","0","3.03","1.85","2.290000000000001","0.33"
BEW Engineering Ltd,BEWLTD,"Industrial Machinery","80.13947612000001","78.06","-18.73","0.4899999999999949","81.84000000000002",,"50.48","8.37","0","43.08","18.88","41.84","-31.26"
Porwal Auto Components Ltd,PORWAL,"Auto Parts","80.0753","32.6","-1.53","0.1499999999999999","22.250000000000004",,"1.23","11.28","0","15.229999999999997","3.22","36.43","0.45"
RKEC Projects Ltd,RKEC,"Construction & Engineering","79.9922188","16.37","-43.94","-2.5700000000000003","392.02000000000004",,"37","0","0","148.32999999999998","58.06","109.53000000000002","4.37"
Tokyo Plast International Ltd,TOKYOPLAST,"Housewares","79.8212614","0","-12.08","-0.41000000000000014","41.93",,"6.33","0.01","0","52.04","12.31","49.96000000000001","5.34"
Kamadgiri Fashion Ltd,KAMADGIRI,"Textiles","79.729535664","7.32","17.12","0.19999999999999574","45.519999999999996",,"-39.13","0","0","22.48","1.97","19.200000000000003","22.21"
Accuracy Shipping Ltd,ACCURACY,"Logistics","79.64624","31.97","-10.13","-0.33000000000000007","194.32",,"9.24","0","0","73.76","7.39","65.21000000000001","0.56"
Hisar Metal Industries Ltd,HISARMETAL,"Building Products - Pipes","79.596","0","-5.62","-0.47999999999999954","102.73000000000002",,"-8.07","0","0.54","57.41","6.56","33.79","13.21"
Energy Development Company Ltd,ENERGYDEV,"Renewable Energy","79.42","59","-3.37","-1.9200000000000017","168.60999999999996",,"-20.52","0","0","-102.53","4.58","134.77009999999999","21.97"
Gujarat Toolroom Ltd,GUJTLRM,"Construction & Engineering","79.36644546000001","60.86","-0.17","0.5399999999999636","732.77",,"257.76","0","5.56","123.08999999999999","0.17","0.94","-257.05"
Mirae Asset Nifty EV and New Age Automotive ETF,EVINDIA,"Equity","79.36564362899999",,,,,,,,,,,,
Saumya Consultants Ltd,SAUMYA,"Diversified Financials","79.32583838","0","-0.18","0.040000000000000036","5.859999999999986","2.85","0.4","85.02","0","111.15","0.83","2.74","-0.18"
G G Engineering Ltd,GGENG,"Auto Parts","79.22494","45.06","-53.54","0.19000000000000128","34.279999999999994",,"17.73","63.45","0","25.5","4.85","0.33000000000000007","36"
Lead Reclaim and Rubber Products Ltd,LRRPL,"Tires & Rubber","79.06217625","10.27","-7.59","-0.4399999999999995","8.900000000000007",,"7.5","0.01","0","1.17","7.04","12.820000000000002","-0.35"
Newjaisa Technologies Ltd,NEWJAISA,"Technology Hardware","79.06207374","52.89","-10.87","11.57","16.540000000000006",,"29.05","0","0","7.460000000000001","10.08","20.450000000000003","-6.61"
Jungle Camps India Ltd,JUNGLECAMP,"Tour & Travel Services","79.026708728","0","-7.68","26.060000000000002","8.54",,"28.66","1.04","0","35.39","1.6","29.32","5.08"
Touchwood Entertainment Ltd,TOUCHWOOD,"Advertising","79.00927685","8.28","-3.1","-4.11","8.709999999999999",,"-0.93","0","0.44","20.68","3.36","6.9799999999999995","-0.08"
Aristo Bio-Tech & Lifescience Ltd,ARISTO,"Fertilizers & Agro Chemicals","78.902402","9.91","-5.15","0.47999999999999954","103.29999999999995",,"-4.39","0","0.34","20.61","5.11","23.949999999999996","10.02"
Shri Hare-Krishna Sponge Iron Ltd,SHKSIL,"Iron & Steel","78.683305","8.36","-20.2","-3.2799999999999994","19.559999999999988",,"3.99","1.99","0","51.11","0.27","19.65","12.93"
Softrak Venture Investment Ltd,SOFTRAKV,"Packaged Foods & Meats","78.435546","0","-11.47","0.40000000000000013","1.86",,"0.24","0","0.23","0.39","11.47","11.47","11.63"
Atam Valves Ltd,ATAM,"Industrial Machinery","78.395457","4.13","-0.9","-10","17.549999999999997",,"-2.52","0","0.86","20.880000000000003","1.21","3.08","-6.58"
Shri Balaji Valve Components Ltd,SBVCL,"Industrial Machinery","78.36864","19.44","-13.38","-0.5700000000000003","33.370000000000005",,"-8.38","0","0","16.74","14.36","31.909999999999997","21.19"
Choksi Asia Ltd,CHOKSI,"Health Care Equipment & Supplies","78.36167447999999","9.49","0.63","-3.4400000000000004","10.290000000000008",,"-1.2","0","0","16.299999999999997","0.83","6.278699999999999","-2.87"
Bacil Pharma Ltd,BACPHAR,"Pharmaceuticals","78.309968","0","0.34","2.8200000000000003","0.17999999999999802",,"2.08","21.36","0","11.46","0","0","0.4"
Dynavision Ltd,DYNAVSN,"Diversified Financials","78.2976","1.31","-3.92","1.4699999999999998","46.37999999999999",,"-4.37","0","0","17.87","3.02","38.489999999999995","9.76"
Haryana Capfin Ltd,HARYNACAP,"Consumer Finance","78.130215","0","2.21","0.029999999999999805","96.32000000000006","0","0","431.71","0","332.2","0","0.29","-2.18"
Team24 Consumer Products Ltd,TEAM24,"Packaged Foods & Meats","78.0786","9.56","14","12.67","0.029999999999999787",,"-0.99","0","0","-22.37","0","0","-0.34"
IL&FS Transportation Networks Ltd,IL&FSTRANS,"Roads","77.963526399","2144.97","177.45","167.17999999999998","17853.86",,"8.98","106.75","0","-17333.63","0.92","161.73999999999998","-19.25"
Retina Paints Ltd,RETINA,"Specialty Chemicals","77.8505","15.94","-1.52","-0.03999999999999915","19.95",,"12.27","0.18","0","2.869999999999999","1.46","12.579999999999998","-10.79"
Shervani Industrial Syndicate Ltd,SHERVANI,"Real Estate","77.57513595","0","-25.5","-1.5500000000000007","106.99999999999999",,"9.58","22.13","5.19","147.84","8.06","25.55","14.37"
Sharda Ispat Ltd,SHRDAIS,"Iron & Steel","77.370432","2.74","-22.22","0.16000000000000014","39.010000000000005",,"11.36","4.59","0","51.33","0.42","1.9500000000000028","11.02"
Identixweb Ltd,IDENTIXWEB,"Software Services","77.26747","0","-5.29","3.72","3.249999999999996",,"5.78","0","0","6.65","5.45","10.823499999999997","3.23"
Narmada Macplast Drip Irrigation Systems Ltd,NARMP,"Agricultural & Farm Machinery","76.98875","0","6.47","0.4299999999999996","1.13",,"-0.63","0.01","0","4.1","0.11","0.020000000000000018","-5.41"
Tanvi Foods (India) Ltd,TANVI,"Packaged Foods & Meats","76.97265","45.34","-12.55","-1.2599999999999998","34.07",,"8.72","0","0","12.43","48.54","52.68000000000001","2.57"
TPI India Ltd,TPINDIA,"Packaging","76.94757477","1.99","-0.2","-0.030000000000000027","23.509999999999998",,"-0.71","0.09","0","-20.479999999999997","0.2","3.3200000000000003","0.88"
Marushika Technology Ltd,MARUSHIKA,"Communication & Networking","76.830912","0.85","-3.31","-1.8900000000000001","38.56999999999999",,"0.42","0","0","8.290000000000001","2.09","3.57","1"
HandsOn Global Management (HGM) Ltd,HGM,"Business Support Services","76.8293292","62.63","1.79","-0.35","15.469999999999995",,"-0.89","2.17","0","-51.17","0.03","9.490000000000002","-1.25"
Tirupati Innovar Ltd,TIRUPATIIN,"Tires & Rubber","76.76970045","31.5","0","0.17999999999999972","14.939999999999996",,"4.64","0","0","-0.9499999999999993","0","0","-4.46"
COSCO (India) Ltd,COSCO,"Theme Parks & Gaming","76.624815","3.12","-1.88","-0.41000000000000014","78.42",,"-5.23","0","0","43.18","1.91","10.469999999999997","6.7"
Prakash Steelage Ltd,PRAKASHSTL,"Building Products - Pipes","76.47517042999999","67.16","-0.45","-0.0900000000000003","28.629999999999995",,"3.69","0","0","-75.75999999999999","0.48","5.43","-3.33"
Gensol Engineering Ltd,GENSOL,"Construction & Engineering","76.35448684800001","182.43","-667.7","92.92999999999995","2011.2700000000004",,"858.73","6.65","0","105.40999999999997","478.64","734.12","-98.1"
Srivasavi Adhesive Tapes Ltd,SRIVASAVI,"Specialty Chemicals","76.32788391","10.41","-0.67","0.010000000000000009","17.290000000000006",,"-1.14","0","0","16.09","2.66","15.23","1.82"
Maestros Electronics & Telecommunications Systems Ltd,METSL,"Electronic Equipments","76.234128895","3.34","-5.17","0.13000000000000045","24.160000000000004",,"-0.39","0","0","26.02","1.2","14.59","5.69"
Kiaasa Retail Ltd,KIAASA,"Retail - Apparel","76.12850087999999","11.35","-16.7","1.1700000000000017","103.61999999999998",,"30.16","0","0","16.5","16.91","24.189999999999998","-12.29"
Sanrhea Technical Textiles Ltd,SANTETX,"Building Products - Others","76.10375","1.7","-4.53","0.27000000000000046","19.789999999999996",,"6.23","0.05","0.75","18.6","5.07","11.34","-1.43"
Accel Ltd,ACCEL,"Movies & TV Serials","76.09767550800001","5.95","-2.46","-7.720000000000002","119.94000000000001",,"-16.67","5.91","1.73","49.089999999999996","2.62","81.72869999999999","11.41"
Nippon India Nifty Auto ETF,AUTOBEES,"Equity","75.993479141",,,,,,,,,,,,
Restile Ceramics Ltd,RESTILE,"Building Products - Ceramics","75.969851747","0","0","-0.010000000000000009","38.41999999999999",,"-1.05","0","0","-129.95","0","5.48","1.04"
LCC Infotech Ltd,LCCINFOTEC,"IT Services & Consulting","75.8670075","40.06","1.38","-0.02000000000000013","4.480000000000013",,"-0.84","0","0","-64.71000000000001","0","0.35000000000000003","-0.56"
Shantai Industries Ltd,SHANTAI,"Textiles","75.7425","0","0","0.020000000000000018","7.11",,"2.98","0","0","6.17","0","0.010000000000000009","-2.96"
Future Market Networks Ltd,FMNL,"Real Estate","75.73681339","0","-3.51","-7.92","249.46999999999997",,"-7.47","29.31","0","31.32","0","176.5195","3.06"
WSFX Global Pay Ltd,WSFX,"Payment Infrastructure","75.725523886","2.24","2.3","3.9699999999999998","60.359999999999985","0","-0.88","0.31","1.21","21.68","1.85","16.18","2.55"
Vikram Kamats Hospitality Ltd,KAMATS,"Hospitals & Diagnostic Centres","75.5266385","22","-20.34","1.120000000000001","56.89000000000001",,"22.98","0.6","0.4","3.6799999999999997","18.02","52.1255","-1.52"
MY Money Securities Ltd,MYMONEY,"Investment Banking & Brokerage","75.5005482","1.36","-10.76","2.6000000000000005","6.199999999999994","0","-0.05","10.11","0","8.440000000000001","0.08","1.32","13.41"
Virat Crane Industries Ltd,VIRATCRA,"Agro Products","75.48618","0","-3.24","0.49999999999999956","20.64999999999999",,"1.71","0.16","0","48.32","3.37","33.7357","2.03"
Super Tannery Ltd,SUPTANERY,"Textiles","75.25743192","2.7","-26.8","4.280000000000001","158.9",,"-14.91","0.47","0.54","89.96","28.32","112.39579999999998","45.99"
GALAXY Supermarket Ltd,GSLTD,"FMCG - Foods","75.16428773999999","77.01","2.61","0.8699999999999997","38.37",,"-3.15","0","0","-146.81","2.99","9.67","1.41"
Veekayem Fashion & Apparels Ltd,VEEKAYEM,"Textiles","75.1505867","14.21","-9.1","0.14000000000000057","150.21999999999997",,"12.64","0.25","0","28.810000000000002","9.16","31.389999999999997","-3.4"
Odyssey Corporation Ltd,ODYCORP,"Conglomerates","74.99973126799999","73.24","-19.98","11.059999999999995","19.99000000000002","0","62.16","80.88","0","50.57000000000001","1.44","4.8500000000000005","-31.12"
Terai Tea Co Ltd,TERAI,"Tea & Coffee","74.915577","7.65","-1.24","50.64","73.46",,"32.49","79.59","0","145.97","1.58","52.650000000000006","19.39"
JHS Svendgaard Laboratories Ltd,JHS,"FMCG - Personal Products","74.731930785","123.15","-20.25","-2.3599999999999994","31.08",,"23.07","3.64","0","-38.53","10.53","87.2212","-5.18"
Kranti Industries Ltd,KRANTI,"Auto Parts","74.712142","15.89","-12.61","0.049999999999998934","57.849999999999994",,"11.03","0.08","0","9.54","12.69","58.96099999999999","1.63"
Royal India Corporation Ltd,ROYALIND,"Commodity Chemicals","74.67501","11.05","-33.98","0.030000000000008242","147.72000000000003",,"57.38","0","0","-45.14","0.01","0.15000000000000002","-23.37"
SGL Resources Ltd,SGLRES,"Software Services","74.6429804","115.74","-19.88","2.5900000000000034","53.270000000000024",,"47.78","1.92","0","19.049999999999997","20.72","113.29","-25.31"
Siddhi Cotspin Ltd,SIDDHICOTS,"Textiles","74.43979755","12.45","0.5","-0.00999999999999801","103.39000000000003",,"-29.47","0","0","47.53","0.09","57.96000000000001","28.96"
Mirae Asset Nifty Midcap 150 ETF,MIDCAPETF,"Equity","74.433024456",,,,,,,,,,,,
Bonlon Industries Ltd,BONLON,"Metals - Copper","74.429595394","38.22","-19.41","14.679999999999998","46.72000000000001",,"-1.49","8.91","0","29.260000000000005","6.02","14.860000000000001","35.58"
Bhatia Colour Chem Ltd,BCCL,"Specialty Chemicals","74.415383261","43.67","-0.74","6.379999999999999","47.18",,"14.03","0","0","10.369999999999997","0","1.73","-6.91"
Nrb Industrial Bearings Ltd,NIBL,"Industrial Machinery","74.3396342","0","26.04","1.7700000000000005","78.48999999999998",,"-5.05","1.15","0","-28.6","0","49.21999999999999","-19.22"
Sunsky Logistics Ltd,SUNSKY,"Logistics","74.299125","0","-1.47","0.6599999999999999","3.6900000000000004",,"-0.21","0","0","2.77","0.69","0.25","2.34"
Vaishali Pharma Ltd,VAISHALI,"Pharmaceuticals","74.28414609","22.91","-0.19","0.259999999999998","44.93",,"18.49","0.43","0","15.91","0.3","1.4133000000000004","-18.04"
Surbhi Industries Ltd,SURBHIN,"Textiles","74.179092","0","-5.1","4.440892098500626e-16","17.699999999999996",,"-3.65","0.04","0","13.66","5.36","21.339999999999996","8.75"
Choice Gold ETF,CHOICEGOLD,"Gold","74.082427839",,,,,,,,,,,,
Bharat Immunologicals and Biologicals Corporation Ltd,BIBCL,"Pharmaceuticals","73.96734","0","0.46","-3.3599999999999994","97.86000000000003",,"-14.71","0","0","44.62","0","115.33000000000001","10.89"
Vilin Bio Med Ltd,VILINBIO,"Pharmaceuticals","73.9625","8","-1.11","-5.99","4.670000000000004",,"-5.1","0","0","1.1099999999999994","1.57","2.8500000000000014","0.22"
Siyaram Recycling Industries Ltd,SIYARAM,"Cycles","73.952585528","67.84","-2.78","-0.5100000000000051","156.35000000000002",,"45.48","0","0","37.25999999999999","3.02","7.659999999999998","-43.21"
Jakharia Fabric Ltd,JAKHARIA,"Textiles","73.7585145","21.09","12.49","0.5899999999999999","22.76",,"-13.68","0.87","0","-3","2.65","14.57","1.78"
Shine Fashions (India) Ltd,SHINEFASH,"Textiles","73.60736","9.04","-0.05","12.909999999999998","35.13",,"11.04","0","0","12.740000000000002","0.04","0.22","1.92"
Suntech Infra Solutions Ltd,SUNTECH,"Construction & Engineering","73.57788","0","-18.06","-1.7499999999999982","110.47000000000003",,"8.89","0","0","34.97","18.7","66.08000000000001","7.42"
Yash Innoventures Ltd,YASHINNO,"Construction & Engineering","73.46526085","2.36","1.5","-0.05999999999999961","21.409999999999997",,"5.86","-0.01","0","1.6700000000000004","0.79","1.7800000000000002","-7.42"
Trucap Finance Ltd,TRU,"Consumer Finance","73.33777440700001","148.3","-27.9","-62.33000000000001","537.09","457.73","-246.05","31.23","0.12","-21.610000000000014","0.2","26.119999999999994","211.62"
Mirae Asset Nifty India Manufacturing ETF,MAKEINDIA,"Equity","73.298577534",,,,,,,,,,,,
Satchmo Holdings Ltd,SATCH,"Restaurants & Cafes","73.2077142","312.59","-0.02","3.56","1885.7800000000002",,"-0.01","0","0","-1514.49","0.03","105.72999999999999","3.59"
Arabian Petroleum Ltd,ARABIAN,"Commodity Chemicals","73.19424","17.49","-1.26","1.1199999999999992","48.39",,"-9.97","0.74","0","29.780000000000005","0.83","11.860000000000001","12.35"
Wallfort Financial Services Ltd,WALLFORT,"Investment Banking & Brokerage","73.13836","0","17.63","-3.3499999999999996","9.80000000000001","0","-0.26","107.5","0","139.42","0.69","2.1100000000000003","-20.72"
Paramatrix Technologies Ltd,PARAMATRIX,"IT Services & Consulting","73.08088","26.99","-0.16","32.29","4.279999999999981",,"29.74","7.92","0","27.51","3.92","5.93","2.71"
Shalimar Wires Industries Ltd,SHALIWIR,"Electrical Components & Equipments","73.02575008400001","0","-30.9","2.650000000000002","160.34999999999997",,"-13.91","0.02","0","28.69","31.23","108.44999999999997","47.46"
Umiya Mobile Ltd,UML,"Retail - Speciality","72.9486","0","13.26","1.3899999999999997","91.25",,"3.45","0","0","3.53","1.43","3.8328","-15.32"
Fonebox Retail Ltd,FONEBOX,"Retail - Speciality","72.846","15.91","-0.54","8.43","50.099999999999994",,"2.84","0","0","8.329999999999998","0.45","3.9097999999999997","6.13"
Crop Life Science Ltd,CLSL,"Agro Products","72.845","19.97","-3.5","-1.4399999999999995","100.35",,"4.16","0.6","0","40.34","3.9","35.56099999999999","-2.1"
Leading Leasing Finance and Investment Company Ltd,LLFICL,"Diversified Financials","72.6999495","46.6","-78.99","-1.5400000000000205","489.57000000000005","59.41","458.2","26.56","0","6.969999999999999","0.03","0.09000000000000002","-380.75"
Banaras Beads Ltd,BANARBEADS,"Apparel & Accessories","72.691497396","22.36","-17.14","-9.030000000000001","10.79",,"3.14","2.98","1.49","26.869999999999997","2.65","10.169999999999998","4.97"
WAA Solar Ltd,WAA,"Renewable Energy","72.608999372","90.04","-62.95","18.840000000000003","147.35999999999996",,"86.34","97.02","0","83.74","79.11","119.86000000000001","-4.55"
Integrity Infrabuild Developers Ltd,INTEGRITY,"Construction & Engineering","72.6","0","-19.14","-1.0000000000000009","37.63",,"-0.29","0.01","0","2.77","13.54","20.18","18.43"
Shubham Polyspin Ltd,SHUBHAM,"Textiles","72.48956","0","-0.84","-0.039999999999999813","11",,"-1.45","0","0","3.91","0.91","14.99","2.25"
Comfort Fincap Ltd,COMFINCAP,"Diversified Financials","72.4637535","25.99","0.52","0.6499999999999986","23.99999999999999","100.09","19.86","5.35","0.54","40.59","0","1.85","-19.73"
Silky Overseas Ltd,SILKY,"Home Furnishing","72.46354973999999","4.39","-0.32","-0.010000000000000675","44.39",,"-6.54","0","0","15.46","0.32","12.14","6.85"
Mohini Health & Hygiene Ltd,MHHL,"Health Care Equipment & Supplies","72.2056","21.46","-29.19","9.12","62.48000000000002",,"7.92","2.09","0.91","65.63","25.37","47.24","30.39"
Osia Hyper Retail Ltd,OSIAHYPER,"Retail - Department Stores","72.1992312","205.93","-7.45","-36.859999999999985","446.54999999999995",,"201.07","0","0","85.38999999999999","7.45","68.44","-230.48"
BN Rathi Securities Ltd,BNRSEC,"Investment Banking & Brokerage","72.144","14.84","39.65","15.07","112.75999999999999","0","-1.95","5.43","1.54","35.349999999999994","0.55","3.7","-22.63"
Digikore Studios Ltd,DIGIKORE,"Animation","72.130592","0","-6.65","-0.35999999999999943","49.21999999999999",,"28.21","0.02","0","28.44","7.87","19.9","-21.92"
Aditya BSL Silver ETF,SILVER,"Silver","72.076101685",,,,,,,,,,,,
Securekloud Technologies Ltd,SECURKLOUD,"Software Services","72.03326437999999","88.68","4.57","56.239999999999995","159.71",,"100.38","0","0","-80.88000000000001","0","11.546300000000002","-48.71"
R R Financial Consultants Ltd,RRFIN,"Investment Banking & Brokerage","71.9940963","5.51","0.18","2.57","15.95","0.63","1.4","1.35","0","31.440000000000005","0.36","22.378469999999997","0.99"
IB Infotech Enterprises Ltd,IBINFO,"IT Services & Consulting","71.8484481","0.38","-0.43","0.2300000000000001","2.38",,"-0.64","0","0.06","0.7699999999999999","0","2.42","1.3"
Adroit Infotech Ltd,ADROITINFO,"IT Services & Consulting","71.755678762","24.21","-35.87","0.25","21.63000000000001",,"37.26","0","0","-4.780000000000001","8.04","16.006600000000002","-1.14"
Royal Sense Ltd,ROYAL,"Health Care Equipment & Supplies","71.6919564","12.68","-1.56","2.51","7.829999999999999",,"2.86","0.43","0","7.920000000000002","1.62","1.65","1.21"
Ajooni Biotech Ltd,AJOONI,"Pharmaceuticals","71.65333676799999","43.19","-17.14","-10.049999999999997","6.9799999999999915",,"24.83","3.49","0","10.440000000000005","2.03","11.709999999999999","-17.74"
Sangani Hospitals Ltd,SANGANI,"Hospitals & Diagnostic Centres","71.640348","14.44","-1.09","-0.9999999999999998","3.07",,"-2.26","0","0","7.869999999999999","1.09","13.17","2.35"
Vivid Mercantile Ltd,VIVIDM,"Commodities Trading","71.4828132","9.9","8.24","-0.009999999999999565","5.4899999999999975",,"-1.99","0","0","33.79","0","0.24","-6.26"
Adtech Systems Ltd,ADTECH,"Electronic Equipments","71.4825","0","-0.36","1.4299999999999997","9.670000000000002",,"-4.61","0","1.19","39.58","0.38","11.239999999999998","6.4"
Mirae Asset Nifty Next 50 ETF,NEXT50,"Equity","71.24659485599999",,,,,,,,,,,,
Riddhi Corporate Services Ltd,RIDDHICORP,"IT Services & Consulting","71.202","9.82","-9.31","5.439999999999998","125.12",,"-22.57","0.33","0.59","47.2","9.72","97.35999999999999","37.32"
Garment Mantra Lifestyle Ltd,GARMNTMNTR,"Textiles","71.0719074","2.56","-0.45","-35.64","49.770000000000024",,"-50.18","0.74","0","17.830000000000002","0.69","5.237500000000001","14.99"
IEL Ltd,INDXTRA,"Commodities Trading","70.803119898","35.42","-20.97","24.810000000000002","1.190000000000007",,"43.67","0","0","-3.6300000000000026","0","0.04999999999999982","2.11"
F Mec International Financial Services Ltd,FMEC,"Consumer Finance","70.769581512","2.03","3.82","0.370000000000001","13.510000000000002","23.78","9.42","0","0","2.97","0.73","0.66","-12.87"
Gujarat Hotels Ltd,GUJHOTE,"Hotels, Resorts & Cruise Lines","70.731842625","0","-1.51","-0.31000000000000005","3.15999999999999",,"-0.95","0","0.95","44.7","0","1.18","2.15"
Omfurn India Ltd,OMFURN,"Home Furnishing","70.6464","19.78","-10.46","-3.9300000000000006","35.83999999999999",,"1.13","0.8","0","27.21","11.2","19.709999999999997","5.4"
Cargotrans Maritime Ltd,CARGOTRANS,"Logistics","70.58625872","7.68","-10.24","-2.9299999999999997","11.169999999999998",,"4.98","3.8","0","10.46","8.74","15.489999999999998","2.33"
Cadsys (India) Ltd,CADSYS,"IT Services & Consulting","70.4676125","26.91","4.08","-6.47","139.88",,"-6.13","0.1","0","-7.649999999999999","16.38","32.1786","-4.42"
Kaushalya Logistics Ltd,KLL,"Logistics","70.414","16.77","3.61","-9.93","193.07999999999998",,"3.95","1.28","0","25.139999999999997","2.95","31.48","-17.49"
Icodex Publishing Solutions Ltd,ICODEX,"Software Services","70.36659","0","-9.22","0.569999999999999","5.7",,"3.44","0","0","6.81","10.8","14.21","6.35"
Eiko Lifesciences Ltd,EIKO,"Specialty Chemicals","70.36641387","37.52","-11.44","-1.5599999999999996","9.080000000000004",,"6.96","7.15","0","5.509999999999998","10.29","23.11","2.92"
Teesta Agro Industries Ltd,TEEAI,"Fertilizers & Agro Chemicals","70.04085","0.48","-2.04","15.59","75.67000000000004",,"7.65","0.58","0","111.5","2.47","62.63000000000001","9.98"
Damodar Industries Ltd,DAMODARIND,"Textiles","69.8068","20.53","41.69","-0.2599999999999909","208.42000000000002",,"-79.35","0","0","111.80000000000001","2.15","144.17000000000002","37.4"
Premium Plast Ltd,PREMIUM,"Plastic Products","69.704415","20.85","-24.74","0.10000000000000142","22.67000000000001",,"26.19","10.24","0","13.46","14.5","24.97","-1.35"
Universal Autofoundry Ltd,UNIAUTO,"Auto Parts","69.6705035","29.12","-10.59","0.20999999999999996","65.71",,"5.81","0","0","28.970000000000002","10.77","70.14999999999999","4.99"
Praruh Technologies Ltd,PRARUH,"IT Services & Consulting","69.65","0","-6.9","-0.07000000000000028","36.67",,"2.51","11.18","0","7.92","0.75","9.99","4.32"
Kkalpana Industries (India) Ltd,KKALPANAIND,"Specialty Chemicals","69.6139682","0","3.98","-4.840000000000003","35.78",,"-21.94","0","0","17.78","0.11","39.91","13.12"
Paras Petrofils Ltd,PARASPETRO,"Textiles","69.517968","0","-0.46","-0.040000000000000036","0.06999999999999645",,"0","0.55","0","-16.45","0","3.4799999999999995","0.42"
ANI Integrated Services Ltd,AISL,"Construction & Engineering","69.421968","17.47","-0.39","1.9100000000000001","54.169999999999995",,"3.48","0.39","0","39.39","0.62","2.7200000000000006","-1.18"
Baba Arts Ltd,BABA,"Movies & TV Serials","69.3","0","5.82","-0.5899999999999999","2.6099999999999963",,"0","0","0","21.51","0.06","1.3599999999999999","-6.41"
Orchasp Ltd,ORCHASP,"IT Services & Consulting","69.2850732","44.84","0.48","-0.1399999999999988","89.21999999999998",,"14.96","68.25","0","3.4099999999999966","0.06","0.13000000000000256","-15.58"
Nakoda Group of Industries Ltd,NGIL,"Packaged Foods & Meats","69.262992524","8.8","-1.59","0.13000000000000034","13.989999999999995",,"3.14","0","0","-1.7200000000000006","2.59","13.190000000000001","-1.42"
McNally Bharat Engineering Company Ltd,MBECL,"Construction & Engineering","69.183637539","1128.69","-14.98","-15.190000000000001","7061.900000000001",,"16.33","1.31","0","-7053.4400000000005","0","15.180000000000007","-16.54"
Creative Castings Ltd,CREATIVE,"Metals - Iron","69.173","1","-4.44","-0.33000000000000007","5.760000000000001",,"-1.29","0.09","1.3","39.67","0","9.719999999999999","5.4"
Milton Industries Ltd,MILTON,"Wood Products","69.16965","8.54","0.57","1.3199999999999998","28.569999999999993",,"3.51","0","0","21.91","0.98","11.39","-2.76"
Unisem Agritech Ltd,UNISEM,"Seeds","69.1252","0","-3.8","3.3899999999999997","38.4",,"5.1","0","0","5.58","3.8","6.1899999999999995","2.09"
Ironwood Education Ltd,IRONWOOD,"Education Services","68.96837286","47.18","-4.02","2.400000000000002","86.44",,"32.56","2","0","-40.72","4.28","0.9868000000000023","-26.14"
Classic Leasing & Finance Ltd,CLFL,"Diversified Financials","68.907375","0","-1.72","0.020000000000000018","8.219999999999999","0","1.66","0.75","0","-7.64","0","0.020000000000000018","0.08"
Odyssey Technologies Ltd,ODYSSEY,"Software Services","68.726285325","6.48","2.55","5.039999999999999","4.600000000000005",,"-1.53","0","1.59","37.019999999999996","0.28","12.250000000000004","4.02"
Mehul Colours Ltd,MEHUL,"Specialty Chemicals","68.56876","0","-2.3","-0.7799999999999999","1.890000000000002",,"-0.39","6.39","0","9.52","0.99","2.0300000000000002","1.91"
Telogica Ltd,TELOGICA,"Communication & Networking","68.52386056799999","21.62","-0.16","2.2300000000000004","26.059999999999995",,"13.24","0","0","-25.240000000000002","0.25","1.5899999999999999","-10.85"
ICICI Prudential BSE Sensex ETF,SENSEXIETF,"Equity","68.44964082",,,,,,,,,,,,
Kemistar Corporation Ltd,KEMISTAR,"Commodity Chemicals","68.36527843200001","0","-1.23","-0.13","10.530000000000005",,"0.87","0","0.14","7.68","2.33","13.353800000000001","0.23"
Raj Oil Mills Ltd,ROML,"Packaged Foods & Meats","68.363387724","125.49","-0.12","-0.03999999999999998","43.84",,"-0.2","0.02","0","-142.92","0.16","16.932500000000005","0.28"
Ansal Properties and Infrastructure Ltd,ANSALAPI,"Real Estate","68.313716184","1010.73","10.49","1.9499999999999886","6528.889999999999",,"-92.36","46.53","0","-1746.6100000000001","0.47","544.7776999999999","83.82"
Hind Aluminium Industries Ltd,HINDALUMI,"Metals - Aluminium","68.294168","0","2","-1.45","0.4199999999999857",,"-0.26","63.78","0","78.01","0.02","4.6","-3.19"
Alkali Metals Ltd,ALKALI,"Commodity Chemicals","68.243155212","23.72","-0.75","0","46.56000000000002",,"-4.69","0","0","10.620000000000005","1.31","41.03","5.44"
Mega Corp Ltd,MEGACOR,"Diversified Financials","68.2","0","-1.28","-0.8400000000000034","43.11","64.29","21.99","4.56","0","15.1","0.25","2.82","-21.55"
Everlon Financials Ltd,EVERFIN,"Specialized Finance","68.169","1.65","-1.37","-0.030000000000000138","3.070000000000002","0.1","0.94","14.78","0","23.400000000000002","0.21","0.26000000000000006","0.4"
K2 Infragen Ltd,K2INFRA,"Construction & Engineering","68.07623563","34.45","-0.94","1.7899999999999991","107.73",,"46.08","0.55","0","29.199999999999996","2.05","10.2182","-43.35"
Lakhotia Polyesters (India) Ltd,LAKHOTIA,"Textiles","67.97618212","0","0.01","0.07000000000000028","19.14",,"8.32","0","0","4.83","0","0.3600000000000001","-8.26"
Ansal Buildwell Ltd,ANSALBU,"Real Estate","67.960890972","6.45","-14.14","-13.56","404.4",,"4.42","48.15","0.74","115.84","6.02","6.970000000000001","-3.84"
Future Consumer Ltd,FCONSUMER,"FMCG - Foods","67.899177862","383.17","9.91","-7.07","813.53",,"-17.91","8.4","0","-1885.25","1.54","-82.14420000000001","0.93"
Kesar Terminals & Infrastructure Ltd,KTIL,"Oil & Gas - Storage & Transportation","67.755071475","0","-0.09","-2.120000000000001","277.87",,"-11.97","0","0.01","-93.89","0.23","173.33999999999997","9.94"
Shristi Infrastructure Development Corporation Ltd,SHRISTI,"Construction & Engineering","67.71","0","5.1","-1.4699999999999989","621.48",,"-96.88","67.07","0.01","-156.08","0.02","143.11","90.31"
Dutron Polymers Ltd,DUTRON,"Building Products - Pipes","67.68","3","-0.66","2.5599999999999996","11.54",,"-2.12","0","0","20.15","1.03","6.990000000000002","5.34"
Sky Industries Ltd,SKYIND,"Textiles","67.535140419","7.36","-1.99","0.009999999999999787","19.869999999999987",,"-2.88","5.37","0.79","29.89","8.73","18.79","4.88"
Excellent Wires and Packaging Ltd,EXCELLENT,"Electrical Components & Equipments","67.497","12.55","-8.16","-0.019999999999999574","0.9300000000000036",,"13.93","0","0","2.0999999999999996","2.79","4.300000000000001","-5.79"
Kreon Finnancial Services Ltd,KREONFIN,"Consumer Finance","67.319038","13.82","-0.68","-1.8200000000000003","35.27","29.72","1.15","11.33","0","-3.09","0.64","3.3100000000000005","-2.29"
KSR Footwear Ltd,KSR,"Footwear","67.209742974",,,,,,,,,,,,
HB Portfolio Ltd,HBPOR,"Diversified Financials","67.19032366","36.76","-6.12","0.8300000000000001","12.179999999999952","0","-1.37","181.25","1.08","228.72000000000003","14.51","1.9400000000000004","8.32"
Service Care Ltd,SERVICE,"Employment Services","67.1089975","24.03","-16.16","-1.9000000000000004","21.38999999999999",,"11.82","32.9","0.57","9.600000000000001","2.3","4.35","2.44"
Swarnsarita Jewels India Ltd,SWARNSAR,"Precious Metals, Jewellery & Watches","66.910144","13.68","5.35","-10.900000000000002","97.27",,"-28.16","0","0","93.53999999999999","0.51","1.0190000000000001","11.91"
Apoorva Leasing Finance and Investment Company Ltd,APOORVA,"Specialized Finance","66.8360154","99.89","-13.65","-0.2700000000000003","0.43","0","0.05","15.88","0","28.239999999999995","0.17","102.26","13.33"
SKP Securities Ltd,SKPSEC,"Investment Banking & Brokerage","66.6717696","0","-0.72","0.23000000000000043","37.879999999999995","25.15","8.16","10.89","1.02","43.91","0.42","10.31","-7.21"
Vineet Laboratories Ltd,VINEETLAB,"Specialty Chemicals","66.664949286","0","-3.18","0.08000000000000007","79.9",,"-8.23","0.21","0","5.43","1.05","25.459999999999997","11.49"
Sunil Healthcare Ltd,SUNLOC,"Pharmaceuticals","66.655875","0","-7.7","-0.05000000000000071","93.33999999999999",,"-3.87","0","0","56.81","9.43","94.1333","11.52"
Zenith Drugs Ltd,ZENITHDRUG,"Pharmaceuticals","66.623088","30.66","-31.41","-8.490000000000002","92.09999999999998",,"28.39","0","0","21.569999999999997","32.28","43.1839","-5.47"
Delta Manufacturing Ltd,DELTAMAGNT,"Industrial Machinery","66.46311","10.71","0.2","-0.16999999999999993","52.98000000000001",,"-1.43","0","0.05","-6.960000000000001","1.82","31.010000000000005","1.06"
E-Land Apparel Ltd,ELAND,"Apparel & Accessories","66.274837689","142.46","-6.08","-11.01","715.51",,"-19.27","0.01","0","-675.23","10.07","115.74","14.34"
Marco Cables & Conductors Ltd,MARCO,"Cables","66.19446","5.96","-1.38","-0.09000000000000163","50.63999999999999",,"-10.56","0","0","7.5200000000000005","1.38","5.86","11.85"
AJR Infra & Tolling Ltd,AJRINFRA,"Construction & Engineering","65.92822642","563.69","115.96","-1.1200000000000117","2182.0499999999997",,"-38.63","44.82","0","-2718.5","0.04","18.860300000000002","-78.45"
Sanginita Chemicals Ltd,SANGINITA,"Commodity Chemicals","65.91944475","12.3","-9.9","-8.881784197001252e-16","46.159999999999975",,"6.62","0","0","17.939999999999998","9.19","15.139999999999999","3.28"
Source Natural Foods and Herbal Supplements Ltd,SOURCENTRL,"Pharmaceuticals","65.91417344","1.14","-5.33","0.14000000000000057","13.480000000000006",,"5.4","0","0","14.78","0.09","4.59","0.07"
Sundaram Multi Pap Ltd,SUNDARAM,"Paper Products","65.86901044700001","87.16","16.12","13.990000000000002","34.05999999999998",,"-9.02","0","0","-47.01","0","48.776999999999994","6.89"
Graphisads Ltd,GRAPHISAD,"Advertising","65.7954","53.93","-9.88","1.9499999999999993","48.90000000000001",,"9.51","0.98","0","19.1","6.51","19.7","2.32"
Bombay Cycle and Motor Agency Ltd,BOMBCYC,"Conglomerates","65.636","0","-1.89","0.24999999999999992","6.690000000000005",,"-0.16","3.37","0","26.3","0.96","3.7","2.3"
Moving Media Entertainment Ltd,MMEL,"Business Support Services","65.63411264","5.86","-53.67","0.3100000000000023","55.32000000000001",,"44.42","0","0","20.98","53.67","61.71","9.56"
Shreeji Translogistics Ltd,STL,"Logistics","65.410956","0","-0.25","3.25","59.66",,"-9.2","0.1","0","45.3","3.03","29.29","12.7"
Chiraharit Ltd,CHIRAHARIT,"Construction & Engineering","65.371628","0","-1.6","0.34999999999999987","30.939999999999998",,"-0.95","0","0","5.57","0.42","9.01","2.9"
Transwarranty Finance Ltd,TFL,"Diversified Financials","65.36780608400001","0.87","-0.23","0.0699999999999994","64.82","11.46","4.87","0.1","0","-23.77","0.22","8.206800000000001","-4.57"
Atlas Cycles (Haryana) Ltd,ATLASCYCLE,"Cycles","65.33105271000001","6.06","1.32","0.55","91.27999999999989",,"-0.12","0.01","0","378.24","0.2","424.60999999999996","-0.65"
Mangal Compusolution Ltd,MANGALCOMP,"IT Services & Consulting","65.3088","11.5","-15.32","-0.2500000000000009","18.09",,"7.05","0.05","0","14.559999999999999","6.89","11.27","8.02"
Oceanic Foods Ltd,OCEANIC,"Agro Products","65.28375","0","-7.98","-2.0999999999999996","52.06999999999999",,"13.97","0","0","27.42","8.18","20.94","-8.09"
Gayatri Sugars Ltd,GAYATRI,"Sugar","65.23859592000001","1.72","-6.32","2.289999999999999","294.79999999999995",,"2.3","0","0","-162.60999999999999","6.36","91.15","6.31"
iSERA Lifesciences Ltd,COVIDH,"Software Services","65.161124028","0","0","0.020000000000000018","1.6500000000000001",,"1.42","0","0","-0.42","0","0","-1.4"
Elixir Capital Ltd,ELIXIR,"Diversified Financials","65.111904","7.81","-5.42","1.2800000000000002","35.709999999999994","0","4.7","17.96","0.99","43.16","0.87","2.2133600000000007","2"
Ceeta Industries Ltd,CEETAIN,"FMCG - Foods","65.1012736","0","7.67","0.02999999999999936","6.530000000000007",,"-8.92","0.31","0","25.9","2.06","18.03","1.28"
Nexxus Petro Industries Ltd,NEXXUS,"Commodity Chemicals","64.847232","15.64","-3.33","1.5600000000000005","28.269999999999992",,"12.65","0.83","0","9.68","4.62","7.109999999999999","-7.76"
Real Touch Finance Ltd,RTFL,"Diversified Financials","64.732719","7","0","-1.0100000000000016","182.57999999999998","225.59","25.06","0.01","0","27.36","0.25","0.61","-26.07"
Garg Furnace Ltd,GARGFUR,"Iron & Steel","64.6873605","24.15","-5.42","4","15.690000000000015",,"5.62","4.03","0","24.310000000000002","2.03","14.58","3.8"
Joindre Capital Services Ltd,JOINDRE,"Investment Banking & Brokerage","64.58859527999999","0","12.01","-11.32","66.43999999999997","17.97","-17.89","9.53","2.77","65.7","0.64","1.8200000000000003","-5.44"
Ambey Laboratories Ltd,AMBEY,"Specialty Chemicals","64.532287555","37.51","-13.5","0.36000000000000654","50.84",,"48.34","0","0","13.89","13.52","38.769999999999996","-34.48"
Jetking Infotrain Ltd,JETKINGQ,"Education Services","64.48640087999999","0.09","-0.64","-1.21","9.380000000000011",,"-0.06","2.52","0","35.98","8.86","40.32","-0.51"
Samrat Pharmachem Ltd,SAMRATPH,"Commodity Chemicals","64.4356935","0","0","-9.61","49.68999999999998",,"0.48","3.44","0.31","68.71","0.51","10.48","-10.09"
Banas Finance Ltd,BANASFN,"Specialized Finance","64.316769214","74.81","-38.52","-2.460000000000008","0.9599999999999996","6.09","36.3","136.85","0","17.289999999999992","0.04","0.06","-0.24"
Kesar Enterprises Ltd,KESARENT,"Sugar","64.30837116000001","8.01","0.01","-9.3","404.06999999999994",,"-4.05","7.36","0","100.61","0.13","447.45","-5.26"
Anirit Ventures Ltd,ANIRIT,"Real Estate","64.188","0","0","0.09000000000000008","7.3999999999999995",,"0.91","0","0","-13.19","0","0","-0.82"
Naman Industries Proxima Ltd,NAMAN,"Business Support Services","64.0886319","52.17","-29.57","-26.009999999999998","39.229999999999976",,"13.06","0","0","14.14","8.04","21.42","-9.5"
Blue Coast Hotels Ltd,BLUECOAST,"Hotels, Resorts & Cruise Lines","63.95856025","82.8","-1.16","-0.1399999999999999","16.500000000000004",,"1.54","0.02","0","-141.66","0.89","3.0700000000000003","-0.52"
Vishal Bearings Ltd,VISHALBL,"Industrial Machinery","63.958257","0","-8.25","1.3300000000000005","73.05",,"0.93","4.27","0","22.36","8.15","34.74","8.65"
Agri-Tech (India) Ltd,AGRITECH,"Agro Products","63.86688","0","0.23","-0.41000000000000003","1.8100000000000234",,"0","0","0","94.2","0","10.066","-0.64"
Betex India Ltd,BETXIND,"Textiles","63.855","7.45","-3.12","-3.12","23.470000000000006",,"-1.69","7.63","0","24.650000000000002","0.67","7.98","1.69"
Abha Power and Steel Ltd,ABHAPOWER,"Iron & Steel","63.84919605","22.93","-10.09","15.110000000000001","28.34000000000001",,"22.62","0","0","9.32","0.43","25.34","2.58"
AVSL Industries Ltd,AVSL,"Specialty Chemicals","63.8135064","5.56","-7.49","0.1599999999999997","60.4",,"1.52","0","0","26.94","7.51","35.25","6.13"
Anmol India Ltd,ANMOL,"Commodities Trading","63.80076215","0","8.37","-12.499999999999986","251.55",,"118.67","3.2","0","50.55","1.26","2.08","-139.54"
Ceejay Finance Ltd,CEEJAY,"Consumer Finance","63.77325","0","-0.4","-0.3000000000000007","49.89","111.99","13.26","0","0.41","72.38","0.43","6.65","-13.16"
SBI Silver ETF,SBISILVER,"Silver","63.715599123000004",,,,,,,,,,,,
Mysore Petro Chemicals Ltd,MYSORPETRO,"Commodity Chemicals","63.714996864","3.99","8.94","0.02999999999999936","52.26",,"-1.54","229.29","1.65","210.10999999999999","0","14.500000000000002","-7.37"
Amwill Health Care Ltd,AMWILL,"Health Care Equipment & Supplies","63.711466","36.92","-46.22","0.6700000000000017","2.24999999999999",,"41.33","0","0","12.29","0.72","1.3792","5.56"
Cranex Ltd,CRANEX,"Industrial Machinery","63.70286","5.24","-0.82","-0.010000000000000231","32.29999999999999",,"2.59","1.92","0","6.75","0.09","5.6899999999999995","-1.78"
Genpharmasec Ltd,GENPHARMA,"Commodities Trading","63.6777655","20.76","-15.3","-13.56","14.620000000000005",,"-1.25","18.84","0","-10.970000000000002","5.71","7.590000000000001","2.99"
Ladderup Finance Ltd,LADDERUP,"Investment Banking & Brokerage","63.614862","6.2","-6.72","0.8000000000000003","27.740000000000013","2.91","-2.9","89.89","0","54.279999999999994","0.04","5.4","10.42"
Khaitan (India) Ltd,KHAITANLTD,"Sugar","63.593","0","-0.23","1.1799999999999997","43.36000000000001",,"-3.46","4.93","0","22.64","0.17","47.269999999999996","4.87"
Malpani Pipes and Fittings Ltd,MALPANI,"Building Products - Others","63.58725","22.47","-6","0.11999999999999744","65.4",,"20.08","0","0","13.410000000000004","6.25","15.53","-13.96"
Skyline Millars Ltd,SKYLMILAR,"Real Estate","63.554315","12.94","2.58","0.050000000000000266","1.5300000000000011",,"0","0.01","0","7.549999999999999","0.01","0.08000000000000002","-2.53"
Gowra Leasing and Finance Ltd,GOWRALE,"Consumer Finance","63.53237","9.33","0.11","-0.1699999999999946","21.660000000000007","51.2","32.63","0","0","18.64","0.03","3.55","-32.91"
Kasturi Metal Composite Ltd,KASTURI,"Building Products - Others","63.4107932","2.86","-2.09","2.58","19.609999999999996",,"2.13","0","0","7.26","2.89","11.1588","2.54"
Winsome Breweries Ltd,WINSOMBR,"Alcoholic Beverages","63.3341121","0","1.29","-1.06","16.560000000000002",,"0.23","9.74","0","6.52","0.45","9.579999999999998","-2.58"
Saj Hotels Ltd,SAJHOTELS,"Hotels, Resorts & Cruise Lines","63.290625","19.67","-8.72","17.209999999999997","7.499999999999986",,"21.24","0.2","0","81.22","7.54","98.49","4.69"
Unique Organics Ltd,UNIQUEO,"Packaged Foods & Meats","63.22086","0","-1.47","11.46","2.8899999999999997",,"-1.46","0","0","27.11","0.72","2.48","14.39"
Alliance Integrated Metaliks Ltd,AIML,"Building Products - Prefab Structures","63.192","593.12","-0.05","-1.4300000000000006","596.3700000000001",,"-8.9","0","0","-896.21","0.13","188.48000000000002","7.52"
Supreme Facility Management Ltd,SFML,"Business Support Services","63.190314","38.96","-51.39","27.770000000000003","159.24",,"63.57","3.55","0","24.93","47.06","81.5082","15.59"
Conart Engineers Ltd,CONART,"Construction & Engineering","63.03236","1.98","-1.65","3.2300000000000004","9.680000000000001",,"-0.03","1.41","0","27","1.07","5.84","4.91"
Arvind Port and Infra Ltd,ARVINDPORT,"Logistics","63.005982","46.36","-41.75","2.6200000000000045","16.189999999999994",,"36.39","9.34","0","15.689999999999998","25.64","71.89","7.98"
BAMPSL Securities Ltd,BAMPSL,"Diversified Financials","62.7948702","0","2.73","-0.010000000000000231","0.51","2.69","0","0","0","5.42","0","0.29","-2.74"
Dharan Infra-EPC Ltd,DHARAN,"Real Estate","62.745101424","58.9","10.45","11.489999999999998","177.20999999999998",,"-15.66","0.32","0","-26.85","0.02","0.68","16.7"
Trescon Ltd,TRESCON,"Real Estate","62.7102","23.79","47.68","2.5","44.9",,"43.73","9.63","0","19.310000000000002","6.83","8.702300000000001","-88.91"
Universal Starch Chem Allied Ltd,UNIVSTAR,"Packaged Foods & Meats","62.601","1.6","-18.48","-0.45000000000000195","155.71",,"-4.55","0.38","0","63.99999999999999","18.55","122.3","22.58"
Delta Autocorp Ltd,DELTIC,"Two Wheelers","62.381967839999994","43","-2.07","31.92","11.850000000000005",,"46.67","0","0","14.770000000000003","1.94","3.7614000000000005","-12.68"
Cranes Software International Ltd,CRANESSOFT,"Software Services","62.1941409","187.77","-0.17","-0.0699999999999994","889.4699999999999",,"5.07","0","0","-1123.3400000000001","0.17","0.5699999999999363","-4.97"
Ashnoor Textile Mills Ltd,ASHNOOR,"Textiles","62.151945211000005","5.59","-9.69","-2.95","80.56000000000002",,"-5.69","1.24","0","64.86999999999999","2.26","38.03","12.43"
Mishka Exim Ltd,MISHKA,"Commodities Trading","62.135","0","0.28","-0.06999999999999992","3.5900000000000034",,"0.22","16.76","0","7.59","0","2.1","-0.57"
Hilltone Software and Gases Ltd,HILLTONE,"Industrial Machinery","62.1201492","1.17","0.58","1.1099999999999999","3.840000000000001",,"-0.23","0","0","1.56","1.82","6.91","0.76"
Hariyana Ship Breakers Ltd,HRYNSHP,"Commodities Trading","62.09833669","1.4","3.8","-2.89","19.169999999999984",,"-4.55","137.47","0","139.29999999999998","0","10.589999999999998","-2.14"
NCL Research and Financial Services Ltd,NCLRESE,"Diversified Financials","62.079024","0","16.9","-0.5600000000000003","9.539999999999987","90.36","0.01","2.86","0","5.92","0","0.13","-17.47"
Brace Port Logistics Ltd,BRACEPORT,"Logistics","62.043588","17.64","-12.74","2.2600000000000016","4.660000000000007",,"18.59","0","1.88","10.530000000000001","2.11","3.7","-3.59"
Yuvraaj Hygiene Products Ltd,YUVRAAJHPL,"FMCG - Household Products","62.00898170399999","0","-4.49","0.08999999999999964","12.579999999999998",,"-1.09","0","0","-8.08","4.92","4.639999999999999","5.67"
Shree Hari Chemicals Export Ltd,SHHARICH,"Specialty Chemicals","61.941791789999996","3.35","-6.05","-3.1599999999999997","54.50000000000001",,"3.69","0.95","0","23.7","6.55","21.399999999999995","-0.8"
Bajaj Finserv Nifty 50 ETF,NIFTYBETF,"Equity","61.936857072",,,,,,,,,,,,
Asston Pharmaceuticals Ltd,APL,"Pharmaceuticals","61.85932012000001","0","0.73","0.18999999999999995","17.109999999999996",,"-0.51","0","0","4.76","0.03","0.9600000000000001","-0.03"
Dhruv Consultancy Services Ltd,DHRUV,"Construction & Engineering","61.831014939999996","53.19","-3.09","7.619999999999997","38.77",,"25.11","0.08","0.78","31.35000000000001","3.77","11.090000000000002","-14.4"
Agro Phos (India) Ltd,AGROPHOS,"Fertilizers & Agro Chemicals","61.815776635","7.06","0.05","0.010000000000000231","92.52999999999997",,"-3.53","6.04","0","38.04","0.49","22.82","3.49"
Dhanlaxmi Cotex Ltd,DHANCOT,"Labs & Life Sciences Services","61.79307475","8.98","-2.07","-0.17999999999999994","0.18",,"0","27.49","0","59.06999999999999","0","8.639999999999999","1.89"
Trident Texofab Ltd,TTFL,"Textiles","61.737560388","20.93","-19.92","3.009999999999998","53.33999999999999",,"36.65","1.89","0","8.64","0","20.089999999999996","-13.72"
Repono Ltd,REPONO,"Logistics","61.6854792","0","-2.34","0.010000000000000231","11.66",,"2.02","0","0","6.72","1.47","6.8","0.33"
Dhanalaxmi Roto Spinners Ltd,DHANROTO,"Textiles","61.62474","0","-16.12","-18.84","34.040000000000006",,"3.84","0.77","0.59","49.11","0.03","4.01","-6.56"
Modern Engineering and Projects Ltd,MEAPL,"Agro Products","61.56825","37.08","-17.4","0.6199999999999974","71.89999999999999",,"44.82","4.4","0","3.490000000000002","13.48","29.270000000000003","-26.8"
Magnus Steel and Infra Ltd,MAGNUS,"IT Services & Consulting","61.5383615","0","0","-0.009999999999999995","2.91",,"0.1","0","0","-4.83","0","0","-0.11"
Essex Marine Ltd,ESSEX,"FMCG - Foods","61.383764","0","-0.59","-0.04999999999999982","30.439999999999994",,"5.42","0.33","0","4.72","0.55","20.15","-4.88"
Samay Project Services Ltd,SAMAY,"Construction & Engineering","61.3205334","0","0.09","1.1100000000000003","11.530000000000008",,"-0.58","0","0","9.2","0.24","2.66","1.6"
Alkosign Ltd,ALKOSIGN,"Online Services","61.247420475","22.78","-1.74","-3.27","18.070000000000004",,"-2.38","0","0","3.009999999999998","1.78","16.315800000000003","0.85"
Jupiter Infomedia Ltd,JUPITERIN,"Publishing","61.1721","0.38","1.21","3.5700000000000003","0.6800000000000072",,"1.29","20.62","0","15.67","0","0.6125","1.07"
JFL Life Sciences Ltd,JFLLIFE,"Pharmaceuticals","61.04134755","0","-0.01","4.440892098500626e-16","32.449999999999996",,"3.54","0","0.28","6.46","0.4","12.24","-3.53"
Paramount Speciality Forgings Ltd,PSFL,"Industrial Machinery","61.0142","19.75","-9.8","14.09","64.49000000000001",,"26.76","0","0","12.549999999999997","4.71","13.830000000000002","-2.87"
Punjab Communications Ltd,PUNJCOMMU,"Telecom Equipments","60.983521679999996","69.09","-9.78","-19.17","66.64999999999999",,"0","0","0","-52.59","0.15","3.8999999999999986","-9.39"
Homre Ltd,HOM,"IT Services & Consulting","60.96634325","29.55","-0.53","0","3.4600000000000026",,"1.6","0.17","0","-49.24","0.53","1.6500000000000001","-1.07"
Orient Press Ltd,ORIENTLTD,"Packaging","60.92","9.54","2.29","-0.009999999999999787","99.35",,"-10.1","1.93","0","45.95","2.59","56.910000000000004","7.8"
Hiliks Technologies Ltd,HILIKS,"IT Services & Consulting","60.888","8.54","-0.76","0.370000000000001","1.499999999999995",,"12.25","1.5","0","3.0900000000000016","0.76","0.75","-11.12"
SPA Capital Advisors Ltd,SPACAPS,"Diversified Financials","60.869655","0.25","5.73","0.07000000000000073","23.83","12.42","-2.9","2.72","0","13.68","1.77","2.13","-2.76"
Cambridge Technology Enterprises Ltd,CTE,"IT Services & Consulting","60.697680962999996","0","-33.49","-22.92","128.08000000000004",,"-41.57","16.73","0","48.32","33.55","56.53000000000001","52.14"
Luxury Time Ltd,LUXURY,"Precious Metals, Jewellery & Watches","60.6729858","1.2","-0.65","-1.62","11.170000000000002",,"-0.64","0","0","11.010000000000002","0.66","0.8000000000000003","-0.33"
Rudra Gas Enterprise Ltd,RUDRAGAS,"Gas Distribution","60.57557","10.16","6.08","0.9799999999999998","41.88",,"-0.2","0.83","0","13.809999999999999","0.41","6.420000000000001","-4.9"
ATC Energies System Ltd,ATCENERGY,"Batteries","60.554142","40.7","-13.12","62.510000000000005","59.13999999999998",,"62.77","0","0","28.060000000000002","8.74","14.23","12.86"
Royale Manor Hotels and Industries Ltd,RAYALEMA,"Hotels, Resorts & Cruise Lines","60.5477066","2.86","-3.28","0.040000000000000036","9.89",,"3.23","2.85","0","38.63","0","23.470000000000002","0.09"
Balkrishna Paper Mills Ltd,BALKRISHNA,"Paper Products","60.379402967999994","23.29","23.89","0.3999999999999986","77.85",,"-19.35","0","0","-224.44","0","0.42000000000000004","-4.14"
Ganesha Ecoverse Ltd,GANVERSE,"Plastic Products","60.2568925","37.63","-45.46","-0.5799999999999983","2.8499999999999908",,"46.71","34.12","0","-21.360000000000003","0.01","0.01999999999999999","-1.83"
Elegant Marbles and Grani Industries Ltd,ELEMARB,"Building Products - Granite","60.163715","0","8.87","3.479999999999999","5.78999999999998",,"-0.81","101.62","0.81","142.28","5.39","9.2","-4.58"
Virya Resources Ltd,VIRYA,"Commodities Trading","60.15","0","-2.1","-1.1102230246251565e-16","1.3200000000000003",,"0.66","2.1","0","3.86","0","0.01","1.44"
Mirae Asset Nifty 1D Rate Liquid ETF - IDCW,LIQUID,"Debt","60.007499919000004",,,,,,,,,,,,
Suvidhaa Infoserve Ltd,SUVIDHAA,"Online Services","60.004713339999995","101.48","-0.54","-5.7","39.29999999999999",,"-0.13","28.55","0","-85","1.08","2.75","-5.03"
Palco Metals Ltd,PALCO,"Metals - Diversified","60","0","-7.59","-4.91","65.83",,"-27.91","0.37","0","7.62","1.84","17.18","30.59"
Rajasthan Tube Manufacturing Co Ltd,RAJTUBE,"Building Products - Pipes","59.95374","1.65","0.02","0.33000000000000007","10.599999999999996",,"-3.02","0.05","0","2.61","0.07","1.4899999999999993","3.33"
Steelman Telecom Ltd,STML,"Telecom Services","59.944059","17.63","-31.5","0.38000000000000256","116.00999999999999",,"39.31","0","0","3.3200000000000003","29.78","54.71","-7.43"
Riba Textiles Ltd,RIBATEX,"Textiles","59.780223910000004","8.25","-14.31","-2.2300000000000013","83.55999999999999",,"-5.53","0","0","79.99","15.48","101.42","17.61"
Priti International Ltd,PRITI,"Home Furnishing","59.68937616","27.5","3.96","-1.9399999999999997","6.759999999999985",,"0.28","1.67","0","30.770000000000003","0.77","6.779999999999999","-6.18"
Safa Systems & Technologies Ltd,SSTL,"Telecom Services","59.6463894","4.95","0.18","-0.20000000000000018","58.18999999999999",,"-5.93","10.08","0","7.919999999999999","0.01","0.8909999999999996","5.55"
H. M. Electro Mech Ltd,HMEML,"Construction & Engineering","59.59152","21.32","-10.61","2.2699999999999996","31.910000000000007",,"18.68","0.32","0","30.439999999999998","10.99","1.8599999999999999","-5.8"
Kabra Drugs Ltd,KABRADG,"Pharmaceuticals","59.57782705","7.89","-0.05","18.630000000000003","0.5600000000000005",,"23.39","0","0","-6.9399999999999995","0.05","0.04","-4.71"
Kothari Fermentation and Biochem Ltd,KFBL,"Agro Products","59.55","0","-3.56","0.029999999999998472","71.34",,"-7.11","0","0","41.57","3.7","91.96999999999998","10.7"
Kshitij Polyline Ltd,KSHITIJPOL,"Stationery","59.538521364","22.56","15.57","-0.4200000000000008","19.96000000000001",,"-7.36","5.46","0","-3.639999999999997","2.1","10.280000000000001","-8.63"
Rachana Infrastructure Ltd,RILINFRA,"Construction & Engineering","59.442975","35.31","7.01","-0.9700000000000006","23.689999999999998",,"-7.49","0.32","0","43.989999999999995","0","27.049999999999997","-0.49"
Aeonx Digital Technology Ltd,AEONXDIGI,"IT Services & Consulting","59.43643156","7.84","-1.79","-3.1400000000000006","11.78000000000001",,"3.26","0","0.46","38.959999999999994","3.34","3.2299999999999995","-4.61"
Warren Tea Ltd,WARRENTEA,"Agro Products","59.33574186","9.63","-0.85","-10.48","10.299999999999994",,"-0.15","41.38","0","76.4","0.08","5.67","-9.48"
Vivo Bio Tech Ltd,VIVOBIOT,"Biotechnology","59.271167388","21.65","-15.84","-0.10999999999999988","65.32999999999996",,"3.9","0","0","31.82","22.27","80.75929999999998","11.83"
S A Tech Software India Ltd,SATECH,"IT Services & Consulting","59.214769335","17.08","0.65","1.4100000000000001","20.49",,"13.64","2.75","0","9.510000000000002","1.59","3.84","-12.88"
Filtra Consultants and Engineers Ltd,FILTRA,"Environmental Services","59.2056","0","4.39","2.12","12.960000000000003",,"-2.54","0","2.47","13.21","0.07","3.7600000000000002","0.27"
Manav Infra Projects Ltd,MANAV,"Construction & Engineering","59.1542","4.3","-2.45","6.879999999999999","13.529999999999996",,"6.68","0","0","-9.36","2.81","3.33","2.65"
Bridge Securities Ltd,BRIDGESE,"Investment Banking & Brokerage","58.89714","0","-0.23","-0.10999999999999999","1.82",,"0.73","0","0","-1.14","0.23","0.22","-0.61"
Supertech EV Ltd,SEVL,"Three Wheelers","58.790278816","1.01","-1.64","0.05000000000000071","27.38999999999999",,"6.82","0","0","6.680000000000001","1.64","3.17","-5.13"
3P Land Holdings Ltd,3PLAND,"Real Estate","58.482","11.97","-1.21","-0.040000000000000036","13.79","0","0","131.94","0","124.13","0","1.6399999999999997","1.17"
DhanSafal Finserve Ltd,DHANSAFAL,"Specialized Finance","58.37498","19.72","-2.03","14.779999999999994","13.799999999999994","43.32","51.94","0","0.37","5.09","2.31","2.14","-35.13"
Regis Industries Ltd,REGIS,"Business Support Services","58.333764","10","0","-9.35","0.019999999999996448","0","0","0","0","-1.0399999999999991","0","0","-9.35"
Shree Rajasthan Syntex Ltd,SHRAJSYNQ,"Textiles","58.29507773099999","27.17","7.2","-0.6499999999999995","27.070000000000007",,"-3.8","0","0.18","-56.05","4.65","16.780000000000015","-4.05"
Axis NIFTY IT ETF,AXISTECETF,"Equity","58.26358014299999",,,,,,,,,,,,
AJC Jewel Manufacturers Ltd,AJCJEWEL,"Precious Metals, Jewellery & Watches","58.256256","0","0.08","0.46000000000000085","34.61",,"8.41","0","0","10.29","0.15","3.2699999999999996","-8.03"
BDR Buildcon Ltd,BDR,"Real Estate","58.243425","0","0","-0.039999999999999925","12.609999999999998",,"0.54","0","0","2.47","0","0","-0.58"
Starlog Enterprises Ltd,STARLOG,"Construction & Engineering","58.19163767999999","388.2","3.97","-2.919999999999998","52.90999999999997",,"9.58","12.12","0","-339.53999999999996","6.95","29.640000000000015","-16.47"
Aimco Pesticides Ltd,AIMCOPEST,"Fertilizers & Agro Chemicals","58.068997167999996","15.28","-1.71","0.9500000000000002","146.14",,"-0.02","0","0","4.820000000000002","1.71","30.805699999999998","2.68"
Victoria Mills Ltd,VICTMILL,"Real Estate","58.05184","0","10.53","-0.19000000000000106","4.16",,"-0.49","0.3","0.49","64.72","0","0.56","-10.23"
Baweja Studios Ltd,BAWEJA,"Movies & TV Serials","58.04505315","63.65","-3.11","-46.83","83.84000000000003",,"25.81","7.29","0","21.919999999999995","0.03","4.09","-69.53"
Onyx Biotec Ltd,ONYX,"Pharmaceuticals","58.02304","22.7","0.66","7.15","35.62",,"5.07","0","0","14.790000000000003","1.05","40.9","1.42"
PVV Infra Ltd,PVVINFRA,"Construction & Engineering","58.01459929600001","0","-7.31","0.060000000000002274","30.420000000000005",,"31.32","0.02","0","0.81","7.29","28.46","-23.95"
Arman Holdings Ltd,ARMAN,"Diversified Financials","57.83655","1.49","0","-0.02","0.03",,"0","2.12","0","-0.41999999999999993","0","0","-0.02"
Phaarmasia Ltd,PHRMASI,"Pharmaceuticals","57.687812","0","-0.12","-0.27","12.829999999999995",,"-0.15","0","0","1.91","0.17","12.296499999999998","0"
Nippon India ETF Nifty 50 Value 20,NV20BEES,"Equity","57.53478381",,,,,,,,,,,,
Edelweiss Nifty LargeMidcap 250 ETF,ELM250,"Equity","57.489957360000005",,,,,,,,,,,,
GACM Technologies Ltd,GATECH,"Stock Exchanges & Ratings","57.342596272","29.69","-24.85","-0.1999999999999993","16.70000000000001",,"29.23","6.8","0","-59.92","18.61","18.229999999999997","-4.58"
Dar Credit & Capital Ltd,DCCL,"Consumer Finance","57.24676","30.8","4.14","-11.479999999999997","149.06999999999996","0","-42.33","0","0.5","32.72","0.48","7.44","26.71"
VMS Industries Ltd,VMS,"Shipbuilding","57.120894594000006","44.21","3.07","-29.659999999999997","53.439999999999976",,"13.74","0","1.22","27.54","1.75","7.2","-46.47"
Royal Cushion Vinyl Products Ltd,ROYALCU,"Building Products - Glass","57.078000720000006","92.19","-0.91","-0.8999999999999986","114.22999999999999",,"18.17","0.04","0","-157.45","2.36","48.43","-18.16"
Aastamangalam Finance Ltd,AASTAFIN,"Specialized Finance","57.068620436","38.42","0","-3.4700000000000024","47.600000000000016","118.87","30.16","0","0","20.11","0","0.03","-33.63"
Jayant Infratech Ltd,JAYANT,"Construction & Engineering","56.851773","10.18","-22.9","-6.779999999999999","52.01999999999998",,"9.19","4.34","0","24.439999999999998","0.17","0.9500000000000002","6.93"
Burnpur Cement Ltd,BURNPUR,"Cement","56.8420809","11.61","-0.01","-0.20999999999999952","496.45",,"2.14","0","0","-523.24","0.01","0.17","-2.34"
Hardcastle and Waud Manufacturing Co Ltd,HARDCAS,"Commodity Chemicals","56.6001842","7.89","-2.4","-1.71","3.129999999999997","0","0","24.27","0","36.95","1.39","20.74","0.69"
Shiva Mills Ltd,SHIVAMILLS,"Textiles","56.482857088","0","-2.65","-0.24","26.200000000000017",,"-1.64","0.6","0","83.77","3.18","60.3","4.05"
Star Housing Finance Ltd,STARHFL,"Consumer Finance","56.45922282000001","42.34","3.96","23.229999999999997","425.85","415.22","84.52","8.49","0","47.34","0","2.96","-65.25"
Misquita Engineering Ltd,MISQUITA,"Industrial Machinery","56.256","4.9","-0.43","-1.2000000000000002","2.6599999999999984",,"2.23","0.36","0","2.6999999999999993","0.36","3.9399999999999995","-3"
Pentagon Rubber Ltd,PENTAGON,"Auto Parts","56.24445","13.86","-9.51","-3.9800000000000004","27.470000000000006",,"-0.28","0","0","10.379999999999999","9.54","10.970000000000002","5.81"
Jamshri Realty Ltd,JAMSHRI,"Real Estate","56.241325","0","-1.66","-0.30999999999999983","57.46000000000001",,"0.03","0.03","0","-12.16","0.26","30.96","1.32"
Hira Automobiles Ltd,HIRAUTO,"Four Wheelers","56.170176","0","-4.05","1.100000000000001","90.92999999999998",,"-3.31","0","0","11.71","2.29","15.689999999999998","8.46"
ICDS Ltd,ICDSLTD,"Diversified Financials","56.1320503","3.33","-1.42","-0.2499999999999999","3.239999999999995",,"0.11","0.92","0","12.59","0.1","9.73","1.06"
Capfin India Ltd,CAPFIN,"Diversified Financials","56.0710899","3.55","-1.45","2.1","0.10999999999999933","2.31","3.83","0","0","-0.08999999999999986","0","0","-0.28"
Divyadhan Recycling Industries Ltd,DIVYADHAN,"Textiles","55.93868054","11.63","-10.13","-1.9899999999999984","7.08",,"19.94","0","0","9.01","10.15","21.17","-11.8"
Teamo Productions HQ Ltd,TPHQ,"Construction & Engineering","55.9071996","11.96","-2.18","0.7700000000000031","14.45999999999999",,"26.44","29.2","0","6.039999999999999","2.08","10.17","-23.49"
We Win Ltd,WEWIN,"Outsourced services","55.905822","0","-5.64","-6.56","23.62",,"-3.6","0.07","0","18.17","10.14","12.26","2.68"
Constronics Infra Ltd,CONSTRONIC,"Construction & Engineering","55.741703409","22.53","-0.75","1.9499999999999993","9.610000000000001",,"28.91","0","0","-4.620000000000001","0.47","1.1894","-26.21"
ARC Insulation & Insulators Ltd,ARCIIL,"Building Products - Others","55.605852","4.93","-7.37","-0.0600000000000005","14.08",,"6.97","0.01","0","13.04","7.53","13.06","0.34"
DK Enterprises Global Ltd,DKEGL,"Packaging","55.48412","5.15","-2.34","1.42","26.4",,"-1.88","0","1.5","15.76","3.05","16.2492","5.64"
Gayatri Highways Ltd,GAYAHWS,"Construction & Engineering","55.3595889","0","-3.24","10.309999999999974","1322.56",,"-161.43","91.43","0","-673.87","0","0.12000000000000005","174.98"
Defrail Technologies Ltd,DEFRAIL,"Building Products - Ceramics","55.141697","0","-8.28","0.7300000000000004","25.340000000000003",,"11.11","0","0","3.31","10.99","12.81","-2.1"
Presstonic Engineering Ltd,PRESSTONIC,"Construction & Engineering","55.0202988","14.15","-5.16","-8.88","21.64000000000001",,"-0.51","0","0","3.83","4.82","10.6","-3.21"
AccelerateBS India Ltd,ACCELERATE,"Software Services","54.9748992","0.22","-0.66","1.08","2.6799999999999997",,"0.94","0","0.28","0.7100000000000001","0.07","0.9125","0.8"
Vruddhi Engineering Works Ltd,VRUDDHI,"Construction & Engineering","54.9510416","3.59","-1.84","0.2400000000000002","7.8",,"5.61","0.01","0","2.34","1.89","3.1399999999999997","-3.53"
Vigor Plast India Ltd,VIGOR,"Building Products - Pipes","54.86401","0","-12.11","8.881784197001252e-16","27.71999999999999",,"-2.46","0","0","4.93","13","27.839999999999996","14.57"
Diligent Industries Ltd,DILIGENT,"Packaged Foods & Meats","54.83907617999999","31.65","-3.62","0.25","49.80000000000001",,"20.76","0","0","9.020000000000003","3.65","14.590000000000002","-16.89"
Popular Foundations Ltd,PFL,"Construction & Engineering","54.81682","14.44","-0.57","0.16999999999999993","30.659999999999986",,"11.38","0","0","7.880000000000001","0.7","4.23","-10.64"
Neptune Logitek Ltd,NEPLOG,"Logistics","54.8","0","-2.73","-1.120000000000001","99.30000000000001",,"-10.08","0","0","9.95","5.22","37.300000000000004","11.69"
Malu Paper Mills Ltd,MALUPAPER,"Paper Products","54.794311","14.8","-2.89","0.09999999999999976","178.06999999999996",,"-0.83","0.11","0","-37.58","2.45","67.24000000000001","3.82"
VSF Projects Ltd,VSFPROJ,"Construction & Engineering","54.75142044","42.44","-69.69","-129.8","73.02000000000001",,"-49.58","0","0","39.93000000000001","2.02","153.8","-10.53"
Pranik Logistics Ltd,PRANIK,"Logistics","54.66539475","17.3","-6.78","0.3099999999999987","24.439999999999998",,"19.04","0","0","9.57","7.41","8.55","-11.95"
Shlokka Dyes Limited,SHLOKKA,"Specialty Chemicals","54.5917974","0","-1.04","-0.03000000000000025","64.31",,"-4.09","0","0","12.2","1.04","21.6","5.1"
Rodium Realty Ltd,RODIUM,"Real Estate","54.402325","0","-4.74","2.9199999999999995","141.66000000000003",,"1.98","2.26","0","10.76","2.2","1.92","5.68"
Sharika Enterprises Ltd,SHARIKA,"Construction & Engineering","54.3848","0","-3.59","-0.1900000000000004","49.129999999999995",,"4.88","0","0","0.31","2.79","4.602500000000001","-1.48"
Hybrid Financial Services Ltd,HYBRIDFIN,"Business Support Services","54.251054825","0","1.65","-2.72","9.27","0","-0.73","24.17","0.02","24.48","0.05","1.69","-3.64"
Flex Foods Ltd,FLEXFO,"Agro Products","54.14505","0","-5.71","0.10000000000000142","346.65",,"8.14","0","0.62","29.35","6.04","259.88","-2.33"
Fortune International Ltd,FORINTL,"Conglomerates","54.032","0","0.9","0.5","0.45",,"0","42.35","0","36.32","0.04","0.04","-0.4"
Perfectpac Ltd,PERFEPA,"Packaging","54.008545","1","-3.42","-0.3999999999999997","12.329999999999998",,"-1.05","0","0.67","35.2","3.89","18.82","4.07"
Vivimed Labs Ltd,VIVIMEDLAB,"Specialty Chemicals","53.976958665","231.38","-4.53","-1.3200000000000003","956.01",,"4.96","168.5","0","-283.13","4.53","271.51099999999997","-1.75"
Studio LSD Ltd,STUDIOLSD,"Animation","53.9674252","0","-9.16","-3.4000000000000004","19.119999999999994",,"0","8","0","19.36","0.06","0.5299999999999999","5.76"
Growington Ventures India Ltd,GROWINGTON,"Agro Products","53.94612384","0.06","-0.14","1.5200000000000005","19.44",,"4.23","0","0","4.930000000000001","0.01","1.33","-2.57"
Viji Finance Ltd,VIJIFIN,"Specialized Finance","53.865","3","-0.11","5.25","13.66","27.06","8.24","0.05","0","4.14","0.11","1.7099999999999997","-2.88"
SSMD Agrotech India Ltd,SSMD,"FMCG - Foods","53.764664315999994","0.99","-0.82","0.8900000000000001","11.24",,"-0.75","0","0","5.3999999999999995","0","1.8","2.46"
Dhatre Udyog Ltd,DHATRE,"Precious Metals, Jewellery & Watches","53.7145685","16.74","0.12","-0.58","1.7700000000000091",,"0","10.04","0","17.88","0.05","4.8500000000000005","-0.7"
Konstelec Engineers Ltd,KONSTELEC,"Construction & Engineering","53.605","19.01","-3.97","-0.6799999999999997","139.84000000000003",,"18.11","0.09","0","64.57","2.87","12.46","-14.82"
Karma Energy Ltd,KARMAENG,"Renewable Energy","53.557150422","0","-1.89","0.49","12.02",,"0.72","5.76","0","28.41","1.9700000000000002","22.060000000000002","1.66"
Yash Chemex Ltd,YASHCHEM,"Commodities Trading","53.480921925","1.63","0.41","0.010000000000000009","27.69000000000002",,"0.34","10.95","0","25.77","0.22","4.1443","-0.74"
Groww Nifty EV & New Age Automotive ETF,GROWWEV,"Equity","53.47992637",,,,,,,,,,,,
Mefcom Capital Markets Ltd,MEFCOMCAP,"Investment Banking & Brokerage","53.4699828","0","1.8","0.629999999999999","8.5","0","7.04","3.76","0","10.27","0.04","0.20079999999999973","-8.21"
Apollo Ingredients Ltd,APOLLOIN,"Hospitals & Diagnostic Centres","53.3728","0","0","-0.12","0.39",,"0","0","0","1.08","0","0","-0.12"
Facor Alloys Ltd,FACORALL,"Iron & Steel","53.18888056","26.68","1.04","-0.9899999999999995","84.62",,"1.99","0","0","63.11000000000001","0","107.27000000000001","-4.02"
Saboo Sodium Chloro Ltd,SABOOSOD,"Packaged Foods & Meats","53.177866427","2.15","-1.04","-10.899999999999999","27.68",,"2.59","9.1","0","2.72","1.04","14.728200000000003","-12.45"
Jigar Cables Ltd,JIGAR,"Cables","53.1708","5.86","-2.33","1.0300000000000002","4.170000000000004",,"-3.55","0","0","5.63","2.3","5.09","6.91"
Vinny Overseas Ltd,VINNY,"Textiles","53.038114908","22.55","-11.63","6.050000000000004","23.909999999999982",,"32.52","0","0","13.109999999999996","9.89","31.38","-14.84"
Olatech Solutions Ltd,OLATECH,"Software Services","52.961545","2.08","-8.57","1.5","4.549999999999996",,"6.24","1.27","0","7.300000000000001","1.96","2.92","3.83"
Shayona Engineering Ltd,SHAYONAENG,"FMCG - Household Products","52.9348448","2.91","-8.81","-0.019999999999999574","19.7",,"11.09","0","0","4.14","9.05","12.65","-2.3"
Krypton Industries Ltd,KRYPTONQ,"Tires & Rubber","52.92436513","3.66","-6.57","-0.28000000000000014","29.29",,"0.88","0.26","1.47","12.379999999999999","4.98","17.150000000000002","5.41"
Rajgor Castor Derivatives Ltd,RCDL,"Commodity Chemicals","52.85403292","36.95","0.99","0.41999999999999993","72.18999999999997",,"-11.61","1.18","0.24","22.14","0.61","20.42","11.04"
Swastik Pipe Ltd,SWASTIK,"Iron & Steel","52.6192569","90.65","-8.29","5.609999999999999","319.17",,"-9.93","0","0","92.35999999999999","11.38","87.33000000000001","23.83"
Isl Consulting Ltd,ISLCONSUL,"Investment Banking & Brokerage","52.56","0","0.41","-0.050000000000000044","0.01","0","0","1.58","0","1.01","0.01","0.08000000000000002","-0.46"
Le Lavoir Ltd,LELAVOIR,"Business Support Services","52.55754","0","-2.52","1.81","5.310000000000002",,"0.36","0","0","4.35","2.4","5.11","3.97"
Axis NIFTY Healthcare ETF,AXISHCETF,"Equity","52.421471739",,,,,,,,,,,,
Grovy India Ltd,GROVY,"Real Estate","52.264849968","0","0.76","0","28.139999999999993",,"12.66","0.77","0.03","7.08","0.02","0.15999999999999998","-13.42"
Italian Edibles Ltd,ITALIANE,"Packaged Foods & Meats","52.237228785","22.61","1.79","-0.28","35.660000000000004",,"1.32","0","0","6.5","1.21","8.308","-3.39"
ICICI Prudential BSE Midcap Select ETF,MIDSELIETF,"Equity","52.15669632",,,,,,,,,,,,
Bandaram Pharma Packtech Ltd,BANDARAM,"Paper Products","52.118568","0","-0.08","0.08000000000000007","23.110000000000003",,"5.09","1.4","0.24","0.65","0.08","3.95","-4.93"
Dhanlaxmi Crop Science Ltd,DHANLAXMI,"Seeds","52.08632","16.83","-1.54","12.79","36.98",,"26.64","0","0","12.780000000000001","1.83","3.86","-12.31"
Electro Force (India) Ltd,EFORCE,"Electronic Equipments","52.065002225","40.09","-16.4","0.7100000000000004","4.890000000000015",,"-0.02","0","0","7.989999999999995","18.13","20.349500000000003","17.13"
Acrow India Ltd,ACROW,"Industrial Machinery","52.0416","0","0.83","0.04999999999999993","5.479999999999998",,"0","0","0","21.76","0","2.41","-0.78"
Aditya Ultra Steel Ltd,AUSL,"Iron & Steel","52.030514960000005","36.13","-9.24","4.219999999999999","97.49",,"57.49","0","0","38.62","3.33","34.23","-44.03"
GANGA Bath Fittings Ltd,GANGABATH,"Building Products - Others","51.96636432","3.4","-1.27","2.2800000000000002","24.97",,"4.79","0","0","2.89","0.1","2.36","-1.24"
Amkay Products Ltd,AMKAY,"Health Care Equipment & Supplies","51.93384","8.75","-5.84","1.4299999999999997","5.809999999999995",,"7.59","6.85","0","6.66","2.73","4.250000000000001","-0.32"
Raghuvansh Agrofarms Ltd,RAFL,"Agro Products","51.8413425","14.49","-7.8","-5.460000000000001","21.790000000000013",,"3.84","2.54","0","48.6","7.86","22.060000000000002","-1.5"
Eforu Entertainment Ltd,EFORU,"Precious Metals, Jewellery & Watches","51.831951","0","6.09","4.22","0.06999999999999978",,"-0.01","0","0","1.9","0","0","-1.86"
Goldline Pharmaceutical Ltd,GLPL,"Pharmaceuticals","51.7824","0","0.16","0.4500000000000002","15.920000000000002",,"-2.03","0.04","0.21","1.65","0.21","2.837","2.32"
SOFCOM Systems Ltd,SOFCOM,"IT Services & Consulting","51.77261268","67.16","-0.04","0.13999999999999996","2.509999999999991",,"0.35","0","0","1.5100000000000051","0.04","0.032099999999985585","-0.17"
Sonu Infratech Ltd,SONUINFRA,"Construction & Engineering","51.745","28.22","-20.74","7.900000000000006","121.95",,"47.7","2.05","0","20.21","15.84","24.85","-19.06"
Anjani Foods Ltd,ANJANIFOODS,"Restaurants & Cafes","51.705465","0.22","-6.05","-1.04","25.330000000000002",,"1.48","0","0","10.03","6.06","32.370400000000004","3.53"
Groww Nifty India Defence ETF,GROWWDEFNC,"Equity","51.58461101",,,,,,,,,,,,
Rollatainers Ltd,ROLLT,"Packaging","51.52678","91.49","2.35","-0.029999999999999805","43.56",,"1.37","0","0","-123.83","1.38","0","-3.75"
Spright Agro Ltd,SPRIGHT,"Agro Products","51.432362016000006","0","-0.03","0.18999999999999773","6.430000000000001",,"44.35","4.88","0","23.2","0.01","0.16","-44.13"
ZR2 Bioenergy Ltd,ZR2,"Renewable Energy","51.39144","11.9","-116.66","14.780000000000001","0.1500000000000091",,"100.39","0","0","4.6899999999999995","119.49","119.46","31.05"
Biofil Chemicals and Pharmaceuticals Ltd,BIOFILCHEM,"Pharmaceuticals","51.3601128","1.73","-0.1","-2.02","32.18",,"0","0","0","0.7799999999999998","0.1","8.34","-1.92"
SVP Global Textiles Ltd,SVPGLOB,"Textiles","51.2325","0","60.56","9.239999999999995","3240.6399999999994",,"105.92","3.6","0","-1134.43","75.49","1455.8292999999999","-157.24"
Aditya Consumer Marketing Ltd,ACML,"Retail - Speciality","51.203970613","0","0.4","2.2699999999999996","16.06999999999999",,"-1.36","0","0","6.06","0.34","9.879999999999999","3.23"
DSP Nifty 50 Equal Weight ETF,EQUAL50ADD,"Equity","51.144220204",,,,,,,,,,,,
Arunaya Organics Ltd,ARUNAYA,"Specialty Chemicals","51.124529280000004","0","-2.77","-0.050000000000000044","44.22",,"1.78","0.53","0","4.64","0.53","3.4000000000000004","0.94"
Ahlada Engineers Ltd,AHLADA,"Home Furnishing","51.03795","63.11","0.57","0","72.48",,"-14.16","0","2.07","63.11","0.04","66.85000000000001","13.59"
Vishwas Agri Seeds Ltd,VISHWAS,"Seeds","51","19.68","0.61","4.899999999999999","56.5",,"13.11","0","0","20.11","3.03","22.630000000000003","-8.82"
Rapid Multimodal Logistics Ltd,RAPID,"Logistics","50.993856","7.48","-0.48","3.7800000000000002","4.400000000000001",,"5.16","0","0","2.9299999999999997","0.29","0.37","-0.9"
Three M Paper Boards Ltd,THREEMPAPE,"Packaging","50.979004","27.22","-26.96","0.00999999999999801","136.77",,"17.28","1.19","0","57.379999999999995","28.86","100.18","9.69"
Modipon Ltd,MODIPON,"Real Estate","50.9374316","0","-0.05","-0.010000000000000002","99.39",,"0","0","0","-103.32","0","0.02","0.04"
Storage Technologies and Automation Ltd,STAL,"Building Products - Others","50.82072","0","-1.73","3.610000000000003","36.78",,"22.42","0","0","30.01","1.55","8.020000000000001","-17.08"
TSC India Ltd,TSC,"Tour & Travel Services","50.8162655","0","1.35","-2.110000000000001","42.33",,"10","0","0","5.48","0.19","2.01","-13.46"
Ultra Wiring Connectivity System Ltd,UWCSL,"Auto Parts","50.786852960000004","3.44","-4.96","1.0500000000000003","22.509999999999994",,"-0.68","0","0","13.38","5.11","22.08","6.69"
Shanmuga Hospital Ltd,SHANMUGA,"Hospitals & Diagnostic Centres","50.722038","14.54","-4.48","-0.7300000000000004","13.090000000000003",,"16.39","0.03","0","11.55","4.4","22.43","-12.64"
Gujarat Craft Industries Ltd,GUJCRAFT,"Plastic Products","50.7161125","3.02","-7.52","-0.040000000000000036","94.61000000000003",,"1.46","0.04","0.49","55.58","5.82","63.46000000000001","6.02"
Shipwaves Online Ltd,SHIPWAVES,"Logistics","50.65521","0","-6.54","0.040000000000000036","54.32999999999999",,"6.89","0","0","16.42","6.49","16.1005","-0.31"
Palred Technologies Ltd,PALREDTEC,"IT Services & Consulting","50.557195277999995","96.7","0.21","-0.16000000000000014","69.33",,"-13.91","0","0","-60.52","0.05","3.3000000000000003","13.54"
Bang Overseas Ltd,BANG,"Apparel & Accessories","50.53812","60.09","5.02","0.13999999999999968","83.58",,"-3.36","0.5","0","13.450000000000003","0.35","18.05","-1.52"
Shelter Pharma Ltd,SHELTER,"Pharmaceuticals","50.510376","12.21","-7.13","-1.6199999999999994","5.620000000000005",,"0.03","0","0.38","18.95","2.65","6.639999999999999","5.48"
HDFC Nifty 1D Rate Liquid ETF - Growth,HDFCLIQUID,"Debt","50.461753854",,,,,,,,,,,,
Sameera Agro and Infra Ltd,SAIFL,"Construction & Engineering","50.402145","59.16","-20.2","0.05000000000000071","27.37000000000001",,"13.27","36.53","0","49.46000000000001","4.14","15.42","6.98"
AKI India Ltd,AKI,"Apparel & Accessories","50.364506528","36.38","-1.51","0.9700000000000006","49.22999999999999",,"5.15","1.14","0","4.189999999999998","0.71","20.4","-2.67"
Ansal Housing Ltd,ANSALHSG,"Real Estate","50.346703644","28.23","1.7","-3.5800000000000125","1404.78",,"-138","1.23","0","41.25999999999999","0.83","15.21","132.72"
UTI Nifty Bank ETF,BANKBETA,"Equity","50.26630088",,,,,,,,,,,,
Divyashakti Ltd,DIVSHKT,"Building Products - Granite","50.22504317","0","0.65","-7.51","22.96999999999997",,"-4.5","0","2.05","187.58","0.12","96.66999999999999","-3.66"
Aditya Birla Sun Life CRISIL Liquid Overnight ETF,ABSLLIQUID,"Equity","50.1834",,,,,,,,,,,,
Pulz Electronics Ltd,PULZ,"Electronic Equipments","50.1584","0","-3.57","-0.5399999999999998","7.5400000000000045",,"0.07","0.91","0","11.57","0.66","4.069500000000001","2.96"
Phosphate Company Ltd,PHOSPHATE,"Fertilizers & Agro Chemicals","50.143972","2.63","2.25","-5.54","38.64",,"-2.79","10","0","81.63000000000001","0.06","68.42","-5"
Travels & Rentals Ltd,TRAVELS,"Tour & Travel Services","50.14080038","10.85","0.5","0.5899999999999999","24.370000000000005",,"21.56","0.59","0","6.1899999999999995","0.02","0.31999999999999995","-21.47"
Axis Nifty 50 ETF,AXISNIFTY,"Equity","50.11501022",,,,,,,,,,,,
Trom Industries Ltd,TROM,"Renewable Energy Equipment & Services","50.06604537","27.18","-3.08","16.409999999999997","35.07",,"37.69","0","0","10.369999999999997","0.1","0.19000000000000006","-18.2"
ICICI Pru Nifty Financial Services Ex-Bank ETF,FINIETF,"Equity","50.0543064",,,,,,,,,,,,
Happy Square Outsourcing Services Ltd,WHITEFORCE,"Employment Services","49.997724","0","-0.39","0.43000000000000016","27.14999999999999",,"2.46","0.03","0","4.07","1.47","3.15","-1.64"
Shreyas Intermediates Ltd,SHREYASI,"Specialty Chemicals","49.8811456","0","-1.35","0","10.200000000000005",,"0","0.83","0","-58.46","0","14.599999999999994","1.35"
Gujarat Poly Electronics Ltd,GUJARATPOLY,"Electronic Equipments","49.8807","0","-0.01","-0.12","11.280000000000001",,"-0.04","10.67","0","2.73","0.16","1.5899999999999999","-0.07"
IFL Enterprises Ltd,IFL,"Textiles","49.801735719999996","0","-22.9","-0.1700000000000017","23.490000000000006",,"49.97","6.03","0","3.13","0.01","0.28","-27.24"
Prudential Sugar Corp Ltd,PRUDMOULI,"Sugar","49.603576","16.5","-0.28","-5.43","81.45000000000002",,"14.68","0","0","59.290000000000006","0","2.58","-19.83"
Celebrity Fashions Ltd,CELEBRITY,"Apparel & Accessories","49.508581382","11.54","-2.49","0.10999999999999965","126.48000000000002",,"-0.47","0","0","-50.67","0.21","25.049999999999997","3.07"
Ravi Kumar Distilleries Ltd,RKDL,"Alcoholic Beverages","49.344","62.1","-0.18","-0.030000000000000027","90.18",,"0.59","8.26","0","-44.2","0.18","3.459999999999999","-0.44"
Caspian Corporate Services Ltd,CASPIAN,"Business Support Services","49.27272","3.73","-0.76","-0.09999999999999987","54.55",,"1.8","0.27","0.63","12.68","6.67","5.859999999999999","-1.14"
Dangee Dums Ltd,DANGEE,"FMCG - Foods","49.272","24.25","5.74","-0.20000000000000107","21.01",,"-10.74","0.02","0","-23.84","0.88","22.06","4.8"
Mantra Capital Ltd,MANTRA,"Specialized Finance","49.248","23.96","-36.83","6.090000000000003","8.319999999999999","26.15","51.21","12.77","0","-15.990000000000002","1.27","1.08","-8.29"
Roopshri Resorts Ltd,ROOPSHRI,"Hotels, Resorts & Cruise Lines","49.2337164","7.61","0.31","3.88","1.2700000000000036",,"0","0","0","0.7499999999999991","0.3","1.7894","3.57"
Netlink Solutions (India) Ltd,NETLINK,"IT Services & Consulting","49.231364625","0","1.99","3.52","0.5999999999999965",,"0","18.45","0","27.82","0","0.2724999999999999","1.53"
Toss The Coin Ltd,TTC,"Oil & Gas - Refining & Marketing","49.1967","7.87","-4.78","2.6399999999999997","1.2500000000000018",,"7.27","0","0.63","3.2199999999999998","0.96","0.89","0.15"
Vedavaag Systems Ltd,VEDAVAAG,"Software Services","49.1340348","33.01","-5.97","1.0999999999999996","36.15",,"6.85","0.01","1.72","78.75999999999999","6.1","24.429799999999997","0.22"
Mohite Industries Ltd,MOHITE,"Textiles","49.043268","0","0.39","-1.230000000000004","132.41000000000003",,"-33.31","0.34","0","93.96","0.21","104.16000000000001","31.69"
Superior Industrial Enterprises Ltd,SIEL,"Packaging","49.04285","19.95","-0.46","0.050000000000000266","14.310000000000066",,"-3.13","136.8","0","109.24999999999999","0.52","5.859999999999999","3.64"
Nanavati Ventures Ltd,NVENTURES,"Precious Metals, Jewellery & Watches","48.91825","17.13","0","-0.06","5.8800000000000034",,"0","0","0","0.6900000000000013","0","0.22999999999999998","-0.06"
Phoenix International Ltd,PHOENXINTL,"Footwear","48.89119872","22.42","-0.3","-0.8399999999999999","92.88",,"-20","6.14","0","310.37","0.07","266.90999999999997","19.46"
G.S. Auto International Ltd,GSAUTO,"Auto Parts","48.85607628","11.76","-1.2","0.030000000000001137","74.25",,"-10.12","0","0","4.050000000000001","1.33","36.81","11.35"
Aditya BSL Nifty Healthcare ETF,HEALTHY,"Equity","48.767278751999996",,,,,,,,,,,,
3B Films Ltd,3BFILMS,"Plastic Products","48.751296","8.78","-5.64","-0.46000000000000085","127.46000000000001",,"-9.71","0","0","5.32","5.64","82.02","14.89"
Sacheta Metals Ltd,SACHEMT,"Housewares","48.75","11.73","0.3","-0.76","24.229999999999993",,"0.28","0.01","0.63","14.98","0.97","10.29","-1.34"
Mangalam Drugs and Organics Ltd,MANGALAM,"Pharmaceuticals","48.687690848","22.38","-19.47","1.4100000000000037","217.43",,"-21.71","0","0","110.77000000000001","20.2","139.60920000000002","42.59"
Archies Ltd,ARCHIES,"Retail - Speciality","48.60942","7.38","0.19","0.3200000000000003","66.58000000000001",,"-7.54","0","0","116.07000000000001","0.61","114.55000000000001","7.67"
Wires and Fabriks (SA) Ltd,WIREFABR,"Industrial Machinery","48.472125","3.06","-54.92","-0.03999999999999915","157.7100000000001",,"37.54","0","0.04","44.21","55.16","128.98000000000005","17.34"
Smiths & Founders (India) Ltd,SMFIL,"Iron & Steel","48.448349375","0","-0.24","0.010000000000000009","2.420000000000005",,"-1.79","0","0","9.68","0.26","18.85","2.04"
Mac Hotels Ltd,MACH,"Hotels, Resorts & Cruise Lines","48.4290768","8.42","-1.28","5.069999999999999","4.939999999999996",,"10.09","0.02","0","-2.4799999999999995","1.28","5.95","-3.74"
Danube Industries Ltd,DANUBE,"Paper Products","48.40668","13.19","-0.38","-1.6499999999999986","29.239999999999995",,"16.72","0.29","0","2.880000000000001","0.31","1.03","-17.99"
Sam Industries Ltd,SAMINDUS,"Real Estate","48.40117155","5.54","-9.93","-0.43999999999999995","42.75999999999999",,"3.78","9.24","0","54.2","40.05","92.35","5.71"
Roni Households Ltd,RONI,"Plastic Products","48.2709864","3.74","-0.92","0.9099999999999999","11.22",,"0.34","0","0","1.17","0.94","3.12","1.49"
Shalimar Productions Ltd,SHALPRO,"Movies & TV Serials","48.232087337","2.6","-0.68","-0.17000000000000004","6.20000000000002",,"0","4.97","0","0.31999999999999984","0.69","5.271300000000004","0.51"
Austere Systems Ltd,AUSTERE,"Software Services","48.1994164","2.62","0.24","4.01","2.36",,"3.26","0","0","5.999999999999999","0.19","1.1100000000000003","0.51"
Morgan Ventures Ltd,MORGAN,"Investment Banking & Brokerage","48.1967703","0","-9.26","0.34999999999999964","188.43999999999997","0","11.5","254.84","0","79.36","1.63","20.12","-1.89"
Sambandam Spinning Mills Ltd,SAMBANDAM,"Textiles","48.168657","5.39","-0.43","-0.05000000000000071","167.22",,"-16.41","2.18","0","76.29","2.67","122.97","16.79"
Solitaire Machine Tools Ltd,SOLIMAC,"Industrial Machinery","48.12435472","0","-4.69","0.24999999999999956","9.630000000000004",,"2.71","0","0.81","15.07","5.02","16.560000000000002","2.23"
Chamunda Electrical Ltd,CHAMUNDA,"Power Generation","48.09007578","10.22","-10.96","-0.009999999999999787","3.329999999999998",,"10.38","0","0","3.8599999999999994","2.93","6.73","0.57"
Sona Machinery Ltd,SONAMAC,"Agro Products","47.96538","40.04","-22.91","-40.27","26.09000000000001",,"1.32","0","0","15.530000000000001","26.8","31.430000000000003","-18.68"
ARC Finance Ltd,ARCFIN,"Investment Banking & Brokerage","47.933029264999995","7.33","-2.9","0.75","2.029999999999986","69.96","43.99","2.62","0","3.84","0.1","1.27","-40.34"
ICICI Pru Nifty Alpha Low- Volatility 30 ETF,ALPL30IETF,"Equity","47.912937039999996",,,,,,,,,,,,
Shekhawati Industries Ltd,SHEKHAWATI,"Textiles","47.80989","52.8","0.77","0.11999999999999997","24.910000000000007",,"-0.1","0","0","-74.08","0.75","1.7700000000000002","-0.55"
Shree Pacetronix Ltd,SHREEPAC,"Health Care Equipment & Supplies","47.6399385","0.58","-0.04","0.14","9.279999999999998",,"0.19","0","0","9.6","0.72","4.8100000000000005","-0.01"
USG Tech Solutions Ltd,USGTECH,"IT Services & Consulting","47.61236568","1.04","0","0.010000000000000009","5.67",,"1.85","1.28","0","-3.92","0","6.94","-1.84"
Ind Bank Housing Ltd,INDBNK,"Consumer Finance","47.5","0","0","-0.34","129.49","0","0","0.01","0","-130.87","0","0","-0.34"
Oriental Trimex Ltd,ORIENTALTL,"Cement","47.48569319","39.32","30.53","0.7499999999999929","27.80999999999997",,"42.9","0","0","-14.830000000000002","0","14","-72.68"
Rithwik Facility Management Services Ltd,RITHWIKFMS,"Business Support Services","47.43","7.14","-1.94","3.58","9.179999999999998",,"-0.74","0","0.31","13.66","1.17","3.0699999999999994","6.26"
Kanishk Aluminium India Ltd,KANISHK,"Building Products - Others","47.42976","1.46","1.62","0.03000000000000011","33.90999999999999",,"0.17","0","0","5.67","0.25","12.879999999999999","-1.76"
Seacoast Shipping Services Ltd,SEACOAST,"Logistics","47.40384","0.18","-0.05","-0.029999999999999805","90.86999999999999",,"3.82","0","0","28.15","0.05","0.049999999999999996","-3.8"
Jhandewalas Foods Ltd,JFL,"Packaged Foods & Meats","47.260206860000004","31.53","-0.57","-0.14000000000000057","34.34999999999999",,"39.25","0","0","-22.93","0.57","9.33","-38.82"
Mahip Industries Ltd,MAHIP,"Packaging","47.1379608","11.43","1.83","-0.22999999999999998","19.23",,"-1.86","0","0","-40.82","0.48","1.52","-0.2"
Takyon Networks Ltd,TAKYON,"Communication & Networking","47.133702","0","0.37","-0.5400000000000009","50.489999999999995",,"-8.73","0","0","24.69","0.04","2.5705000000000005","7.82"
Lerthai Finance Ltd,LERTHAI,"Diversified Financials","47.082","0","2.38","1.95","0.3400000000000018","0","0","3.17","0","9.42","0","0","-0.43"
Ritesh International Ltd,RITESHIN,"Commodity Chemicals","47.070312083999994","4.62","-4.23","-1.0000000000000004","15.459999999999996",,"1.48","0","0","9.440000000000001","4.43","14.800000000000002","1.75"
Kotak Silver ETF,SILVER1,"Silver","46.9249515",,,,,,,,,,,,
Lippi Systems Ltd,LIPPISYS,"Industrial Machinery","46.872","6.4","0.55","1.8599999999999997","0.8699999999999928",,"-0.78","0","0","7.73","0","5.649999999999999","2.09"
Deccan Transcon Leasing Ltd,DECCANTRAN,"Logistics","46.81030288","48.63","-42.55","1.240000000000002","54.96000000000004",,"59.28","5.42","0","17.999999999999993","43.01","64.68","-15.49"
Sodhani Capital Ltd,SODHACAP,"Asset Management","46.75631323","0","-2.71","-0.1300000000000001","0.18000000000000022","0","-0.03","4.61","0","1.16","0.21","0.06999999999999998","2.61"
Rolcon Engineering Company Ltd,ROLCOEN,"Industrial Machinery","46.7208","0","-2.99","0.5599999999999998","12.62",,"-0.18","5.71","0.15","25.12","2.81","8.049999999999999","3.73"
Veerhealth Care Ltd,VEERHEALTH,"Pharmaceuticals","46.676442984","0","-8.2","0.9299999999999997","11.55",,"9.52","0","0","2.22","8.81","19.87","-0.39"
PAN HR Solution Ltd,PANHR,"Employment Services","46.547379389999996","2.07","0.45","-1.8900000000000001","17.799999999999997",,"-0.89","0.24","2","16.06","0.1","0.9100000000000001","-1.45"
AD- Manum Finance Ltd,ADMANUM,"Specialized Finance","46.4925","9","0.51","-0.07000000000000006","8.24000000000001","0","-1.08","5.74","0","63.519999999999996","0.03","0.2399120000000002","0.5"
Golden Tobacco Ltd,GOLDENTOBC,"FMCG - Tobacco","46.469628478","53.36","0.39","0.24000000000000002","352.54",,"0","1.19","0","-274.88","0.01","7.930000000000001","-0.15"
Akash Infra-Projects Ltd,AKASH,"Construction & Engineering","46.321380898","18.04","0.4","0.620000000000001","123.54999999999998",,"-9.33","3.3","0","49.76","0.28","5.8504999999999985","9.55"
Kiduja India Ltd,KIDUJA,"Investment Banking & Brokerage","46.32","6.32","0","0.04000000000000625","76.62","0","-72.83","52.9","0","-32.379999999999995","0","0","72.87"
Axel Polymers Ltd,AXELPOLY,"Commodity Chemicals","46.25972642","2.44","-0.87","1.1600000000000001","52.27",,"5.69","0","0","4.18","0.99","6.4313","-3.66"
Incap Ltd,INCAP,"Electronic Equipments","46.1988","0.22","-4.63","-5.07","13.7",,"1.67","2.57","0.51","10.889999999999999","4.28","7.33","-2.11"
Bombay Metrics Supply Chain Ltd,BMETRICS,"Logistics","46.1772","0","-2.43","-0.23000000000000043","35.25999999999999",,"7.24","0","0.28","6.88","1.28","8.6252","-5.04"
GTN Industries Ltd,GTNINDS,"Textiles","46.008411494","11.12","-8.41","-8.719999999999999","53.12000000000002",,"-5.75","0","0","54.74","3.26","53.46","5.44"
Vista Pharmaceuticals Ltd,VISTAPH,"Pharmaceuticals","45.917722622","47.4","-0.44","0.6399999999999997","14.86",,"8.06","0.05","0","-14.299999999999997","0.44","28.84","-6.98"
CCL International Ltd,CCLINTER,"Construction & Engineering","45.8511214","0.01","-0.57","0.040000000000000036","28.200000000000003",,"-1.02","1.02","0","28.06","1.18","16.950000000000003","1.63"
Simandhar Impex Ltd,SIMANDHAR,"Precious Metals, Jewellery & Watches","45.808021125","0","0","0","0.04",,"0","0","0","-0.01","0","0","0"
Auri Grow India Ltd,AURIGROW,"Cables","45.76344","0","4.65","0.11000000000001364","173.33999999999995",,"101.31","0","0","8.11","0","0.42999999999999994","-105.85"
Callista Industries Ltd,CALLISTA,"Real Estate","45.72928588","0","0","0","1.5",,"0.62","0","0","-3.82","0","0","-0.62"
Srestha Finvest Ltd,SRESTHA,"Diversified Financials","45.695","1","-19.3","-2.2900000000000063","60.27","129.04","70.52","67","0","-18.09","0","1.75","-53.51"
SBI Nifty 200 Quality 30 ETF,SBIETFQLTY,"Equity","45.582376455",,,,,,,,,,,,
Evans Electric Ltd,EVANS,"Business Support Services","45.5504","0","-1.84","-1.98","8.730000000000004",,"-0.84","13.96","0.82","20.77","0.57","2.01","0.7"
Mask Investments Ltd,MASKINVEST,"Investment Banking & Brokerage","45.4642985","0","0.3","0.04999999999999999","0.9500000000000091","0","-0.13","97.46","0","94.99","0","0","-0.12"
U H Zaveri Ltd,UHZAVERI,"Precious Metals, Jewellery & Watches","45.444852","2.67","-0.01","0.19000000000000017","13.239999999999998",,"1.6","4.76","0","6.609999999999999","0","0.14","-1.4"
Share Samadhan Ltd,SSL,"Specialized Finance","45.3993811","17.18","-4.58","14.3","3.860000000000002",,"20.53","1.04","0","5.420000000000002","3.39","5.757605","-1.65"
Capital Trust Ltd,CAPTRUST,"Consumer Finance","45.359279771","132.36","-10.58","-0.4400000000000013","117.67000000000002","82.92","29.49","10.56","0","-63.30000000000001","0.69","1.77","-19.35"
Panafic Industrials Ltd,PANAFIC,"Diversified Financials","45.333","0","0","-1.1300000000000001","0.04","9.57","-0.01","0","0","1.67","0","0.010000000000000009","-1.12"
Sita Enterprises Ltd,SITAENT,"Diversified Financials","45.315","0","0.62","0.14","0.14","4.32","0","10.06","0","12.48","0","0.8999999999999999","-0.48"
Umiya Tubes Ltd,UMIYA,"Iron & Steel","45.296507831999996","1.75","4.27","7.759999999999999","1.7099999999999986",,"-0.19","0","0","-3.42","0","0","3.68"
NAM Securities Ltd,NAM,"Investment Banking & Brokerage","45.23888","1.99","-1.79","-0.7","0.4999999999999998","0","0","0","0","3.9699999999999998","1.91","2.42","1.09"
Sri Chakra Cement Ltd,SRICC,"Cement","45.234","0","-1.02","-0.879999999999999","152.17000000000002",,"15.71","2.13","0","-20.34","1.29","85.30000000000001","-15.57"
Kaizen Agro Infrabuild Ltd,KAIZENAGRO,"Agro Products","45.142271664","61.08","23.74","-0.7000000000000004","2.81",,"0.03","32.21","0","2.8400000000000034","0","0.049999999999999996","-24.47"
Jindal Hotels Ltd,JINDHOT,"Hotels, Resorts & Cruise Lines","45.115","4.25","-3.85","1.580000000000001","59.66",,"-7.53","0.02","0.02","11.22","4.54","67.33","12.96"
Minal Industries Ltd,MINALIND,"Precious Metals, Jewellery & Watches","45.09665275","11.67","0.11","0.5600000000000005","21.740000000000002",,"-3.58","0","0","3.1899999999999995","0.46","3.7699999999999996","4.03"
Manugraph India Ltd,MANUGRAPH,"Industrial Machinery","45.075120401999996","21.45","14.72","1.9400000000000013","88.88999999999999",,"-13.11","0","0.03","25.74","0.14","84.69849999999998","0.33"
Gurunanak Agriculture India Ltd,GURUNANAK,"Agricultural & Farm Machinery","45","0.21","5.61","0.8500000000000005","7.889999999999997",,"-6.81","0","0","3.9000000000000004","0.07","4.510000000000001","2.05"
Welcast Steels Ltd,ZWELCAST,"Metals - Diversified","44.904198765","0.48","2.83","-1.12","7.949999999999993",,"-0.21","0","0.16","38.61000000000001","0.51","3.8900000000000006","-3.74"
Rexpro Enterprises Ltd,REXPRO,"Business Support Services","44.8818723","41.32","-5.43","34.849999999999994","38.99000000000001",,"42.76","0.08","0","9.270000000000003","0.56","3.6999999999999997","-2.48"
Simplex Realty Ltd,SIMPLXREA,"Real Estate","44.87073","1.43","19.01","3.210000000000001","23.009999999999998",,"18.95","14.05","0.3","111.67999999999999","0.03","0.8099999999999999","-34.75"
Aatmaj Healthcare Ltd,AATMAJ,"Hospitals & Diagnostic Centres","44.861","31.22","-0.69","1.3599999999999999","13.119999999999994",,"-1.29","0","0","7.600000000000001","0.74","12.3659","3.34"
Rajnish Wellness Ltd,RAJNISH,"FMCG - Personal Products","44.675298139999995","4.95","9.34","0.16000000000000014","7.140000000000006",,"-4.93","3.31","0","2.3599999999999994","0.01","0.04999999999999999","-4.25"
Kontor Space Ltd,KONTOR,"Business Support Services","44.6505","13.94","-7.35","-7.359999999999999","12.429999999999998",,"-0.96","0","0","6.049999999999999","7.35","18.99","0.95"
Orient Beverages Ltd,ORIBEVER,"Soft Drinks","44.634975","0.96","-4.76","1.2100000000000009","110.50999999999998",,"5.99","2.74","0","17.89","4","29.709999999999997","-0.02"
India Home Loan Ltd,INDIAHOME,"Home Financing","44.587639110000005","10.53","-4.64","0.120000000000001","58.19","47.68","-7.54","0","0","16.630000000000003","0.52","0.5799999999999996","12.3"
Dindigul Farm Product Ltd,DFPL,"Building Products - Ceramics","44.51014816","38.35","-11.19","-0.00999999999999801","29.35",,"23.61","0.25","0","-27.57","11.61","21.76","-12.43"
Tarapur Transformers Ltd,TARAPUR,"Heavy Electrical Equipments","44.479525091","60.42","0.45","-0.21999999999999886","11.31",,"-26.24","0","0","-79.28","0","4.140000000000001","25.57"
Madhucon Projects Ltd,MADHUCON,"Construction & Engineering","44.42455388","293.13","51.19","26.78","5617.23",,"-109.15","0.55","0","-1767.04","486.83","211.5599999999998","84.74"
Sylph Industries Ltd,SYLPH,"IT Services & Consulting","44.390847060000006","46.19","-27.76","-1.1300000000000008","8.540000000000001",,"9.51","0","0","-4.1299999999999955","0","0.01","17.12"
Austin Engineering Company Ltd,AUSTENG,"Industrial Machinery","44.272394","8.68","-5.72","0.69","32.60000000000001",,"-0.27","0","0","53.42","3.09","12.579500000000005","6.68"
Real Eco Energy Ltd,REALECO,"Real Estate","44.2","3.48","-0.36","0.25","5.869999999999998",,"0","0","0","-17.11","0","1.0999999999999996","0.61"
Srigee DLM Ltd,SRIGEE,"Industrial Machinery","44.1687984","0.81","-2.84","-0.6099999999999999","13.219999999999992",,"1.42","0","0","14.389999999999999","2.84","8.879999999999999","0.81"
Sarup Industries Ltd,SARUPINDUS,"Footwear","44.15133","2.73","4.14","0.48999999999999977","68.72999999999999",,"-1.37","0.29","0","-8.99","0","4.669999999999995","-2.28"
Metal Coatings (India) Ltd,METALCO,"Iron & Steel","43.9827804","1.36","-2.86","0.010000000000000675","10.89",,"-2.82","0","0","33.480000000000004","0.68","5.619999999999999","5.69"
Mittal Life Style Ltd,MITTAL,"Textiles","43.956","0","-17.38","3.950000000000003","9.530000000000005",,"24.42","0","0","13.27","13.23","13.75","-3.09"
Toyam Sports Ltd,TOYAMSL,"Diversified Financials","43.91394","208.5","-0.02","-3.88","15.580000000000066",,"1.25","0.13","0","-46.43000000000001","0.02","0.19130000000001246","-5.11"
Arex Industries Ltd,AREXMIS,"Textiles","43.90414","0","-0.79","0.030000000000001137","20.959999999999994",,"-8.09","0","0","22.07","0.78","27.88","8.91"
KMS Medisurgi Ltd,KMSMEDI,"Health Care Equipment & Supplies","43.824","1.88","-0.96","0.050000000000000044","2.25",,"0.27","0","0.02","2.91","0.3","1.6800000000000002","0.74"
Snehaa Organics Ltd,SNEHAA,"Specialty Chemicals","43.7697","0","-7.63","0.020000000000000462","15.280000000000001",,"4.63","0","0","7.28","7.1","13.98","3.02"
Nirmitee Robotics India Ltd,NIRMITEE,"Education Services","43.7544342","0.07","0.28","1.05","2.380000000000001",,"-1.07","0","0","1.52","0.03","0.6221999999999999","1.84"
Dhanlaxmi Fabrics Ltd,DHANFAB,"Textiles","43.7207045","8.96","1.83","0.71","4.210000000000004",,"-1.31","0","0","29.810000000000002","0.17","25.36","0.19"
Ravileela Granites Ltd,RALEGRA,"Building Products - Granite","43.72018","0","0.09","1.7400000000000002","60.92",,"3.93","3.47","0","1.6","0.09","23.299999999999997","-2.28"
Nova Iron and Steel Ltd,NOVIS,"Iron & Steel","43.692640992","0","-36.39","-1.7200000000000009","317.41999999999996",,"-1.01","2.9","0","-47.44","49.76","217.59999999999994","35.68"
Marg Techno-Projects Ltd,MTPL,"Diversified Financials","43.6792","1.6","-0.26","-1.5299999999999994","22.63","32.55","2.87","0.04","0","1.04","0.26","0.8400000000000001","-4.14"
SunGarner Energies Ltd,SEL,"Renewable Energy Equipment & Services","43.6156875","5.35","-2.05","0.16000000000000014","28.919999999999995",,"7.35","0","0","3.5700000000000003","2.05","4.1899999999999995","-5.14"
Artefact Projects Ltd,ARTEFACT,"Construction & Engineering","43.584525","17.04","16","-0.12999999999999945","36.870000000000005",,"2.89","0.16","0","41.36","1.79","13.239999999999998","-19.02"
Salem Erode Investments Ltd,SALEM,"Investment Banking & Brokerage","43.568976","0","-2.62","-8.870000000000001","17.049999999999997","13.54","-8.81","0.95","0","18.23","0.7","9.7","2.56"
Sundrex Oil Company Limited,SOCL,"Commodity Chemicals","43.529044","0","-4.16","3.13","23.110000000000007",,"8.07","4.1","0","5.63","0.88","4.3206","-0.78"
Sai Capital Ltd,SAICAPI,"Investment Banking & Brokerage","43.47743","0","48.7","-12.739999999999995","20.59000000000001","0","-0.07","0","0","351.09","0.05","36.9074","-61.37"
Sainik Finance & Industries Ltd,SAINIK,"Specialized Finance","43.4112","4","0","2.5600000000000005","98.45","81.28","-14.26","0.01","0","29.310000000000002","0","0","16.82"
Zerodha Nifty 1D Rate Liquid ETF,LIQUIDCASE,"Debt","43.408435018",,,,,,,,,,,,
Archidply Decor Ltd,ADL,"Wood Products","43.25532875","29.48","-0.36","0.09000000000000008","27.690000000000015",,"-1.66","0","0","15.720000000000002","0.79","18.7","2.11"
MM Rubber Company Ltd,MMRUBBR-B,"Home Furnishing","43.11908052","7.5","-0.02","-0.2400000000000002","19.549999999999997",,"2.09","0","0","5.470000000000001","0.39","21.18","-2.31"
Sagarsoft (India) Ltd,SAGARSOFT,"IT Services & Consulting","42.975016074","24.87","-0.28","9.370000000000001","38.75",,"-4.27","0","1.34","43.31999999999999","0.88","11.873600000000001","13.92"
Helloji Holidays Ltd,HELLOJI,"Tour & Travel Services","42.9093","1.1","-1.21","2.9","1.9800000000000004",,"1.63","0","0","2.6599999999999997","0.04","0.08999999999999997","2.48"
National Plastic Industries Ltd,NATPLAS,"Plastic Products","42.90912","0","-4.33","-12.27","40.269999999999996",,"-18.16","0","0","32.74","4.35","32.349999999999994","10.22"
Genus Prime Infra Ltd,GENUSPRIME,"Real Estate","42.86873568","0.09","0","0","21.68000000000002",,"0","61.1","0","42.089999999999996","0","0","0"
N G Industries Ltd,NGIND,"Hospitals & Diagnostic Centres","42.852895","0","-1.23","-0.039999999999999925","3.119999999999996",,"-0.62","31.73","1.17","35.17","0.66","5.640000000000001","1.81"
HB Stockholdings Ltd,HBSL,"Investment Banking & Brokerage","42.82599","23.08","-2.22","5.1899999999999995","16.460000000000008","0","12.45","65.63","0","59.239999999999995","0.01","1.4300000000000002","-5.04"
Continental Securities Ltd,CSL,"Investment Banking & Brokerage","42.512388","5","-0.33","0.040000000000000036","0.940000000000002","17.43","4.35","0.2","0","4.17","0.33","0.3699999999999999","-3.98"
Motilal Oswal Nifty 50 ETF,MOM50,"Equity","42.473866749",,,,,,,,,,,,
SBI NIFTY 1D Rate Liquid ETF - Growth,SBILIQETF,"Debt","42.433518256",,,,,,,,,,,,
Chandni Machines Ltd,CHANDNIMACH,"Commodities Trading","42.420032991","0","-3.12","0.8399999999999999","12.239999999999997",,"-2.25","4.2","0","6.99","0.19","2.48","6.21"
Sampat Aluminium Ltd,SAMPAT,"Metals - Aluminium","42.4055","0.51","-3.28","-2.9499999999999997","47.540000000000006",,"3.32","0","0","16.049999999999997","0.48","2.86","-2.99"
Futuristic Solutions Ltd,FUTSOL,"Diversified Financials","42.302252433","0","-0.59","0.08000000000000002","0.6199999999999982","0.02","0.45","1.05","0","4.79","0","0.020000000000000018","0.22"
B2B Software Technologies Ltd,B2BSOFT,"Software Services","42.223690199","0","-1.82","-0.1100000000000001","2.8899999999999966",,"0","0","0","10.88","0.06","0.2299","1.71"
Gokak Textiles Ltd,GOKAKTEX,"Textiles","42.219504768","0","1.79","-4.280000000000001","298.43000000000006",,"-48.99","0","0","-216.77","0","238.05","42.92"
Abm International Ltd,ABMINTLLTD,"Plastic Products","42.185472","0","0.06","3.4299999999999997","23.489999999999995",,"4.6","4.71","0","4.12","0.01","0.54","-1.23"
Sugal and Damani Share Brokers Ltd,SUGALDAM,"Investment Banking & Brokerage","42.175047236000005","0","-8.68","2.7900000000000005","6.6299999999999955",,"-2.36","10.5","0","19.64","0.44","0.48999999999999994","13.83"
Greenleaf Envirotech Ltd,GREENLEAF,"Environmental Services","42.06802875","0","-0.16","2.3899999999999997","12.670000000000002",,"-3.04","0","0","8.01","0.24","0.4800000000000002","5.59"
Taparia Tools Ltd,TAPARIA,"Industrial Machinery","42.02995875","0.5","-11.27","-1.329999999999984","70.69999999999999",,"-69.24","0","67.91","355.35","7.05","26.73","79.18"
Rasi Electrodes Ltd,RASIELEC,"Agricultural & Farm Machinery","42.026175","5.63","-1.1","3.0700000000000003","3.8700000000000054",,"-0.4","0","0","23.41","0.34","6.48","4.57"
Spinaroo Commercial Ltd,SPINAROO,"Packaging","41.957006","7.43","-1.78","-0.4500000000000002","10.990000000000002",,"7.7","1.74","0","2.41","0.15","1.8300000000000003","-6.37"
Rathi Bars Ltd,RATHIBAR,"Iron & Steel","41.920026419","17.86","-6.23","-0.240000000000002","98.62000000000002",,"8.95","0.08","0","62.3","6.11","46.38000000000001","-2.96"
Cybele Industries Ltd,CYBELEIND,"Building Products - Others","41.7457074","0","-0.64","0.870000000000001","32.179999999999986",,"7.94","5.49","0","35.1","0.58","61.36999999999999","-6.43"
Standard Surfactants Ltd,STDSFAC,"FMCG - Household Products","41.72108","5.66","-20.64","0.05999999999999872","71.13000000000001",,"19.04","0","0","15.41","20.7","43.2","1.66"
Madhusudan Securities Ltd,MADHUSE,"Investment Banking & Brokerage","41.660902215","46.98","-4.57","1.3399999999999999","3.230000000000004","0","14.63","28.3","0","13.170000000000002","0","0","-8.72"
Baba Food Processing (India) Ltd,BABAFP,"Agro Products","41.63232765","23.5","-26.58","0.060000000000002274","62.41999999999997",,"26.27","0.08","0","23.46","45.22","84.31639999999999","0.37"
Uma Converter Ltd,UMA,"Packaging","41.5622863","19.09","-1.95","-0.010000000000000675","101.71000000000001",,"-6.33","0.24","0","35.769999999999996","2.13","58.24000000000001","8.27"
ICICI Prudential Nifty Midcap 150 ETF,MIDCAPIETF,"Equity","41.50582984",,,,,,,,,,,,
Newmalayalam Steel Ltd,NMSTEEL,"Building Products - Others","41.49024","28.82","-7.52","7.27","30.25999999999999",,"-10.77","0","0","32.24","8.64","27.87","25.56"
Synoptics Technologies Ltd,SYNOPTICS,"IT Services & Consulting","41.4672","32.91","-11.48","-1.1600000000000001","43.940000000000005",,"11.08","0","0","28.450000000000003","11.48","23.3947","-0.76"
Key Corp Ltd,KEYCORP,"Consumer Finance","41.436","0","0.58","0.11999999999999994","0.3599999999999858","1.35","0","66.11","0","61.9","0.1","0.37","-0.46"
Tamilnadu Telecommunication Ltd,TNTELE,"Telecom Equipments","41.432667","0.98","0.09","-0.020000000000000018","198.85999999999999",,"1.39","0","0","-225.98999999999998","0.28","7.469999999999999","-1.5"
Landmark Global Learning Ltd,LGLL,"Business Support Services","41.32305","29.5","-30.72","2.5500000000000007","7.509999999999995",,"34.14","39.07","0","33.89","3.12","14.649999999999999","-0.87"
Roopa Industries Ltd,ROOPAIND,"Specialty Chemicals","41.27824896","0.17","2.18","0.41000000000000014","58.969999999999985",,"4.82","0.02","0","9.46","0.85","8.809999999999999","-6.59"
Mohit Paper Mills Ltd,MOHITPPR,"Paper Products","41.258","0","-6.54","2.9099999999999997","147.06000000000003",,"-3.97","1.11","0","37.03","31.93","95.16000000000001","13.42"
SBI Nifty Next 50 ETF,SETFNN50,"Equity","41.250120083999995",,,,,,,,,,,,
Lakshmi Finance and Industrial Corp Ltd,LFIC,"Diversified Financials","41.244","0.06","2.16","-2.53","2.569999999999995","0","-1.4","54.37","1.23","55.79","0.01","0.9099999999999999","-3.29"
Polylink Polymers (India) Ltd,POLYLINK,"Commodity Chemicals","41.038944","0","-2.65","0.010000000000000175","9.819999999999997",,"0.33","0","0","18.85","2.65","16.38","2.33"
Sudal Industries Ltd,SUDAI,"Metals - Aluminium","40.993940382","3.25","-2.95","0.15999999999999925","39.22",,"-6.48","0","0","13.25","3.05","36.18000000000001","9.59"
Tirupati Foam Ltd,TIRUFOAM,"Home Furnishing","40.9851","2.56","1.23","2.01","55.25999999999999",,"-5.49","0","0.44","25.490000000000002","0.19","34.42","6.27"
Pratik Panels Ltd,PRATIK,"Commodities Trading","40.9589385","0","0.89","0.07999999999999996","0.30999999999999933",,"0.28","0","0","-0.14","0","0","-1.09"
Prism Medico and Pharmacy Ltd,PRISMMEDI,"Agro Products","40.947989132","0","0","-0.02","0.47999999999999976",,"0","0","0","9.03","0","0.03","-0.02"
Lasa Supergenerics Ltd,LASA,"Pharmaceuticals","40.932712263","41.98","8.15","-0.33000000000000007","17.809999999999995",,"-5.66","0","0","-10.119999999999997","0","48.50359999999999","-2.82"
Swashthik Plascon Ltd,SPL,"Plastic Products","40.8827895","48.18","-18.87","2.239999999999995","114.64",,"40.23","0.93","0","17.529999999999994","22.62","55.052","-19.12"
K G Denim Ltd,KGDENIM,"Textiles","40.86669305","4.44","7.12","2.4800000000000004","352.98",,"-2.88","3.31","0","-38.5","0.63","129.20000000000002","-1.76"
RKD Agri & Retail Ltd,RKDAGRRTL,"Retail - Speciality","40.85655","0","0","0.050000000000000044","0.5000000000000011",,"0.74","0","0","-1.21","0","0.5700000000000001","-0.69"
Ajcon Global Services Ltd,AJCON,"Diversified Financials","40.856216","5.63","-0.32","0.1499999999999999","13.290000000000003","16.28","1.59","1.42","0","11.740000000000002","0.32","2.17","-1.12"
Icon Facilitators Ltd,ICON,"Business Support Services","40.8542008","2.02","-0.43","-0.3599999999999999","11.250000000000004",,"2.89","0","0","4.91","0.43","0.9199999999999999","-2.82"
Seya Industries Ltd,SEYAIND,"Specialty Chemicals","40.75920836","331.44","15.07","-0.019999999999999574","786.5300000000002",,"2","0","0","463.3","0","1448.5900000000001","-17.09"
Shining Tools Ltd,SHTL,"Industrial Machinery","40.74048","1.54","-2.95","-0.29000000000000026","11.68",,"1.49","0","0","2.29","2.97","7.119999999999999","1.17"
N K Industries Ltd,NKIND,"Packaged Foods & Meats","40.7050527","9.03","2.24","-0.019999999999999796","2241.42",,"0.76","0.16","0","-363.15","0.97","122.73760000000003","-3.02"
Bohra Industries Ltd,BOHRAIND,"Fertilizers & Agro Chemicals","40.65053184","14","0","0.02999999999999997","6.08",,"0.47","0.02","0","24.840000000000003","0","15.820000000000002","-0.44"
P B M Polytex Ltd,PBMPOLY,"Textiles","40.57933898","0","6.87","-0.2500000000000002","15.070000000000029",,"-1.51","1.86","0.07","107.63","1.59","52.75","-5.61"
Lee & Nee Softwares (Exports) Ltd,LEENEE,"IT Services & Consulting","40.547698","0","0.83","-0.060000000000000026","1.8000000000000052",,"-0.03","6.94","0","0.97","0.08","0.2865000000000002","-0.86"
H P Cotton Textile Mills Ltd,HPCOTTON,"Textiles","40.51426","1.91","-1.52","0.040000000000000036","76.84",,"-5.81","0","0","10.41","1.71","36.34","7.37"
Shiva Global Agro Industries Ltd,SHIVAAGRO,"Fertilizers & Agro Chemicals","40.481643","17.93","11.83","-2.4400000000000013","60.580000000000005",,"-17.42","1.5","0","61.21","3.17","30.99","3.15"
Ambica Agarbathies Aroma & Industries Ltd,AMBICAAGAR,"Specialty Chemicals","40.452777","2.48","-4.62","0.1299999999999999","114.25000000000006",,"3.33","9.58","0","89.61999999999999","8.79","129.72","1.42"
Manoj Jewellers Ltd,MANOJJEWEL,"Retail - Speciality","40.435326","0","-0.34","-3.2699999999999996","20.71",,"1.49","0","0","8.55","0.36","0.6199999999999999","-4.42"
Kotak Nifty 50 Value 20 ETF,NV20,"Equity","40.404536639999996",,,,,,,,,,,,
Kalyan Capitals Ltd,KALYANCAP,"Consumer Finance","40.330064639999996","16.68","-42.38","24.35","189.23999999999998","202.79","61.46","9.14","0","22.299999999999997","0","2.7399999999999998","5.27"
SVC Industries Ltd,SVCIND,"Commodity Chemicals","40.284551944","164.9","1.33","-0.12999999999999992","176.23000000000008",,"0.04","0","0","-58.730000000000004","0","423.02000000000004","-1.5"
Raminfo Ltd,RAMINFO,"Software Services","40.089629030000005","12.55","-2.59","-11.1","57.980000000000004",,"-3.46","1.13","0","30.84","6.82","29.860000000000003","-5.05"
Vertexplus Technologies Ltd,VERTEXPLUS,"IT Services & Consulting","40.083274","11.63","-0.9","0.25","8.200000000000006",,"1.69","0","0","6.9499999999999975","2.16","13.09","-0.54"
Nippon India ETF Nifty 5 yr Benchmark G-Sec,GILT5YBEES,"Debt","40.08325752",,,,,,,,,,,,
Pan India Corp Ltd,PANINDIAC,"Diversified Financials","40.0659655","70","0.04","-0.07999999999999999","6.3799999999999955","2.12","0","0.55","0","-275.39","0","0","-0.12"
Bervin Investment and Leasing Ltd,BERVINL,"Diversified Financials","40.0657933","0","23.05","0.6300000000000012","11.499999999999998","0","-2.15","1.22","0","22.75","0","0","-20.27"
Stanbik Agro Ltd,STANBIK,"Agro Products","39.974541","2.89","0","0.120000000000001","2.3099999999999965",,"9.9","0","0","4.619999999999999","0","0.30000000000000004","-9.78"
Nettlinx Ltd,NETTLINX,"IT Services & Consulting","39.963959472000006","23.76","-8.37","-0.11999999999999922","29.930000000000014",,"3.3","15.52","0.97","14.469999999999995","11.07","38.81","4.95"
Five Core Electronics Ltd,FIVECORE,"Electronic Equipments","39.8828562393207","33.08","3.19","11.01","84.60999999999999",,"-12.38","0","0","25.120000000000005","5.18","20.322374099999998","20.2"
PCS Technology Ltd,PCS,"IT Services & Consulting","39.764384946","0","2.03","-2.8800000000000003","0.6000000000000001",,"-4.28","0","0","24.56","0.6","8.79","-0.63"
Avax Apparels and Ornaments Ltd,AVAX,"Apparel & Accessories","39.737401919999996","2.46","-1.2","-0.09000000000000008","2.6799999999999984",,"1.68","0","0","3.1100000000000003","1.2","1.83","-0.57"
BSEL Algo Ltd,BSELALGO,"Investment Banking & Brokerage","39.67051272","193.08","6.07","-0.6099999999999994","488.1299999999999","0","0","72.42","0","190.73","0","1.1699999999999995","-6.68"
Envair Electrodyne Ltd,ENVAIREL,"Industrial Machinery","39.66736","4.35","-5.76","-5.8","0.6",,"0.02","2.46","0","-0.7099999999999995","0","0","-0.06"
Rulka Electricals Ltd,RULKA,"Heavy Electrical Equipments","39.645704","19.28","-1.26","-0.740000000000002","25.76",,"15.43","0","0","10.59","1.23","3.55","-14.91"
Relic Technologies Ltd,RELICTEC,"Diversified Financials","39.58544112","0","1.66","5.72","3.8400000000000016","0","4.43","0.02","0","0.02","0.12","1.2088","-0.37"
Sagardeep Alloys Ltd,SAGARDEEP,"Metals - Diversified","39.5561106","2.09","3.53","0.009999999999999787","10.01",,"-7.43","0","0","11.48","0.07","14.84","3.91"
Rasandik Engineering Industries India Ltd,RASANDIK,"Auto Parts","39.4828","24.82","13.76","-0.03999999999999915","63.76999999999999",,"-18.45","0","0","64.62","0.58","128.23999999999998","4.65"
Ashoka Metcast Ltd,ASHOKAMET,"Commodities Trading","39.468684","10.7","-2.42","-0.7099999999999991","24.21999999999999",,"7.98","11.12","0","75.72","1.67","18.07","-6.27"
Grand Foundry Ltd,GFSTEELS,"Iron & Steel","39.46771","0.72","0","-0.010000000000000009","5.639999999999997",,"0.69","0","0","-18.529999999999998","0","0","-0.7"
Swastika Castal Ltd,SWASTIKAAL,"Metals - Aluminium","39.43212","1.17","-1.3","-0.4099999999999999","20.159999999999997",,"-0.98","0","0","3.5","1.36","9.81","1.87"
Sri KPR Industries Ltd,SRIKPRIND,"Building Products - Pipes","39.36468803","0","3.58","-2.7","12.479999999999999",,"-0.54","0","0","101.94","0.64","81.49","-5.74"
Diana Tea Co Ltd,DIANATEA,"Tea & Coffee","39.336384","3.24","-2.71","1.9299999999999997","54.310000000000024",,"8.19","3.79","0.01","53.65","5.65","74.69","-3.55"
Jet Knitwears Ltd,JETKNIT,"Apparel & Accessories","39.312224","6.6","-0.03","-0.71","17.319999999999993",,"-0.74","0","0","11.820000000000002","0","1.32","0.06"
Khyati Global Ventures Ltd,KGVL,"Food Distributors","39.2518125","14.3","-0.94","1.0200000000000014","27.91",,"12.23","3.96","0","9.309999999999999","0.79","2.2100000000000004","-10.27"
Vasundhara Rasayans Ltd,VRL,"Pharmaceuticals","39.218988","0","0.46","-4.02","7.5100000000000025",,"1.35","0","0.64","32.38","0.42","2.49","-5.83"
Sanchay Finvest Ltd,SANCF,"Investment Banking & Brokerage","39.136","1.2","0.36","-0.009999999999999787","0.5500000000000005","0","-2.21","0.11","0","-1.49","0.03","0.039999999999999925","1.84"
MKP Mobility Ltd,MKPMOB,"Auto Parts","39.0904038","1.48","-3","-0.2700000000000002","3.9599999999999995",,"-0.05","0.64","0","1.6800000000000002","0.07","0.12","2.78"
Nirman Agri Genetics Ltd,NIRMAN,"Agro Products","39.08721888","65.17","10","24.310000000000002","3.1999999999999855",,"45.92","0.02","0","36.81","1.78","2.17","-31.61"
Agni Green Power Ltd,AGNI,"Renewable Energy","39.0696","0","0.19","0.49","17.459999999999997",,"-1.01","0","0","11.93","0.04","3.4899999999999998","1.31"
Glance Finance Ltd,GLANCE,"Investment Banking & Brokerage","39.0157905","0","-8.67","-0.9599999999999991","8.500000000000002","7.03","-4.17","25.96","0","42.44","0.02","17.189999999999998","11.88"
Crestchem Ltd,CRSTCHM,"Specialty Chemicals","39","0","-0.88","0.5800000000000001","3.0799999999999996",,"-0.09","0","0.07","4.48","0.14","0.27","1.55"
Biogen Pharmachem Industries Ltd,BIOGEN,"Biotechnology","38.962362821","0","-32.62","2.000000000000007","0.09","65.51","35.7","23.84","0","-9.03","0","0","-1.08"
IEC Education Ltd,IECEDU,"Education Services","38.913","10.5","0","-0.02","2.07",,"0","0","0","4.199999999999999","0","0","-0.02"
LGT Global Hospitality Ltd,LGT,"Tour & Travel Services","38.89712","0","-1.85","4.88","14.719999999999997",,"5.72","0.05","0","5.44","1.72","3.19","1.01"
Iykot Hitech Toolroom,IYKOTHITE,"Industrial Machinery","38.85648","0.71","0.19","-1.3200000000000003","0.2399999999999998",,"0.57","0","0","-2.89","0.01","0.8700000000000001","-2.08"
Murae Organisor Ltd,MURAE,"Fertilizers & Agro Chemicals","38.852354079","10.79","-0.01","34.849999999999966","443.49",,"357.83","0","0","11.780000000000001","0.01","0.01","-322.97"
Aro Granite Industries Ltd,AROGRANITE,"Building Products - Granite","38.709","4.07","0.22","-0.30000000000000426","233.8799999999999",,"-33.53","0.42","0","166.49","0.39","140.14","33.01"
Camex Ltd,CAMEXLTD,"Specialty Chemicals","38.7011817","1.89","-3.98","-6.770000000000001","18.70000000000001",,"-9.13","0","0","30.729999999999997","5.89","7.770000000000001","6.34"
VL Infraprojects Ltd,VLINFRA,"Water Management","38.65275","14.11","-4.17","2.979999999999997","43.26",,"22.54","0","0","12.09","3.9","7.229999999999999","-15.39"
Indobell Insulations Ltd,INDOBELL,"Building Products - Others","38.637605616","6.66","-0.22","1.12","10.090000000000002",,"5.66","0.17","0.12","2.5","0.11","1.77","-4.32"
Blue Pebble Ltd,BLUEPEBBLE,"Construction & Engineering","38.6376","0","-2.6","11.46","8.150000000000007",,"15.59","0.06","2.56","23.46","5.13","5.0905000000000005","-1.53"
Akshar Spintex Ltd,AKSHAR,"Textiles","38.5859565","3","-2.26","2.789999999999999","9.90000000000001",,"34.62","0","0","6.460000000000001","2.51","37.20000000000001","-29.57"
Shri Kanha Stainless Ltd,SHRIKANHA,"Building Products - Others","38.56644","0","3.8","-11.870000000000001","93.97",,"-7.72","0","0","11.29","0.85","17.019999999999996","-7.95"
Anupam Finserv Ltd,ANUPAM,"Consumer Finance","38.52285325","4.97","-0.58","0.20999999999999908","3.4899999999999984","28.54","13.26","0.6","0","4.510000000000001","1.18","1.7000000000000002","-12.47"
Promax Power Ltd,PROMAX,"Power Generation","38.5","0","0.39","1.8600000000000008","36.73999999999999",,"4.48","4.61","0","5.05","0","0.35","-3.01"
Citadel Realty and Developers Ltd,CITADEL,"Real Estate","38.493","4.97","3.56","0.03000000000000025","22.03000000000001",,"-2.94","0.94","0","2.1400000000000006","0","0","-0.59"
Orient Tradelink Ltd,ORIENTTR,"Movies & TV Serials","38.49216006","0","-0.16","-0.08","23.000000000000004",,"-0.02","0","0","1.18","0.16","27.63","0.1"
Auro Impex & Chemicals Ltd,AUROIMPEX,"Metals - Diversified","38.310512","15.81","-4.35","-0.14000000000000057","73.21000000000001",,"25.97","0.77","0","19.199999999999996","3.88","18.75","-21.76"
Shreeshay Engineers Ltd,SHREESHAY,"Real Estate","38.2898484","6.17","-1.11","2.15","9.190000000000007",,"-0.02","1.76","0","4.540000000000001","0","0","3.28"
KKV Agro Powers Ltd,KKVAPOW,"Renewable Energy","38.2243506","8.75","1.13","-2.6900000000000004","22.849999999999994",,"-4.83","0","0.19","12.510000000000002","0.1","20.429999999999996","1.01"
Shaival Reality Ltd,SHAIVAL,"Real Estate","38.1942","5.92","0.48","0.15000000000000002","0.52",,"0.14","0.06","0","-1.5300000000000002","0","0.6599999999999999","-0.47"
Alfa Transformers Ltd,ALFATRAN,"Heavy Electrical Equipments","38.15818965","16.11","-0.73","0","16.68",,"0.85","0","0","-2.219999999999999","0.98","20.95","-0.12"
Falcon Technoprojects India Ltd,FALCONTECH,"Construction & Engineering","38.0332303","15.29","-1.37","-1.7399999999999984","16.839999999999996",,"8.23","0.1","0","2.0500000000000007","0.08","2.0599999999999996","-8.6"
Country Condo's Ltd,COUNCODOS,"Real Estate","38.022677","4.99","-0.03","-3.34","12.080000000000002",,"-1.97","0","0","12.35","0.03","0.6500000000000001","-1.34"
Rose Merc Ltd,ROSEMER,"Commodities Trading","37.978080985000005","20.93","-3.24","7.779999999999999","7.78999999999999",,"14.03","14.6","0.04","6.960000000000001","0.12","0.5241000000000007","-3.01"
Super Crop Safe Ltd,SUCROSA,"Commodity Chemicals","37.962488","13.12","1.34","0.009999999999999787","61.79",,"1.66","0","0","8.090000000000002","0.09","18.86","-2.99"
Cerebra Integrated Technologies Ltd,CEREBRAINT,"Technology Hardware","37.931368866","90.46","0.92","-0.5800000000000001","95.63000000000005",,"-5.71","0.02","0","-37.629999999999995","0","11.850000000000001","4.21"
Kretto Syscon Ltd,KRETTOSYS,"IT Services & Consulting","37.931301016000006","0","-40.22","3.520000000000003","2.65",,"47.03","1.86","0","5.16","0.03","0.76","-3.29"
National Oxygen Ltd,NOL,"Commodity Chemicals","37.812845114999995","10.67","-0.21","0.06","30.199999999999996",,"0.45","0.33","0","-23.72","0.2","19.759999999999998","-0.18"
Bodhtree Consulting Ltd,BODHTREE,"IT Services & Consulting","37.71810825","0.81","0.59","-0.66","2.2600000000000002",,"0.4","0.07","0","-4.45","0","0.24","-1.65"
Lexus Granito (India) Ltd,LEXUS,"Building Products - Ceramics","37.682441436000005","34.21","-1.24","0.040000000000000036","117.87",,"4.41","0.01","0","-50.04","1.06","36.96000000000001","-3.13"
Gem Spinners India Ltd,GEMSPIN,"Textiles","37.682401860000006","0","0","0.050000000000000266","9.089999999999993",,"2.2","0","0","-32.93","0","5.069999999999993","-2.15"
Subhash Silk Mills Ltd,SUBSM,"Textiles","37.621716","4.6","-0.68","-0.42000000000000004","3.559999999999996",,"-0.39","0","0","1.6300000000000008","0.69","10.529999999999998","0.65"
Rex Sealing & Packing Industries Ltd,REXSEAL,"Specialty Chemicals","37.4825","3.75","-7.04","-0.010000000000001563","14.949999999999996",,"8.86","0","0.57","10.97","7.17","9.04","-1.83"
Mirae Asset Nifty MidSmallcap400 Momentum Q100 ETF,MIDSMALL,"Equity","37.451901164",,,,,,,,,,,,
Saven Technologies Ltd,7TEC,"IT Services & Consulting","37.357620632","1.89","-0.96","-1.16","0.8100000000000016",,"-1.63","7.85","1.63","17.13","1.57","2.51","1.43"
Annvrridhhi Ventures Ltd,ANVRDHI,"Agro Products","37.298947723000005","0","0","-0.040000000000000036","19.98",,"1.45","0","0","-5.85","0","0.08","-1.49"
Manas Polymers and Energies Ltd,MPEL,"Packaging","37.28592","0.32","-6.25","-1.1899999999999997","19.61",,"-1.97","0","0","5.04","6.27","12.690000000000001","7.03"
Tusaldah Ltd,TUSALDAH,"Apparel & Accessories","37.2136684","0.85","0","2.96","0.8300000000000004",,"3.09","0","0","-2.12","0","0","-0.13"
Galactico Corporate Services Ltd,GALACTICO,"Diversified Financials","37.206638805000004","0","-2.33","-0.6700000000000017","31.119999999999987","0","-16.89","9.86","0","19.4","1.55","17.370000000000005","18.55"
Arigato Universe Ltd,ARIGATO,"Construction & Engineering","37.1929162","9.66","1.98","-0.5800000000000001","10.169999999999998",,"4.17","0","0","-8.49","0.15","0.15999999999999998","-6.73"
Ruparel Food Products Ltd,RFL,"Consumer Finance","37.16892","3.41","0","0.44","0.03",,"0","0.82","0","-2.8000000000000003","0","0","0.44"
Sandu Pharmaceuticals Ltd,SANDUPHQ,"FMCG - Personal Products","37.117523580000004","2.76","-0.19","0.3","13.699999999999994",,"-0.46","11.22","0","29.6","0.94","18.15","0.95"
TCM Ltd,TCMLMTD,"Commodity Chemicals","37.105225674","6.14","-0.18","0.10999999999999943","47.190000000000005",,"10.37","0.3","0","16.9","0.52","14.19","-10.08"
Victory Electric Vehicles International Ltd,VICTORYEV,"Three Wheelers","37.0986","0","-0.61","0.3999999999999999","16.43",,"2.98","0","0","7.04","0.43","1.53","-1.97"
Swasti Vinayaka Synthetics Ltd,SWASTIVI,"Apparel & Accessories","37.08","0.24","-0.11","0.3699999999999999","21.71999999999999",,"1.67","0.27","0","13.75","0.17","4.41","-1.19"
Gothi Plascon (India) Ltd,GOTHIPL,"Real Estate","36.9546","0","-3.02","-0.11000000000000011","6.099999999999999",,"0.01","0","2.04","0.97","2.96","8.59","2.9"
Chandra Prabhu International Ltd,CHANDRAP,"Commodities Trading","36.915285","0","-9.8","1.8699999999999974","95.40000000000002",,"16.97","0","0","45.61","0.57","25.490000000000002","-5.3"
Vantage Knowledge Academy Ltd,VKAL,"Publishing","36.8793","1.48","-28.8","-8.65","1.5400000000000091",,"14.13","0","0","3.19","6.8","5.45","6.02"
Tatia Global Vennture Ltd,TATIAGLOB,"Textiles","36.84366","12.51","0","3.24","0.280000000000002",,"-1.76","4.28","0","3.619999999999999","0","3.4299999999999997","5"
Hrh Next Services Ltd,HRHNEXT,"Business Support Services","36.84038202","14.14","-8.59","0.41999999999999993","17.979999999999997",,"9.87","0.15","0","9.23","8.83","20.2","-0.86"
Kay Power and Paper Ltd,KAYPOWR,"Paper Products","36.79182","23.04","-15.3","0.04999999999999716","12.400000000000015",,"18.93","0","0","-6.07","15.3","41.6","-3.58"
Artemis ADR Marketplace Ltd,JETMALL,"FMCG - Foods","36.7664415","2.49","0.01","-0.25","0.04000000000000178",,"0","0","0","0.5399999999999996","0.06","0.38","-0.26"
Gogia Capital Growth Ltd,GOGIACAPGL,"Diversified Financials","36.6624148","16.83","-2.82","-3.84","0.9799999999999984","0","0","3.27","0","5.540000000000003","0","2.9699999999999998","-1.02"
Shyamkamal Investments Ltd,SHYMINV,"Specialized Finance","36.661244","0","-13.06","0.6400000000000006","12.100000000000005","16.82","14.8","0","0","-5.99","0.01","0.01","-1.1"
Keerthi Industries Ltd,KEERTHI,"Cement","36.652526136","0","2.97","-0.39000000000000057","128.28",,"-7.99","0","0","32.71","0","101.38000000000001","4.63"
Samsrita Labs Ltd,SAMSRITA,"Biotechnology","36.6270331","4.55","0","-0.010000000000000009","3.5900000000000003",,"0.22","4.76","0","-7.39","0","3.26","-0.23"
Pankaj Polymers Ltd,PANKAJPO,"Packaging","36.58974","0.68","0.77","0.040000000000000036","3.1500000000000004",,"-0.79","2.32","0","4.7","0","1.4900000000000002","0.06"
Homesfy Realty Ltd,HOMESFY,"Real Estate","36.45606","32.79","-1.13","11.39","10.000000000000004",,"9.34","0","0","14.21","2.04","4.76","3.18"
Simbhaoli Sugars Ltd,SIMBHALS,"Sugar","36.40809564","463.02","-1.98","5.82","2137.51",,"-17.66","0.06","0","-635.54","12.8","1430.39","25.46"
DMR Engineering Ltd,DMR,"Business Support Services","36.3752585","3.25","-1.41","1.5","2.8500000000000005",,"3.17","4.85","0.05","4.83","0.7","1.06","-0.26"
Bhanderi Infracon Ltd,BHANDERI,"Real Estate","36.3524","18.15","-0.02","-0.3299999999999992","38.00999999999999",,"6.58","0.77","0","5.630000000000003","0","0.21999999999999997","-6.89"
Zodiac-JRD-MKJ Ltd,ZODJRDMKJ,"Precious Metals, Jewellery & Watches","36.318343125","3.75","-0.35","-0.69","2.479999999999991",,"-0.35","0","0","59","0","0.5","0.01"
TeleCanor Global Ltd,TELECANOR,"IT Services & Consulting","36.312992627999996","0","-0.08","0.09999999999999998","21.74",,"-0.55","0","0","-15.79","0","7.3","0.73"
Jagan Lamps Ltd,JAGANLAM,"Auto Parts","36.247394594999996","1.73","-0.38","0.18000000000000016","20.040000000000013",,"3.12","0","0","24.259999999999998","0.39","16.810000000000002","-2.56"
Prime Property Development Corp Ltd,PRIMEPRO,"Real Estate","36.2332558","0","2.85","6.79","17.05",,"-0.03","0","0","72","0","1.6046999999999998","3.97"
Cedaar Textile Ltd,CEDAAR,"Textiles","36.223146","26.37","-3.97","0.02999999999999936","160.37",,"-13.21","0","0","29.779999999999998","3.69","77.26","17.21"
SM Auto Stamping Ltd,SMAUTO,"Auto Parts","36.218003472","0","-2.08","-1.1102230246251565e-16","12.14",,"0.85","12.74","0","8.82","1.74","10.04","1.23"
Mapro Industries Ltd,MAPROIN,"Construction & Engineering","36.08915535","19.08","0","0","0.23",,"0","0.64","0","-1.4499999999999993","0","0","0"
AKG Exim Ltd,AKG,"Commodities Trading","35.939307456","8.05","0.1","-1.9499999999999997","25.93",,"-3.26","0","0","13.079999999999998","0.01","2.1899999999999995","1.21"
Shreevatsaa Finance and Leasing Ltd,SHVFL,"Diversified Financials","35.9358","0","0","-0.4099999999999999","0.23","0","-0.57","0","0","12.65","0","0","0.16"
Cyber Media India Ltd,CYBERMEDIA,"Publishing","35.914763095999994","24.73","-0.27","0.039999999999999925","52.25000000000001",,"0.48","3.01","0.36","-56.760000000000005","0.19","3.6266","-0.17"
Nagreeka Capital & Infrastructure Ltd,NAGREEKCAP,"Asset Management","35.8652979","36","0.58","-2.68","110.24","32.81","-6.53","5.83","0","-21.18","0","1.1199999999999999","3.27"
ANG Lifesciences India Ltd,ANG,"Pharmaceuticals","35.831939528","5.62","-1.59","-0.17000000000000015","165.62000000000003",,"1.68","0.03","0","40.61","3.75","57.19","-0.26"
Kabsons Industries Ltd,KABSON,"Gas Distribution","35.79915","4.72","-2.8","-0.29","5.639999999999998",,"-0.04","3.79","0","-8.25","2.16","9.239999999999998","2.55"
Relicab Cable Manufacturing Ltd,RELICAB,"Cables","35.78557679","0.3","-0.15","-0.020000000000000018","23.26",,"-2.79","0","0","3.1700000000000004","0.33","1.3899999999999997","2.92"
Mirae Asset Nifty Metal ETF,METAL,"Equity","35.772460511",,,,,,,,,,,,
SBI Nifty 10 yr Benchmark G-Sec ETF,SETF10GILT,"Debt","35.706511727999995",,,,,,,,,,,,
Poona Dal and Oil Industries Ltd,POONADAL,"Agro Products","35.675","0","1.23","25.72","1.1199999999999948",,"0","0","0","51.17","0.05","1.299999999999999","24.49"
Walchand Peoplefirst Ltd,WALCHPF,"Education Services","35.6307303","2.31","-0.83","-1.05","6.750000000000003",,"-0.45","7.69","0.29","22.130000000000003","0.19","1.9100000000000001","0.23"
Healthy Life Agritec Ltd,HEALTHYLIFE,"Agro Products","35.630032","1.4","-3.51","-0.09000000000000163","17.9",,"8.87","0","0","8.15","0.35","5.53","-5.45"
Diligent Media Corporation Ltd,DNAMEDIA,"Publishing","35.547821436","0","-1.8","1.1300000000000001","41.85000000000001",,"0","0","0","-255.53","0","0.07","2.93"
Kaiser Corporation Ltd,KACL,"Packaging","35.5191885","0.07","0.61","-0.10999999999999943","28.749999999999993",,"4.36","0.01","0","0.8","0.04","1.3954","-5.08"
East West Freight Carriers Ltd,EASTWEST,"Investment Banking & Brokerage","35.46585","49.3","0.28","-0.39999999999999947","83.88999999999999",,"3.54","0.78","0","-7.769999999999996","3.81","33.529199999999996","-4.22"
Ecofinity Atomix Ltd,ARYAVAN,"Pharmaceuticals","35.4550868","13.13","-6.16","0.05000000000000071","2.279999999999998",,"13.46","0.07","0","9.889999999999999","0","12.979399999999998","-7.25"
GSS Infotech Ltd,GSS,"Software Services","35.406988596","337.54","-2.7","-0.7800000000000011","190.1599999999999",,"118.87","0","0","-13.970000000000027","4.19","23.012800000000027","-116.95"
DSP NIFTY 1D Rate Liquid ETF,LIQUIDETF,"Debt","35.3359",,,,,,,,,,,,
ICICI Prudential Nifty Auto ETF,AUTOIETF,"Equity","35.31080064",,,,,,,,,,,,
Informed Technologies India Ltd,INFORTEC,"Data Processing & Outsourced Services","35.2914315","0","1.6","0.31000000000000005","1.3199999999999994",,"-0.03","5.93","0","16.62","0.2","3.54","-1.26"
Supha Pharmachem Ltd,SUPHA,"Pharmaceuticals","35.27960528","0","0.13","1.4200000000000728","1676.4699999999998",,"1136.1","0","0","3.57","0","0.010000000000000009","-1134.81"
Armour Security (India) Ltd,ARMOUR,"Business Support Services","35.2583","1.56","-4.01","-1.2199999999999998","8.949999999999994",,"2.56","0","0","4.65","0.6","7.6899999999999995","0.23"
Yamini Investments Company Ltd,YAMNINV,"Specialized Finance","35.2236688","13.08","-5.53","1.54","22.259999999999998","0","0","37.78","0","3.4999999999999982","0","0","7.07"
Groww Nifty 1D Rate Liquid ETF,GROWWLIQID,"Debt","35.168099296",,,,,,,,,,,,
Faalcon Concepts Ltd,FAALCON,"Construction & Engineering","35.082432","0","-5.75","0.040000000000000924","17.310000000000002",,"13.17","0","0","14.89","6.17","6.0600000000000005","-7.38"
Solvex Edibles Ltd,SOLVEX,"FMCG - Foods","35.011154669999996","7.38","0","0.08000000000000007","23.28",,"1.33","9.49","0","5.19","0","2.2799999999999994","-1.25"
Pace E-Commerce Ventures Ltd,PACE,"Retail - Online","34.99454103","46.7","-0.97","0.10999999999999988","18.380000000000003",,"2.67","0","0","6.989999999999995","0.97","4.07","-1.59"
Scan Projects Ltd,SCANPRO,"Industrial Machinery","34.939328","0","-2.28","0.72","1.4",,"-0.03","0.1","0","2.56","0.01","0.29000000000000004","3.03"
Nirav Commercials Ltd,NIRAVCOM,"Building Products - Others","34.9272","4","-1.03","-0.1100000000000001","3.1300000000000052",,"1.2","24.88","0","26.08","0.31","0.7999999999999998","-0.28"
Lex Nimble Solutions Ltd,LEX,"IT Services & Consulting","34.84404","6.49","5.94","6.53","1.56",,"0","0","0","5.99","0","0.009800000000000008","0.59"
Phoenix Overseas Ltd,PHOGLOBAL,"Agro Products","34.8228324","19.65","-6.56","4.530000000000005","59.989999999999995",,"32.56","10.25","0","39.93","0.51","13.090000000000002","-21.47"
Associated Ceramics Ltd,ASSOCER,"Building Products - Others","34.81152825","1.71","1.8","1.4899999999999993","22.090000000000003",,"-5.87","2.27","0","19.59","1.02","22.68","5.56"
Mirae Asset Gold ETF,GOLDETF,"Gold","34.745464062",,,,,,,,,,,,
Mittal Sections Ltd,MITTALSTL,"Building Products - Others","34.7025","0","-4.49","0","35.05999999999999",,"4.34","0.01","0","2.47","0.9","11.259999999999998","0.15"
Suryaamba Spinning Mills Ltd,SURYAAMBA,"Textiles","34.5969392","3.59","-2.85","1.7763568394002505e-15","56.64999999999999",,"-11.12","0","0.29","56.230000000000004","3.52","80.77","13.97"
Harshil Agrotech Ltd,HARSHILAGR,"Agro Products","34.53765","33.06","-0.11","49.50000000000001","3.6900000000000004",,"93.15","2.5","0","10.909999999999997","0.02","0.06","-43.54"
Picturehouse Media Ltd,PICTUREHS,"Movies & TV Serials","34.485","1.83","0","0","354.2800000000001",,"-47.23","0","0","-124.36","0","0.79","47.23"
Panjon Ltd,PANJON,"Pharmaceuticals","34.329052","4.18","-0.44","-2.2800000000000002","3.4999999999999982",,"2.5","1.1","0","-4.8","0.42","1.0900000000000007","-4.34"
Centenial Surgical Suture Ltd,CSURGSU,"Health Care Equipment & Supplies","34.29402","0","-11.61","-0.46999999999999886","53.82999999999998",,"-5.93","0","0","25.33","11.47","19.979999999999997","17.07"
Dynamic Industries Ltd,DYNAMIND,"Specialty Chemicals","34.1766225","1.79","-2.58","0.22999999999999973","33.410000000000004",,"-0.22","1.16","0.15","43.33","4.08","42.57","3.03"
Nippon India ETF BSE Sensex Next 50,SNXT50BEES,"Equity","34.161885392",,,,,,,,,,,,
ABC India Ltd,ABCINDQ,"Logistics","34.144813295999995","2.57","2.09","0.7199999999999998","61.30000000000001",,"-3.05","19.44","0.27","46.65","0.15","9.82","1.68"
Contil India Ltd,CONTILI,"Packaged Foods & Meats","34.131232","0","0.4","0.08000000000000002","3.39",,"0","1.15","0","8.45","0.14","0.37999999999999995","-0.32"
Eighty Jewellers Ltd,EIGHTY,"Precious Metals, Jewellery & Watches","34.116461144999995","8.37","-0.07","0.8400000000000003","31.779999999999998",,"-1.75","0.95","0","8.590000000000002","0.19","1.01","2.66"
Vera Synthetic Ltd,VERA,"Textiles","34.0515","3.72","0.17","-5.15","3.79",,"-0.28","0","0","14.299999999999999","0.11","5.65","-5.04"
Salasar Exteriors and Contour Ltd,SECL,"Construction & Engineering","33.9729555","0","0","-0.18","22.45000000000001",,"-0.23","0","0","2.46","0","0.18","0.05"
ICICI Prudential Nifty Private Bank ETF,PVTBANIETF,"Equity","33.941462619999996",,,,,,,,,,,,
Anjani Synthetics Ltd,ANJANI,"Textiles","33.925","6.32","-4.77","-0.05999999999999872","66.94",,"-14.82","9.58","0","64.81","2.44","15.730000000000004","19.53"
A G Universal Ltd,AGUL,"Iron & Steel","33.89112","7.96","0","0","31.51",,"3.63","2.06","0","5.329999999999999","3.62","15.21","-3.63"
Bikewo Green Tech Ltd,BIKEWO,"Four Wheelers","33.84723375","22.15","-2.08","3.789999999999999","2.229999999999998",,"19.54","0","0","3.3500000000000014","2.08","13.27","-13.67"
ICICI Prudential Nifty Healthcare ETF,HEALTHIETF,"Equity","33.8309328",,,,,,,,,,,,
Sihora Industries Ltd,SIHORA,"Textiles","33.82899","0","-2.1","0","7.390000000000001",,"2.24","0","0","1.53","2.06","5.03","-0.14"
Swati Projects Ltd,SWATIPRO,"Specialized Finance","33.7845","0.2","0.44","0.020000000000000018","0.45000000000000157","12.18","0","0.02","0","2.3499999999999996","0.12","0.22999999999999998","-0.42"
Prospect Consumer Products Ltd,PCL,"Agro Products","33.7391145","12.91","-3.67","0.9699999999999998","7.549999999999999",,"7.8","0.01","0","4.41","3.68","3.4319","-3.16"
Amit Securities Ltd,AMITSEC,"Commodities Trading","33.725","1","0","-0.03","0.44000000000000006",,"0","14.39","0","7.59","0","0","-0.03"
Morarjee Textiles Ltd,MORARJEE,"Textiles","33.706103639999995","0","-0.15","-14.340000000000002","782.16",,"-21.69","0.45","0","-303.77","0.09","387.52","7.5"
G D L Leasing and Finance Ltd,GDLLEAS,"Diversified Financials","33.6829023","0.3","-0.01","2.54","1.1400000000000001","0","3.2","0","0","0.6699999999999999","0.01","0.010000000000000002","-0.65"
Medi-Caps Ltd,MEDICAPQ,"Pharmaceuticals","33.681351156","32.63","-4.98","0.08999999999999986","4.149999999999991",,"0","14.34","0","76.18","0.33","29.11849999999999","5.07"
Axis NIFTY India Consumption ETF,AXISCETF,"Equity","33.642070605",,,,,,,,,,,,
Sharma East India Hospitals and Medical Research Ltd,SHARMEH,"Hospitals & Diagnostic Centres","33.5998416","0","-3.26","-0.0699999999999994","15.21",,"-3.5","2.05","0","8.32","3.76","9.370000000000001","6.69"
Chennai Ferrous Industries Ltd,CHENFERRO,"Iron & Steel","33.568792317","0","7.58","-0.7699999999999996","28.57",,"0","0.91","0","48.45","0","31.82","-8.35"
GKB Ophthalmics Ltd,GKB,"Health Care Equipment & Supplies","33.5450599","20.67","2.55","-0.2100000000000003","68.78",,"0.67","2.01","0","26.33","2.15","20.939999999999998","-3.43"
Sumedha Fiscal Services Ltd,SUMEDHA,"Investment Banking & Brokerage","33.526596376","2.57","-1.61","-0.7900000000000003","3.280000000000005","0","-0.81","25.22","0.8","53.93","0.37","12.98","1.63"
BC Power Controls Ltd,BCP,"Cables","33.4342","11.69","9.16","0.03000000000000036","10.82000000000001",,"-0.87","0.18","0","15.799999999999999","0","0","-8.26"
Gujarat Petrosynthese Ltd,GUJPETR,"Specialty Chemicals","33.433298766","2","2.53","-0.5300000000000002","3.429999999999991",,"-0.06","24.54","0","41.95","0.4","2.9800000000000004","-3"
Welcure Drugs and Pharmaceuticals Ltd,WELCURE,"Pharmaceuticals","33.3703854","0","-0.06","0.10999999999998522","164.47",,"222.2","0","0","-9.93","0.02","0.03","-222.03"
Quicktouch Technologies Ltd,QUICKTOUCH,"Software Services","33.3215896","105.88","-119.79","-42.06","24.73999999999998",,"80.84","83.4","0","18.92","21.96","26.475199999999997","-3.11"
Haryana Leather Chemicals Ltd,HARLETH,"Specialty Chemicals","33.2303419","0","-1.84","-1.2600000000000002","7.509999999999991",,"0.39","0","0","38.01","1.38","14.919999999999998","0.19"
Logiciel Solutions Ltd,LOGICIEL,"Software Services","33.2246871","2.83","-0.59","5.82","3.68",,"8.06","0.01","0","15.12","0.74","3.1300000000000003","-1.65"
Yaan Enterprises Ltd,YAANENT,"Tour & Travel Services","33.1855","0","-0.69","-1.22","1.8199999999999992",,"-0.05","0","0","1.46","0.74","0.26999999999999996","-0.48"
Ganga Forging Ltd,GANGAFORGE,"Iron & Steel","33.16134858","14.35","-2.21","-0.5300000000000002","26.5",,"5.79","0","0","4.360000000000001","2.65","18.189999999999998","-4.11"
Poddar Housing & Development Ltd,PODDARHOUS,"Real Estate","33.085908861","135.24","-0.37","0.46000000000000796","637.67",,"-67.85","1.78","0","-60.530000000000015","0","1.7199999999999989","68.68"
Twentyfirst Century Management Services Ltd,21STCENMGM,"Investment Banking & Brokerage","33.0645","33.7","-8.37","-3.219999999999999","6.059999999999999","3.31","0","21.31","0","6.809999999999995","0","0.039999999999999925","5.15"
Alfa Ica (India) Ltd,ALFAICA,"Home Furnishing","33.0472","0","-4.96","-0.06999999999999984","25.299999999999997",,"3.02","0","0","19.18","5.03","19.57","1.87"
Axis Silver ETF,AXISILVER,"Silver","32.970578788",,,,,,,,,,,,
Parmeshwari Silk Mills Ltd,PARMSILK,"Textiles","32.9370725","1.93","-10.83","-3.8","170.42",,"-6.19","0.13","0","49.72","10.67","61.18000000000001","13.22"
Mirae Asset Nifty PSU Bank ETF,BANKPSU,"Equity","32.922867908",,,,,,,,,,,,
Rajnish Retail Ltd,RRETAIL,"Precious Metals, Jewellery & Watches","32.9175","55.2","3.03","-0.8600000000000003","10.610000000000005",,"6.8","6.97","0","1.0999999999999943","0.01","0.01","-10.69"
Mcon Rasayan India Ltd,MCON,"Building Products - Others","32.89921518","20.48","-2.04","0.6900000000000013","37.730000000000004",,"16.85","0","0","5.370000000000001","2.07","15.4","-14.12"
Parshwanath Corp Ltd,PARSHWANA,"Real Estate","32.8842885","0.02","0.82","0.3","0.23","0","-0.42","0","0","8.98","0","0.01","-0.1"
Motilal Oswal Nifty 500 ETF,MONIFTY500,"Equity","32.8757",,,,,,,,,,,,
Ambo Agritec Ltd,AMBOAGRI,"Agro Products","32.86635268","16.98","-0.2","0.3500000000000014","24.810000000000002",,"25.48","0","0","3.7699999999999996","0.2","0.79","-24.93"
Libas Consumer Products Ltd,LIBAS,"Apparel & Accessories","32.82534668","25.31","0.15","6.890000000000001","29.54999999999998",,"-2.35","0.01","0","30.05","0.04","1.0499999999999998","9.09"
Pearl Green Clubs and Resorts Ltd,PGCRL,"Agro Products","32.821246","21.57","0.69","0.05999999999999994","1.25",,"0","0.24","0","0.21999999999999886","2.69","8.45","-0.63"
Gita Renewable Energy Ltd,GITARENEW,"Renewable Energy","32.81612208","0","0.11","0.09000000000000001","0.5199999999999998",,"-0.01","5.77","0","9","0","0","-0.01"
Mohit Industries Ltd,MOHITIND,"Textiles","32.774786125","5.88","-1.14","-0.02999999999999936","65.96",,"5.79","160.07","0","155.98000000000002","1.06","19.770000000000003","-4.68"
Sparkle Gold Rock Ltd,SPARKLEGR,"Mining - Diversified","32.735642","0","0.59","0.6399999999999999","4.069999999999999",,"0.45","0","0","-3.36","0.02","0.01999999999999999","-0.4"
Kanco Tea & Industries Ltd,KANCOTEA,"Agro Products","32.606793855","0","-3.43","0.8799999999999999","63.25000000000001",,"5.41","20.01","0","56.21","4.28","69.92999999999999","-1.1"
Walpar Nutritions Ltd,WALPAR,"Packaged Foods & Meats","32.5848268","2.04","-2.3","1.0799999999999996","28.099999999999998",,"-0.68","1.88","0","5.13","2.28","10.352999999999998","4.06"
Tyroon Tea Co Ltd,TYROON,"Agro Products","32.490055","3.87","2.86","1.4399999999999995","14.869999999999987",,"-5.85","1.46","0","33.830000000000005","4.05","27.55","4.43"
Madhav Marbles and Granites Ltd,MADHAV,"Building Products - Granite","32.486557","0","3.06","0.27000000000000046","20.82999999999998",,"-4.81","0.13","0","115.37","0.26","28.089999999999996","2.02"
Sunil Industries Ltd,SUNILTX,"Textiles","32.4114","4.93","-2.52","4.110000000000001","79.52000000000002",,"-5.09","0.17","0","40.11","3.06","32.63","11.72"
DSJ Keep Learning Ltd,KEEPLEARN,"Publishing","32.388113264","39.51","-4.4","-1.790000000000001","4.059999999999998",,"3.34","0.21","0","-47.93","2.21","4.3045","-0.73"
Marc Loire Fashions Ltd,MARCLOIRE,"Footwear","32.305","0","0.2","-0.79","11.5",,"-1.61","1.16","0","5.76","0.01","0.04000000000000001","0.62"
Unilex Colours and Chemicals Ltd,UNILEX,"Commodity Chemicals","32.27229","24.44","6.12","26.1","30.60000000000001",,"20.78","0","0","33.25","1.27","6.109999999999999","-0.8"
Abram Food Ltd,ABRFL,"FMCG - Foods","32.2125","0.77","-1.02","-0.06000000000000005","8.66",,"1.63","0","0","3.93","1.03","2.2299999999999995","-0.67"
Virtual Global Education Ltd,VIRTUALG,"Education Services","32.002408181999996","12.25","-0.02","-0.5800000000000001","9.579999999999995",,"4.6","0.4","0","6.530000000000001","0.01","13.75","-5.16"
Gini Silk Mills Ltd,GINISILK,"Textiles","32.0008572","0","3.16","0.0600000000000005","12.260000000000005",,"-4.92","24.91","0","44.11","1.8","12.090000000000002","1.82"
NACDAC Infrastructure Ltd,NACDAC,"Construction & Engineering","31.943787760000003","5.53","-1.68","0.2900000000000009","19.740000000000002",,"7.61","0.08","0","8.239999999999998","1.75","3.7300000000000004","-5.64"
Pearl Polymers Ltd,PEARLPOLY,"Plastic Products","31.902196139999997","18.68","3.32","-1.6600000000000004","7.4399999999999995",,"-0.16","1.39","0","-2.1099999999999994","0.45","4.630000000000001","-4.82"
Sri Ramakrishna Mills (Coimbatore) Ltd,SRMCL,"Textiles","31.8901184","10.81","-1.9","-0.009999999999999787","47.03000000000001",,"2.17","0","0","4.25","2.94","31.35","-0.28"
Ashirwad Steels And Industries Ltd,ASHSI,"Specialized Finance","31.8625","29.23","2.64","-2.0299999999999994","-5.115699530655604e-15","0","-0.03","36.2","0","41.39","0.13","0.3999999999999999","-4.64"
Deep Diamond India Ltd,DEEPAI,"Precious Metals, Jewellery & Watches","31.85715","9.28","-0.23","-0.04000000000000001","1.5900000000000003",,"0","5.59","0","8.270000000000001","0","4.44","0.19"
India Cements Capital Ltd,INDCEMCAP,"Tour & Travel Services","31.8429954","9.05","0.4","0.79","49.45999999999999","0","0.37","0","0","-12.43","0.09","0.3497","0.02"
Abhishek Finlease Ltd,ABHIFIN,"Consumer Finance","31.827699","0","0","0.83","0.3299999999999991","2.67","1.49","0.14","0","1.42","0","0.04999999999999993","-0.66"
Sinnar Bidi Udyog Ltd,SINNAR,"FMCG - Tobacco","31.8","0","0.07","-1.21","4.41",,"0","0.66","0","4.19","0.01","0.21999999999999986","-1.28"
Trans India House Impex Ltd,TIHIL,"Commodities Trading","31.760244","0","-2.94","-0.009999999999999787","97.13",,"2.29","0","0","-14.86","0.52","0.43000000000000005","0.64"
Nippon India ETF Nifty Infrastructure BeES,INFRABEES,"Equity","31.745450268",,,,,,,,,,,,
Spectrum Foods Ltd,SPECFOOD,"Packaged Foods & Meats","31.73268637","20.86","-8.11","6.060000000000002","8.579999999999998",,"38.32","2.32","0","-4.969999999999999","8.11","17","-24.15"
Arnold Holdings Ltd,ARNOLD,"Diversified Financials","31.71585","0","-3.75","1","97.03999999999998","80.27","16.39","0","0","36.48","0.25","2.0999999999999996","-11.64"
Advance Metering Technology Ltd,AMTL,"Electrical Components & Equipments","31.697437883999996","0","0.4","-0.16000000000000014","25.48999999999999",,"3.34","0","0","81.83","3.13","58.92","-3.9"
VERTEX Securities Ltd,VERTEX,"Investment Banking & Brokerage","31.678945189","1.82","0.43","0.09999999999999999","25.659999999999997","3.42","0.11","0.03","0","-7.82","0.04","0.397399999999999","-0.44"
Ravalgaon Sugar Farm Ltd,RAVALSUGAR,"Agro Products","31.6268","0","-1.15","-8.36","3.7500000000000018",,"-2.32","0.19","0","14.75","1.41","11.920000000000002","-4.89"
Franklin Industries Ltd,FRANKLININD,"Investment Banking & Brokerage","31.6192","0","38.82","0.060000000000002274","7.809999999999981",,"0","0","0","35.59","0.01","0.34","-38.76"
Medicamen Organics Ltd,MEDIORG,"Pharmaceuticals","31.59","9.55","-2.35","3.58","28.73",,"10.47","0","0","8.129999999999999","2.45","12.335700000000001","-4.54"
Pecos Hotels and Pubs Ltd,PECOS,"Restaurants & Cafes","31.437","1.69","0.13","1","1.1100000000000017",,"-0.39","0","0.39","3.5799999999999996","0.17","1.5000000000000004","1.26"
Classic Filaments Ltd,CFL,"Textiles","31.3614855","1.76","0","-0.67","1.7800000000000016",,"0","0","0","-2.19","0","0","-0.67"
Arshiya Ltd,ARSHIYA,"Logistics","31.353633885","610.66","-28.74","1.6600000000000108","1651.4500000000003",,"-69.75","0","0","-505.60999999999996","44.9","1309.8583","100.15"
Deccan Health Care Ltd,DECCAN,"FMCG - Personal Products","31.343336394","72.24","-0.14","0.9500000000000002","18.520000000000003",,"7.52","0","0","9.61","0.14","14.380000000000003","-6.43"
E L Forge Ltd,ELFORGE,"Iron & Steel","31.340076768","22.64","-0.89","1.0299999999999998","14.450000000000006",,"-0.48","0","0","-18.19","1.36","21.430000000000007","2.4"
Aditya BSL Nifty IT ETF,TECH,"Equity","31.322935383999997",,,,,,,,,,,,
MSR India Ltd,MSRINDIA,"FMCG - Foods","31.31424","0.04","11.92","-0.08999999999999986","10.399999999999997",,"-8.85","0","0","-16.97","0","0","-3.16"
Nippon India ETF Nifty India Consumption,CONSUMBEES,"Equity","31.30371279",,,,,,,,,,,,
S P Capital Financing Ltd,SPCAPIT,"Diversified Financials","31.2814766","2.47","-50.56","-6.880000000000003","71.6","1","42.32","124.52","2.1","16.55","0","0","1.36"
GB Logistics Commerce Ltd,GBLOGISTIC,"Logistics","31.22084688","29.25","-10.79","1.6799999999999997","105.55000000000001",,"23.24","3.94","0","12.79","6.71","7.1499999999999995","-10.77"
Sharpline Broadcast Ltd,SHARPLINE,"Advertising","31.212058439999996","1.85","6.75","1.0599999999999987","48.15",,"7.27","5.5","0","3.3800000000000003","2.78","4.071800000000001","-12.96"
Kapil Raj Finance Ltd,KAPILRAJ,"Specialized Finance","31.179","0","-0.09","-0.03","0.08999999999999958","0","0.08","11.66","0","2.63","0","0","-0.02"
Kotak Nifty Midcap 50 ETF,MIDCAP,"Equity","31.152590489999998",,,,,,,,,,,,
Soni Medicare Ltd,SML,"Hospitals & Diagnostic Centres","31.13377","0","-0.52","0.71","20.880000000000003",,"-0.24","0.04","0","-2.97","0.66","6.330000000000002","1.47"
Innovative Tech Pack Ltd,INNOVTEC,"Packaging","31.09156","2","1.92","-1.46","47.900000000000006",,"-8.85","0","0","31.380000000000003","0.4","39.110000000000014","5.47"
Sulabh Engineers and Services Ltd,SULABEN,"Specialized Finance","31.046775","9.8","0.27","-0.010000000000000009","2.5599999999999947","9.1","0.37","6.32","0","16.08","0","22.740000000000002","-0.65"
Ranjeet Mechatronics Ltd,RANJEET,"Business Support Services","31","6.1","-1.19","0.03000000000000025","13.309999999999999",,"-1.42","5.47","0","4.92","0.01","0.69","2.64"
Alfavision Overseas (India) Ltd,ALFAVIO,"Agro Products","30.832428","0","-0.55","-0.09000000000000004","136.83",,"0.01","1.17","0","38.94","0","30.279999999999998","0.45"
Bulkcorp International Ltd,BULKCORP,"Packaging","30.8076624","16.14","-2.59","0.6900000000000013","11.860000000000003",,"17.94","0","2.66","7.349999999999998","2.59","9.24","-14.66"
Infonative Solutions Ltd,INFONATIVE,"Education Services","30.80428","0.01","-6.72","-0.030000000000000027","8.96",,"1.84","0","0","15.17","5.36","9.709999999999999","4.85"
STL Global Ltd,SGL,"Textiles","30.801906960000004","45.39","0.03","-0.019999999999999574","33.8",,"-5.52","0","0","-46.38","0.39","17.179999999999993","5.47"
Cell Point (India) Ltd,CELLPOINT,"Retail - Speciality","30.737812","45.31","2.34","-5.5600000000000005","63.89",,"-7.21","0","0.13","10.259999999999998","5","37.33","-0.69"
DSP Nifty Top 10 Equal Weight ETF,TOP10ADD,"Equity","30.686923056999998",,,,,,,,,,,,
Tata Silver Exchange Traded Fund,TATSILV,"Silver","30.633575742",,,,,,,,,,,,
Winro Commercial (India) Ltd,WINROC,"Diversified Financials","30.618242519999896","0","113.46","-20.560000000000013","145.55","0","-20.98","2459.27","0","2625.43","0.18","1.1099999999999999","-113.04"
Silver Oak (India) Ltd,SILVOAK,"Alcoholic Beverages","30.51111","0.67","-0.6","0.85","12.889999999999995",,"-0.01","10.07","0","1.83","0.16","1.0999999999999996","1.46"
Swasti Vinayaka Art and Heritage Corporation Ltd,SVARTCORP,"Real Estate","30.51","0","-4.52","-9.1","25.11",,"-2.64","12.6","0","17.47","0","1.7699999999999996","-1.94"
Future Lifestyle Fashions Ltd,FLFL,"Retail - Apparel","30.413062510000003","822.31","26.28","12.18999999999994","6344.45",,"-697.47","0.03","0","-2743.8599999999997","11.8","726.4300000000001","683.38"
AA Plus Tradelink Ltd,AAPLUSTRAD,"Commodities Trading","30.406","16.87","-0.07","0.33999999999999986","1.480000000000005",,"27.79","0","0","2.289999999999999","0.07","0.09","-27.38"
Kridhan Infra Ltd,KRIDHANINF,"Iron & Steel","30.371657525","258.92","0.28","1.8400000000000003","309.59999999999997",,"-3.72","1.75","0","-561.05","0","16.8","5.28"
Hipolin Ltd,HIPOLIN,"FMCG - Household Products","30.2546206","5.74","2.76","0.11999999999999966","4.84",,"0.54","0.67","0","-0.7300000000000004","0.03","0.8881000000000006","-3.18"
Kaushalya Infrastructure Development Corporation Ltd,KAUSHALYA,"Construction & Engineering","30.23597686","47.94","-0.02","0","1.8200000000000143",,"0","60.99","0","-5.329999999999998","0","3.3883","0.02"
SBI BSE Sensex Next 50 ETF,SETFSN50,"Equity","30.23479455",,,,,,,,,,,,
Monotype India Ltd,MONOT,"Diversified Financials","30.234241227","1.71","0","-0.010000000000000675","9.089999999999991","0","-7.98","0","0","-73.66999999999999","0","0.030000000000000027","7.97"
Innovative Ideals and Services (India) Ltd,INNOVATIVE,"Technology Hardware","30.225728863999997","8.38","0","0.010000000000000009","25.91",,"0.2","0","0","-15.510000000000002","0","0.30000000000000004","-0.19"
Mindpool Technologies Ltd,MINDPOOL,"Outsourced services","30.128625","1.47","-0.17","-0.31000000000000005","4.679999999999998",,"-0.23","2.46","0","12.6","0","0.29000000000000004","0.09"
AGS Transact Technologies Ltd,AGSTRA,"Business Support Services","30.104910939999996","251.08","-15.17","18.480000000000018","1629.52",,"-315.58","0.01","0","89.55999999999997","51.9","743.63","349.23"
Future Enterprises Ltd,FEL,"Conglomerates","30.057480789","2852.93","3587.68","26.829999999999927","8929.94",,"-554.94","1080.14","0","-41.279999999999745","111.69","4100.46","-3005.91"
Future Enterprises Ltd,FELDVR,"Conglomerates","30.057480789",,,,,,,,,,,,
Sunrest Lifescience Ltd,SUNREST,"Pharmaceuticals","30.0384","9.55","-1.14","-0.009999999999999953","18.990000000000006",,"-0.3","5.52","0","2.34","1.36","1.3245","1.43"
Infomedia Press Ltd,INFOMEDIA,"Publishing","30.016114856","1.46","0","0","67.80999999999999",,"1.09","0","0","-109.86999999999999","0","0.07000000000000028","-1.09"
TCFC Finance Ltd,TCFCFINQ,"Investment Banking & Brokerage","29.895031908","0","1.66","-0.11999999999999988","4.389999999999986","0","-1.89","23.54","1.89","98.54","0.99","1.03","0.11"
Kanani Industries Ltd,KANANIIND,"Precious Metals, Jewellery & Watches","29.878068","0","0.05","-0.21000000000000085","28.120000000000005",,"-5.9","0","0","45.06","0","0.16999999999999993","5.64"
Thinkink Picturez Ltd,THINKINK,"Animation","29.865024","27.44","-5.7","-0.28000000000000114","7.999999999999962",,"49.21","15","0","76.31","12","23.89","-43.79"
Prismx Global Ventures Ltd,PRISMX,"Commodities Trading","29.858758860000002","67.43","-2.3","7.49","8.420000000000009",,"0.2","43.48","0","-30.110000000000007","0","4.7979","9.59"
ABRIL PAPER TECH LIMITED,ABRIL,"Paper Products","29.8520816","2.9","-0.22","-0.5900000000000003","2.440000000000002",,"2.8","0","0","1.8400000000000003","0.17","0.5","-3.17"
Mirae Asset Nifty500 Multicap 50:25:25 ETF,MULTICAP,"Equity","29.849219377999997",,,,,,,,,,,,
CLC Industries Ltd,CLCIND,"Textiles","29.84312628","102.83","5","-0.370000000000001","93.02999999999997",,"16.38","0.01","0","-103.22","6.63","45.329999999999984","-21.75"
Williamson Magor and Co Ltd,WILLAMAGOR,"Specialized Finance","29.8012992","0","0","-0.1700000000000017","618.45","0","-44.82","178.9","0","-238.47","0","0.07","44.65"
Adarsh Plant Protect Ltd,ADARSHPL,"Agricultural & Farm Machinery","29.7345","0","-0.23","-0.13","7.580000000000002",,"-0.47","0","0","-9.56","0.22","0.7000000000000002","0.57"
Johnson Pharmacare Ltd,JOHNPHARMA,"Pharmaceuticals","29.7","4.4","3.27","0.010000000000000009","1.7500000000000018",,"-1.35","42.29","0","-3.2300000000000004","0","0","-1.91"
Eastern Silk Industries Ltd,EASTSILK,"Textiles","29.645","114.29","-4.3","-2.34","88.24999999999997",,"2.96","0.05","0","-67.81","0.43","36.14","-1"
Margo Finance Ltd,MARGOFIN,"Diversified Financials","29.62731","0","0","0.09","37.620000000000005","0","0","161.34","0","119.68","0","0.21000000000000002","0.09"
Pulsar International Ltd,PULSRIN,"Asset Management","29.55546","0","0","-0.02","15.279999999999996",,"0","0","0","4.78","0","0","-0.02"
Hawa Engineers Ltd,HAWAENG,"Industrial Machinery","29.5018624","0","-0.57","0.03999999999999915","41.31000000000001",,"-5.91","0.03","0","16.29","0.61","5.219999999999999","6.52"
Kotak Nifty IT ETF,IT,"Equity","29.486665937999998",,,,,,,,,,,,
Cella Space Ltd,CELLA,"Logistics","29.481230470999996","16.94","95.82","23.889999999999993","3.3699999999999997",,"-49.63","0.01","0","-6.440000000000001","0.12","0.11000000000000004","-22.3"
Tirupati Sarjan Ltd,TIRSARJ,"Real Estate","29.467236325","5.88","1.59","1.379999999999999","106.12",,"-16.96","13.82","0","66.85000000000001","0.88","8.73","16.75"
Tree House Education and Accessories Ltd,TREEHOUSE,"Education Services","29.40595318","460.28","0.11","0","5.36000000000001",,"0","12.71","0","-311.58","0.01","0.1894999999999989","-0.11"
Ramgopal Polytex Ltd,RAMGOPOLY,"Commodities Trading","29.377","10.4","0.22","-0.13999999999999999","0.5599999999999998",,"0","1.05","0","-13.600000000000001","0.01","0.020000000000000004","-0.36"
Riddhi Display Equipments Ltd,RDEL,"Building Products - Others","29.3759626","0","-1.14","-0.19999999999999973","21.980000000000004",,"1.98","0","0","4.19","1.14","3.0900000000000007","-1.04"
Galaxy Medicare Ltd,GML,"Health Care Equipment & Supplies","29.357787105","0","0.32","0.09000000000000075","7.32",,"-4.72","2.77","0.59","12.29","0.23","14.129999999999999","4.49"
United Cotfab Ltd,COTFAB,"Textiles","29.223","28.76","-2.43","0.5400000000000027","57.12",,"20.87","0","0","4.620000000000001","2.43","44.01","-17.9"
Polymechplast Machines Ltd,POLYCHMP,"Industrial Machinery","29.1849091","4.14","1.64","2.56","18.900000000000006",,"1.75","0.4","0.48","15.759999999999998","0.06","15.470000000000002","-0.83"
NatureWings Holidays Ltd,NHL,"Hotels, Resorts & Cruise Lines","29.18216","0","-2.81","1.73","4.29",,"5.38","0","0","5.99","0.06","1.61","-0.84"
Darjeeling Industriies Ltd,DARJEELING,"Textiles","29.089437","0","-7.85","1.33","7.5",,"-2.92","0","0","1.73","0.57","0.56","12.1"
Signoria Creation Ltd,SIGNORIA,"Apparel & Accessories","29.07138","6.43","-2.29","-0.05999999999999961","23.64",,"2.49","0.21","0","8.120000000000001","2.53","14.37","-0.26"
Nalin Lease Finance Ltd,NLFL,"Consumer Finance","29.0199465","2.08","5.6","-0.28000000000000025","2.5899999999999945","29.72","-2.84","4.64","0","26.42","0.08","1.25","-3.04"
Fine-Line Circuits Ltd,FINELINE,"Electronic Equipments","29.010180724","0","-1.04","0.2599999999999999","9.03",,"-0.59","0","0","3.99","1.05","3.1836000000000007","1.89"
Tejnaksh Healthcare Ltd,TEJNAKSH,"Hospitals & Diagnostic Centres","28.94688","2.13","3.52","0.029999999999999805","3.8600000000000048",,"-3.87","0","0","13.620000000000001","0.51","20.3733","0.38"
Mudunuru Ltd,MUDUNURU,"IT Services & Consulting","28.92448","2.93","-0.07","-0.36","4.99",,"0.39","0","0","-11.26","0.07","3.08","-0.68"
EPIC Energy Ltd,EPIC,"Electrical Components & Equipments","28.918115","2.81","0.23","0.39","2.570000000000004",,"0","0.1","0","-1.9700000000000002","0","1.6900000000000028","0.16"
Vandan Foods Ltd,VANDAN,"Agro Products","28.9107904","0.5","-6.13","-0.9499999999999993","32.46",,"17.37","0","0","10.14","6.13","11.58","-12.19"
Equilateral Enterprises Ltd,EQUILATERA,"Precious Metals, Jewellery & Watches","28.856178","1.97","-6.65","0.19000000000000003","9.719999999999999",,"0.15","0.05","0","-3.24","0.01","0.01","6.69"
CMX Holdings Ltd,SIELFNS,"Specialized Finance","28.790442576","0","0.01","0.020000000000000018","5.810000000000002","0","0.28","0","0","-17.01","0","0","-0.27"
Siti Networks Ltd,SITINET,"Cable & D2H","28.777776984","1601.74","51.78","16.75","1984.3999999999999",,"-0.21","308.44","0","-2983.31","3.37","92.10999999999991","-34.82"
Sattva Sukun Lifecare Ltd,MAYUKH,"Building Products - Others","28.7700936","0.19","-0.48","0","2.67",,"0.37","10.89","0","4.52","0.48","1.15","0.11"
Aruna Hotels Ltd,ARUNAHTEL,"Hotels, Resorts & Cruise Lines","28.6455","16.52","-0.42","-0.05000000000000071","147.32",,"-16.47","0","0","-22.88","0.42","174.09","16.84"
Rishi Techtex Ltd,RISHITECH,"Textiles","28.60317","5.87","-1.3","4.440892098500626e-16","40.91",,"-3.9","0.17","0","20.88","1.68","22.1","5.2"
GG Dandeker Machine Works Ltd,GGDPROP,"Industrial Machinery","28.601651709","0","-1.73","-1","7.199999999999995",,"-0.68","6.66","0","49.1","0.04","40.92","1.41"
Chordia Food Products Ltd,CHORDIA,"Packaged Foods & Meats","28.596560948","0","-0.15","0.17999999999999994","1.739999999999998",,"-0.25","0.18","0","11.05","0.15","10.9","0.58"
Angel Fibers Ltd,ANGEL,"Textiles","28.575","0","-2.47","0.08999999999999986","59.78000000000001",,"-7.08","0.6","0","2.96","0.04","37.370000000000005","9.64"
MPIL Corporation Ltd,MPILCORPL,"Business Support Services","28.55027115","10.93","0.91","0.009999999999999981","6.329999999999999",,"-0.1","0","0.05","2.0999999999999996","0","1.5799999999999998","-0.8"
Katare Spinning Mills Ltd,KATRSPG,"Textiles","28.5","0","0.1","0.010000000000000009","4.8399999999999945",,"0.4","0","0","113.01","0.19","114.32999999999998","-0.49"
Impera Worldwide Ltd,RISHYRN,"Textiles","28.4713572","0","0","0","0.6300000000000001",,"0","0","0","-3.44","0","0","0"
Ahasolar Technologies Ltd,AHASOLAR,"Renewable Energy","28.40328392","11","2.06","0.9400000000000001","4.560000000000002",,"0.63","0","0","0.6899999999999995","1.65","3.1849","-1.75"
MPDLLtd,MPDL,"Real Estate","28.397379444","22.09","0.97","0.09999999999999964","64.96000000000001",,"9.51","33.32","0","68.67","0","0.04000000000000001","-10.38"
Paramount Dye Tec Ltd,PARAMOUNT,"Textiles","28.360729335000002","48.27","-20.51","-1.7700000000000031","22.54",,"24.89","0","0","7.599999999999994","0","35.879999999999995","-6.15"
Aritas Vinyl Ltd,ARITAS,"Textiles","28.3516992","6.81","-0.86","-0.33000000000000096","74.77999999999999",,"-8.13","0","0","0.9800000000000004","0.86","17.54","8.66"
Indianivesh Ltd,INDIANVSH,"Diversified Financials","28.35025","9.5","1.93","0.03999999999999915","133.39000000000001","0","8.52","51.36","0","-53.78","0","2.5346001000000022","-10.41"
Deem Roll Tech Ltd,DEEM,"Iron & Steel","28.3467248","29.4","4.15","-1.7699999999999996","46.53999999999998",,"-2.91","0","0","47.77","16.81","49.540000000000006","-3.01"
HDFC NIFTY PSU BANK ETF,HDFCPSUBK,"Equity","28.337497668",,,,,,,,,,,,
Sprayking Ltd,SPRAYKING,"Agricultural & Farm Machinery","28.322095280000003","-0.03","-13.01","-3.3900000000000006","67.57000000000002",,"20.7","1.06","0","10.629999999999999","11.32","26.44","-11.08"
Polyspin Exports Ltd,POLYSPIN,"Packaging","28.31","0","4.34","0.2400000000000002","103.45",,"5.24","9.22","0.05","58.1","1.08","50.11","-9.34"
Kalana Ispat Ltd,KALANA,"Iron & Steel","28.29503145","26.08","-15.94","-16.909999999999997","6.150000000000007",,"-0.72","0","0","4.880000000000003","15.82","28.020000000000003","-0.25"
IMEC Services Ltd,IMEC,"Business Support Services","28.2815","5.99","-5.2","3.4300000000000006","4.349999999999994",,"0","0","0","19.17","0.01","0.16","8.63"
Grameva Ltd,GRAMEVA,"Agro Products","28.2636666","0.51","0.1","-0.05000000000000071","14.110000000000003",,"5.6","0","0","2.88","0.53","3.960000000000001","-5.75"
Chennai Meenakshi Multispeciality Hospital Ltd,CMMHOSP,"Hospitals & Diagnostic Centres","28.2325176","0.57","-0.75","-0.14000000000000012","24.4",,"-1.56","0","0","-9.93","0.27","13.769999999999996","2.17"
Lamosaic India Ltd,LAMOSAIC,"Building Products - Laminates","28.222761839999997","57.44","-19.2","0.9099999999999966","36.73999999999999",,"51.55","0","0","10.120000000000005","1.76","6.890000000000001","-31.44"
Shricon Industries Ltd,SHRICON,"Real Estate","28.2224","0","0.34","-0.38","0.03000000000000068",,"-0.65","0.85","0","2.94","0","2.4899999999999998","-0.07"
City Crops Agro Ltd,CCAL,"Building Products - Granite","28.19536128","9","0","-0.01","8.769999999999994",,"0.01","3","0","6.380000000000001","0","0","-0.02"
Super Spinning Mills Ltd,SUPERSPIN,"Textiles","28.16","14.88","0.22","-5.84","44.96000000000001",,"-8.17","0","0","34.809999999999995","0.01","87","2.11"
Samtel India Ltd,SAMTELIN,"Employment Services","28.117869881","0","0.43","-0.010000000000000009","2.729999999999999",,"-0.06","0","0","-5.23","0","0","-0.38"
Spenta International Ltd,SPENTA,"Apparel & Accessories","28.060673226","0","-0.24","0.8300000000000005","29.039999999999996",,"-2.4","0","0.28","26.31","0.2","14.979999999999999","3.47"
ICICI Pru Nifty 5 yr Benchmark G-SEC ETF,GSEC5IETF,"Debt","27.982535489999997",,,,,,,,,,,,
Ramsons Projects Ltd,RAMSONS,"Diversified Financials","27.9514305","0","2.24","5.3100000000000005","-1.0399999999999994",,"2.89","0.49","0","10.28","0.37","0.47","0.18"
Yudiz Solutions Ltd,YUDIZ,"IT Services & Consulting","27.913909375","37.19","4.48","-1.3199999999999994","4.260000000000009",,"-0.58","0.08","0","0.060000000000002274","2.82","6.845599999999999","-5.22"
HDFC Nifty IT ETF,HDFCNIFIT,"Equity","27.901187639999996",,,,,,,,,,,,
Enbee Trade and Finance Ltd,ENBETRD,"Specialized Finance","27.89145248","20.6","0.2","0","57.68000000000002","133.8","44.11","0","0","1.5700000000000003","0","0.95","-44.31"
Globtier Infotech Ltd,GLOBTIER,"Software Services","27.8532504","0","-3.93","0.8900000000000001","33.650000000000006",,"-2.21","0","0","8.8","3.44","7.760099999999999","7.03"
Stanrose Mafatlal Investments and Finance Ltd,STANROS,"Asset Management","27.787343760000002","9.92","-0.03","-0.21","2.8799999999999977","0.04","-0.22","27.33","0","27.57","0.03","2.1097","0.04"
Angel One Nifty 1D Rate Liquid ETF - Growth,AONELIQUID,"Debt","27.747792904",,,,,,,,,,,,
SAFECURE SERVICES LIMITED,SAFECURE,"Business Support Services","27.7104","0","-3.46","0.14000000000000012","31.669999999999998",,"3.9","0","0","14.16","3.84","11.16","-0.3"
Miven Machine Tools Ltd,MIVENMACH,"Industrial Machinery","27.6291965","0","0","-0.020000000000000018","5.67",,"0.72","0.01","0","-8.52","0","0","-0.74"
Next Mediaworks Ltd,NEXTMEDIA,"Radio","27.492985188","86.06","-3.18","-7.530000000000001","34.67000000000001",,"-3.31","8.12","0","-177.94","0.11","0","-1.04"
Advance Petrochemicals Ltd,ADVPETR-B,"Oil & Gas - Refining & Marketing","27.4905","0","-2.53","0.06000000000000005","21.29",,"0.48","0.36","0","3.14","2.5","7.66","2.11"
Swojas Foods Ltd,SWOJAS,"Agro Products","27.4504815","1.96","0.21","0.08999999999999986","2.5399999999999983",,"3.4","0","0","-26.52","0","0","-3.52"
Timescan Logistics (India) Ltd,TIMESCAN,"Logistics","27.39296","3.87","-1.29","2.63","19.15",,"1.48","0.49","0","15.379999999999999","1.88","9.709999999999999","2.44"
Challani Capital Ltd,CHALLANI,"Specialized Finance","27.36","0","0","0.85","1.3500000000000016","5.66","0","0.03","0","-7.48","0","0.31000000000000005","0.85"
Amco India Ltd,AMCOIND,"Plastic Products","27.34794","2.68","2.21","-0.14000000000000035","20.560000000000006",,"1.64","0","0","30.740000000000002","0.11","17.63","-3.99"
Premier Energy and Infrastructure Ltd,PEIL,"Construction & Engineering","27.332389660000004","95.09","-0.65","0.17999999999999972","68.07000000000002",,"6.76","0.64","0","-99.34","0.01","68.3629","-5.93"
Sahara Housingfina Corporation Ltd,SAHARAHOUS,"Home Financing","27.307","5","-0.26","0.5699999999999967","23.29999999999999","63.63","-23.48","0.03","0","40.39","0.26","0.9200000000000004","24.31"
Identical Brains Studios Ltd,IDENTICAL,"Animation","27.280488310000003","16.25","0.06","10.310000000000002","4.94",,"18.01","0.93","0","3.780000000000001","4.28","5.28","-7.76"
Gujarat Terce Laboratories Ltd,GUJTERC,"Pharmaceuticals","27.26955","1.5","0.46","0.69","16.34",,"-2.83","0","0","-2.79","0","3.6500000000000004","3.06"
Jaihind Industries Ltd,JAIHIND,"Textiles","27.2637882","6.84","0","0","1.9100000000000001",,"0.05","0","0","-0.3200000000000003","0","0","-0.05"
Omkar Pharmachem Ltd,OMKARPH,"Commodity Chemicals","27.22896","0","0","0.03999999999999998","0.16999999999999998",,"-0.2","9.3","0","-0.65","0","0","0.24"
Comrade Appliances Ltd,COMRADE,"Cables","27.2257825","10.23","-20.29","-2.0199999999999996","50.819999999999986",,"13.71","0","0","2.1799999999999997","20.34","23.759999999999998","4.56"
Motilal Oswal Nasdaq Q50 ETF,MONQ50,"Equity","27.224236160000004",,,,,,,,,,,,
Kenvi Jewels Ltd,KENVI,"Precious Metals, Jewellery & Watches","27.171737410000002","0","-0.01","2.39","8.869999999999994",,"-0.98","0","0","2.44","0.01","0.25","3.38"
Tejassvi Aaharam Ltd,TEJASSVI,"Logistics","27.16","0","0","0.13","3.0100000000000016",,"0.8","0","0","-25.1","0","0","-0.67"
Aditya Birla Sun Life Nifty PSE ETF,ABSLPSE,"Equity","27.116309356",,,,,,,,,,,,
Mirae Asset Hang Seng TECH ETF,MAHKTECH,"Equity","27.114509244",,,,,,,,,,,,
TGB Banquets and Hotels Ltd,TGBHOTELS,"Hotels, Resorts & Cruise Lines","27.0606336","72.79","-0.52","1.92","40.22999999999999",,"-8.07","0","0","-25.99000000000001","0.66","21.1","10.51"
Qgo Finance Ltd,QGO,"Consumer Finance","27.0324864","0","-1.3","1.33","88.35000000000001","99.8","-2.46","0","0.42","11.16","0.44","0.7300000000000001","5.09"
Apex Capital and Finance Ltd,ACFL,"Consumer Finance","26.995099680000003","16.41","-0.2","-0.4100000000000037","0.3700000000000051","63.11","47.5","15.11","0","8.95","0.2","0.19999999999999998","-47.71"
Edelweiss Nifty Bank ETF,EBANKNIFTY,"Equity","26.978830489999996",,,,,,,,,,,,
Hindoostan Mills Ltd,HINDMILL,"Textiles","26.9656776","5.88","-3.98","-0.5099999999999998","16.169999999999987",,"-0.69","17.35","0","31.610000000000003","0.29","13.469999999999997","4.16"
Mirae Asset Nifty 200 Alpha 30 ETF,ALPHAETF,"Equity","26.946481822000003",,,,,,,,,,,,
Pritish Nandy Communications Ltd,PNC,"Movies & TV Serials","26.937554","67.2","-0.31","5.49","27.610000000000007",,"1.05","0","0","-8.100000000000001","0.04","1.12","4.75"
Venmax Drugs and Pharmaceuticals Ltd,VENMAX,"Pharmaceuticals","26.883980530000002","0","0","2.4799999999999995","0.76",,"4.77","0","0","-5.9","0","0.04","-2.29"
Salora International Ltd,SALORAINTL,"Home Electronics & Appliances","26.8710723","32.47","-0.34","0","27.600000000000005",,"5.05","0","0","13.759999999999998","0.37","1.3642999999999996","-4.71"
Navigant Corporate Advisors Ltd,NAVIGANT,"Investment Banking & Brokerage","26.80783325","1.65","-2.44","-0.81","1.72","0","0","5.56","0","7.359999999999999","0.4","0.53","1.63"
Vadivarhe Speciality Chemicals Ltd,VSCL,"Specialty Chemicals","26.77986125","5.96","-1.32","0.05999999999999872","45.52000000000001",,"8.53","0.05","0","-21.52","1.4","22.51","-7.15"
Manglam Infra & Engineering Ltd,MIEL,"Construction & Engineering","26.746984","19.52","-4.01","-0.2700000000000031","20.059999999999985",,"24.33","0","0","7.150000000000002","4.99","9.270000000000001","-20.59"
Lesha Industries Ltd,LESHAIND,"Commodities Trading","26.74455523","37","2.9","1.0399999999999991","1.2899999999999858",,"36.78","0.8","0","8.579999999999998","0.1","0.63","-38.64"
Vani Commercials Ltd,VANICOM,"Investment Banking & Brokerage","26.731220247","1.52","-1.85","-0.2599999999999998","32.13","40.35","-9.63","4.85","0","0.5","0.23","0.25","11.22"
West Leisure Resorts Ltd,WESTLEIRES,"Diversified Financials","26.71669875","0","0.29","0.01999999999999999","0.13999999999999801","0","-0.03","18.74","0.03","16.39","0","0","-0.24"
Unison Metals Ltd,UNISON,"Housewares","26.6600583","0.46","-5.41","0.07000000000000028","156.51000000000002",,"-2.83","2.16","0","20.939999999999998","5.91","29.59","8.31"
Oasis Securities Ltd,OASISEC,"Diversified Financials","26.64","1.71","2.72","0.0900000000000003","0.38999999999999846","8.25","0","4.19","0","9.66","0.19","0.19","-2.63"
Intec Capital Ltd,INTECCAP,"Specialized Finance","26.6310625","88.44","1.12","-4.48","47.19","42","-15.41","0.07","0","-72.3","0","12.54","9.81"
Skybiotech Healthcare Ltd,SKYBIOTECH,"Textiles","26.59935","0","-9.63","-9.430000000000001","9.549999999999997",,"1.24","2.46","0","7.07","0.33","8.851899999999999","-1.04"
KK Shah Hospitals Limited,KKSHL,"Hospitals & Diagnostic Centres","26.5533138","6.45","-2.35","-0.4400000000000001","2.5599999999999965",,"-0.34","6.5","0.34","0.16000000000000014","6.92","7.809999999999999","2.25"
Shreenath Paper Products Ltd,SHREENATH,"Paper Products","26.53317","17.49","-0.21","13.92","38.050000000000004",,"20.82","0.18","0","7.48","0.09","2.61","-6.69"
Krishna Ventures Ltd,KRISHNA,"Real Estate","26.406","0.15","-1.16","1.3877787807814457e-16","14.76",,"-0.16","5.49","0","-0.36","0.57","8.96","1.32"
Pasupati Spinning and Weaving Mills Ltd,PASUSPG,"Textiles","26.3772171","8.66","-7.95","-1.46","74.54",,"2.12","0.15","0","13.5","8.97","37.81","4.37"
Goel Food Products Ltd,GOEL,"Hotels, Resorts & Cruise Lines","26.355096","0","0.41","1.8000000000000007","34.9",,"-5.39","0","0","8.22","0.39","16.18","6.78"
Khoobsurat Ltd,KHOOBSURAT,"Investment Banking & Brokerage","26.335302","0","-18.51","1.379999999999999","3.909999999999995","0","33.18","30.72","0","12.73","0","0.1100000000000001","-13.29"
Mahalaxmi Fabric Mills Ltd,MFML,"Textiles","26.327661725","76.7","4.12","-1.29","94.98",,"6.51","0.22","0","10.539999999999992","19.32","97.24","-11.92"
Machhar Industries Ltd,MACIND,"Commodity Chemicals","26.300743","0","-0.97","0.19999999999999996","3.9000000000000012",,"0.98","0","0","8.41","0.2","4.7700000000000005","0.19"
Vaxtex Cotfab Ltd,VCL,"Textiles","26.27656746","15.15","-0.76","-0.020000000000000018","30.13",,"-0.49","6.36","0","-15.19","0","1.04","1.23"
ICICI Prudential Nifty 100 ETF,NIF100IETF,"Equity","26.196202969999998",,,,,,,,,,,,
QVC Exports Ltd,QVCEL,"Mining - Manganese","26.12823","21.49","0.26","1.92","96.07000000000002",,"5.31","8","0","26.16","0.48","8.36","-3.65"
RR Metalmakers India Ltd,RRMETAL,"Commodities Trading","26.1255896","0.2","0.46","0.0600000000000005","38.32999999999999",,"-11.07","0","0","0.07","0","3.0144999999999995","10.67"
Transvoy Logistics India Ltd,TRANSVOY,"Logistics","26.08980288","0","-4","0.3799999999999999","12.530000000000001",,"4.37","0.2","0","6.11","4.15","5.969999999999999","0.01"
DECO MICA Ltd,DECOMIC,"Building Products - Laminates","25.998","0","-1.07","-0.040000000000000036","52.28",,"-3.67","0","0","22.72","1.41","13.38","4.7"
Goenka Diamond & Jewels Ltd,GOENKA,"Precious Metals, Jewellery & Watches","25.994","108.85","0","0.05","557.62",,"-0.05","0","0","95.56","0","6.460000000000001","0.1"
Globesecure Technologies Ltd,GSTL,"IT Services & Consulting","25.98113887","28.39","-0.26","0.030000000000001137","15.480000000000002",,"24.35","0","0","1.2800000000000011","0.15","3.67","-24.06"
Micropro Software Solutions Ltd,MICROPRO,"IT Services & Consulting","25.881914","23.82","-4.61","-9.46","6.299999999999993",,"-4.22","0.37","0","7.460000000000001","5.61","15.389999999999999","-0.63"
Kaarya Facilities & Services Ltd,KAARYAFSL,"Business Support Services","25.827250214","0","0.52","0.13000000000000012","19.68",,"0.55","0","0","-9.27","0.03","2.0999999999999996","-0.94"
Jainex Aamcol Ltd,JAINEX,"Industrial Machinery","25.823053035","2.4","-3.77","0.3600000000000003","15.399999999999995",,"5.36","0","0","3.3699999999999997","3.82","7.189999999999998","-1.23"
Kamanwala Housing Construction Ltd,KAMANWALA,"Real Estate","25.81866912","23.57","51.65","44.37","4.310000000000005",,"-2.88","0.04","0","77.63","3.15","2.89","-4.4"
Smart Finsec Ltd,SMARTFIN,"Specialized Finance","25.8","0","-2.5","0.16999999999999993","0.09000000000000022","0","0","1.9","0","12.68","0","1.2999999999999998","2.67"
Khandwala Securities Ltd,KHANDSE,"Investment Banking & Brokerage","25.794184255","10.46","-3.94","0.3699999999999996","14.399999999999991","0","0.29","0.55","0","3.1799999999999997","0","1.642338","4.02"
Duropack Ltd,DUROPACK,"Packaging","25.7863302","0.91","-1.48","-0.24","4.210000000000002",,"0","4.81","0","14.18","7.87","11.769999999999998","1.24"
Mewar Hi-Tech Engineering Ltd,MHEL,"Industrial Machinery","25.76376","3.92","1.24","8.881784197001252e-16","37.209999999999994",,"-7.1","0.11","0","0.9500000000000002","0.02","8.08","5.86"
Megri Soft Ltd,MEGRISOFT,"IT Services & Consulting","25.75374","0","-0.66","-0.09000000000000008","0.41999999999999843",,"0","1.54","0","19.23","0.39","15.36","0.57"
KMG Milk Food Ltd,KMGMILK,"FMCG - Foods","25.6530456","0","-0.01","-0.86","11.06",,"0.4","0","0","-6.39","0.01","1.7700000000000014","-1.25"
Parle Industries Ltd,PARLEIND,"Commodities Trading","25.641","91.35","0","0.4299999999999997","19.650000000000038",,"9.91","0","0","5.450000000000003","0","0.6153000000000048","-9.48"
Bombay Wire Ropes Ltd,BOMBWIR,"Iron & Steel","25.58928","0","8.07","6.76","0.18",,"0","0","0","7.27","0","0.8600000000000001","-1.31"
Narendra Properties Ltd,NARPROP,"Real Estate","25.58304","0","1.67","-2.62","0.319999999999998",,"-0.71","0","0.71","30.45","0.01","0.21999999999999997","-3.58"
Medistep Healthcare Ltd,MEDISTEP,"Pharmaceuticals","25.5771828","0.33","0","1.3","6.149999999999998",,"1.28","0","0","6.04","0","0.12000000000000001","0.02"
Times Green Energy (India) Ltd,TIMESGREEN,"Agro Products","25.5419008","3","-0.01","0.030000000000000027","14.61",,"1.21","0","0","29.509999999999998","0.01","30.99","-1.17"
Gorani Industries Ltd,GORANIN,"Home Electronics & Appliances","25.5313386","1.8","-0.04","2.7755575615628914e-17","17.6",,"-0.24","0","0","6.1000000000000005","0.1","3.02","0.28"
Shoora Designs Ltd,SHOORA,"Textiles","25.476377619999997","15.21","-0.2","3.620000000000001","1.0799999999999983",,"17.53","0","0","0.16999999999999993","0.2","0.21000000000000002","-13.71"
TGIF Agribusiness Ltd,TGIF,"Agro Products","25.4645716","5.71","-3.89","3.7899999999999996","0.2800000000000002",,"6.39","0","0","2.4099999999999993","0.03","0.47","1.29"
Southern Magnesium and Chemicals Ltd,SOUTHMG,"Mining - Manganese","25.422","0","-5.45","-0.019999999999999796","6.7",,"0.7","0","0","9.92","0","0.2999999999999998","4.73"
Teerth Gopicon Ltd,TGL,"Construction & Engineering","25.379154","39.85","-15.26","1.5599999999999952","98.53999999999999",,"39.3","2.95","0","24.119999999999997","15.12","23.74","-22.48"
Accedere Ltd,ACCEDERE,"IT Services & Consulting","25.35489324","0","-2.82","-2","0.8399999999999993",,"0.13","0.01","0","-0.24","2.73","3.1386999999999996","0.69"
Rajkamal Synthetics Ltd,RAJKSYN,"Textiles","25.35168","0.34","0","7.71","0.7499999999999984",,"7.93","0.01","0","-6.16","0","0.01999999999999999","-0.22"
Adeshwar Meditex Ltd,ADESHWAR,"Health Care Equipment & Supplies","25.32715263","5.85","0.51","1.6499999999999995","35.239999999999995",,"-2.66","0","0","16.68","0.16","2.96","3.8"
Purshottam Investofin Ltd,PURSHOTTAM,"Specialized Finance","25.29858936","23.67","-4.78","-0.6299999999999999","26.21","64.54","-2.75","8.17","0","25.939999999999998","4.81","5.02","6.9"
Abhishek Integrations Ltd,AILIMITED,"Construction & Engineering","25.290594","1.62","-0.05","-0.2100000000000002","9.919999999999998",,"-1.3","0","0","2.62","0.09","2.08","1.14"
Aditya Spinners Ltd,ADITYASP,"Textiles","25.261999992","0","-0.33","-0.02000000000000024","21.439999999999994",,"-1.34","0","0","30.17","0.43","54.21","1.65"
June Industries Ltd,JUNE,"Software Services","25.244938","0","0","-0.09","0.020000000000000333",,"0","0","0","-4.13","0","0","-0.09"
Orosil Smiths India Ltd,OROSMITHS,"Precious Metals, Jewellery & Watches","25.20276","1.09","0.01","0.03","0.9200000000000015",,"0","0.22","0","-4.08","0.01","0.9300000000000006","0.02"
Asian Tea & Exports Ltd,ASIANTNE,"Agro Products","25.191218","15.75","6.86","-0.06999999999999984","31.46000000000001",,"-3.2","28.6","0","29.340000000000003","0.04","10.535699999999999","-3.73"
Standard Batteries Ltd,STDBAT,"Diversified Financials","25.105811875","12.25","-1.02","-0.010000000000000009","1.0800000000000012",,"0","0.16","0","-11.31","0","0","1.01"
Milestone Furniture Ltd,MILEFUR,"Business Support Services","25.092603","0","0","0","0.690000000000002",,"0.08","0","0","15.17","0","4","-0.08"
Pentokey Organy (India) Ltd,PNTKYOR,"Commodities Trading","25.090516","0","-0.2","0.01999999999999999","0.35000000000000137",,"0","1.24","0","3.18","0","0.009999999999999998","0.22"
Step Two Corporation Ltd,STEP2COR,"Investment Banking & Brokerage","24.994424","0","1.33","0.9100000000000001","0.06000000000000022","0","0","4.03","0","1.03","0","0","-0.42"
Dynamic Archistructures Ltd,DAL,"Diversified Financials","24.98988","0","-1.87","-0.13000000000000012","1.390000000000004","6.31","0","28.54","0","29.26","0","0.07","1.74"
National General Industries Ltd,NATGENI,"Iron & Steel","24.945997334999998","1.45","1.29","0.010000000000000009","3.45",,"-1","12.84","0","30.09","0.15","3.58","-0.28"
Morarka Finance Ltd,MORARKFI,"Specialized Finance","24.941634","0","-0.54","-0.03000000000000025","0.8999999999999858","0","-2.7","95.23","2.7","90.79","0","0.04999999999999999","3.21"
Chandra Bhagat Pharma Ltd,CBPL,"Pharmaceuticals","24.8986848","13.37","-1.23","-4.620000000000001","71.57000000000001",,"2.19","0","0","9.050000000000002","1.2","2.62","-5.58"
Prakash Woollen & Synthetic Mills Ltd,PWASML,"Textiles","24.869634","4.88","7.6","0.02000000000000135","61.849999999999994",,"-14.69","0","0","34.019999999999996","2.73","67.05","7.11"
Zerodha Silver ETF,SILVERCASE,"Silver","24.8095774",,,,,,,,,,,,
Agarwal Float Glass India Ltd,AGARWALFT,"Commodity Chemicals","24.8089464","7.01","-4.53","-0.10000000000000009","20.43",,"2.81","0","0","4.26","4.65","4.859999999999999","1.62"
Cochin Malabar Estates and Industries Ltd,COCHMAL,"Agro Products","24.77127384","0","0","-0.44999999999999996","3.7399999999999998",,"-1.74","0","0","-3.42","0","0.79","1.29"
Unick Fix-A-Form And Printers Ltd,UNICK,"Packaging","24.77026","0.39","-1.95","-0.0600000000000005","36.940000000000005",,"-4.12","0.18","0","28.28","2.86","36.36000000000001","6.01"
Supreme Engineering Ltd,SUPREMEENG,"Iron & Steel","24.74505","10.36","0.1","0.020000000000000018","118.56",,"-0.48","0.01","0","-124.25","0.01","16.48","0.4"
Balurghat Technologies Ltd,BALTE,"Logistics","24.7338","0","-1.42","0.15999999999999837","24.949999999999996",,"10.04","1.54","0","-0.01","0.05","3.45","-8.46"
Popular Estate Management Ltd,POPULARES,"Real Estate","24.6963528","0","0.41","-0.01","8.049999999999995",,"-0.01","0.83","0","28.43","0","0.06000000000000005","-0.41"
KJMC Financial Services Ltd,KJMCFIN,"Specialized Finance","24.680061180000003","1.44","2.33","0.05999999999999961","25.04","0.3","-3.66","194.38","0","166.85","0.03","0.5499999999999998","1.39"
Laxmi Cotspin Ltd,LAXMICOT,"Textiles","24.64120179","5.55","-5.05","-0.29999999999999893","56.56999999999999",,"-4.71","0","0","40.09","12.4","45.38","9.46"
Libord Finance Ltd,LIBORDFIN,"Diversified Financials","24.6019","0","6.46","-0.07000000000000045","8.780000000000003","16.8","0.2","5.02","0","1.17","0","0.009999999999999995","-6.73"
Dynamic Portfolio Management & Services Ltd,DYNAMICP,"Investment Banking & Brokerage","24.5761636","0","-0.01","-0.020000000000000018","1.9299999999999997","12.62","0.35","0","0","0.34","0","0.009999999999999998","-0.36"
Prolife Industries Ltd,PROLIFE,"Commodity Chemicals","24.56448","3.11","-2.76","-4.119999999999999","7.870000000000003",,"-1.69","1.21","0.2","38.27","0.32","10.52","0.33"
Invigorated Business Consulting Ltd,INVIGO,"Business Support Services","24.5525","26.44","0","-0.27","183.45",,"0","0","0","-245.94","0","0.006500000000000009","-0.27"
Tapi Fruit Processing Ltd,TAPIFRUIT,"Packaged Foods & Meats","24.51285","9.3","-11.47","-3.4700000000000006","9.730000000000004",,"5.82","0.01","0","-1.5200000000000005","12.13","17.060000000000002","2.18"
Sunil Agro Foods Ltd,SUNILAGR,"FMCG - Foods","24.443606","2.18","-0.05","-0.10000000000000142","72.86000000000001",,"-9.66","0.29","0","10.72","0.31","15.919999999999998","9.61"
SBI Nifty Consumption ETF,SBIETFCON,"Equity","24.42883061",,,,,,,,,,,,
AMS Polymers Ltd,AMS,"Specialty Chemicals","24.3559375","0","0","0.4099999999999999","68.38",,"2.13","0.09","0","1.93","0","0.33","-1.72"
Mansi Finance (Chennai) Ltd,MANSIFIN,"Specialized Finance","24.3519261","0.53","0.25","0.6499999999999986","23.549999999999997","48.07","-10.71","0.12","0","33.51","0.04","8.59","11.11"
Ashirwad Capital Ltd,ASHCAP,"Diversified Financials","24.3","0","-4.85","4.440892098500626e-16","3.0000000000000018","0","2.69","21.87","0","10.4","0.02","0.16000000000000003","2.16"
Colorchips New Media Ltd,COLORCHIPS,"Movies & TV Serials","24.2731273","16.54","9.4","-0.03999999999999915","1.8600000000000037",,"0","10.05","0","-14.01","0","9.530000000000001","-9.44"
Sri Havisha Hospitality and Infrastructure Ltd,HAVISHA,"Oil & Gas - Storage & Transportation","24.2586564","2.4","-0.77","-0.2","49.459999999999994",,"-0.29","0.24","0","-37.55","2.24","55.02","0.86"
Jindal Leasefin Ltd,JLL,"Investment Banking & Brokerage","24.2577518","0","-1.33","0.3200000000000003","5.390000000000001","0","4.76","11.15","0","3.36","0","0","-3.11"
Easy Fincorp Ltd,EASYFIN,"Consumer Finance","24.255","0","0.09","0.009999999999999995","4.960000000000002","0","0","29.87","0","21.82","0","0","-0.08"
Davin Sons Retail LTd,DAVIN,"Apparel & Accessories","24.156529176","6.97","-0.96","6.89","3.4899999999999984",,"9.03","0","0","3.7299999999999995","0.91","1.19","-1.18"
Sarthak Industries Ltd,SARTHAKIND,"Commodities Trading","24.0564702","24.44","16.45","4.029999999999999","30.720000000000006",,"2.43","6.32","0","8.440000000000001","0.02","4.98","-14.85"
Venlon Enterprises Ltd,VENLONENT,"Commodity Chemicals","24.031547240000002","3.25","0.92","0.08000000000000052","45.339999999999996",,"3.72","0.3","0","-21.88","0","22.629999999999995","-4.56"
Tecil Chemicals and Hydro Power Ltd,TECILCHEM,"Commodity Chemicals","24.0270079","17.23","0","-0.010000000000000009","22.63",,"-0.67","0","0","-54.44","0","3.4299999999999997","0.66"
Blue Chip Tex Industries Ltd,BLUECHIPT,"Textiles","24.020395","0.34","0.71","2.2199999999999998","8.92",,"-0.89","0.42","0.2","24.21","0.23","16.64","2.4"
Swarna Securities Ltd,SWRNASE,"Investment Banking & Brokerage","24","0","-0.03","0.86","0.5499999999999989",,"0","0","0","3.57","0.03","3.67","0.89"
Jindal Capital Ltd,JINDCAP,"Diversified Financials","23.9525163","0","-0.02","2.46","8.549999999999999","16.2","0.65","0","0","3.89","0.02","0.06","1.83"
Inland Printers Ltd,INLANPR,"Online Services","23.94262968","0","0","-0.01999999999999999","1.2799999999999996",,"0.16","0","0","-3.25","0","0.01","-0.18"
Scarnose International Ltd,SCARNOSE,"Textiles","23.94114","5.76","-0.29","-0.12999999999999998","0.2299999999999978",,"0","0.06","0","0.8100000000000005","0","0.05","0.16"
Shree Ganesh Bio-Tech (India) Ltd,SHREEGANES,"Agro Products","23.91744","5.43","9.8","-0.41000000000000014","0.23",,"0","9.15","0","17.96","0","0","-10.21"
Transgene Biotek Ltd,TRABI,"Biotechnology","23.86755","138.81","-1.7","0.28","134.07000000000002",,"0.78","0.1","0","-204.55","1.7","5.1625","1.2"
Asian Petro Products and Exporters Ltd,ASINPET,"Paper Products","23.845736436000003","0","-0.33","8.28","29.069999999999997",,"12.17","0","0","-12.8","0.33","2.26","-3.56"
Jolly Plastic Inds Ltd,JOLYPLS,"Plastic Products","23.834748","0.27","3","2.99","8.881784197001252e-16","3.44","0","0.36","0","-0.07","0","0","-0.01"
Vivanta Industries Ltd,VIVANTA,"Pharmaceuticals","23.832625","1.15","-2.01","-0.4299999999999997","106.98",,"6.96","0","0","2.81","1.42","5.226700000000001","-5.38"
NMS Global Ltd,NMSGLOBAL,"Business Support Services","23.8133688","0","16.19","-0.059999999999998055","57.28999999999999",,"-0.8","0","0","-1.47","0.25","1.8251999999999997","-15.45"
DSP Nifty Midcap 150 Quality 50 ETF,MIDQ50ADD,"Equity","23.806972928",,,,,,,,,,,,
Amrapali Capital and Finance Services Ltd,ACFSL,"Investment Banking & Brokerage","23.8011124","52.28","-6.19","0.2799999999999998","25.149999999999988","0","-3.35","0.07","0","21.799999999999997","0.42","4.23","9.82"
ICICI Prudential Nifty FMCG ETF,FMCGIETF,"Equity","23.77799018",,,,,,,,,,,,
Erp Soft Systems Ltd,ERPSOFT,"Software Services","23.76","0","0.08","0.74","6.289999999999997",,"-0.01","5.53","0","14.11","0","3.61","0.67"
SK International Export Ltd,SKIEL,"Apparel & Accessories","23.740867052000002","1.98","1.94","1.4","0.1999999999999989",,"-0.06","0","0","-2.36","0","1.1399000000000001","-0.48"
Saffron Industries Ltd,SAFFRON,"Paper Products","23.7399008","0","0.03","-0.009999999999999787","22.289999999999996",,"-5.14","0","0","-16.95","0","2.759999999999998","5.1"
Richfield Financial Services Ltd,RFSL,"Investment Banking & Brokerage","23.6770024","0","-3.21","1.0700000000000003","26.67","28.35","25","0","0.3","0.92","0.18","0.16999999999999998","-20.72"
Sonal Adhesives Ltd,SONALAD,"Specialty Chemicals","23.6379","0","-9.06","-0.6700000000000002","31.379999999999992",,"1.49","0","0","2.91","8.86","12.739999999999998","6.9"
K K Silk Mills Ltd,KKSILK,"Apparel & Accessories","23.561328","2.65","-0.23","0.11000000000000032","103.52000000000002",,"-7.8","0","0","22.130000000000003","1","19.990000000000002","8.14"
Neelam Linens and Garments (India) Ltd,NEELAM,"Apparel & Accessories","23.55397","7.59","-8.48","3.7799999999999994","97.69999999999997",,"4.45","0","0","11.350000000000001","9.14","4.250000000000001","7.81"
Aspire & Innovative Advertising Ltd,ASPIRE,"Home Electronics & Appliances","23.5259","15.86","-0.08","3.83","46.389999999999986",,"3.25","0.45","0","18.230000000000004","0.25","1.12","0.66"
LWS Knitwear Ltd,LWSKNIT,"Textiles","23.513368487","6.36","3.52","-0.25","21.779999999999994",,"10.48","0","0","9.370000000000001","0","0.10000000000000009","-14.25"
Ishita Drugs and Industries Ltd,ISHITADR,"Pharmaceuticals","23.5067483","0","-0.67","0.019999999999999574","5.5",,"4.33","0.35","0","7.8","0.18","0.8799999999999999","-3.64"
Esha Media Research Ltd,ESHAMEDIA,"Advertising","23.45982465","0.88","-0.09","0.07999999999999996","12.260000000000002",,"0.37","0","0","-19.61","0.1","0.9199999999999999","-0.2"
Nippon India ETF Hang Seng BeES,HNGSNGBEES,"Equity","23.43923568",,,,,,,,,,,,
Maris Spinners Ltd,MARIS,"Textiles","23.37011724","3.9","3.27","-0.21000000000000085","110.16",,"-18.02","0.13","0","8.01","0.45","61.639999999999986","14.54"
Salguti Industries Ltd,SALGUTI,"Plastic Products","23.36377","1.5","0.11","-0.08000000000000007","44.410000000000004",,"0.48","0.03","0","0.020000000000000018","0.06","3.5900000000000034","-0.67"
Starcom Information Technology Ltd,STARCOM,"Software Services","23.2877942","0","-0.01","0.009999999999999787","53.03999999999999",,"-6","0","0","-28.79","0","25.049999999999997","6.02"
Earthstahl & Alloys Ltd,EARTH,"Steel","23.256","11.06","-4.51","-0.9799999999999995","30.169999999999984",,"4.19","0.01","0","14.15","9.11","41.4","-0.66"
Checkpoint Trends Ltd,CENTUPLE,"Commodities Trading","23.1965286","0","-0.18","0.010000000000000009","0.10000000000000034",,"0","0","0","-4.91","0","0","0.19"
Radiowalla Network Ltd,RADIOWALLA,"Radio","23.18869644","21.17","-3.45","9.84","4.849999999999996",,"11.91","0","0","-9.21","4.07","7.01","1.38"
Laffans Petrochemicals Ltd,LAFFANSQ,"Commodity Chemicals","23.128","0","6.37","1.1102230246251565e-16","4.310000000000005",,"0.13","54.89","0","55.62","0","11.610000000000001","-6.5"
Poojawestern Metaliks Ltd,POOJA,"Metals - Diversified","23.12376","0","-0.65","-0.22999999999999987","25.77",,"-0.7","0.14","1.01","3.42","0.64","8.370000000000001","1.12"
Shyam Telecom Ltd,SHYAMTEL,"Telecom Equipments","23.11477","0","0.02","0","45.62",,"0","0.01","0","-39.29","0","1.9100000000000001","-0.02"
Hamps Bio Ltd,HAMPS,"Pharmaceuticals","23.095512","3.95","-6.2","0.02999999999999936","3.94",,"8","0","0","0.4900000000000002","3.72","5.8100000000000005","-1.77"
Winpro Industries Ltd,WINPRO,"Advertising","23.09124741","82.46","0","-0.02","35.27999999999999",,"0","0","0","-112.39999999999999","0","0.4600000000000001","-0.02"
Darshan Orna Ltd,DARSHANORNA,"Precious Metals, Jewellery & Watches","23.0134941","1.64","1.81","0.45","7.489999999999999",,"0.18","4.71","0","7.9799999999999995","0","0","-1.54"
TTI Enterprise Ltd,TTIENT,"Diversified Financials","22.991001909999998","0","-1.24","-69.25","1.4100000000000015","22.34","0","0","0","2.28","0","0","-68.01"
Maharashtra Corp Ltd,MAHACORP,"Textiles","22.972219082","0","-49.09","-0.990000000000002","-0.15000000000001623",,"0","1.66","0","-0.3","49.09","48.67","48.1"
Vinyoflex Ltd,VINYOFL,"Plastic Products","22.882062","0","0.4","0.68","2.110000000000002",,"-0.1","0","0","28.49","0.12","6.529999999999999","0.38"
Valson Industries Ltd,VALSONQ,"Textiles","22.8751488","1.61","-1.14","0.03000000000000025","29.25",,"-4.14","0","0","18.400000000000002","1.25","27.479999999999997","5.31"
Vrundavan Plantation Ltd,VPL,"Environmental Services","22.870572","13.93","-0.31","0.4900000000000002","8.730000000000006",,"3.81","0","0","3.4499999999999993","0.31","6.46","-3.01"
Octaware Technologies Ltd,OCTAWARE,"Software Services","22.8360252","4.22","-0.51","-0.08000000000000002","5.5299999999999985",,"0","0","0","6.0200000000000005","0.6","12.58","0.43"
Patspin India Ltd,PATSPINLTD,"Textiles","22.78804","4.68","-0.14","-2.220446049250313e-16","115.48000000000002",,"-1.3","0","0","-89.97","0.88","62.84","1.44"
Reliable Ventures India Ltd,RELIABVEN,"Hotels, Resorts & Cruise Lines","22.7746772","0.97","1.27","0.66","3.48",,"0","0","0","19.380000000000003","0","18.290000000000003","-0.61"
Mediaone Global Entertainment Ltd,MEDIAONE,"Movies & TV Serials","22.7424","5.95","7.15","0.010000000000000897","82.60000000000001",,"1.22","0","0","-51.480000000000004","0.85","15.120000000000005","-8.36"
Flexituff Ventures International Ltd,FLEXITUFF,"Packaging","22.713381752","222.58","476.13","-88.08999999999997","464.15999999999997",,"-298.01","0.62","0","-233.21","0","236.11","-266.21"
Shrenik Ltd,SHRENIK,"Paper Products","22.644","0","2.3","0.9899999999999984","178.91000000000003",,"-22.14","0","21.02","-237.25","0.01","0.0019000000000000006","20.83"
Lake Shore Realty Ltd,LAKESHORE,"Real Estate","22.579515","1.23","1.36","0.7000000000000001","0.43",,"0","0","0","15.48","0","0.08999999999999986","-0.66"
Ankit Metal & Power Ltd,ANKITMETAL,"Iron & Steel","22.57768","305.2","-18.67","0.46999999999999886","2077.69",,"-34.83","0.07","0","-1328.95","18.83","473.44","53.97"
Cyber Media Research & Services Ltd,CMRSL,"IT Services & Consulting","22.5456","6.24","0.09","0.06999999999999984","26.45",,"-3.79","0.9","0.59","8.07","0.11","0.3766000000000001","3.77"
Command Polymers Ltd,COMMAND,"Plastic Products","22.50408","6.22","0.95","0.009999999999999898","11.43",,"-0.77","0","0","0.07000000000000028","0.02","13.799999999999999","-0.17"
Mukat Pipes Ltd,MUKATPIP,"Building Products - Pipes","22.477","0","-0.04","-0.5","11.050000000000002",,"-0.16","0","0","-12.91","0.03","0.860000000000003","-0.3"
HDFC Nifty50 Value 20 ETF,HDFCVALUE,"Equity","22.448402",,,,,,,,,,,,
Esaar (India) Ltd,ESARIND,"Diversified Financials","22.3845375","1.25","0.5","0.20999999999999908","85.31999999999998","86.95","12.35","17.19","0","1.71","0","1.7100000000000002","-12.64"
Tata Nifty India Digital Exchange Traded Fund,TNIDETF,"Equity","22.37272896",,,,,,,,,,,,
Indo Cotspin Ltd,ICL,"Textiles","22.35800135","0","0.1","-0.7000000000000001","0.47999999999999843",,"-0.04","0","0","0.11","0.02","2.589999999999999","-0.76"
SVS Ventures Ltd,SVS,"Real Estate","22.353051093","11","-0.9","0.14","0.2900000000000091",,"-0.01","0","0","0.8399999999999999","0","0.07000000000000028","1.05"
Raw Edge Industrial Solutions Ltd,RAWEDGE,"Mining - Diversified","22.3397064","8.75","-2.54","-0.05999999999999961","29.209999999999997",,"-6.17","0","0","2.0500000000000007","2.57","25.34","8.65"
Kotak Nifty 1D Rate Liquid ETF,LIQUID1,"Debt","22.323522521",,,,,,,,,,,,
Helpage Finlease Ltd,HELPAGE,"Diversified Financials","22.32219","1.73","-41","4.93","86.59","90.03","30.92","0","0","4.75","0.67","0.8599999999999999","15.01"
Shubhlaxmi Jewel Art Ltd,SHUBHLAXMI,"Precious Metals, Jewellery & Watches","22.2684","11.07","-0.07","0.10000000000000009","19.110000000000007",,"1.87","0","0","0.9000000000000004","0.07","1.8399999999999999","-1.7"
Bloom Industries Ltd,BLOIN,"Iron & Steel","22.25064","0.39","-2.07","-0.11000000000000032","8.950000000000001",,"-6.79","12.29","0","2.36","0.24","0.22999999999999998","8.75"
Shree Bhavya Fabrics Ltd,SBFL,"Textiles","22.2395","1.74","-1.63","1.1100000000000003","125",,"0.33","0","0","24.110000000000003","1.91","11.830000000000005","2.41"
Mandeep Auto Industries Ltd,MANDEEP,"Auto Parts","22.2264721","20.21","-9.14","2.089999999999998","5.649999999999995",,"17.81","0","0","3.5500000000000007","6.34","8.5","-6.58"
Ekennis Software Service Ltd,EKENNIS,"IT Services & Consulting","22.141","1.7","-5.55","-2.5700000000000003","4.090000000000001",,"3.17","0","0","0.30999999999999983","5.59","7.07","-0.19"
Bombay Talkies Ltd,BOMTALKIES,"Movies & TV Serials","22.14","0","0","0.05","0.15999999999999934","0","0","2.26","0","-0.7","0","0.30999999999999994","0.05"
Kcl Infra Projects Ltd,KCLINFRA,"Construction & Engineering","22.127454053","10.12","-12.25","-3.3200000000000003","15.81000000000001",,"-0.92","3","0","11.26","0.05","0.3500000000000001","9.85"
Valencia India Ltd,VALINDIA,"Hotels, Resorts & Cruise Lines","22.09932","0","-5.36","2.13","8.34",,"4.25","0","0","2.32","5.36","11.85","3.24"
Switching Technologies Gunther Ltd,SWITCHTE,"Electrical Components & Equipments","22.0843","0","-0.09","0.12","21.63",,"0","0","0","-15.26","0.04","0.34999999999999964","0.21"
Neeraj Paper Marketing Ltd,NEERAJ,"Paper Products","22","9.29","-0.35","10.34","37.36999999999999",,"-2.48","0","0","7.470000000000002","0.31","5.57","13.17"
Medico Intercontinental Ltd,MIL,"Pharmaceuticals","21.97","18.79","-2.19","-0.6699999999999999","27.10000000000001",,"8.63","0.02","0","19.86","2","7.549899999999999","-7.11"
Sonalis Consumer Products Ltd,SONALIS,"FMCG - Foods","21.949878","3.64","0","-0.61","43.64999999999999",,"-0.01","0","0","2.6699999999999995","0","0.05000000000000002","-0.6"
Triliance Polymers Ltd,TRILIANCE,"Plastic Products","21.93212","0","0","-0.25","0.1299999999999989",,"-0.07","0.01","0","-0.21","0","0","-0.18"
DRA Consultants Ltd,DRA,"Business Support Services","21.92903","0","0.18","1.69","2.899999999999998",,"-0.27","10.23","0","21.85","0.63","6.989999999999999","1.78"
Neo Infracon Ltd,NEOINFRA,"Real Estate","21.9276976","0","-0.2","-0.06000000000000005","25.81",,"-1.79","0","0","1.43","0.2","1.3044999999999995","1.93"
Vapi Enterprise Ltd,VAPIENTER,"Paper Products","21.90192","4.34","2.18","1.1300000000000001","1.1199999999999979",,"-0.02","0.01","0","28.98","0","0","-1.03"
Prime Urban Development India Ltd,PRIMEURB,"Textiles","21.8743956","1.17","5.48","0.120000000000001","17.07",,"-7.68","0.05","0","-9.57","0.04","0.45999999999999996","2.32"
Harish Textile Engineers Ltd,HARISH,"Industrial Machinery","21.704016","0","-2.4","-0.13000000000000078","67.32",,"-8.4","0","0","5.55","2.76","28.889999999999997","10.67"
Yug Decor Ltd,YUG,"Specialty Chemicals","21.68568096","0","-6.9","0.16000000000000014","18.459999999999997",,"13.52","0","0","0.8","6.91","8.509594","-6.46"
Mirae Asset Nifty Bank ETF,BANKETF,"Equity","21.678855655",,,,,,,,,,,,
Paragon Finance Ltd,PARAGONF,"Consumer Finance","21.675","2.51","-0.85","0.37","1.959999999999991","1","0","16.86","0","23.410000000000004","0","0.06","1.22"
Dipna Pharmachem Ltd,DPL,"Pharmaceuticals","21.6097635","11.33","-0.02","-13.45","93.89000000000001",,"-4.24","0","0","3.119999999999999","0.02","0.05","-9.19"
Martin Burn Ltd,MARBU,"Real Estate","21.548284479","2.25","-5.37","-0.4800000000000004","45.870000000000005",,"-10.46","5.43","0","48.67","0","30.59","15.35"
VAMA Industries Ltd,VAMA,"Technology Hardware","21.5414","3.7","-2.23","0.08999999999999986","17.57999999999999",,"-1.29","0","0","4.37","0","1.3200000000000003","3.61"
KJMC Corporate Advisors (India) Ltd,KJMCCORP,"Investment Banking & Brokerage","21.52474408","9.4","1.53","10.08","12.2","0","1.43","47.72","0","54.26","0.05","0.7819000000000011","7.12"
Shukra Bullions Ltd,SKRABUL,"Precious Metals, Jewellery & Watches","21.515637","0","0","0.2","10.99",,"0.04","1.73","0","-2.41","0","0.02999999999999997","0.16"
Aten Papers & Foam Ltd,ATENPAPERS,"Paper Products","21.5064","0","0","-0.34999999999999964","20.85",,"-5.64","0","0","7.04","0","0.6300000000000001","5.29"
Krupalu Metals Ltd,KRUPALU,"Building Products - Ceramics","21.503264","0","-0.09","0.17000000000000037","13.910000000000002",,"-1.98","0","0","2.12","0.09","1.6500000000000001","2.24"
Utique Enterprises Ltd,UTIQUE,"Commodities Trading","21.466141219999997","0","5.27","3.0299999999999994","1.2800000000000051",,"-0.29","11.37","0","14.27","0.01","0.9900000000000001","-1.95"
Crystal Business System Ltd,CRYSTAL,"Telecom Services","21.456802019999998","0.32","1.88","-0.4700000000000002","9.340000000000002",,"1.15","5.35","0","4.89","0.16","1.5400000000000003","-3.5"
Crimson Metal Engineering Company Ltd,CRIMSON,"Iron & Steel","21.379383396","0.96","-4.45","0.15999999999999925","29.07",,"4.97","0","0","0.20999999999999996","4.71","28.11","-0.36"
Dalmia Industrial Development Ltd,DIDL,"Apparel & Accessories","21.361112499999997","0","0.82","0.04999999999999996","18.849999999999998",,"-0.03","12.57","0","0.48","0","0","-0.74"
Southern Latex Ltd,SOUTLAT,"Wood Products","21.3196024","0","0.3","0.07999999999999999","0.1200000000000002",,"0","0","0","-0.59","0","0.56","-0.22"
Ajwa Fun World and Resort Ltd,AJWAFUN,"Theme Parks & Gaming","21.28509","1.11","-5.53","0","14.719999999999997",,"-1.12","0","0","-9.379999999999999","0","2.8999999999999986","6.65"
Cubical Financial Services Ltd,CUBIFIN,"Specialized Finance","21.24542","0","0","0.05","0.3399999999999998","15.01","0","0","0","2.06","0","0.009999999999999995","0.05"
360 ONE Gold ETF,GOLD360,"Gold","21.1747584",,,,,,,,,,,,
Supra Trends Ltd,SUPRATRE,"Apparel & Accessories","21.158707683000003","0","0.05","4.109999999999999","7.750000000000004",,"6.89","0","0","-7.07","0","6.23","-2.83"
Rekvina Laboratories Ltd,VINRKLB,"Pharmaceuticals","21.152252","0","0","0.01999999999999999","0.3800000000000003",,"0.21","0","0","-3.35","0","0","-0.19"
PlatinumOne Business Services Ltd,POBS,"Data Processing & Outsourced Services","21.12504","2.86","-8.4","-2.8100000000000005","7.3300000000000045",,"3.38","3.72","0","12.100000000000001","8.45","8.31","2.21"
Easun Capital Markets Ltd,EASUN,"Specialized Finance","21.105087524","1.15","0.19","0.03","0.31999999999999645","3.32","0","16.46","0","16.14","0","0","-0.16"
Shree Metalloys Ltd,SHREMETAL,"Metals - Copper","21.0935319","0","-0.22","-3.21","2.9500000000000033",,"2.75","0","0","4.8","0.22","0.6299999999999999","-5.74"
Manraj Housing Finance Ltd,MANRAJH,"Real Estate","21","0","0.03","0","19.810000000000002","0","-0.35","0.05","0","-5.27","0","0","0.32"
Ras Resorts and Apart Hotels Ltd,RASRESOR,"Hotels, Resorts & Cruise Lines","20.984061498","0.08","0.11","0.8700000000000001","10.769999999999996",,"-0.52","0","0","15.11","0.02","26.15","1.28"
Tridhya Tech Ltd,TRIDHYA,"IT Services & Consulting","20.9592","20.12","-0.24","-0.9699999999999989","107.19000000000003",,"-21.36","6.65","0","-0.4700000000000024","5.46","27.205600000000004","20.63"
Skil Infrastructure Ltd,SKIL,"Construction & Engineering","20.908439","94.42","665.98","-0.01999999999998181","3014.65",,"-477.76","3183.76","0","-130.5","0","0.019999999999999574","-188.24"
Rapid Investments Ltd,RAPIDIN,"Diversified Financials","20.897661424000002","7.64","-9.95","-0.03999999999999915","7.480000000000004","8.38","8.4","10.03","0","1.3400000000000007","0","0.009999999999999998","1.51"
GSL Securities Ltd,GSLSEC,"Diversified Financials","20.8966888","0","-0.83","-1.0899999999999999","0.05","0","0","5.26","0","2.57","0","0","-0.26"
Padam Cotton Yarns Ltd,PADAMCO,"Textiles","20.84965","0","3.44","-0.8499999999999999","13.580000000000004",,"-0.41","0","0.39","3.97","0.01","0.47","-3.88"
Koura Fine Diamond Jewelry Ltd,KOURA,"Apparel & Accessories","20.834982","4.5","-0.38","0","5.130000000000005",,"0","0","0","0.6399999999999997","0.38","0.48","0.38"
Inani Marbles and Industries Ltd,INANI,"Building Products - Granite","20.832","3.04","-1.62","-0.020000000000000018","37.730000000000004",,"-2.69","0.96","0.07","46.88","1.17","28.139999999999993","4.29"
Amrapali Fincap Ltd,AMRAFIN,"Diversified Financials","20.75136","127.71","0.91","0.1100000000000001","0.12999999999996248","0","0.65","109.89","0","8.010000000000005","0.01","21.7","-1.45"
HDFC Nifty 100 ETF,HDFCNIF100,"Equity","20.72959368",,,,,,,,,,,,
Caprolactam Chemicals Ltd,CAPRO,"Specialty Chemicals","20.7184","0","-1.6","0","9.45",,"2.22","0","0","0.23","1.61","10.309999999999999","-0.62"
GSB Finance Ltd,GSBFIN,"Investment Banking & Brokerage","20.718","0","0","-0.04","0.339999999999998","12.72","0","0.75","0","8.38","0","0.01999999999999999","-0.04"
GACM Technologies Ltd-DVR,GATECHDVR,"Investment Banking & Brokerage","20.68264692","29.69","-24.85","-0.1999999999999993","11.320000000000004",,"29.23","0","0","-62.5","18.61","1.09","-4.58"
Regent Enterprises Ltd,REGENTRP,"Agro Products","20.642566716","2.43","-0.22","-0.28","16.569999999999993",,"-0.38","0","0","3.7899999999999996","0.22","2.19","0.32"
Labelkraft Technologies Ltd,LABELKRAFT,"Electronic Equipments","20.5994","6.21","-3.93","-1.9200000000000002","3.49",,"0.11","0","0","2.5699999999999994","4.47","11.32","1.9"
Sawaca Enterprises Ltd,SAWACA,"Commodities Trading","20.593782","0","-10.75","0.10000000000000142","11.650000000000002",,"47.15","5.23","0","0.82","0.92","0.9199999999999999","-36.3"
Howard Hotels Ltd,HOWARHO,"Hotels, Resorts & Cruise Lines","20.5138132","0.41","-1.85","-0.7000000000000003","7.800000000000001",,"-0.92","0","0","1.97","0.86","15.819999999999999","2.07"
Prima Industries Ltd,PRIMAIN,"FMCG - Foods","20.50461","0","0.78","-0.009999999999999953","5.490000000000001",,"0.18","9.81","0","-3.53","0","6.149999999999999","-0.97"
Shriram Nifty 1D Rate Liquid ETF,LIQUIDSHRI,"Debt","20.455981",,,,,,,,,,,,
Visagar Financial Services Ltd,VISAGAR,"Diversified Financials","20.437047575","2.75","0","-1.57","43.84000000000001","67.36","-1.84","25.95","0","-0.6000000000000001","0","0.29999999999999993","0.27"
Piotex Industries Ltd,PIOTEX,"Textiles","20.4144","11.22","-1.99","0.14000000000000057","6.560000000000002",,"10.02","0","0","9.19","0.02","0.09000000000000001","-7.89"
South Asian Enterprises Ltd,SAENTER,"Electronic Equipments","20.408","6","0.18","0.050000000000000266","0.24999999999999978",,"-3.31","0.09","0","-6.58","0","0.040000000000000036","3.18"
O P Chains Ltd,OPCHAINS,"Precious Metals, Jewellery & Watches","20.37875","11.91","-8.3","0","0.9300000000000072",,"0","0","0","18.23","0","0.010000000000000009","8.3"
Hindustan Agrigentics Ltd,HINDUST,"Seeds","20.3773262","0","-4.4","-4.34","0.38",,"-0.01","0","0","7.62","0.01","0.16000000000000003","0.07"
Thakral Services (India) Ltd,THAKRAL,"Electronic Equipments","20.372098880000003","0","0.03","0.19000000000000006","10.89",,"0.52","0","0","-12.68","0","0","-0.36"
Mono Pharmacare Ltd,MONOPHARMA,"Retail - Speciality","20.3188486","7.46","-0.23","0.33000000000000007","78.82000000000001",,"4.86","0","0","6.069999999999999","0.23","0.9999999999999998","-4.3"
Global Capital Markets Ltd,GLOBALCA,"Diversified Financials","20.313096","0","0.54","-2.7699999999999996","10.39","27.01","-0.03","4.16","0","5.35","0","0.3200000000000003","-3.28"
TV Vision Ltd,TVVISION,"TV Channels & Broadcasters","20.302118","18.84","-0.01","0.10000000000000003","199.86999999999995",,"0.54","0","0","-201.35","0.01","0.06389999999998963","-0.43"
Marinetrans India Ltd,MARINETRAN,"Logistics","20.29797","4.89","-0.4","-1.59","15.31999999999999",,"-0.24","0.04","0","8.330000000000002","0.02","0.15999999999999992","-0.95"
Inducto Steels Ltd,INDCTST,"Metals - Diversified","20.2871327","0","1.06","-0.049999999999998934","17.12",,"10.76","22.01","0","35.48","1.77","3.77","-11.87"
Groww Nifty India Railways PSU ETF,GROWWRAIL,"Equity","20.268429647999998",,,,,,,,,,,,
Max Heights Infrastructure Ltd,MAXHEIGHTS,"Real Estate","20.245164825","12.77","0.68","-0.7599999999999998","7.099999999999993",,"5.45","1.15","0","4.23","0.05","1.08","-6.89"
Ace Integrated Solutions Ltd,ACEINTEG,"Education Services","20.2266","5.4","-0.76","-0.99","0.67",,"-0.08","0.97","0","1.9399999999999995","0.07","1.79","-0.15"
Zenith Fibres Ltd,ZENIFIB,"Textiles","20.225529408","0","6.73","3.58","4.640000000000007",,"-0.59","3.11","0.39","52.51","0.47","11.330000000000002","-2.56"
H S India Ltd,HOTLSILV,"Hotels, Resorts & Cruise Lines","20.1843312","2.18","-0.71","-2.95","18.03",,"-4.24","2.69","0","13.48","0.71","10.579999999999998","2"
SPP Polymer Ltd,SPPPOLY,"Packaging","20.1624196","20.96","-4.84","-0.0600000000000005","29.42",,"14.61","0","0","14.759999999999998","2.6","23.359999999999996","-9.83"
Gujarat Raffia Industries Ltd,GUJRAFFIA,"Packaging","20.147976","1.02","-5.32","1.0699999999999998","4.199999999999995",,"-1.31","0","0","14.75","1.73","11.09","7.7"
Sangal Papers Ltd,SANPA,"Paper Products","20.1448766","0","-4.06","-0.4700000000000002","48.15",,"-2.18","0","0","43.04","4.45","39.49999999999999","5.77"
Tradewell Holdings Ltd,TRADEWELL,"Investment Banking & Brokerage","20.1174624","0","-8.9","-0.370000000000001","13.82","0","6.68","0.26","0","2.86","1.12","2","1.85"
SBI Nifty50 Equal Weight ETF,SBINEQWETF,"Equity","20.109052056",,,,,,,,,,,,
Add-Shop E-Retail Ltd,ASRL,"FMCG - Personal Products","20.10219876","39.27","-14.58","-0.7699999999999996","42.629999999999995",,"23.82","0","0","45.27","0","5.37","-10.01"
Premier Capital Services Ltd,PREMCAP,"Business Support Services","20.08701864","19.44","0.03","0.009999999999999981","1.0299999999999991",,"0.12","7.14","0","-16.310000000000002","0","0","-0.14"
Techindia Nirman Ltd,TECHIN,"Real Estate","20.029909132350703","25.2","0.05","3.8200000000000003","74.54",,"-10.22","0","0","-28.61","0","22.020000000000003","13.99"
Velan Hotels Ltd,VELHO,"Hotels, Resorts & Cruise Lines","19.977574375","31.48","0","-0.030000000000000027","66.52",,"0.71","0","0","-70.8","0","51.43","-0.74"
Madhya Pradesh Today Media Ltd,MPTODAY,"Publishing","19.96216","12.03","-0.97","0.0800000000000003","3.8699999999999983",,"-1.19","0.69","0","28","1.7","6.449999999999999","2.24"
Shree Marutinandan Tubes Ltd,SHREE,"Building Products - Pipes","19.895","12.69","-0.95","-1.7800000000000002","13.549999999999995",,"4.71","0","0","2.99","0.95","0.32000000000000006","-5.54"
Novateor Research Laboratories Ltd,NOVATEOR,"FMCG - Personal Products","19.88137845","2.72","-0.22","0.17999999999999994","2.070000000000002",,"1.43","0.01","0","0.43999999999999995","0.7","3.4000000000000004","-1.03"
Astron Paper & Board Mill Ltd,ASTRON,"Paper Products","19.8555","45.97","1.6","-10.06","125.72",,"-15.63","0.51","0","-1.1499999999999986","0.01","142.499","3.97"
Vikas WSP Ltd,VIKASWSP,"Agro Products","19.8306412","364.24","0","0.02","659.0499999999997",,"0","0","0","428.98","0","497.42999999999995","0.02"
Hemang Resources Ltd,HEMANG,"Commodities Trading","19.8","0","-0.01","0.47","29.619999999999997",,"-0.15","0.18","0","12.76","0","0.10999999999999999","0.63"
Fone4 Communications(India) Ltd,FONE4,"Retail - Online","19.7105","0","0","0.009999999999999998","38.809999999999995",,"0.03","0","0","-13.12","0","0.1499999999999999","-0.02"
Manipal Finance Corp Ltd,MNPLFIN,"Consumer Finance","19.686877389","2.9","8.04","-0.02000000000000124","8.609999999999998","0","-0.62","0.01","0","-18.959999999999997","0","0.76","-7.44"
Containe Technologies Ltd,CONTAINE,"Auto Parts","19.674122","1.7","-0.56","-0.46999999999999975","17.370000000000005",,"4.22","0","0","2.4799999999999995","0.65","2.94","-4.13"
Kotia Enterprises Ltd,KEL,"Industrial Machinery","19.6574","1.7","-2.35","-0.30000000000000027","6.51",,"0","36.92","0","29.96","0","0.009999999999999995","2.05"
N D A Securities Ltd,NDASEC,"Investment Banking & Brokerage","19.6296012","0.64","1.21","0.1499999999999999","6.979999999999999","0","-1.02","0.03","0","5.83","0.25","0.9200000000000002","-0.04"
NIKS Technology Ltd,NIKSTECH,"IT Services & Consulting","19.575","4.64","-0.06","0.8200000000000001","0.17999999999999933",,"1.33","0","0","1.1000000000000005","0.06","0.68","-0.45"
ICICI Prudential Nifty India Consumption ETF,CONSUMIETF,"Equity","19.56085098",,,,,,,,,,,,
Jayshree Chemicals Ltd,JAYCH,"Commodity Chemicals","19.531420362000002","12.1","0.5","-0.09","7.970000000000002",,"0.17","0","0","-31.270000000000003","0.4","2.7265000000000006","-0.76"
Veejay Lakshmi Engineering Works Ltd,VJLAXMIE,"Textiles","19.526815","21.16","0.91","0.010000000000000009","43.459999999999994",,"1.3","4.29","0","-9.45","0.57","35.2","-2.2"
DSP Nifty PSU Bank ETF,PSUBANKADD,"Equity","19.517330148",,,,,,,,,,,,
Baroda BNP Paribas Gold ETF,BBNPPGOLD,"Gold","19.51608762",,,,,,,,,,,,
Roselabs Finance Ltd,ROSELABS,"Diversified Financials","19.51","0","0","0.04999999999999999","4.960000000000001",,"0.37","0","0","-14.73","0","0","-0.32"
Gajanan Securities Services Ltd,GAJANANSEC,"Investment Banking & Brokerage","19.505376","0","-1.58","6.300000000000001","0.7500000000000102","0","7.9","106","0","119.88","1.58","4.26","-0.02"
NAPS Global India Ltd,NAPSGLOBAL,"Textiles","19.492","9.85","-1.24","1.3100000000000005","8.75",,"11.09","0","0","2.66","0.05","0.17000000000000004","-8.54"
Daikaffil Chemicals India Ltd,DAIKAFFI,"Specialty Chemicals","19.47","0.34","-0.56","-6.859999999999999","5.939999999999998",,"0","0.19","0","2.5100000000000002","1.09","2.28","-6.3"
Union Gold ETF,UNIONGOLD,"Gold","19.43007192",,,,,,,,,,,,
Response Informatics Ltd,RESPONSINF,"Software Services","19.4292546","6.35","-1.03","1.7600000000000007","5.009999999999997",,"4.82","0.78","0","0.9100000000000001","0.03","0.33820000000000006","-2.03"
RAP Corp Ltd,RAP,"Real Estate","19.4073","33.21","-1.24","0.08000000000000007","48.92",,"7.36","0","0","-29.200000000000003","0.01","4.64","-6.04"
Silly Monks Entertainment Ltd,SILLYMONKS,"Advertising","19.401523209","4.79","-1.11","-1.27","3.1499999999999986",,"-0.27","0.08","0","-7.41","0.09","0.5763000000000005","0.11"
Baroda BNP Paribas Nifty Bank ETF,BBNPNBETF,"Equity","19.392176147999997",,,,,,,,,,,,
NCC Blue Water Products Ltd,NCCBLUE,"Packaged Foods & Meats","19.375","0","0","1.04","0.18",,"0","0","0","4","0","0.09","1.04"
Indus Aluminium Recyclers Ltd,CONTAINER,"Logistics","19.3371462","8.4","-0.75","0.14000000000000057","5.429999999999997",,"11.5","0","0","-4.91","0","0","-10.61"
Ranjit Securities Ltd,RANJITSE,"Consumer Finance","19.2632832","0","-0.3","-0.30999999999999983","1.1499999999999997","5.16","0.81","1.37","0","1.7","0.04","0.26","-0.82"
Maruti Global Industries Ltd,MGIL,"Investment Banking & Brokerage","19.251155","0","0","0","1.6499999999999986","0","-14.06","0","0","-26.65","0","0","14.06"
IITL Projects Ltd,IITLPROJ,"Real Estate","19.214965","28","2.07","0.4999999999999998","35.77",,"0","0","0","-34.49","0","0","-1.57"
Madhusudan Industries Ltd,MADHUDIN,"Real Estate","19.18875","0","0.56","-0.10999999999999999","3.339999999999993",,"0","11.67","0","25.17","0","1.7","-0.67"
Maitri Enterprises Ltd,MAITRI,"Pharmaceuticals","19.184","0.2","1.23","-0.13000000000000078","11.650000000000002",,"-4.4","3.74","0","0.09999999999999998","0.08","0.20909999999999998","3.04"
Veer Energy & Infrastructure Ltd,VEERENRGY,"Renewable Energy","19.18248267","22.14","1.17","-3.42","7.980000000000005",,"0","2.38","0","27.1","0.02","5.079999999999998","-4.59"
Nidan Laboratories and Healthcare Ltd,NIDAN,"Hospitals & Diagnostic Centres","19.182","45.91","-0.22","-0.9500000000000002","14.77999999999998",,"-3.01","20","0","8.370000000000005","0.94","16.489999999999995","2.28"
Best Eastern Hotels Ltd,BESTEAST,"Hotels, Resorts & Cruise Lines","19.15845","0","-0.15","0","1.8599999999999997",,"-0.52","0","0","0.62","0.15","4.86","0.67"
Hisar Spinning Mills Ltd,HISARSP,"Textiles","19.13814","0","-6.61","2.7699999999999996","8.710000000000004",,"3.76","0","0","21.29","4.05","8.629999999999999","5.62"
Vikram Aroma Ltd,VIKRAMAR,"Specialty Chemicals","19.112609575","0","-1.87","-2.5300000000000002","12.030000000000003",,"2","0","0","18.25","1.4","20.500000000000004","-2.66"
Precision Metaliks Ltd,PRECISION,"Metals - Aluminium","19.05602478","43.75","4.4","-9.98","124.63",,"-3.47","2.39","0","20.89","0.01","0.6500000000000001","-10.91"
Sanblue Corporation Ltd,SANBLUE,"Commodities Trading","18.998385","0","1","0.85","7.559999999999995",,"0","57.26","0","47.77","0","0.49999999999999994","-0.15"
Rajeshwari Cans Ltd,RCAN,"Packaging","18.99052","0","-7.32","-0.09000000000000052","17.28",,"1.3","0","0","1.51","8.79","14.91","5.93"
Advance Lifestyles Ltd,ADVLIFE,"Textiles","18.9885375","0","0.56","-0.009999999999999953","45.81999999999999",,"-0.25","0.25","0","21.61","0","0.019999999999999997","-0.32"
ICICI Prudential Nifty50 Value 20 ETF,NV20IETF,"Equity","18.9786511",,,,,,,,,,,,
Shashijit Infraprojects Ltd,SHASHIJIT,"Construction & Engineering","18.967392","2.66","0.06","0.26000000000000023","18.680000000000007",,"3.45","0","0","-2.25","1.06","7.830000000000002","-3.25"
G-Tec Jainx Education Ltd,GTECJAINX,"Education Services","18.961911378","0","0.2","-0.030000000000000027","3.0600000000000005",,"0.55","0","0","-8.82","0","0.7306999999999998","-0.78"
Neelkanth Ltd,NEELKANTH,"Agro Products","18.957291","3.56","-0.52","0.16999999999999996","0.52",,"-0.15","0","0","1.6700000000000004","0.52","1.5300000000000002","0.84"
Zenlabs Ethica Ltd,ZENLABS,"Pharmaceuticals","18.885553515","0","0.14","0.8900000000000001","30.2",,"-3.08","0.7","0","3.92","0.02","2.29","3.83"
Shahi Shipping Ltd,SHAHISHIP,"Logistics","18.8433362","11.09","-2.69","0.21000000000000008","10.050000000000004",,"0.13","0","0","-23.28","3.21","7.380000000000003","2.77"
Amalgamated Electricity Company Ltd,AMALGAM,"Electrical Components & Equipments","18.805315776","0","0","0","0.6100000000000001",,"0","0","0","-1.78","0","0","0"
Picturepost Studios Ltd,PPSL,"Animation","18.752","17.19","-11.77","0.9800000000000004","11.900000000000007",,"14.02","0.1","0","8.239999999999998","11.89","17.75","-1.27"
CIL Securities Ltd,CILSEC,"Investment Banking & Brokerage","18.745","0","-0.15","-0.35","22.640000000000008","0","-0.15","0","0","26.38","0.15","0.9199999999999999","-0.05"
Yasons Chemex Care Ltd,YCCL,"Specialty Chemicals","18.7248024","11.98","-0.01","-1.24","18.57",,"1.22","0","0","9.399999999999999","0.06","2.5688999999999997","-2.45"
Prabhhans Industries Ltd,PRABHHANS,"Paper Products","18.700982319999998","0","-0.19","0.33000000000000007","19.379999999999995",,"1.31","0","0","3.42","0.1","3.538","-0.79"
Titaanium Ten Enterprise Ltd,TITAANIUM,"Textiles","18.664878418","2.28","-0.83","-1.4500000000000002","27.220000000000006",,"-6.15","0","0","11.42","2.61","4.8498","5.53"
Chemiesynth (Vapi) Ltd,CHEMIESYNT,"Specialty Chemicals","18.61341","1.27","-2.14","-0.010000000000000231","21.190000000000005",,"-0.52","0","0","6.640000000000001","2.16","25.82","2.65"
Benara Bearings and Pistons Ltd,BENARA,"Auto Parts","18.5926524","25.59","0.37","0.3800000000000001","67.24000000000001",,"1.95","0.02","0","-51.67","0","9.860000000000003","-1.94"
Vamshi Rubber Ltd,VAMSHIRU,"Building Products - Ceramics","18.50992","0","-1.73","0","29.05",,"2.12","0.4","0","10.33","0.6","14.500000000000002","-0.39"
Innokaiz India Ltd,INNOKAIZ,"Advertising","18.4638216","18.45","-1.56","-2.12","41.76",,"0.8","2.75","0","15.360000000000003","0.01","23.990000000000002","-1.36"
SSPDL Ltd,SSPDL,"Real Estate","18.42418125","26.97","1.45","3.26","72.27",,"-8.79","0.01","0","-37.87","0.01","10.080000000000002","10.6"
Accord Synergy Ltd,ACCORD,"Telecom Services","18.4016","4.86","1.99","0.2699999999999998","4.199999999999998",,"0.5","0","0","5.21","0.11","0.9199999999999999","-2.22"
Edelweiss Silver ETF,ESILVER,"Silver","18.384641",,,,,,,,,,,,
Olympia Industries Ltd,OLYMPTX,"Business Support Services","18.34177065","12.35","-0.41","-0.030000000000000027","90.21999999999998",,"1.05","0","0","34.85","0.5","12.81","-0.67"
Senthil Infotek Ltd,SENINFO,"IT Services & Consulting","18.31635","0","2.34","2.1599999999999997","0.010000000000000444",,"0","0","0","-2.4","0","0.13","-0.18"
Shivamshree Businesses Ltd,SBL,"Packaged Foods & Meats","18.3073","0","-4.06","-0.009999999999999676","5.339999999999999",,"0.67","0","0","-0.91","4.02","4","3.38"
Frontline Corporation Ltd,FRONTCORP,"Logistics","18.3","0","1.18","0.57","66.64",,"-0.63","0","0","10.41","1.15","35.2","0.02"
Disha Resources Ltd,DRL,"Commodity","18.2814345","0","-2.51","-0.040000000000000036","0.529999999999996",,"-1.75","35.38","0","30.91","0","0.01","4.22"
Rishabh Digha Steel and Allied Products Ltd,RISHDIGA,"Iron & Steel","18.2642256","0","3.94","0.009999999999999787","0.5299999999999965",,"-3.06","0","0","12.57","0","0.030000000000000027","-0.87"
Asia Capital Ltd,ASIACAP,"Investment Banking & Brokerage","18.239708","0","0","6.33","1.55","0.3","0.26","0","0","2.05","0","0","6.07"
Nippon India Nifty 1D Rate Liquid ETF - Growth,LIQGRWBEES,"Debt","18.090525695",,,,,,,,,,,,
Vas Infrastructure Ltd,VASINFRA,"Real Estate","18.0342448","32.04","0.12","2.38","400.15",,"0.05","83.92","0","-306.72","0","0.020000000000000018","2.21"
Maks Energy Solutions India Ltd,MAKS,"Electrical Components & Equipments","18.030454","6.12","0.1","0.35000000000000003","19.48999999999999",,"0.02","0","0","3.8400000000000007","0.01","0.08999999999999997","0.23"
Organic Coatings Ltd,ORGCOAT,"Specialty Chemicals","18.004153","9.74","-0.81","0.04999999999999996","14.480000000000004",,"-0.03","0","0","-16.42","0.85","8.696600000000004","0.89"
Modern Steel Ltd,MDRNSTL,"Iron & Steel","18.001165572","13.42","-4.56","-0.9299999999999997","0.9700000000000051",,"0","0.03","0","-9.99","0","0.06","3.63"
SBEC Systems (India) Ltd,SBECSYS,"IT Services & Consulting","18","1.93","-6.22","0.06000000000000005","23.54",,"3.57","0.05","0","-24.14","6.32","1.4","2.71"
Jai Mata Glass Ltd,JAIMATAG,"Housewares","18","0","0.14","0.06000000000000001","0.07999999999999956",,"-0.06","0","0","-7.85","0","0","-0.02"
Shreeram Proteins Ltd,SRPL,"Agro Products","17.9928","13.48","0","-0.08999999999999986","53.239999999999995",,"-2.21","0","0","-9.420000000000002","0","4.899999999999999","2.12"
Bazel International Ltd,BAZELINTER,"Investment Banking & Brokerage","17.979056082","43.82","-1.89","0.21999999999999886","14.539999999999973","0.16","11.57","4.84","0","3.8900000000000006","0.03","12.209999999999999","-9.46"
MEP Infrastructure Developers Ltd,MEP,"Roads","17.977712997999998","403.54","-16.1","0.9300000000000068","3673.9300000000003",,"-361.38","65.12","0","-1076.97","7.16","18.624300000000183","378.41"
Cargosol Logistics Ltd,CARGOSOL,"Logistics","17.952","3.89","0.71","-0.4400000000000004","37.400000000000006",,"-6.49","3.1","0","8.49","0.18","18.434900000000003","5.34"
UTI Silver Exchange Traded Fund,SILVERBETA,"Silver","17.930633225999998",,,,,,,,,,,,
Greencrest Financial Services Ltd,GREENCREST,"Diversified Financials","17.909892","8.11","-6.11","0.16999999999999993","48.15000000000001","85.73","0","0","0","10.46","0","0.03","6.28"
Cindrella Hotels Ltd,CINDHO,"Hotels, Resorts & Cruise Lines","17.8992","0","-1.49","0.15999999999999992","4.580000000000002",,"0.47","0.83","0.36","8.08","1.49","11.72","1.18"
Gujarat Lease Financing Ltd,GLFL,"Consumer Finance","17.875880453","67.59","0.41","0.02999999999999997","10.420000000000003","0","0","0.11","0","-98.81","0","0.01999999999999999","-0.38"
Steel Strips Infrastructures Ltd,STLSTRINF,"Real Estate","17.865081","0","0.01","-0.010000000000000009","15.619999999999973",,"-1","75.49","0","62.59","0","0.10000000000000009","0.98"
Sati Poly Plast Ltd,SATIPOLY,"Packaging","17.85867","17.67","5.31","-2.3900000000000006","44.8",,"5.56","0","0","-6.450000000000001","0.2","5.890000000000001","-13.26"
Shiva Granito Export Ltd,SHIVAEXPO,"Building Products - Granite","17.8403175","2.24","0.7","0.6099999999999994","9.369999999999997",,"7.56","0","0","7.8100000000000005","0.66","4.859999999999999","-7.65"
Krishna Capital and Securities Ltd,KRISHNACAP,"Investment Banking & Brokerage","17.829168","0","0.34","0.16000000000000003","0.009999999999999787","3.8","0","2","0","3.16","0","0.01","-0.18"
360 ONE Silver ETF,SILVER360,"Silver","17.796387243",,,,,,,,,,,,
Integrated Capital Services Ltd,ICSL,"Business Support Services","17.792","0.75","0.26","0.16999999999999993","3.119999999999998",,"-2.05","0.57","0","4.75","0","8.559999999999999","1.96"
Motilal Oswal BSE Low Volatility ETF,MOLOWVOL,"Equity","17.76724378",,,,,,,,,,,,
Julien Agro Infratech Ltd,JULIEN,"Agro Products","17.754244","22.08","-22.72","2.2400000000000007","27.479999999999986",,"2.19","37.5","0.3","2.8800000000000026","0","0.22","22.77"
Abirami Financial Services (India) Ltd,ABIRAFN,"Diversified Financials","17.739","0","1.39","-0.4600000000000002","0.44","0","-1.35","1.05","1.35","14.44","0.01","0.010000000000000002","-0.5"
Continental Seeds and Chemicals Ltd,CONTI,"Seeds","17.70686578","5.13","-1.64","0.049999999999998934","8.24",,"12.1","0","0","4.53","1.65","15.29","-10.41"
HCKK Ventures Ltd,HCKKVENTURE,"Real Estate","17.67815","0.93","0.1","0.03","0.10000000000000044",,"0","0","0","-0.25","0","0","-0.07"
ICICI Prudential Nifty Oil & Gas ETF,OILIETF,"Equity","17.677223572",,,,,,,,,,,,
Sanwaria Consumer Ltd,SANWARIA,"FMCG - Foods","17.6664","13.2","0.05","-0.09999999999999999","930.8800000000001",,"0","0","0","-683.1400000000001","0","65.13000000000001","-0.15"
Epuja Spiritech Ltd,EPUJA,"Online Services","17.640774372","1.96","-0.02","-1.4","1.369999999999993",,"2.2","0.03","0","1.65","0.02","0.02259999999999973","-3.58"
Panabyte Technologies Ltd,PANABYTE,"Commodities Trading","17.63484","0.67","-0.55","0.29000000000000004","11.480000000000002",,"2.23","0","0","-1.7999999999999998","0.81","0.52","-1.39"
Gilada Finance and Investments Ltd,GILADAFINS,"Investment Banking & Brokerage","17.6036476","0","-0.15","-0.31999999999999984","10.679999999999996","29.68","-3.16","0.06","0","16.97","0.15","4.12","2.99"
Amin Tannery Ltd,AMINTAN,"Conglomerates","17.59965768","0","-0.94","-0.14000000000000012","48.940000000000005",,"-1.5","0.06","0","2.03","0.95","7.2200000000000015","2.3"
Golechha Global Finance Ltd,GOLECHA,"Diversified Financials","17.545","0.84","0","0.13","0.020000000000000212","3.51","0","0","0","1.75","0","0","0.13"
Prism Finance Ltd,PRISMFN,"Diversified Financials","17.5248088","0","5.42","-0.33000000000000007","1.5500000000000003","0.05","0.71","22.28","0","15.63","0.01","0.6199999999999999","-6.46"
Jay Kailash Namkeen Ltd,JAYKAILASH,"Wood Products","17.504256299","9.22","-8.26","2.1500000000000004","14.920000000000002",,"12.64","0","0","4.279999999999999","5.87","6.27","-2.23"
Hit Kit Global Solutions Ltd,HITKITGLO,"FMCG - Foods","17.4097","0.6","-2","0.22999999999999998","0.1499999999999998",,"2.25","0","0","1.4299999999999997","0","10.84","-0.02"
Cityman Ltd,CITYMAN,"Textiles","17.3878346","0","0","-0.010000000000000009","14.1",,"0.3","0","0","-18.27","0","0.009999999999999995","-0.31"
Quality RO Industries Ltd,QRIL,"Specialized Finance","17.32725","5.55","0.02","-0.03000000000000025","8.069999999999997",,"3.88","0","0","3.410000000000001","0.01","1.6600000000000001","-3.93"
Starsource Multitrade Ltd,STARSOURCE,"Advertising","17.25","0","10.46","10.020000000000001","0.20999999999999644",,"-0.16","0.01","0","11.64","0","0.009999999999999995","-0.28"
Duke Offshore Ltd,DUKEOFS,"Oil & Gas - Equipment & Services","17.2402428","0","-0.1","-0.45000000000000007","0.5200000000000018",,"-0.01","0","0","-5.07","0","3.120000000000001","-0.34"
Paramount Cosmetics (India) Ltd,PARMCOS-B,"FMCG - Personal Products","17.240105","10.85","0.96","-0.050000000000000266","20.119999999999994",,"-2.41","0","0","4.66","0","4.239999999999998","1.4"
Rita Finance and Leasing Ltd,RFLL,"Specialized Finance","17.2","1.63","0","0.06999999999999984","2.900000000000002","18.76","2.52","0","0","4.51","0","0","-2.45"
Zenith Healthcare Ltd,ZENITHHE,"Pharmaceuticals","17.19648","0","-1.09","-0.42000000000000004","3.479999999999998",,"0","0","0","2.03","0.39","1.5600000000000005","0.67"
Kotak Nifty 100 Low Volatility 30 ETF,LOWVOL1,"Equity","17.170526602000002",,,,,,,,,,,,
York Exports Ltd,YORKEXP,"Textiles","17.1536428","2.73","-4.98","-0.08999999999999986","36.67999999999999",,"4.23","9.94","0","14.41","0.63","7.75","0.66"
DSP Nifty 50 ETF,NIFTYADD,"Equity","17.149243128",,,,,,,,,,,,
Kunststoffe Industries Ltd,KUNSTOFF,"Building Products - Pipes","17.14921","1.98","-0.94","1.1600000000000001","4.8199999999999985",,"0","1.3","0","2.5500000000000003","0.11","4.289999999999999","2.1"
Tci Finance Ltd,TCIFINANCE,"Diversified Financials","17.146160675999997","0.02","-0.03","-1.6000000000000005","82.62","0","-5.83","5.3","0","-89.39","0.03","1.26","4.26"
JMD Ventures Ltd,JMDVL,"Rail","17.1418896","3.41","0.01","0.01","2.270000000000011","0","-0.01","0","0","6.08","0.04","0.2921","0.01"
Chambal Breweries and Distilleries Ltd,CHMBBRW,"Alcoholic Beverages","16.954548112","4.52","0.19","0.01999999999999999","0.0200000000000009",,"0","0","0","-10.89","0","0.020000000000000018","-0.17"
Square Four Projects India Ltd,SFPIL,"Real Estate","16.9301614","0","-0.07","1.8699999999999999","4.129999999999998",,"0.28","0.4","0","9.81","0","17.830000000000002","1.66"
Pro Clb Global Ltd,PROCLB,"Consumer Finance","16.916445","0","1.76","-0.1100000000000001","1.4400000000000017",,"0","0","0","4.96","0","0","-1.87"
Shashwat Furnishing Solutions Ltd,SFSL,"Water Management","16.9128","1.13","0.02","-0.06","2.45",,"-0.34","0","0","0.5","0.01","1.1525999999999998","0.26"
Boss Packaging Solutions Ltd,BOSS,"Industrial Machinery","16.895788","6.54","-1.85","2.2699999999999996","2.4999999999999987",,"7.34","0","0","2.8999999999999995","1.86","1.87","-3.22"
Interstate Oil Carrier Ltd,INTSTOIL,"Logistics","16.873974","0","-12.31","-0.49999999999999956","29.979999999999993",,"2.93","0.24","0","14.32","12.56","28.869999999999997","8.88"
Decillion Finance Ltd,DFL,"Specialized Finance","16.849","6.6","0","0.45999999999999996","0.88","12.12","-0.02","0.4","0","2.34","0","0","0.48"
Ventura Textiles Ltd,VENTURA,"Textiles","16.827094985","1.67","0","0","9.889999999999997",,"-0.07","0.07","0","-30.549999999999997","0","0.08000000000000007","0.07"
RTCL Ltd,RAGHUTOB,"Real Estate","16.82564034","8.04","1.07","0.4800000000000001","7.200000000000003",,"0.15","25.61","0","23.32","0","1.5999999999999999","-0.74"
SP Refractories Ltd,SPRL,"Cement","16.8213","2.38","-0.38","0","6.309999999999996",,"-1.12","0.01","0","8.420000000000002","0.39","7.11","1.5"
Sterling Powergensys Ltd,STERPOW,"Textiles","16.756220287999998","0.43","-0.15","-0.4900000000000001","19.970000000000002",,"0.58","0","0","-5.39","0.16","1.17","-0.92"
Shanthala FMCG Products Ltd,SHANTHALA,"FMCG - Personal Products","16.74516","14.31","0.84","0.47","2.169999999999995",,"-0.09","0","0","1.7200000000000006","0","2.3400000000000003","-0.28"
COSYN Ltd,COSYN,"IT Services & Consulting","16.725","7.35","0.13","-0.48","9.969999999999992",,"-0.4","0.08","0","12.570000000000002","0","6.062199999999997","-0.21"
PDP Shipping & Projects Ltd,PSPL,"Logistics","16.6567744","10.06","-10.69","3.380000000000001","5.539999999999997",,"13.84","0","0","5.91","3.74","7.259999999999999","0.23"
Family Care Hospitals Ltd,FAMILYCARE,"Hospitals & Diagnostic Centres","16.636550392","4.46","0.65","-17.220000000000002","32.64",,"-0.55","0","0","-45.02","0.27","3.99","-17.32"
Munoth Financial Services Ltd,MUNOTHFI,"Investment Banking & Brokerage","16.6126955","2.03","0.24","0.01999999999999999","1.860000000000002","0","-0.12","6.08","0","3.4100000000000006","0","3.9800000000000004","-0.1"
AIK Pipes and Polymers Ltd,AIKPIPES,"Building Products - Pipes","16.60743","11.98","-0.25","-0.22999999999999998","9.480000000000004",,"-0.41","3.5","0","4.489999999999998","1.12","4.97","0.43"
Gajanand International Ltd,GAJANAND,"Textiles","16.57529984","13.45","0.04","0.0799999999999983","9.739999999999993",,"13.95","0","0","4.710000000000001","0","0.8599999999999999","-13.91"
Adcon Capital Services Ltd,ADCON,"Investment Banking & Brokerage","16.5718","0","1.42","0.23999999999999988","9.88","4.42","0.12","0","0","2.19","0","0","-1.3"
Vivo Collaboration Solutions Ltd,VIVO,"Telecom Services","16.553225","3.86","1.9","0.17999999999999994","1.43",,"1.86","0","0","6.460000000000001","0.07","0.26999999999999996","-3.58"
Gujarat Hy Spin Ltd,GUJHYSPIN,"Textiles","16.49875","0","-1.44","-0.040000000000000036","13.979999999999993",,"-1.87","0","0","2.36","1.41","11.799999999999995","3.27"
Glaam Up Jwel Ltd,GLEAM,"Precious Metals, Jewellery & Watches","16.47961","0","0","0","21.990000000000002",,"0.13","0","0","-0.15","0","0.020000000000000004","-0.13"
JHS Svendgaard Retail Ventures Ltd,RETAIL,"Retail - Department Stores","16.4748368","1.2","-0.25","6.16","9.120000000000001",,"9.05","0","0","0.040000000000000036","0.27","6.35","-2.64"
Bharat Bhushan Finance & Commodity Brokers Ltd,BHARAT,"Specialized Finance","16.4557872","0","0.8","0.030000000000000082","1.56","0","-0.2","24.58","0.2","20.2","0","0","-0.57"
DRS Cargo Movers Ltd,DRSCARGO,"Logistics","16.41801818","0","-9.62","-0.059999999999999054","37.7",,"0.57","2.74","0","16.33","8.22","47.67","8.99"
Sarvottam Finvest Ltd,SARVOTTAM,"Investment Banking & Brokerage","16.41","18.25","0.7","-0.53","0.12","18.78","-0.5","0.82","0","-1.0399999999999991","0","0.010000000000000002","-0.73"
Quantum Nifty 50 ETF,QNIFTY,"Equity","16.3674432",,,,,,,,,,,,
Desh Rakshak Aushdhalaya Ltd,DESHRAK,"Pharmaceuticals","16.35418988","3.72","-0.02","-0.07","8.030000000000005",,"0.25","0.05","0","1.5699999999999998","0.57","9.71","-0.3"
Zerodha Nifty Midcap 150 ETF,MID150CASE,"Equity","16.3171125",,,,,,,,,,,,
ICICI Pru Nifty 10 yr Benchmark G-sec ETF,GSEC10IETF,"Debt","16.27418925",,,,,,,,,,,,
Uniroyal Industries Ltd,UNIROYAL,"Textiles","16.27284096","0.02","1.65","-0.04999999999999982","25.35",,"-7.62","0","0","11.620000000000001","0.17","14.200000000000003","5.92"
L K Mehta Polymers Ltd,LKMEHTA,"Plastic Products","16.2624","5.93","0.08","4.96","7.06",,"6.63","0","0","1.12","0.02","0.9327000000000002","-1.75"
Aditya Birla Sun Life BSE Sensex ETF,BSLSENETFG,"Equity","16.15563472",,,,,,,,,,,,
Daulat Securities Ltd,DAULAT,"Investment Banking & Brokerage","16.14","0","0.78","-1.4400000000000002","1.7400000000000035","0","0","8.9","0","16.74","0.02","0.7899999999999999","-2.22"
Benchmark Computer Solutions Ltd,BENCHMARK,"Software Services","16.1304","8.42","4.62","0.78","14.620000000000005",,"0.05","3.78","0","11.799999999999999","0","5.419999999999999","-3.89"
ICICI Prudential BSE Liquid Rate ETF - Growth,CASHIETF,"Equity","16.099767082",,,,,,,,,,,,
SRM Energy Ltd,SRMENERGY,"Renewable Energy","16.09056","0","0.01","-0.009999999999999981","46.49",,"0.17","0","0","-55.53","0","0","-0.19"
S M Gold Ltd,SMGOLD,"Precious Metals, Jewellery & Watches","16.070339568","2.47","-0.01","0.16000000000000003","17.480000000000004",,"-0.59","6.11","0","10.18","0.03","0.07999999999999999","0.76"
Thinking Hats Entertainment Solutions Ltd,THESL,"Advertising","16.04598775","9.57","-18.75","-0.370000000000001","21.639999999999993",,"19.9","0.13","0","5.91","0.05","16.8021","-1.52"
DocMode Health Technologies Ltd,DHTL,"Education Services","16.02828","0","-3.67","-1.2700000000000005","30.979999999999997",,"-4.28","1.21","0","5.21","3.65","12.809999999999999","6.68"
Tai Industries Ltd,TAIIND,"Consumer Finance","16.014","0","-1.31","-0.52","29.03000000000001",,"-0.43","3.95","0","23.61","0.03","0.69","1.22"
Shree Securities Ltd,SHREESEC,"Diversified Financials","15.96","0","2.53","2.76","0.8900000000000053","0","0","0","0","-71.09","0","0","0.23"
Trans Freight Containers Ltd,TRANSFRE,"Industrial Machinery","15.95538784","40.32","0.05","0.08000000000000007","2.149999999999998",,"0.63","0","0","-8.170000000000002","0","0.07000000000000006","-0.6"
Indong Tea Company Ltd,INDONG,"Tea & Coffee","15.92525936","22.22","-2.8","1.160000000000002","17.15999999999999",,"12.88","0","0","19.509999999999998","2.81","57.64999999999999","-8.92"
Adhbhut Infrastructure Ltd,ADHBHUTIN,"Real Estate","15.862","0","-0.01","-0.43","35.279999999999994",,"0","0","0","-21.38","0.02","27.559999999999995","-0.42"
Kisaan Parivar Industries Ltd,KISAAN,"Agro Products","15.84","0.4","0","0.47","0.69",,"0","0","0","1.94","0","0","0.47"
Raama Paper Mills Ltd,RAMAPPR-B,"Paper Products","15.821167921","11.67","-10.8","-0.1200000000000001","111.09000000000002",,"3.95","0","0","-66.34","1.82","48.7","6.73"
Radaan Media Works India Ltd,RADAAN,"Movies & TV Serials","15.81516968","7.54","-0.75","0.7000000000000002","40.629999999999995",,"-6.97","0","0","-29.79","0.75","19.66","8.42"
Palm Jewels Limited,PALMJEWELS,"Precious Metals, Jewellery & Watches","15.804471040000001","3.53","-0.01","0.56","4.379999999999996",,"2.71","0","0","1.9100000000000006","0.01","0.8299999999999998","-2.14"
Brisk Technovision Ltd,BRISK,"IT Services & Consulting","15.8","0","-1.27","0.5499999999999999","5.24",,"-0.68","0.02","0.68","5.08","1.27","1.15","2.5"
EP Biocomposites Ltd,EPBIO,"Building Products - Others","15.7976925","5.34","0.02","0.35","6.0500000000000025",,"0.82","0","0","3.5700000000000003","0.02","0.321","-0.49"
Heads UP Ventures Ltd,HEADSUP,"Textiles","15.744900216999998","0","0.84","0.9299999999999999","2.93",,"0","0","0","-6.75","0","0.15","0.09"
ANS Industries Ltd,ANSINDUS,"Packaged Foods & Meats","15.73452","0","0.57","0.020000000000000018","2.980000000000001",,"0.59","0.01","0","-6.25","0","4.110000000000001","-1.14"
Zerodha Nifty 100 ETF,TOP100CASE,"Equity","15.690364",,,,,,,,,,,,
HDFC Nifty Private Bank ETF,HDFCPVTBAN,"Equity","15.688766359999999",,,,,,,,,,,,
United Credit Ltd,UNITDCR,"Consumer Finance","15.685110912","3.94","0.04","-0.34","0.620000000000002","19.05","0.06","0.48","0","20.549999999999997","0.18","0.29000000000000004","-0.44"
Dhillon Freight Carrier Ltd,DHILLON,"Logistics","15.68","0","-0.23","1.54","4.469999999999998",,"-1.65","0","0","2.71","0.45","4.489999999999999","3.42"
Raunaq lnternational Ltd,RAUNAQ,"Construction & Engineering","15.666436697999998","1.62","0.83","1.42","13.38",,"1.56","1.7","0","2.7699999999999996","0.1","0.19999999999999998","-0.97"
Yash Management & Satellite Ltd.,YASHMGM,"Specialized Finance","15.64","6.75","0.98","2.15","1.3400000000000036",,"-3.02","1.71","0","-1.79","0.01","0.6200000000000001","4.19"
Debock Industries Ltd,DIL,"Agricultural & Farm Machinery","15.622667040000001","37.79","-4.57","0.060000000000016485","22.459999999999972",,"111.29","0","0","14.21","4.57","17.9383","-106.66"
Triumph International Finance India Ltd,TRIUMPIN,"Investment Banking & Brokerage","15.6225","28.78","4.16","0.08000000000000007","236.81999999999996","7.56","0","6.4","0","-106.97","0","2.220446049250313e-16","-4.08"
Jayatma Enterprises Ltd,JAYATMA,"Business Support Services","15.591","2.75","0.42","-0.010000000000000009","0.39000000000000046",,"-0.13","0","0","1.83","0.01","0.5800000000000001","-0.3"
Astron Multigrain Ltd,ASTRONMULT,"Packaged Foods & Meats","15.566","0","-0.02","-0.30999999999999994","11.289999999999997",,"-1.14","0","0","4.25","0.03","6.569999999999999","0.85"
Impex Ferro Tech Ltd,IMPEXFERRO,"Iron & Steel","15.563893908","52.47","-0.11","0.06","481.09000000000003",,"0.4","0","0","-455.61","0","158.92","-0.23"
Khandelwal Extractions Ltd,ZKHANDEN,"Packaged Foods & Meats","15.539828","0","0.35","0.09999999999999987","0.5900000000000003",,"-0.54","0","0","2.04","0","0.56","0.29"
Tata Gold Exchange Traded Fund,TATAGOLD,"Gold","15.477397736000002",,,,,,,,,,,,
VR Films & Studios Ltd,VRFILMS,"Movies & TV Serials","15.47616","0","-1.7","-0.17999999999999994","8.960000000000003",,"-1.33","0","0","-3.16","0.22","1.42","2.85"
HDFC Nifty100 Quality 30 ETF,HDFCQUAL,"Equity","15.473633508",,,,,,,,,,,,
Edelweiss Nifty 1D Rate Liquid ETF - Growth,ELIQUID,"Debt","15.470624856",,,,,,,,,,,,
Source Industries (India) Ltd,SOURCEIND,"Textiles","15.462617159999999","0.57","0.24","0.049999999999999975","0.27999999999999914",,"-0.02","0","0","-7.67","0","0","-0.17"
Mehta Integrated Finance Ltd,MEHIF,"Diversified Financials","15.425","0","0.07","0.42","1.01","0","-0.33","12.39","0","11.9","0.01","0.030000000000000027","0.68"
Motilal Oswal BSE Enhanced Value ETF,MOVALUE,"Equity","15.415333668",,,,,,,,,,,,
Winsome Yarns Ltd,WINSOME,"Textiles","15.414175922","51.82","0.84","19.6","642.9200000000001",,"0","0","0","-559.74","0","126.16000000000003","18.76"
Suryo Foods and Industries Ltd,SURFI,"Packaged Foods & Meats","15.40539","3.56","-0.11","-0.05","5.840000000000001",,"0","0","0","-10.07","0.12","2.59","0.06"
Zerodha Nifty 8-13 Yr G-Sec ETF,LTGILTCASE,"Debt","15.390037146000001",,,,,,,,,,,,
Eastern Treads Ltd,EASTRED,"Tires & Rubber","15.3794931","7.54","-0.13","0.24000000000000002","45.589999999999996",,"-0.09","0","0","-25.74","0.45","12.420000000000002","0.46"
Tulasee Bio-Ethanol Ltd,TULASEEBIOE,"Renewable Energy","15.3515255","0.15","0","0","7.71",,"0","0","0","-5.29","0","4.67","0"
Kkalpana Plastick Ltd,KKPLASTICK,"Plastic Products","15.341684625","0","0.5","-0.040000000000000036","0.08999999999999958",,"0","0","0","0.76","0","0.01","-0.54"
Jaipan Industries Ltd,JAIPAN,"Home Electronics & Appliances","15.3410976","0.83","-0.2","-0.33999999999999997","12.399999999999999",,"-0.21","0.03","0","-2.55","0.22","1.42","0.07"
Adhata Global Ltd,MVCOTSP,"Building Products - Others","15.325375","0","1.6","0.11000000000000015","12.350000000000001",,"-0.34","-0.59","0","-3.07","0","0.23999999999999988","-1.15"
Inspire Films Ltd,INSPIRE,"Movies & TV Serials","15.310461375","14.93","-0.04","-1.48","20.599999999999998",,"-1.52","0","0","0.05000000000000071","0.1","1.3499999999999996","0.08"
Sarda Proteins Ltd,SRDAPRT,"Packaged Foods & Meats","15.308733","0","0","-0.08","0.2699999999999996",,"0.03","0","0","-0.13","0","0","-0.11"
DSP Nifty IT ETF,ITADD,"Equity","15.257534669999998",,,,,,,,,,,,
BIL Vyapar Limited,BILVYAPAR,"Conglomerates","15.24396105","196.46","0.01","-0.13000000000000012","201.55000000000004",,"1.43","0","0","-414.09000000000003","0","0","-1.57"
Sreechem Resins Ltd,SRECR,"Commodity Chemicals","15.2376","0.67","-2.17","0","2.9799999999999978",,"-1.12","2.14","0","9.42","0.21","6.019999999999999","3.29"
Nippon India ETF Nifty 100,NIF100BEES,"Equity","15.236106209999999",,,,,,,,,,,,
7NR Retail Ltd,7NR,"Apparel & Accessories","15.2356992","1.23","-1.3","0.30999999999999983","11.529999999999998",,"-1.44","0","0","-0.19999999999999996","0","0.81","3.05"
Vashishtha Luxury Fashion Ltd,VASHISHTHA,"Apparel & Accessories","15.227013438","0.99","-0.13","0.06999999999999995","3.6099999999999985",,"0.85","0","0","2.21","0.13","4.74","-0.65"
Kallam Textiles Ltd,KALLAM,"Textiles","15.156631294","7.99","1.08","0.1100000000000001","381.53999999999996",,"-1.97","0.39","0","97.85000000000001","0.03","345.66999999999996","1"
RSC International Ltd,RSCINT,"Textiles","15.0699637","0","0","0","0.6700000000000003",,"0.47","0","0","-5.57","0","0","-0.47"
Zodiac Ventures Ltd,ZODIACVEN,"Real Estate","15.051036","6.94","-8.14","-2.5700000000000007","44.56",,"2.23","21.26","0.94","3.8199999999999994","0.08","0.13","3.34"
Comfort Commotrade Ltd,COMCL,"Commodities Trading","15.04002","0.22","-1.35","-0.6699999999999999","21.880000000000003","0","3.62","0","0.5","40.08","0","1.81","-2.94"
BKV Industries Ltd,BKV,"Packaged Foods & Meats","15.031472231999999","2.12","0.03","0.04","0.31999999999999806",,"0","0","0","0.8199999999999998","0","4.209999999999999","0.01"
Om Metallogic Ltd,OML,"Metals - Aluminium","15.01695289","0","-0.06","0.09999999999999987","19.19",,"-1.59","0","0","6.52","0.06","1.1500000000000001","1.75"
Minolta Finance Ltd,MINOLTAF,"Diversified Financials","15","0","0","-0.26","48.05","58.05","0","0.63","0","0.74","0","0","-0.26"
Raconteur Global Resources Ltd,RACONTEUR,"Mining - Diversified","14.98120316","16.28","-3.22","0.009999999999999787","6.52",,"2.46","0","0","-2.950000000000001","0.01","0.010000000000000009","0.77"
Anuroop Packaging Ltd,ANUROOP,"Packaging","14.965762","1.67","-3.12","0.029999999999999805","18.779999999999994",,"1.74","15.49","0","18.590000000000003","2.65","14.82","1.41"
UR Sugar Industries Ltd,URSUGAR,"Trading Companies & Distributors","14.9625","6.65","0.51","-0.53","0.30000000000000154",,"0","0","0","1","1.32","3.07","-1.04"
Regal Entertainment and Consultants Ltd,REGAL,"Diversified Financials","14.931634840000001","0","0","2.27","0.9199999999999998","0.71","0.5","0.19","0","-0.81","0","0","1.77"
Ind Renewable Energy Ltd,INDRENEW,"Renewable Energy Equipment & Services","14.914591775999998","11.99","-0.41","0.010000000000001563","0.61",,"23.5","0","0","0.20999999999999908","0","0","-23.08"
Stellar Capital Services Ltd,STELLAR,"Consumer Finance","14.9020155","20.64","-12.31","-0.029999999999999694","6.369999999999999","12.67","0.9","10.34","0","4.489999999999998","1.96","1.79","11.38"
Shree Manufacturing Co Ltd,SHRMFGC,"Textiles","14.865796107","0","0","0","2.559999999999999",,"0.18","0","0","-10.83","0","0","-0.18"
Associated Coaters Ltd,ASSOCIATED,"Building Products - Others","14.86524","3.69","-1.56","2.1499999999999995","2.56",,"3.8","0","0","1.7399999999999998","1.56","2.15","-0.09"
MFL India Ltd,MFLINDIA,"Logistics","14.771972","0","-4.92","-0.9900000000000002","24.04",,"2.71","0","0","-38.81","6.23","14.27","1.22"
Trustwave Securities Ltd,TRUSTWAVE,"Specialized Finance","14.742288","1.05","0","0","1.6600000000000013",,"0.85","0","0","-8.530000000000001","0","0","-0.85"
Lypsa Gems & Jewellery Ltd,LYPSAGEMS,"Precious Metals, Jewellery & Watches","14.683032","0","0","0","49.01999999999999",,"6.84","0","0","-12.99","0","2.6999999999999997","-6.84"
Econo Trade (India) Ltd,ETIL,"Diversified Financials","14.655616375","0.78","-0.13","0","24.000000000000014","52.77","-5.51","8.47","0","26.4","0","6.390000000000001","5.64"
Edelweiss Nifty 50 ETF,ENIFTY,"Equity","14.639929248",,,,,,,,,,,,
Visagar Polytex Ltd,VIVIDHA,"Textiles","14.6350267","0","0.46","0","6.130000000000001",,"-0.5","0","0","-29.36","0","2.4000000000000004","0.04"
Jiwanram Sheoduttrai Industries Ltd,JIWANRAM,"Business Support Services","14.60145275","7.43","3.01","-0.45999999999999996","71.22",,"-6.54","0.03","0","32.81","0.21","22.630000000000003","3.07"
BLT Logistics Ltd,BLT,"Logistics","14.57984","0","-4.1","-0.039999999999999813","17.470000000000002",,"0.7","0","0","5.3","2.99","8.81","3.36"
Ashtasidhhi Industries Ltd,GUJINV,"Diversified Financials","14.5241466","0.83","0","0.01","0.4400000000000018",,"0","7.19","0","1.8599999999999999","0","0","0.01"
Gautam Gems Ltd,GGL,"Precious Metals, Jewellery & Watches","14.5239885","5.78","-0.2","0.05999999999999998","19.82",,"-0.04","0","0","2.6499999999999995","0.04","1.9799999999999998","0.3"
Solid Stone Co Ltd,SOLIDSTON,"Building Products - Others","14.52062","5.24","-1.14","-0.020000000000000018","30.31",,"-2.93","0.92","0","11.76","1.23","3.71","4.05"
UTI BSE Sensex Next 50 ETF,SNXT50BETA,"Equity","14.506019819999999",,,,,,,,,,,,
DJS Stock and Shares Ltd,DJSSS,"Investment Banking & Brokerage","14.487552","0","0.36","-0.14","0.3100000000000009","0","0","0.04","0","-1.04","0.02","0.019999999999999997","-0.5"
Opal Luxury Time Products Ltd,OPAL,"Precious Metals, Jewellery & Watches","14.4637458666737","13.69","-0.01","-0.050000000000000044","21.179999999999996",,"-0.92","0","0","-13.68","0.01","6.706599999999998","0.88"
Kachchh Minerals Ltd,KACHCHH,"Mining - Diversified","14.4555543","0","0","-0.1","0.5799999999999998",,"-0.06","0","0","-3.28","0","0.51","-0.04"
Perfect-Octave Media Projects Ltd,OCTAVE,"Movies & TV Serials","14.4352416","1.89","0","0.009999999999999995","3.5799999999999947",,"0.09","0.04","0","-28.02","0","8.3749","-0.08"
Vikas Proppant & Granite Ltd,VIKASPROP,"Agro Products","14.4109","63.98","23.62","-0.009999999999999787","201.23999999999998",,"-7.83","0","0","72.20000000000002","0","188.06","-15.8"
Moongipa Capital Finance Ltd,MONGIPA,"Consumer Finance","14.3972724","8.97","-4.42","-0.05000000000000071","7.68","2.15","22.01","6.85","0","4.729999999999999","0","0.13","-17.64"
Octavius Plantations Ltd,OCTAVIUSPL,"Agro Products","14.397","3.39","-1.02","-0.15000000000000036","10.94",,"5.84","0","0","12.629999999999999","0.95","3.4699999999999998","-4.97"
Mitshi India Ltd,MITSHI,"Conglomerates","14.3792","0.6","0","-0.03","0.3499999999999993",,"0.15","0.25","0","-6.68","0","0.010000000000000009","-0.18"
Vivaa Tradecom Ltd,VIVAA,"Retail - Apparel","14.371875","6.42","0","-0.24","69.64",,"-0.08","0","0","11.44","0","0.6317999999999999","-0.16"
Beryl Securities Ltd,BERYLSE,"Diversified Financials","14.3648114","0","-0.94","0.030000000000000027","0.35000000000000175","8.72","0","0","0","4.67","0.67","0.02","0.97"
Oxford Industries Ltd,OXFORDIN,"Textiles","14.2997001","4.33","0","-0.09999999999999998","2.270000000000001",,"0.49","0","0","-11.98","0","0","-0.59"
KBS India Ltd,KBSINDIA,"Investment Banking & Brokerage","14.283968159999999","15.87","0.38","-0.56","1.529999999999993","16.65","-0.26","5.45","0","6.410000000000002","0.13","0.20999999999999996","-0.68"
Muller and Phipps (India) Ltd,MULLER,"FMCG - Personal Products","14.25","2.25","-0.01","-0.38","7.780000000000001",,"0.05","0","0","-4.95","0.01","0.05999999999999994","-0.42"
Afloat Enterprises Ltd,ADISHAKTI,"Commodities Trading","14.19054","0.45","0.35","0.15000000000000036","4.14",,"10.23","0","0","0.37999999999999995","0","0.009999999999999995","-10.43"
Ganon Products Ltd,GANONPRO,"Commodities Trading","14.173789","0","8.8","-0.16999999999999993","14.960000000000003",,"-6.25","0","0","1.69","0","0","-2.72"
ICICI Prudential Nifty IT ETF,ITIETF,"Equity","14.159443712",,,,,,,,,,,,
G K Consultants Ltd,GKCONS,"Diversified Financials","14.1171264","3.18","0","1.5999999999999996","0.11","5.63","9.18","0","0","1.6699999999999995","0","0.03","-7.58"
Franklin Leasing and Finance Ltd,FRANKLIN,"Diversified Financials","14.0779008","19.79","0.64","-0.7100000000000001","1.07","19.56","0","11.62","0","2.34","0","0","-1.35"
HDFC Nifty NEXT 50 ETF,HDFCNEXT50,"Equity","14.075981140000001",,,,,,,,,,,,
HB Leasing and Finance Co Ltd,HBLEAS,"Diversified Financials","14.071827714","19.64","0.19","1.31","0.6700000000000005","0","3.23","0.49","0","-26.8","0","0.009999999999999981","-2.11"
Ishan International Ltd,ISHAN,"Industrial Machinery","14.05529385","0.75","0.16","-2","47.19999999999999",,"-1.87","4.59","0","0.19999999999999996","0.18","1.7599999999999998","-0.29"
Jet Solar Ltd,JETINFRA,"Real Estate","14.049308","5.96","-9.68","-0.02000000000000135","4.789999999999995",,"12.12","0","0","0.9000000000000004","0","0.07","-2.46"
Technopack Polymers Ltd,TECHNOPACK,"Packaging","14.04","8.27","0.98","0.1299999999999999","3.8999999999999995",,"-4.96","0","0","0.8600000000000012","2.01","9.11","4.11"
Manglam Global Corporations Ltd,MANGLAM,"Agro Products","14.03","0","0","2.24","0.03999999999999956",,"0","0","0","-0.3","0","0","2.24"
Sanghvi Brands Ltd,SBRANDS,"Wellness Services","13.96769508","16.1","0.02","0.74","2.8099999999999983",,"0","0.01","0","-20.990000000000002","0","0.07000000000000006","0.72"
Supreme (India) Impex Ltd,SIIL,"Textiles","13.953295744999998","28.92","1.69","-20.830000000000002","362.2900000000001",,"-18.21","0.01","0","46.53","0.04","20.427220999999996","-4.31"
Consecutive Commodities Ltd,CCDL,"Investment Banking & Brokerage","13.93305","0","5.53","0.019999999999999962","2.570000000000002",,"0.06","0","0","1.38","0","0","-5.57"
Bandhan Silver ETF,SILVERBND,"Silver","13.909139790000001",,,,,,,,,,,,
Natraj Proteins Ltd,NATRAJPR,"FMCG - Foods","13.90137","0","-2.49","-0.6499999999999986","26.410000000000007",,"-19.82","0","0","28.48","0.75","5.890000000000001","21.66"
DSP Nifty Private Bank ETF,PVTBANKADD,"Equity","13.89682272",,,,,,,,,,,,
Eurotex Industries and Exports Ltd,EUROTEXIND,"Textiles","13.886035755000002","10.05","3.11","-0.5699999999999998","56.08",,"-2.03","2.32","0","-47.55","0.02","10.079999999999998","-1.65"
S & T Corporation Ltd,STCORP,"Packaged Foods & Meats","13.878405380000002","0","-4.26","0.5800000000000001","6.819999999999997",,"3.46","2.51","0","6.64","0.01","3.09","1.38"
Tokyo Finance Ltd,TOKYOFIN,"Consumer Finance","13.870499","0","0","-1.47","0.309999999999998","11.57","0","0","0","4.61","0","0","-1.47"
Arrowhead Seperation Engineering Ltd,ARROWHEAD,"Industrial Machinery","13.847805","11.11","-0.94","-1.5299999999999994","12.680000000000005",,"3.25","0","0","3.6000000000000014","0.09","0.3500000000000001","-3.84"
Creative Eye Ltd,CREATIVEYE,"Movies & TV Serials","13.8401925","34.01","2.24","-0.3699999999999999","7.519999999999999",,"-1.49","0.11","0","-24.049999999999997","0","0.9499999999999993","-1.12"
G K P Printing & Packaging Ltd,GKP,"Packaging","13.837265328","0","-0.26","-0.33999999999999986","13.910000000000005",,"-1.15","0","0","0.4","0.25","5.799999999999999","1.07"
Prag Bosimi Synthetics Ltd,PRAGBOS,"Textiles","13.83523056","0","-0.59","0.1200000000000001","228.37",,"1.92","0","0","-96.52","0.6","196.23","-1.21"
Sabrimala Industries India Ltd,SIIL,"Technology Hardware","13.821197","0","0.92","0.51","5.2299999999999995",,"-0.01","0","0","-1.77","0","0.009999999999999998","-0.4"
Edelweiss BSE Sensex ETF,ESENSEX,"Equity","13.816617363999999",,,,,,,,,,,,
Kalyani Commercials Ltd,KALYANI,"Consumer Finance","13.809","0","0.5","-0.7800000000000011","56.98",,"23.66","2.06","0","18.94","0.01","3.0200000000000005","-24.94"
Gyan Developers and Builders Ltd,GYANDEV,"Real Estate","13.8","0","0","2.46","0.41",,"0","0","0","1.76","0","0.52","2.46"
F G P Ltd,FGP,"Business Support Services","13.786364109","17.49","-0.89","-1.1600000000000001","0.2899999999999989",,"0","0","0","-26.04","0","0.050000000000000044","-0.27"
Cemantic Infra-Tech Ltd,CEMAINFRA,"Construction & Engineering","13.7860965","0","0","-0.009999999999999953","3.360000000000001",,"0.46","0","0","-22.39","0","0.020000000000000018","-0.47"
Angel One Nifty Total Market ETF,AONETOTAL,"Equity","13.778722672",,,,,,,,,,,,
Coastal Roadways Ltd,COARO,"Logistics","13.774888930000001","2","0.14","1.66","3.08",,"-0.2","6.23","0","17.25","0.02","7.5600000000000005","1.72"
Universal Office Automation Ltd,UNIOFFICE,"Industrial Machinery","13.758872153999999","3.33","0.09","-0.06","0.019999999999999546",,"0","0.43","0","-16.18","0","0.010000000000000231","-0.15"
Globe Multi Ventures Ltd,GLCL,"Commodities Trading","13.720572","0","0","0.02","38.43000000000001",,"0","2.87","0","12.51","0","0","0.02"
Radha Madhav Corporation Ltd,RMCL,"Packaging","13.70268","0","12.38","0.19000000000000128","16.009999999999998",,"-14.35","0","0","-6.3","0","10.164","2.16"
Zinema Media and Entertainment Ltd,ZINEMA,"Animation","13.645611","2.4","0.54","0.07000000000000006","1.3700000000000014",,"0","0","0","-0.49","0","0","-0.47"
Groarc Industries India Ltd,GROARC,"Biotechnology","13.630708313999998","12.91","1.62","16.24","0.240000000000002",,"0","0","0","5.609999999999999","0","0.88","14.62"
Varyaa Creations Ltd,VARYAA,"Precious Metals, Jewellery & Watches","13.62755","18.25","-0.01","0.0799999999999983","1.9000000000000015",,"19.59","0","0","0.5899999999999999","0.01","0.010000000000000009","-19.5"
Fruition venture Ltd,FRUTION,"Investment Banking & Brokerage","13.6","0.08","-1","-1.19","1.59","0","-0.42","0.05","0","0.75","0.86","3.77","0.23"
Adinath Textiles Ltd,ADINATH,"Textiles","13.59462825","6.95","1.2","0.030000000000000027","1.2199999999999978",,"0","2.6","0","-10.969999999999999","0.01","0.5700000000000003","-1.17"
United Interactive Ltd,UNITEDINT,"IT Services & Consulting","13.591513","0.23","0.16","-0.010000000000000009","0.02000000000000001",,"0","0.78","0","-1.26","0","0","-0.17"
Ind Agiv Commerce Ltd,INDAGIV,"Technology Hardware","13.588209425","0.7","3.79","-2.4999999999999996","34.38",,"-0.03","0.3","0","-8.41","0.01","8.24","-6.26"
Mihika Industries Ltd,MIHIKA,"Commodities Trading","13.58","14.64","-20.07","-0.02999999999999972","0.16999999999999488",,"0.15","0","0","-2.76","0","0","19.89"
Tijaria Polypipes Ltd,TIJARIA,"Building Products - Pipes","13.568998446","57.9","0.14","-0.040000000000000036","86.98",,"4.98","0","0","-119.03","0","17.120000000000005","-5.16"
Karnavati Finance Ltd,KARNAVATI,"Consumer Finance","13.5675","1.07","0","-0.11999999999999922","11.390000000000004","21.32","-5.6","0","0","-0.8900000000000001","0","0.010000000000000009","5.48"
Velox Shipping and Logistics Ltd,VELOX,,"13.563774","0","0.44","0.74","0.42000000000000137",,"0.22","0","0","0","0","0.01","0.08"
Veritaas Advertising Ltd,VERITAAS,"Advertising","13.5504","5.94","-8.53","0.19000000000000128","10.850000000000003",,"9.75","0","0","3.0699999999999994","4.58","6.2299999999999995","-1.03"
Ahimsa Industries Ltd,AHIMSA,"Plastic Products","13.5207553","3.39","3.92","0.07999999999999963","0.25",,"-2.24","0","0","-0.27","0.42","0.11000000000000032","-1.6"
Bothra Metals and Alloys Ltd,BMAL,"Metals - Aluminium","13.5171472","3.26","-0.01","0.020000000000000462","13.829999999999998",,"-3.19","0.06","0","-4.22","0.01","3.74","3.22"
Saptak Chem and Business Ltd,SCBL,"Fertilizers & Agro Chemicals","13.482246849000001","0","0","-0.019999999999999997","2.4",,"0.04","0","0","-12.99","0","0","-0.06"
ACI Infocom Ltd,ACIIN,"IT Services & Consulting","13.4798898","6.04","0.27","0.05000000000000002","0.8199999999999985",,"0","10.04","0","-0.7199999999999998","0","0","-0.22"
NPR Finance Ltd,NPRFIN,"Consumer Finance","13.4766","2.49","-0.02","-0.10999999999999988","2.1899999999999977","39.27","-3.08","7.02","0","41.589999999999996","0.02","4.51","2.99"
Tuni Textile Mills Ltd,TUNITEX,"Textiles","13.454993","0.76","-0.69","0.040000000000000036","29.930000000000003",,"1.8","0","0","0.020000000000000018","0.06","0.8500000000000001","-1.07"
Alps Industries Ltd,ALPSINDUS,"Textiles","13.4161363","166.69","-7.36","1.8999999999999986","684.2200000000001",,"-44.92","1.29","0","-1121.42","0","2.2299999999999986","54.18"
Shree Krishna Infrastructure Ltd,SKIFL,"Real Estate","13.398","0.73","-0.04","2.83","0.06999999999999801",,"0.38","0.9","0","0.17000000000000004","0.08","0.38","2.49"
Edelweiss Gold ETF,EGOLD,"Gold","13.350582",,,,,,,,,,,,
Yogi Infra Projects Ltd,YOGISUNG,"Construction & Engineering","13.3250278","0","241.04","-2.0800000000000054","129.41",,"12.79","1.39","0","19.43","0.28","36.919999999999995","-255.91"
Seasons Textiles Ltd,SEASONST,"Textiles","13.2877922","0.75","-0.56","0","26.429999999999993",,"-2.6","0","0","26.54","0.78","35.78999999999999","3.16"
Saroja Pharma Industries India Ltd,SAROJA,"Pharmaceuticals","13.2676038","7.59","-2.7","0.009999999999999787","23.880000000000003",,"1.56","0.34","0","4.07","0.11","11.12","1.15"
Sovereign Diamonds Ltd,SOVERDIA,"Precious Metals, Jewellery & Watches","13.260312582","0","1.22","-0.010000000000000231","10.68",,"-3.77","0","0","11.27","0.16","3.8100000000000005","2.54"
Reetech International Ltd,REETECH,"Commodities Trading","13.2519585","8.18","-2.34","-0.3799999999999999","3.5699999999999985",,"2.48","0.23","0","-0.6899999999999995","3.23","2.65","-0.52"
OTCO International Ltd,OTCO,"IT Services & Consulting","13.2274824","0.03","0","0.15000000000000002","5.93",,"-0.53","0","0","0.04000000000000001","0","0.08000000000000002","0.68"
Garbi Finvest Ltd,GARBIFIN,"Consumer Finance","13.22047636","45.43","-3.47","1.1699999999999995","4.42","28.07","0","50.86","0","18.589999999999996","0","0","4.64"
Asia Pack Ltd,ASIAPAK,"Real Estate","13.1871","2.55","-2.21","-2.54","4.640000000000005",,"0","29.03","0","31.24","0","1.6197628999999998","-0.33"
S V Trading and Agencies Ltd,ZSVTRADI,"Investment Banking & Brokerage","13.1841","0","1.42","0","0.03999999999998892",,"0","24.49","0","25.32","0","0","-1.42"
Antarctica Ltd,ANTGRAPHIC,"Packaging","13.175816","0.05","-0.24","-0.2100000000000004","34.66999999999999",,"2.32","0","0","0.41000000000000003","0.28","8.129999999999999","-2.29"
PBA Infrastructure Ltd,PBAINFRA,"Construction & Engineering","13.16304795","26.64","0.6","0.5700000000000001","446",,"-1.43","28.68","0","-154.89999999999998","0","18.370000000000005","1.4"
Globale Tessile Ltd,GLOBALE,"Textiles","13.158520725","1.46","-1.85","-2.71","12.530000000000003",,"-0.15","0","0","-1.08","0","0","-0.71"
Yunik Managing Advisors Ltd,YUNIKM,"Business Support Services","13.14473368","9.6","0","0","0.30000000000000054",,"0","0","0","-23.53","0","0","0"
Neopolitan Pizza and Foods Ltd,NPFL,"Restaurants & Cafes","13.107","8.79","-3","3.1500000000000004","9.880000000000006",,"11.97","3.74","0","2.530000000000001","3","4.71","-5.82"
Citi Port Financial Services Ltd,CITIPOR,"Diversified Financials","13.1006","0","0","-0.04","1.91","0","0","0","0","0.03","0","0","-0.04"
Continental Chemicals Ltd,CONTCHM,"Software Services","13.100425","0.38","0.03","-0.11000000000000001","1.010000000000001",,"-0.04","0","0","2.4","0.17","2.59","-0.1"
Datiware Maritime Infra Ltd,DATIWARE,"Shipbuilding","13.1","0","0","-0.009999999999999995","9.39",,"-0.08","0","0","-7.36","0","5.47","0.07"
Market Creators Ltd,MKTCREAT,"Investment Banking & Brokerage","13.083","0","1.39","0.34999999999999987","31.4","0","-1.18","0","0","0.25","0.11","0.9199999999999999","0.14"
Dolphin Kitchen Utensils and Appliances Ltd,DKUAL,"Commodities Trading","13.05884435","12.5","-5.61","0.10000000000000142","14.569999999999988",,"26.43","4.24","0","6.350000000000001","1.97","2.12","-20.72"
Global Longlife Hospital and Research Ltd,GLHRL,"Hospitals & Diagnostic Centres","13.0515","17.62","21.8","21.110000000000007","0.05000000000000199",,"-13.01","0.03","0","-1.3300000000000018","0.07","0","12.32"
Garware Marine Industries Ltd,GARWAMAR,"Shipbuilding","13.020043472","3.31","-0.01","-0.01","1.22",,"0","13.68","0","8.879999999999999","0.01","0.020000000000000018","0"
Niraj Ispat Industries Ltd,NIRAJISPAT,"Textiles","13.02","0","1.03","-0.009999999999999787","5.799999999999998",,"3.08","0.26","0","13.71","0.03","1.1600000000000001","-4.12"
Edelweiss BSE Capital Markets & Insurance ETF,ECAPINSURE,"Equity","13.0017776",,,,,,,,,,,,
JMJ Fintech Ltd,JMJFIN,"Education Services","12.9792","1.54","-0.52","1.8600000000000012","24.42","42.57","11.71","0","0","9.29","0.52","0.8500000000000001","-9.33"
Anna Infrastructures Ltd,ANNAINFRA,"Real Estate","12.9238","0","-0.93","-0.21000000000000008","0.3400000000000004",,"-0.01","1.34","0","6.86","0","0.31000000000000005","0.73"
White Organic Agro Ltd,WHITEORG,"FMCG - Foods","12.915","0.35","4.38","-0.09999999999999985","5.849999999999991",,"-0.01","58.08","0","22.18","0","0.07","-4.47"
Link Pharmachem Ltd,LINKPH,"Commodity Chemicals","12.890968904000001","2.87","1.53","0.009999999999999787","10.640000000000002",,"-4.21","2.06","0","5.3500000000000005","0.26","9.28","2.69"
Sibar Auto Parts Ltd,SIBARAUT,"Auto Parts","12.889578","6.99","-0.24","-0.06999999999999984","13.459999999999997",,"-0.94","0","0","-14.49","0.24","10.620000000000001","1.11"
SI Capital & Financial Services Ltd,SICAPIT,"Tour & Travel Services","12.8775","0.9","-0.12","0.16000000000000014","7.229999999999999","9.1","4.87","0.01","0","-1.54","0.11","0.19","-4.59"
Prabhu Steel Industries Ltd,ZPRBHSTE,"Iron & Steel","12.852225","0","1.29","0.07999999999999985","2.2899999999999983",,"0.97","1.17","0","9.88","0.01","0.7","-2.18"
ICICI Prudential Nifty PSU Bank ETF,PSUBNKIETF,"Equity","12.851369693",,,,,,,,,,,,
J J Finance Corporation Ltd,JJFINCOR,"Diversified Financials","12.81972","0","1.5","0.030000000000000027","0.1","5.5","-1.45","3.48","0","7.26","0","0","-0.02"
ICICI Prudential Nifty Metal ETF,METALIETF,"Equity","12.81104955",,,,,,,,,,,,
Goenka Business & Finance Ltd,GBFL,"Diversified Financials","12.7920984","15","-0.03","-1.34","167.54","164.81","0","11.62","0","3.210000000000001","0.03","0.03999999999999998","-1.31"
Jackson Investments Ltd,JACKSON,"Investment Banking & Brokerage","12.7911542","0","0.01","-0.019999999999999997","0.42999999999999844","0","0","7.99","0","-1.79","0","0","-0.03"
Norris Medicines Ltd,NORRIS,"Pharmaceuticals","12.7608932","0","0","0.010000000000000009","28.68",,"-0.5","0.01","0","-24.79","0.02","5.270000000000003","0.51"
Suncare Traders Ltd,SCTL,"Commodities Trading","12.75","3.62","2.5","-0.9599999999999997","6.78",,"-0.18","6.72","0","-14.32","0","0.009999999999999981","-3.28"
Surya India Ltd,SURYAINDIA,"Real Estate","12.7491434","8.57","24.02","21.64","7.210000000000014",,"0","39.62","0","103.97999999999999","0","45.379999999999995","-2.38"
R J Shah and Company Ltd,RJSHAH,"Construction & Engineering","12.74455","0","1.76","-0.25","3.89",,"-0.21","0.5","0.07","40.59","0.03","0.73","-1.8"
Infronics Systems Ltd,INFRONICS,"IT Services & Consulting","12.737822827","10.19","0","0.06999999999999984","0.29000000000000226",,"-1.12","0","0","-14.77","0","0.010000000000000009","1.19"
Uniinfo Telecom Services Ltd,UNIINFO,"Telecom Services","12.7248128","16.16","-0.42","0","8.289999999999992",,"3.01","0","0","6.02","0.46","3.08","-2.59"
Mirae Asset BSE Sensex ETF,SENSEXETF,"Equity","12.721782557",,,,,,,,,,,,
Unipro Technologies Ltd,UPROTECH,"Software Services","12.7052712","0","0","0.029999999999999916","4.78",,"0.94","0.08","0","-6.98","0","0","-0.91"
Emmessar Biotech and Nutrition Ltd,EMMESSA,"Pharmaceuticals","12.6950901","0","-0.23","-0.010000000000000009","1.4999999999999984",,"0","0","0","2.71","0","1.81","0.22"
Parmax Pharma Ltd,PARMAX,"Pharmaceuticals","12.6792657","0","-0.7","-0.26","20.740000000000002",,"1.4","0.4","0","-6.44","0.7","7.970000000000001","-0.96"
UTI Nifty 5 yr Benchmark G-Sec ETF,GILT5BETA,"Debt","12.658165299",,,,,,,,,,,,
Raj Packaging Industries Ltd,RAJPACK,"Packaging","12.61251","0.99","-0.04","-2.220446049250313e-16","6.659999999999998",,"1.64","0","0","7.09","0.04","5.779999999999999","-1.6"
Sumeru Industries Ltd,SUMERUIND,"Business Support Services","12.6","0","-0.02","-0.02","0.11999999999999666",,"-0.02","2.13","0","3.24","0.01","0.31000000000000005","0.02"
Sungold Media and Entertainment Ltd,SMEL,"Advertising","12.584","0.34","-0.09","1.03","0.049999999999998226",,"0","0","0","0.25999999999999995","0.09","0.33","1.12"
Diggi Multitrade Ltd,DML,"Real Estate","12.58075","0.78","0","0.020000000000000018","1.85",,"0.75","0.52","0","-0.26","0","0.05","-0.73"
Ushakiran Finance Ltd,USHAKIRA,"Diversified Financials","12.56983","0","-0.15","0.04000000000000001","0.330000000000002","0.63","0","15.7","0","13.76","0","0.13000000000000003","0.19"
VCU Data Management Ltd,VCU,"Electronic Equipments","12.555","11.25","1.22","0.28","0.6300000000000016",,"0","0","0","3.2200000000000006","0","0.020000000000000018","-0.94"
GCM Securities Ltd,GCMSECU,"Investment Banking & Brokerage","12.53736","20.59","-1.43","0.6300000000000001","12.839999999999995","0","2.33","17.35","0","-24.97","1.61","1.29","-0.27"
Cian Healthcare Ltd,CHCL,"Pharmaceuticals","12.522877764","38.76","-0.25","16.58","123.71",,"-3.92","4.89","0","-31.4","0.04","49.99999999999999","20.75"
Usha Martin Education And Solutions Ltd,UMESLTD,"Education Services","12.521094414","0.01","0.04","0.020000000000000018","1.18",,"-1.17","15.5","0","11.94","0.01","0.010000000000000009","1.15"
Svaraj Trading and Agencies Ltd,ZSVARAJT,"Commodities Trading","12.508","0","-1.31","-2.1100000000000003","0.17",,"0","38.18","0","43.11","0","9.605018","-0.8"
Golden Legand Leasing and Finance Ltd,GOLDLEG,"Specialized Finance","12.47593","0","-2.6","1.3599999999999999","28.880000000000003","0","2.25","0","0","-3.39","2.6","11.420000000000002","1.71"
Asian Warehousing Ltd,ASIAN,"Advertising","12.449304","0","0","-0.33000000000000007","8.05",,"-1.31","0","0","22.59","0","33.669999999999995","0.98"
Resourceful Automobile Ltd,RAL,"Retail - Speciality","12.41919882","10.97","-0.03","3.21","8.639999999999997",,"6.35","0","0","3.209999999999999","0.03","0.18999999999999995","-3.11"
Shree Karthik Papers Ltd,SHKARTP,"Paper Products","12.40239","0","-0.49","0.009999999999999898","30.789999999999996",,"-0.65","0.11","0","-6.94","0.67","15.670000000000002","1.15"
Neil Industries Ltd,NEIL,"Diversified Financials","12.3967288","28.49","-3.76","0","6.96000000000001","33.46","6.39","16.84","0","10.540000000000003","0","13.209999999999999","-2.63"
Gemstone Investments Ltd,GEMSI,"Consumer Finance","12.33375","11.66","-0.01","-0.44","0.31999999999999845","0","-0.01","0","0","5.59","0.01","0.009999999999999995","-0.42"
Suvidha Infraestate Corporation Ltd,SICL,"Construction & Engineering","12.312064","0","0","0.02","4.509999999999999",,"0.04","0","0","-10.75","0","0","-0.02"
HDFC Nifty Growth Sectors 15 ETF,HDFCGROWTH,"Equity","12.297759209999999",,,,,,,,,,,,
The Wealth Company Gold ETF,TWCGOLDETF,"Gold","12.294202776",,,,,,,,,,,,
SRG Fingrow Finance Ltd,SRGFFL,"Specialized Finance","12.255912","4.76","0.76","0.75","0.53","0","0","0","0","4.630000000000001","0","0.38","-0.01"
Mish Designs Ltd,MISHDESIGN,"Apparel & Accessories","12.25455","12.85","-0.01","-0.05999999999999961","5.699999999999997",,"4.95","0","0","1.8900000000000006","0.01","0.18","-5"
CitiChem India Ltd,CITICHEM,"Specialty Chemicals","12.24","9.55","0.03","3.869999999999999","49.82",,"15.35","0","0","3.75","0","0.060000000000000005","-11.51"
Bindal Exports Ltd,BINDALEXPO,"Textiles","12.237064","2.84","1.82","0.5499999999999998","1.8900000000000003",,"-4.36","0","0","1.5099999999999998","0.78","0.64","3.09"
Scintilla Commercial & Credit Ltd,SCC,"Specialized Finance","12.213832386","0","0","-0.12","0.8299999999999982","8.12","-0.04","2.37","0","-0.09","0","0","-0.08"
MT Educare Ltd,MTEDUCARE,"Education Services","12.206541126000001","200.32","3.58","2.79","262.66999999999996",,"0.04","0","0","-274.34","0.6","17.86","-0.83"
Ortin Global Ltd,ORTINGLOBE,"Pharmaceuticals","12.197088","0","0","-0.07999999999999996","1.7899999999999998",,"0.33","0","0","-6.15","0","0","-0.41"
DAPS Advertising Ltd,DAPS,"Advertising","12.1868895","2.8","-0.12","2.47","4.1",,"-0.13","0.04","0.08","8.79","0.49","2.44","2.72"
Sri Nachammai Cotton Mills Ltd,SRINACHA,"Textiles","12.1862","6.6","-2.77","-0.040000000000000036","62.89",,"2.34","0.14","0","5.220000000000001","4.49","38.89","0.39"
Panther Industrial Products Ltd,PANIDPR,"Investment Banking & Brokerage","12.1800609","0","0","-0.02","7.4399999999999995","0","0","0","0","-0.19","0","0.030000000000000027","-0.02"
Natura Hue Chem Ltd,NATHUEC,"Ports","12.1540196","0","0","0.48000000000000004","0.2799999999999998",,"0.08","1.03","0","6.45","0","0","0.4"
Indo-City Infotech Ltd,INDOCITY,"Diversified Financials","12.1264","2.06","0.17","-1.11","0.2799999999999998","3.12","-0.01","1.46","0","-1.08","0.1","1.19","-1.27"
Motilal Oswal Silver ETF,MOSILVER,"Silver","12.11511",,,,,,,,,,,,
Vanta Bioscience Ltd,VANTABIO,"Labs & Life Sciences Services","12.097512","15.21","-6.69","0.05999999999999872","82.11",,"9.16","0","0","-11.100000000000001","6.69","37.432917","-2.41"
New Light Industries Ltd,NEWLIGHT,"Apparel & Accessories","12.0888207","4.59","-0.08","-0.9699999999999998","0.6600000000000001",,"6.11","0","0","1.04","0.08","0.1499999999999999","-7"
Frontier Capital Ltd,FRONTCAP,"Diversified Financials","12.051995197","0","0","0.010000000000000009","0.3099999999999982","2.91","0.13","0","0","-14.01","0","0","-0.12"
Elegant Floriculture & Agrotech (India) Ltd,ELEFLOR,"Agro Products","12.0110438","0","1.48","-1.0800000000000003","9.41",,"-0.07","0","0","3.56","0","3.960000000000001","-2.49"
Samyak International Ltd,SAMYAKINT,"Commodities Trading","11.9958","12.02","-2.21","-0.73","15.510000000000005",,"1.15","7.12","0","32.25","0.58","29.358","0.33"
Hemo Organic Ltd,HEMORGANIC,"Pharmaceuticals","11.9947273","0","0","-0.12","5.129999999999999",,"0.24","0","0","-3.62","0","0","-0.36"
Compuage Infocom Ltd,COMPINFO,"Technology Hardware","11.921760895999999","74.11","64.26","-5.2099999999999795","958.1500000000001",,"131.19","0.57","0","-378.96000000000004","0","45.83","-200.66"
Rander Corp Ltd,RANDER,"Real Estate","11.917542","2.21","0.67","0.17000000000000015","3.410000000000002","0","0.89","3.62","0","8.32","0.19","5.199999999999999","-1.39"
Galada Finance Ltd,GALADAFIN,"Investment Banking & Brokerage","11.85","0","0","-0.009999999999999787","6.779999999999999","10.87","2.25","0.08","0","2.78","0.04","0.5900000000000001","-2.26"
BKM Industries Ltd,BKMINDST,"Packaging","11.796128971156099","41.71","-0.74","-0.14000000000000057","229.8200000000001",,"-32.3","0","0","104","0","207.72000000000003","32.9"
Shukra Jewellery Ltd,SHUKJEW,"Precious Metals, Jewellery & Watches","11.7947632","0","-0.01","0.08000000000000002","5.769999999999995",,"-0.45","0.62","0","22.87","0","0.3064999999999998","0.54"
Shivagrico Implements Ltd,SHIVAGR,"Agricultural & Farm Machinery","11.78196","1.01","-0.69","-1.4099999999999997","18.170000000000005",,"-4.56","0","0","1.8499999999999999","0.87","10.260000000000002","3.84"
KCD Industries India Ltd,KCDGROUP,"Real Estate","11.75917761","31.32","-3.36","0.10000000000000142","10.850000000000005",,"32.85","0","0","6.659999999999997","0","0.12000000000000001","-29.39"
Educomp Solutions Ltd,EDUCOMP,"Education Services","11.756848128","1024.03","0.02","-0.73","3335.5500000000006",,"0","13.86","0","-4187.59","0.42","95.71800000000002","-0.75"
DSP BSE Liquid Rate ETF,LIQUIDADD,"Equity","11.755577229",,,,,,,,,,,,
Motilal Oswal BSE Healthcare ETF,MOHEALTH,"Equity","11.746150565",,,,,,,,,,,,
Vishvprabha Ventures Ltd,VISVEN,"Investment Banking & Brokerage","11.733718866","5.52","-0.49","0.1399999999999999","25.959999999999994",,"1.9","0","0","-0.4899999999999993","0.49","11.04","-1.27"
Vedant Asset Ltd,VEDANTASSET,"Specialized Finance","11.7285152","1.89","-0.06","-0.97","0.7900000000000003","0","0","0.24","0","0.9800000000000002","0.07","1.2091","-0.91"
Tirth Plastic Ltd,TIRTPLS,"Building Products - Others","11.72309112","0","0.09","0.07","0.29999999999999977",,"-0.15","0","0","-2.04","0","0","0.13"
SDC Techmedia Ltd,SDC,"Rail","11.7189625","2.51","-1.74","0.6400000000000001","23.080000000000005",,"0.24","0","0","-6.819999999999999","1.74","13.760000000000002","2.14"
Univa Foods Ltd,UNIVAFOODS,"Hotels, Resorts & Cruise Lines","11.7017276","17.71","0","0","0.779999999999998",,"0.21","0","0","-32.79","0","0","-0.21"
Aditya Birla Sun Life CRISIL Broad Based Gilt ETF,ABGSEC,"Equity","11.676287854",,,,,,,,,,,,
Mirae Asset Nifty 1D Rate Liquid ETF   Growth,LIQUIDPLUS,"Debt","11.653859525",,,,,,,,,,,,
Computer Point Ltd,COMPUPN,"IT Services & Consulting","11.6105031","5","1.39","-0.19000000000000017","0.19999999999999488",,"0","0","0","-1.69","0","0.029999999999999916","-1.58"
Western Overseas Study Abroad Ltd,WOSAL,"Education Services","11.5731","0","-0.18","-0.2","6.15",,"0.26","0","0","2.32","0.81","2.03","-0.28"
Lords Ishwar Hotels Ltd,LORDSHOTL,"Hotels, Resorts & Cruise Lines","11.57103","0","-0.13","0.37000000000000055","8.129999999999999",,"4.15","1.01","0","-1.57","0.13","5.640000000000001","-3.65"
Parampara Dairy Delights Ltd,PARAMPARA,"Packaging","11.55","0.09","0","0.07","29.55",,"0.36","2","0","-1.82","0","3.9799999999999995","-0.29"
Nivaka Fashions Ltd,NIVAKA,"Apparel & Accessories","11.50128","0","0.07","-1.22","4.3100000000000005",,"-0.31","2.69","0","-0.68","0.7","1.98","-0.98"
Rajdarshan Industries Ltd,ARENTERP,"Mining - Diversified","11.50071","5.02","0.87","-0.010000000000000009","0.22999999999999998",,"0","9.61","0","13.79","0","0.48999999999999977","-0.88"
Dhanuka Infra Realty Ltd,DIRL,"Real Estate","11.4957482","3.66","0.51","0.2400000000000001","10.17",,"-0.61","0","0","-0.3600000000000003","0.01","0.14785000000000004","0.34"
Amforge Industries Ltd,AMFORG,"Consumer Finance","11.495382388","18.32","1.36","0.09000000000000019","3.9299999999999966","0","-0.13","6.09","0","-8.08","0","3.9299999999999997","-1.14"
Kizi Apparels Ltd,KIZI,"Apparel & Accessories","11.494224","4.18","-0.08","-0.1200000000000001","6.870000000000002",,"7.78","0.01","0","1.58","0.07","0.31609999999999994","-7.82"
Kahan Packaging Ltd,KAHAN,"Packaging","11.424","3.82","-2.49","-0.30000000000000016","11.29",,"0.82","0.36","0","3.32","2.47","8.56","1.37"
Pan Electronics (India) Ltd,PANELEC,"Electrical Components & Equipments","11.408","0.93","-0.83","0.08999999999999986","38.77",,"2.92","0.05","0","-31.34","0.88","5.8900000000000015","-2"
GTN Textiles Ltd,GTNTEX,"Textiles","11.40766844","0","-0.06","-0.06","50.46",,"0","0.01","0","-23.88","0","7.8500000000000005","0"
Quality Foils (India) Ltd,QFIL,"Metals - Diversified","11.38746","6.28","-19.62","0.17999999999999972","68.07",,"21.72","0.4","0","21.02","25.28","47.529999999999994","-1.92"
Southern Infoconsultants Ltd,SOUTHERNIN,"IT Services & Consulting","11.38034","0","0.31","-2.5","27.35",,"0","1.44","0","0.94","0.4","0.7499999999999999","-2.81"
Quadpro Ites Ltd,QUADPRO,"Business Support Services","11.37375","6.29","-2.22","-0.5700000000000002","2.0800000000000023",,"0.93","0","0","3.4699999999999998","0.7","11.18","0.72"
Amiable Logistics (India) Ltd,AMIABLE,"Logistics","11.345818","3.48","-0.73","-0.1499999999999999","3.8000000000000034",,"1.25","5.08","0","3.78","0.05","1.3699999999999999","-0.67"
Super Fine Knitters Ltd,SKL,"Apparel & Accessories","11.33965905","1.88","-1.23","0.07000000000000006","15.799999999999999",,"-1.18","0.47","0","9.719999999999999","1.48","10.92","2.48"
Blue Chip India Ltd,BLUECHIP,"Asset Management","11.3373897","2.74","0","-0.02","5.83","2.77","0","0.62","0","-14.49","0","0.010000000000000009","-0.02"
HDFC NIFTY Midcap 150 ETF,HDFCMID150,"Equity","11.32645341",,,,,,,,,,,,
United Leasing & Industries Ltd,UNTTEMI,"Textiles","11.31","0","0.78","-0.2699999999999999","6.0600000000000005",,"-0.83","0","0","3.88","0.33","5.909999999999999","-0.22"
ICICI Prudential Nifty Infrastructure ETF,INFRAIETF,"Equity","11.292412896",,,,,,,,,,,,
New Markets Avenue Ltd,NEWMKTAVE,"IT Services & Consulting","11.2879","0","0","0.04","0.24","0","0","0","0","-0.17","0","0","0.04"
Humming Bird Education Ltd,HBEL,"Education Services","11.27307","1.99","-0.14","-1.67","0.71",,"0","0","0","-0.31000000000000005","0.24","0.26","-1.53"
Svam Software Ltd,SVAMSOF,"Software Services","11.264963","3.73","0.97","0.039999999999999925","0.05999999999999844","5.45","-0.87","13.23","0","-1.2200000000000002","0","0.01","-0.06"
Rajasthan Cylinders and Containers Ltd,RCCL,"Oil & Gas - Storage & Transportation","11.26134325","0","0.72","1.5099999999999998","11.299999999999999",,"-0.36","0.04","0","11.78","0.21","3.4799999999999995","1.15"
Shangar Decor Ltd,SHANGAR,"Home Furnishing","11.261168","6.51","-11.91","6.310000000000002","6.430000000000002",,"40.69","4.03","0","2.0600000000000005","7.91","18.7","-22.47"
Sheshadri Industries Ltd,SHESHAINDS,"Textiles","11.253280213","2.44","5.03","-0.08999999999999897","43.88",,"-4.39","0","0","-18.91","0","27.86","-0.73"
India Lease Development Ltd,INDLEASE,"Specialized Finance","11.245722615","9.18","0.66","0","0.3","0","0","10.24","0","-13.41","0","0","-0.66"
Jindal Cotex Ltd,JINDCOT,"Textiles","11.244586979249599","227.86","4.38","-0.0600000000000005","51.010000000000005",,"-10.03","1.12","0","-87.27000000000001","0","2.1292999999999997","5.59"
Pyxis Finvest Ltd,PYXISFIN,"Diversified Financials","11.226522959999999","5.31","4.8","-0.3500000000000003","0.44","13.31","-1.7","0.3","0","3.080000000000001","0","0","-3.45"
Billwin Industries Ltd,BILLWIN,"Apparel & Accessories","11.22255894","7.2","-0.21","-0.019999999999999574","2.14",,"5.36","0.12","0","2.749999999999999","0.1","0.10999999999999999","-5.17"
Santosh Fine Fab Ltd,SANTOSHF,"Textiles","11.2223264","2.18","0.03","-0.8299999999999998","9.649999999999999",,"0.56","0.01","0","0.11999999999999966","0.01","0.8599999999999994","-1.42"
Goblin India Ltd,GOBLIN,"Retail - Speciality","11.19328956","21.23","2.31","0.7300000000000004","38.5",,"-9.78","0","0","8.11","0.19","3.5700000000000003","8.2"
Bandhan Gold ETF,GOLDBND,"Gold","11.154700518",,,,,,,,,,,,
Monind Ltd,MONIND,"Metals - Diversified","11.128455026000001","1.76","0","0.040000000000000036","53.48999999999996",,"0.28","25.4","0","-142.14999999999998","0","0","-0.24"
Typhoon Financial Services Ltd,TFSL,"Diversified Financials","11.0692134","0","2.65","0","0.38000000000000067","5.28","0","2.35","0","4.31","0","0","-2.65"
Sujala Trading & Holdings Ltd,SUJALA,"Diversified Financials","11.0658645","0","0","0.06","8.03","22.89","0","0","0","10.1","0","0","0.06"
Kumbhat Financial Services Ltd,KUMPFIN,"Diversified Financials","11.039616","0.73","0.11","3.7300000000000004","16.459999999999997","17.57","15.57","0.22","0","-0.76","0","0","-11.95"
SMVD Polypack Ltd,SMVD,"Packaging","11.0331155","4.67","1.47","-0.20000000000000018","24.610000000000003",,"-4.88","0.5","0","-34.25","0","2.62","3.21"
ICICI Prudential Nifty 200 Quality 30 ETF,QUAL30IETF,"Equity","11.02903263",,,,,,,,,,,,
Mirae Asset Nifty IT ETF,ITETF,"Equity","11.015933677",,,,,,,,,,,,
Rajasthan Petro Synthetics Ltd,RAJSPTR,"Logistics","11.0088691424795","12.67","0","0","0.37999999999999945",,"0","0","0","-29.83","0","0","0"
Ishaan Infrastructures and Shelters Ltd,IISL,"Construction & Engineering","11.00682","0","0.14","-0.009999999999999981","0.4000000000000002",,"-0.03","0","0","0.21","0.01","0.01","-0.12"
Tarai Foods Ltd,TARAI,"Packaged Foods & Meats","10.9914344","3.7","0","-0.12","5.75",,"0","0","0","-21.77","0","1.9699999999999998","-0.12"
East Buildtech Ltd,EASTBUILD,"Real Estate","10.9661424","0","0.05","-0.09999999999999998","0.22999999999999998",,"-0.57","0","0","4.84","0","0.009999999999999995","0.42"
DSP Nifty Healthcare ETF,HEALTHADD,"Equity","10.95439968",,,,,,,,,,,,
Sarthak Global Ltd,SARTHAKGL,"Investment Banking & Brokerage","10.953","0","2.33","1.0799999999999996","15.420000000000003",,"-3.6","0.14","0","-1.31","0","0.020000000000000018","2.35"
Nexus Surgical and Medicare Ltd,NEXUSSURGL,"Pharmaceuticals","10.9492719","0","-0.01","0.09000000000000001","1.2200000000000006",,"0","0","0","-4.41","0.01","0.02999999999999997","0.1"
Shrydus Industries Ltd,SHRYDUS,"Commodity","10.948820832","18.09","-0.01","-0.030000000000001137","0.040000000000007106","0","25.46","0","0","0.46999999999999886","0.01","0.01","-25.48"
Kinetic Trust Ltd,KINETRU,"Investment Banking & Brokerage","10.94016","0","-6.39","-1.8299999999999992","16.36","18","4.29","0.8","0","0.66","0","0.24","0.27"
Aditya Birla Sun Life CRISIL 10 Year Gilt ETF,GSEC10ABSL,"Equity","10.9227156",,,,,,,,,,,,
Jauss Polymers Ltd,JAUSPOL,"Packaging","10.902480275","0","0","-0.09","0.2500000000000002",,"0","0","0","3.02","0","3.26","-0.09"
Garware Synthetics Ltd,GARWSYN,"Textiles","10.8974964","2.52","-0.03","-0.12","16.250000000000004",,"-0.13","0","0","-10.3","0.03","11.430000000000001","0.04"
Kuwer Industries Ltd,KUWERIN,"Packaging","10.8912864","4.78","-0.55","-0.4900000000000002","52.25999999999999",,"3.87","0","0","3.95","1.09","12.63","-3.81"
Clio Infotech Ltd,CLIOINFO,"Consumer Finance","10.88982955","1","0.15","-0.24000000000000002","6.419999999999998",,"0","0","0","-1.53","0","0","-0.39"
Getalong Enterprise Ltd,GETALONG,"Business Support Services","10.87624","7.33","1.36","0.8600000000000001","1.4500000000000017",,"0.21","3.27","0","2.49","0.07","4.36","-0.71"
Broach Lifecare Hospital Ltd,BROACH,"Hospitals & Diagnostic Centres","10.85383944","2.06","-3.64","0.1200000000000001","1.569999999999998",,"4.38","3.24","0","1.23","3.64","1.57","-0.62"
Kuber Udyog Ltd,KUBERJI,"Specialty Chemicals","10.84828","0.64","0.02","-0.16","3.44","1.76","-0.02","0.21","0","-0.32","0","0","-0.16"
NB Footwear Ltd,NBFOOT,"Apparel & Accessories","10.827","3","0","0","1.5899999999999999",,"0","0","0","-19.09","0","0","0"
Bajaj Finserv Nifty 1D Rate Liquid ETF - Growth,LIQUIDBETF,"Debt","10.82165889",,,,,,,,,,,,
Jonjua Overseas Ltd,JONJUA,"Conglomerates","10.801928412","1.74","-12.81","1.1099999999999994","2.4699999999999998",,"16.54","4.12","0","0.6900000000000002","10.11","6.7026536","-2.62"
First Custodian Fund (India) Ltd,1STCUS,"Investment Banking & Brokerage","10.8","0","-4.11","-2.4600000000000004","0.5999999999999965","0","-0.19","11.08","0.15","14","0.03","0.3400000000000001","1.84"
Catvision Ltd,CATVISION,"Communication & Networking","10.798128","1.84","-5.79","-2.3800000000000003","9.740000000000007",,"0.3","9.8","0","15.7","2.4","5.2299999999999995","3.11"
HDFC NIFTY Smallcap 250 ETF,HDFCSML250,"Equity","10.792161054000001",,,,,,,,,,,,
Arihant's Securities Ltd,ARISE,"Diversified Financials","10.79","0","0","-0.14","1.92","0","0","38.01","0","33.05","0","0.09","-0.14"
DCM Financial Services Ltd,DCMFINSERV,"Consumer Finance","10.774901298","16.51","1.92","-0.050000000000000155","71.4","0","-0.37","0.01","0","-88.59","0","10.49","-1.6"
Mideast Portfolio Management Ltd,MIDEASTP,"Investment Banking & Brokerage","10.75414","0","-0.51","0.12","0.019999999999999556","1.7","0","0","0","-1.4","0","0.010000000000000009","0.63"
Kush Industries Ltd,KUSHIND,"Textiles","10.72075","3.83","0.09","-2.36","9.55",,"-2.33","0.16","0","-25.92","0","0.1","-0.12"
Inani Securities Ltd,INANISEC,"Investment Banking & Brokerage","10.710595","0","0.58","0.3799999999999999","8.699999999999996","0.01","0.86","1.47","0","14.88","0.04","7.26","-1.06"
Jayabharat Credit Ltd,JAYBHCR,"Specialized Finance","10.71","1","0","0.04999999999999982","61.03","0","1.38","0","0","-66.86","0","0.01","-1.33"
Samtex Fashions Ltd,SAMTEX,"Apparel & Accessories","10.6535","11.4","0.03","-0.020000000000000004","598.3100000000001",,"0.08","0","0","-265.96","0","62.540000000000006","-0.13"
Euphoria Infotech (India) Ltd,EUPHORIAIT,"IT Services & Consulting","10.6062983","8.64","-0.64","-1.1199999999999999","2.9699999999999998",,"0.11","0.08","0","4.85","0.66","1.33","-0.59"
Mid India Industries Ltd,MIDINDIA,"Textiles","10.595","0","0","-0.16","6.03",,"0","0","0","-20.8","0","0.3200000000000003","-0.16"
Transwind Infrastructures Ltd,TRANSWIND,"Construction & Engineering","10.593865","4.15","-4.56","-0.1799999999999992","16.109999999999996",,"0.15","0.64","0","5.6","0.92","1.6500000000000004","4.23"
Gala Global Products Ltd,GGPL,"Business Support Services","10.590088102","3.4","-19.4","2.55351295663786e-15","99.00000000000004",,"-0.38","0","0","7.34","0","1.0700000000000003","19.78"
Neelkanth Rock-Minerals Ltd,NEELKAN,"Building Products - Granite","10.5867263","0","0.77","0.09999999999999998","0.07000000000000021",,"-0.13","0","0","3.01","0","0","-0.54"
Colinz Laboratories Ltd,COLINZ,"Pharmaceuticals","10.5827391","1.01","-0.23","-1.44","2.3299999999999987",,"0.24","1.04","0","5.95","0.26","1.6999999999999993","-1.45"
Suumaya Industries Ltd,SUULD,"Apparel & Accessories","10.572951951","43.72","-29.4","-2.269999999999989","1461.8799999999997",,"-51.91","19.29","0","806.99","26.46","35.79","79.04"
Dalal Street Investments Ltd,DSINVEST,"Investment Banking & Brokerage","10.54080067","0","1.53","-0.06000000000000005","1.8999999999999992","0","-1.34","1.92","0","4.65","0","1.81","-0.25"
Shashank Traders Ltd,SHASHANK,"Textiles","10.534389","0.03","0","0.01","3.12",,"0.01","2.41","0","-0.92","0","0","0"
Rajvi Logitrade Ltd,RAJVI,"Logistics","10.5256736","0","-2.74","0.019999999999999574","21.76",,"9.61","0","0","0.75","2.74","2.64","-6.85"
Welterman International Ltd,WELTI,"Fertilizers & Agro Chemicals","10.5169984","0","0.2","0.04999999999999999","13.619999999999997",,"-0.14","0","0","-16.82","0","0.6199999999999999","-0.01"
RGF Capital Markets Ltd,RGF,"Diversified Financials","10.50168","0","0.01","0.62","1.67","0","0","0.26","0","-1.17","0","0.020000000000000018","0.61"
Ghushine Fintrrade Ocean Ltd,GHUSHINE,"Textiles","10.483188","0","0.22","-0.010000000000000064","0.3499999999999998",,"0.32","0.2","0","0.14","0.01","0.03","-0.55"
Shanti Guru Industries Ltd,SHANTIGURU,"Retail - Department Stores","10.4635","0","-0.3","-0.26999999999999996","1.0299999999999998",,"0.44","6.77","0","1.37","0.42","1.8599999999999999","-0.41"
Ontic Finserve Ltd,ONTIC,"Specialized Finance","10.440348","0","0","-0.020000000000000018","0.8499999999999998","0","0.35","0","0","-5.89","0","0","-0.37"
Phyto Chem (India) Ltd,PHYTO,"Fertilizers & Agro Chemicals","10.4365854","0","1.02","-0.1200000000000001","21.5",,"-2.91","0.05","0","2.09","0","2.3900000000000006","1.77"
Shree Ganesh Elastoplast Ltd,SHGANEL,"Agro Products","10.42629","0","0.02","-3.54","0.48","0","-0.51","0","0","-1.46","0","0.35000000000000003","-3.05"
Axis BSE Sensex ETF,AXSENSEX,"Equity","10.424324495999999",,,,,,,,,,,,
Tasty Dairy Specialities Ltd,TDSL,"Agro Products","10.4193","17.44","0.2","-0.10000000000000142","84.52",,"-10","0.01","0","-69.17","0","11.760000000000005","9.7"
Laddu Gopal Online Services Ltd,LADDU,"Real Estate","10.37902866","9.34","-0.67","9.839999999999996","2.2499999999999947",,"26.72","0","0","25.889999999999997","0","0","-16.21"
Interactive Financial Services Ltd,IFINSER,"Investment Banking & Brokerage","10.37440461","7.73","-3.09","7.84","1.93","0","12.08","3.99","0","13.43","0.24","0.27","-1.15"
Sparc Electrex Ltd,SPAR,"Electronic Equipments","10.36468","13.2","0","-0.6699999999999999","4.839999999999996",,"2.22","0","0","-2.139999999999999","0","1.0999999999999999","-2.89"
Tarini International Ltd,TARINI,"Renewable Energy","10.359406","13.54","0.42","0.05999999999999994","14.800000000000006",,"0.31","11.7","0","0.5700000000000003","0","5.58","-0.67"
Sanathnagar Enterprises Ltd,SEL,"Real Estate","10.332","0","0","-1.03","14.739999999999998",,"-0.65","0","0","-15.62","0","0","-0.38"
HDFC Nifty200 Momentum 30 ETF,HDFCMOMENT,"Equity","10.3270928",,,,,,,,,,,,
Pasari Spinning Mills Ltd,PASARI,"Textiles","10.3086","0","0.01","0.16000000000000003","2.739999999999999",,"-0.29","0","0","-13.75","0","0.27","0.44"
Crane Infrastructure Ltd,CRANEINFRA,"Real Estate","10.298124","0","0","0.32","0.36000000000000354",,"0","0","0","22.91","0","21.4714","0.32"
Mirae Asset Nifty 100 Low Volatility 30 ETF,LOWVOL,"Equity","10.297374876000001",,,,,,,,,,,,
Ashish Polyplast Ltd,ASHISHPO,"Building Products - Pipes","10.2434625","0","-0.97","-0.52","1.3400000000000003",,"-0.16","3.07","0","3.32","0.1","2.23","0.61"
Net Pix Shorts Digital Media Ltd,NETPIX,"Online Services","10.240192","3.2","0","-0.009999999999999787","8.370000000000001",,"5.92","0","0","-0.54","0","0.04999999999999999","-5.93"
Beryl Drugs Ltd,BERLDRG,"Pharmaceuticals","10.194117","0","-0.4","0.6900000000000002","6.45",,"-1.55","0","0","4.41","2.19","6.1999","2.64"
Rajputana Investment & Finance Ltd,RAJPUTANA,"Investment Banking & Brokerage","10.17632","0.02","0","-0.19","0.12999999999999867",,"0","2","0","0.96","0","0.01","-0.19"
Polycon International Ltd,POLYCON,"Plastic Products","10.169328","0","-1.38","-0.10999999999999988","39.5",,"1.61","0.03","0","-1.45","1.56","10.370000000000005","-0.34"
Tamil Nadu Steel Tubes Ltd,TNSTLTU,"Building Products - Pipes","10.147104","0","-0.71","1.2600000000000002","27.209999999999994",,"1.81","0","0","4.38","0.79","2.78","0.16"
Angel One Gold ETF,AONEGOLD,"Gold","10.086090712",,,,,,,,,,,,
Hathway Bhawani Cabletel and Datacom Ltd,HATHWAYB,"Cable & D2H","10.0845","1.51","-0.05","-0.07","0.8800000000000004",,"0","0.11","0","-7.81","0.05","0.7600000000000002","-0.02"
Newtrac Foods & Beverages Ltd,NEWTRAC,"Agro Products","10.0608","0","0","-1.83","16.23",,"14.4","0","0","-8.02","0","0.02","-16.23"
Northlink Fiscal and Capital Services Ltd,NORTHLINK,"Construction & Engineering","10.0485","0.2","1.4","0.27999999999999986","1.35","3.32","-0.45","0.01","0","-0.41000000000000003","0.17","2.0700000000000003","-0.67"
Vellora Impact Ltd,PRATIKSH,"Commodity Chemicals","10.04332302","0.43","0.6","0.019999999999999962","8.879999999999999",,"-0.28","0","0","-10.03","0","0.18000000000000005","-0.3"
Swasth Foodtech India Ltd,SWASTH,"FMCG - Foods","9.98666581","12.1","-0.55","4.06","30.730000000000004",,"8.59","0","0","4.4","0.56","11.06","-3.98"
Ladam Affordable Housing Ltd,LAHL,"Real Estate","9.976007","3","0","-0.13","12.839999999999995",,"0.76","3.9","0","17.26","0","20.90476","-0.89"
Winny Immigration & Education Services Ltd,WINNY,"Academic & Educational Services","9.97115","7.57","-4.05","-0.54","1.7299999999999993",,"6.36","0","0","-3.8400000000000003","0.34","0.87","-2.85"
3C IT Solutions & Telecoms (India) Ltd,3CIT,"IT Services & Consulting","9.9631","7.69","-0.34","0.03000000000000025","2.870000000000005",,"3.35","0","0","2.009999999999999","0.34","1.13","-2.98"
ICICI Prudential Nifty 200 Momentum 30 ETF,MOM30IETF,"Equity","9.946179789",,,,,,,,,,,,
Aadi Industries Ltd,AADIIND,"Stationery","9.94","0","0","-0.03","6.880000000000002",,"-0.12","0","0","-16.69","0","0.010000000000000002","0.09"
Longspur International Ventures Ltd,LONGSPUR,"Labs & Life Sciences Services","9.92355","8.4","-0.9","0.16000000000000014","5.53",,"2.6","1","0","7.539999999999999","1.03","0.98","-1.54"
Kenrik Industries Ltd,KENRIK,"Precious Metals, Jewellery & Watches","9.9108347","0.8","-0.24","-2.4799999999999995","4.119999999999998",,"0.29","0","0","3.8","0","0.05000000000000002","-2.53"
Indifra Ltd,INDIFRA,"Construction & Engineering","9.87795","11.88","-1.08","-0.19000000000000006","0.38000000000000356",,"0","0","0","-1.0100000000000016","0.17","0.16999999999999998","0.89"
Groww Nifty Metal ETF,GROWWMETAL,"Equity","9.8293875",,,,,,,,,,,,
Milestone Global Ltd,MILESTONE,"Building Products - Granite","9.784125","1.51","-0.4","0.18","1.4800000000000038",,"0.18","0","0","2.9400000000000004","0.38","3.1800000000000015","0.4"
Lime Chemicals Ltd,LIMECHM,"Commodity Chemicals","9.757092","7.9","-0.06","-0.16000000000000003","8.160000000000002",,"0.11","0.11","0","-12.46","0.11","5.74","-0.21"
VK Global Industries Ltd,VKGLOBAL,"Technology Hardware","9.74717","0","-1.65","-1.99","0.11999999999999979",,"0","0","0","-1.02","0","1.13","-0.34"
Motilal Oswal Nifty Capital Market ETF,MOCAPITAL,"Equity","9.689325",,,,,,,,,,,,
Mayur Floorings Ltd,MAYURFL,"Building Products - Granite","9.6657072","0","-1.21","-0.010000000000000064","3.5200000000000005",,"-0.18","0","0","-1.63","1.21","5.24","1.38"
UTI Nifty Midcap 150 Exchange Traded Fund,MIDCAPBETA,"Equity","9.66493812",,,,,,,,,,,,
Motilal Oswal BSE Quality ETF,MOQUALITY,"Equity","9.616968564",,,,,,,,,,,,
Veerkrupa Jewellers Ltd,VEERKRUPA,"Precious Metals, Jewellery & Watches","9.566834909","0","-0.04","-0.009999999999999787","9.160000000000002",,"6.92","0","0","0.37","0.04","0.06999999999999999","-6.89"
Aditya Birla Sun Life MSCI India ETF,ABSLMSCIN,"Equity","9.533470044",,,,,,,,,,,,
Mount Housing and Infrastructure Ltd,MOUNT,,"9.5313189","0","-0.05","0.04999999999999999","16.880000000000003",,"0.29","0","0","0.78","0.05","0.6900000000000002","-0.19"
Super Bakers Ltd,SUPERBAK,"Packaged Foods & Meats","9.51804","0.51","0","0.19","0.3099999999999989",,"0","0","0","1.5799999999999998","0","0.37","0.19"
Plada Infotech Services Ltd,PLADAINFO,"Software Services","9.51714","8.58","-5.35","-0.5","20.59",,"2.07","12.04","0","6.0600000000000005","3.72","0.48770000000000113","2.78"
Octal Credit Capital Ltd,OCTAL,"Diversified Financials","9.5167127","0.56","0.17","-0.11000000000000001","2.97","3.05","0","22.95","0","17.860000000000003","0","0","-0.28"
Nippon India Nifty India Manufacturing ETF,MANUFGBEES,"Equity","9.502030881",,,,,,,,,,,,
ICICI Pru Nifty Commodities ETF,COMMOIETF,"Equity","9.47372874",,,,,,,,,,,,
Mayur Leather Products Ltd,MAYUR,"Footwear","9.452034","1.59","0.75","-0.01","10.95",,"-0.01","0","0","-3.8899999999999997","0","2.38","-0.75"
ADITYA BSL Nifty 200 Momentum 30 ETF,MOMENTUM,"Equity","9.432275782",,,,,,,,,,,,
Libord Securities Ltd,LIBORD,"Investment Banking & Brokerage","9.425","0","-0.16","0.010000000000000009","0.04000000000000023","0","0","1.84","0","-1.3","0","0","0.17"
SRU Steels Ltd,SRUSTEELS,"Iron & Steel","9.41046225","0","-6.19","2.5700000000000003","0.680000000000009",,"47.5","0","0","-0.52","1.96","2.24","-38.74"
Mehta Securities Ltd,MEHSECU,"Investment Banking & Brokerage","9.391776","4.6","-0.08","0.020000000000000018","6.649999999999999","0","1.07","12.02","0","-2.1499999999999995","0","0.04040000000000006","-0.97"
Kalpa Commercial Ltd,KALPACOMME,"Textiles","9.3275","41.75","0.36","0.25","2.1799999999999993",,"-0.47","3.36","0","-29.8","0","0","0.36"
Motilal Oswal Gold ETF,MOGOLD,"Gold","9.318",,,,,,,,,,,,
Minaxi Textiles Ltd,MINAXI,"Textiles","9.27","0","0.8","0.020000000000000462","19.270000000000003",,"-4.18","0","0","-2.62","0.12","6.880000000000001","3.4"
RLF Ltd,RLF,"Textiles","9.26736506","0","-0.19","0","5.010000000000007",,"-0.27","0","0","17.81","0.18","29.34","0.46"
Modern Shares and Stockbrokers Ltd,MODRNSH,"Investment Banking & Brokerage","9.2271815","1.69","0.73","0.96","3.8899999999999966","0","0","0","0","8.120000000000001","0.04","0.09999999999999998","0.23"
Indo Euro Indchem Ltd,INDOEURO,"Specialty Chemicals","9.217481","0","-0.32","0.06","8.06",,"0","0","0","2.41","0.96","1.8599999999999999","0.38"
Premier Ltd,PREMIER,"Industrial Machinery","9.20288871","31.89","1.76","0.15999999999999992","521.3",,"0","0","0","-400.21","0","118.91000000000001","-1.6"
Prima Agro Ltd,PRIMAGR,"Agro Products","9.1897781","0","0.74","-0.37","10.599999999999998",,"-0.14","1.02","0","10.57","0.86","4.489999999999998","-0.97"
Prashant India Ltd,PRSNTIN,"Textiles","9.186675867","5.47","1.88","0.9799999999999999","35.79",,"0","0","0","-42.92","0","0.4099999999999999","-0.9"
Eastcoast Steel Ltd,ECSTSTL,"Iron & Steel","9.1739956","9.43","-9.14","-10.42","2.979999999999998",,"0","0.5","0","4.41","0.01","0.019999999999999962","-1.28"
Dhyaani Tradeventtures Ltd,DHYAANITR,"Diversified Financials","9.141888","16.6","-0.08","-0.0799999999999983","25.199999999999992",,"31.37","0","0","0.9399999999999977","0","0.12","-31.37"
Rotographics (India) Ltd,RGIL,"Commodities Trading","9.12702327893432","0","0.05","1.03","0.719999999999999",,"0.45","0.01","0","0.06","0","0","0.53"
Skyline Ventures India Ltd,SKILVEN,"Real Estate","9.1233364","0","0","0","1.8999999999999992",,"0.07","0","0","-0.35","0","0.5800000000000001","-0.07"
Sterling Greenwoods Ltd,STRGRENWO,"Real Estate","9.1153292","0","2.9","2.42","20.430000000000003",,"0.29","0","0","7.74","0","19.391800000000007","-0.77"
Nouveau Global Ventures Ltd,NOUVEAU,"Conglomerates","9.09097","1.46","0.93","0.04000000000000006","8.51",,"0.09","0.31","0","-19.62","0","6.680000000000001","-0.98"
BFL Asset Finvest Ltd,BFLAFL,"Investment Banking & Brokerage","9.081115","1.77","0.1","-0.009999999999999787","3.2800000000000034","0","-1.69","0","0","4.029999999999999","0","0","1.58"
Natural Biocon (India) Ltd,NATURAL,"Agro Products","9.0497628","5.04","-21.11","-0.13999999999999702","6.659999999999998",,"19.67","21.12","0","1.0499999999999998","0","3.29","1.3"
Rite Zone Chemcon India Ltd,RITEZONE,"Construction & Engineering","8.9681724","7.71","-0.31","-0.25999999999999995","6.429999999999996",,"0.08","0","0","3.1399999999999997","0.31","1.8299999999999998","-0.03"
Solve Plastic Products Ltd,BALCO,"Plastic Products","8.93307125","0","-0.84","2.96","14.350000000000001",,"6.88","0","0","5.61","0.87","6.07","-3.08"
Chadha Papers Ltd,CHADPAP,"Paper Products","8.928534999999949","0","-10.59","-17.750000000000004","232.79999999999998",,"-41.28","1.45","0","0","16.14","147.1","34.12"
Groww Nifty 500 Momentum 50 ETF,GROWWMOM50,"Equity","8.9272034",,,,,,,,,,,,
Vision Cinemas Ltd,VISIONCINE,"Movies & TV Serials","8.92384983","7.92","0","-0.04","4.030000000000002",,"-0.02","0","0","-7.39","0","1","-0.02"
BNR Udyog Ltd,BNRUDY,"IT Services & Consulting","8.853","0","0.1","-2.77","0.31999999999999845",,"0","0","0","6.69","0.02","2.5","-2.87"
Sabar Flex India Ltd,SABAR,"Packaging","8.84860557","3.63","-0.15","0.04999999999999982","36.95",,"5.67","0","0","11.18","0.15","11.339999999999998","-5.47"
Gagan Gases Ltd,GAGAN,"Oil & Gas - Storage & Transportation","8.838186","0","-0.07","0.16","0.6000000000000014",,"-0.03","0","0","-1.21","0.01","0.5500000000000007","0.26"
Kotak Nifty MNC ETF,MNC,"Equity","8.82791598",,,,,,,,,,,,
Anjani Finance Ltd,ANJANIFIN,"Diversified Financials","8.824671","0","0.3","0.6","0.169999999999998","0","-0.12","10.37","0","5","0","0.020000000000000018","0.42"
Sab Events & Governance Now Media Ltd,SABEVENTS,"Publishing","8.816800951000001","0","0.03","-0.21000000000000002","3.239999999999999",,"0.03","0","0","-12.48","0","0.04759999999999909","-0.27"
DSP Nifty Bank ETF,BANKADD,"Equity","8.816116374",,,,,,,,,,,,
Bhagawati Gas Ltd,BHAGGAS,"Commodity Chemicals","8.789790975","6.67","0.58","-0.3900000000000001","6.560000000000002",,"1.63","0.04","0","-8.719999999999999","0.17","2.21","-2.6"
Clinitech Laboratory Ltd,CTLLAB,"Health Care Equipment & Supplies","8.78724","4.79","-0.73","2.37","1.8699999999999999",,"3.98","0.07","0","1.7599999999999998","1.16","3.13","-0.88"
Shree Rajiv Lochan Oil Extraction Ltd,SHRAJOI,"Advertising","8.783578","0","0","-0.73","0.4100000000000002",,"-0.01","1.33","0","2.03","0","0","-0.72"
KMF Builders and Developers Ltd,KMFBLDR,"Real Estate","8.783222","0","0.66","-0.21999999999999992","0.52",,"-0.06","0","0","6.08","0","0.15000000000000002","-0.82"
Croissance Ltd,CROISSANCE,"Restaurants & Cafes","8.774144","0","-2.35","-0.6400000000000001","7.360000000000001",,"-0.04","0","0","0.99","0","0","1.75"
Hindustan Bio Sciences Ltd,HINDBIO,"Biotechnology","8.764434","0","0","-0.020000000000000004","2.52",,"-0.05","0","0","-1.15","0","0.030000000000000027","0.03"
PS IT Infrastructure & Services Ltd,PSITINFRA,"Technology Hardware","8.76288","0","0","-2.5","5.250000000000007","0","0","0","0","-19.91","0","0","-2.5"
Explicit Finance Ltd,EXPLICITFIN,"Investment Banking & Brokerage","8.7486144","0","0","0.69","0.04000000000000131","5.79","0","0","0","-1.36","0","0","0.69"
Marshall Machines Ltd,MARSHALL,"Industrial Machinery","8.700042988","44.18","-18.66","0.10999999999999943","80.28999999999999",,"31.25","0","0","7.939999999999998","18.79","52.22506539999999","-12.48"
Sunraj Diamond Exports Ltd,SUNRAJDI,"Precious Metals, Jewellery & Watches","8.688552","0","0.02","-0.009999999999999953","25.839999999999993",,"0.34","0","0","-4.34","0","0.06999999999999995","-0.37"
Tashi India Ltd,TASHIND,"Diversified Financials","8.650125","0.5","-1.3","-0.44000000000000006","0.26","0","0","8.03","0","16.93","0","0.6599999999999999","0.86"
Unjha Formulations Ltd,UNJHAFOR,"FMCG - Personal Products","8.647365","0","-0.18","-0.23","1.4099999999999984",,"-0.01","0","0","-1.34","0.18","0.6999999999999997","-0.04"
C J Gelatine Products Ltd,CJGEL,"Specialty Chemicals","8.6398735","0","-0.55","-2.7755575615628914e-17","28.65",,"0.09","0","0","-0.63","0.59","5.949999999999999","0.46"
Dr Lalchandani Labs Ltd,DLCL,"Hospitals & Diagnostic Centres","8.637068","2.92","0.06","1.01","5.81",,"0.58","0.27","0","2.7","0.15","3.51","0.37"
SW Investments Ltd,SW1,"Consumer Finance","8.6355","2.1","-5","0.009999999999999565","0.09000000000000022","0","0.49","7.5","0","4.77","0","0","4.52"
BGIL Films & Technologies Ltd,BGIL,"Movies & TV Serials","8.631654059999999","5.46","0.15","-0.3400000000000001","8.599999999999996",,"0.78","0.67","0","2.3499999999999996","0","1.0999999999999996","-1.27"
Uniroyal Marine Exports Ltd,UNRYLMA,"Packaged Foods & Meats","8.6242145","0","-0.29","-0.2300000000000002","17.700000000000003",,"-1.62","0","0","-6.04","0.29","1.2000000000000028","1.68"
VB Industries Ltd,VBIND,"Diversified Financials","8.5201675","85.82","0.04","0.1","6.699999999999995","0","0","0","0","-3.789999999999992","0","0","0.06"
Mirae Asset Nifty Energy ETF,ENERGY,"Equity","8.519691402",,,,,,,,,,,,
HDFC Nifty100 Low Volatility 30 ETF,HDFCLOWVOL,"Equity","8.48634288",,,,,,,,,,,,
Net Avenue Technologies Ltd,CBAZAAR,"Textiles","8.474360809999999","49.54","1.59","0.6","8.299999999999999",,"0.86","0","0","-45.08","0.02","0.27","-1.85"
SBI BSE PSU BANK ETF,SBIBPB,"Equity","8.466023896",,,,,,,,,,,,
Yashraj Containeurs Ltd,YASHRAJC,"Packaging","8.432","22.2","0.05","7.280000000000001","122.29999999999998",,"24.75","0.07","0","-147.79999999999998","0","1.5499999999999998","-17.52"
Ganesh Holdings Ltd,GANHOLD,"Investment Banking & Brokerage","8.417277","5.17","-5.94","0.009999999999999787","0.060000000000000886","0","4.86","6.67","0","0.5800000000000001","0","0","1.09"
Golden Carpets Ltd,GOLCA,"Textiles","8.411246064","2.24","0","0","5.32",,"0","0","0","-10.82","0","1.65","0"
Mirae Asset Nifty India Internet ETF,INTERNET,"Equity","8.41014198",,,,,,,,,,,,
Bansisons Tea Industries Ltd,BANSTEA,"Tea & Coffee","8.39991","0","0.18","0.15","0.1700000000000002",,"0.15","0","0","-0.33","0","4.93","-0.18"
Karnawati Innovation Ltd,KARNAWATI,"Packaging","8.374805","0","-0.01","0.03","0.5399999999999994",,"0","0","0","-4.22","0.01","0.23000000000000004","0.04"
Groww BSE Power ETF,GROWWPOWER,"Equity","8.374429644",,,,,,,,,,,,
RO Jewels Ltd,ROJL,"Precious Metals, Jewellery & Watches","8.37411568","0","0.36","0.08000000000000002","12.22",,"-0.19","1.38","0","3.1","0","0.47","-0.09"
ISF Ltd,ISFL,"Specialized Finance","8.36","0","-0.01","-0.5199999999999998","3.6499999999999995","14.88","-1.88","0","0","3.92","0.01","0.01","1.37"
Kalahridhaan Trendz Ltd,KTL,"Textiles","8.335695","0.22","-2.46","1.9800000000000002","91.50000000000001",,"3.12","0.65","0","11.809999999999999","2.26","3.0100000000000002","1.32"
Lyons Corporate Market Ltd,LYONSCO,"Diversified Financials","8.32684","0","0.03","-0.06999999999999984","10.32","8.98","1.08","10.99","0","5.49","0","0.15","-1.18"
Motilal Oswal Nifty 500 Momentum 50 ETF,MOMENTUM50,"Equity","8.319286115",,,,,,,,,,,,
Trinity League India Ltd,TRINITYLEA,"Business Support Services","8.312745","0.43","0.21","0","0.030000000000000658","0","0","0","0","-5.5","0","0.17000000000000004","-0.21"
Castora Agri Commodities Ltd,CASTORA,"Iron & Steel","8.2803964","0","-0.01","0","1.8700000000000003",,"0","0","0","-4.03","0.01","0.22999999999999998","0.01"
Objectone Information Systems Ltd,OONE,"IT Services & Consulting","8.2728653","0","-1.32","3.3399999999999994","4.5699999999999985",,"-0.23","0","0","5.75","1.63","3.489799999999999","4.89"
Swagtam Trading and Services Ltd,SWAGTAM,"Real Estate","8.2561175","2.36","0.22","-0.21","1.120000000000001",,"0","0","0","0.98","0","0","-0.43"
Gallops Enterprise Ltd,GALLOPENT,"Real Estate","8.243753","0","0.03","-0.1","0.08000000000000024",,"0","0","0","-3.69","0","0.009999999999999998","-0.13"
Indergiri Finance Ltd,INDERGR,"Diversified Financials","8.229186","0","-0.03","-0.2699999999999996","17.870000000000005","19.51","12.48","0.01","0","-2.3","0","0.01","-12.72"
Sirohia & Sons Ltd,SIROHIA,"Fertilizers & Agro Chemicals","8.214328692","14.6","0","0.01","0.03999999999999801",,"0","4.07","0","3.320000000000002","0","0.019999999999999962","0.01"
HDFC BSE 500 ETF,HDFCBSE500,"Equity","8.212044173999999",,,,,,,,,,,,
Agarwal Fortune India Ltd,AGARWAL,"Building Products - Others","8.2002998","0","-1.21","-0.039999999999999813","1.4999999999999998",,"1.03","0","0","-2.78","0.37","0.36999999999999994","0.14"
Photoquip India Ltd,PHOTOQUP,"Electronic Equipments","8.191092","1.23","0.58","-0.06000000000000005","11.259999999999998",,"-1.25","0.09","0","0.7999999999999998","0.15","8.96","0.61"
Chothani Foods Ltd,CHOTHANI,"Agro Products","8.1844","3.99","0","-2.65","4.070000000000003",,"0.42","0.04","0","1.1600000000000001","0.01","0.7047","-3.07"
Hasti Finance Ltd,HASTIFIN,"Consumer Finance","8.18399615","11.31","0","0","1.58","9.1","0","2.15","0","-10.26","0","0.029999999999999916","0"
Euro-Leder Fashion Ltd,EUROLED,"Apparel & Accessories","8.1598464","0","1.78","-0.8999999999999995","25.730000000000004",,"-7.13","0","0","10.7","0.08","14.57","4.45"
Triveni Glass Ltd,TRIVENIGQ,"Building Products - Glass","8.13953493","44.09","0.46","-0.09000000000000001","21.300000000000004",,"-0.02","0","0","-71.43","0","2.99","-0.53"
Risa International Ltd,RISAINTL,"Real Estate","8.13451275","0","0","0","10.86",,"-0.16","0","0","-35.55","0","0","0.16"
Kotak Nifty India Consumption ETF,CONS,"Equity","8.12034275",,,,,,,,,,,,
Bhagawati Oxygen Ltd,BHAGWOX,"Commodity Chemicals","8.118521190000001","0","0.39","-0.010000000000000037","7.160000000000002",,"0.16","1.07","0","1.66","0","1.4","-0.56"
Thirani Projects Ltd,TPROJECT,"Investment Banking & Brokerage","8.105362875","0","0","-0.11","1.529999999999998","11.37","0","1.26","0","-7.75","0","0","-0.11"
Haria Apparels Ltd,HARIAAPL,"Textiles","8.103594","0","-0.24","0.17000000000000015","8.99",,"-0.96","0.01","0","-9.16","0","1.9799999999999995","1.37"
Gujrat Credit Corporation Ltd,GUJCRED,"Real Estate","8.097","0","-0.64","-0.020000000000000462","19.48",,"-4.94","3.45","0","2.94","0.65","29.04","5.56"
Dhanvantri Jeevan Rekha Ltd,ZDHJERK,"Hospitals & Diagnostic Centres","8.073848","0","-0.66","-0.95","4.659999999999998",,"0","0","0","5.98","0.84","8.41","-0.29"
Shiva Suitings Ltd,SHVSUIT,"Textiles","8.072906765","0","0","0.02","0.060000000000000234",,"0","0","0","0.53","0","0","0.02"
V B Desai Financial Services Ltd,VBDESAI,"Investment Banking & Brokerage","8.01889319","2.13","8.49","0.17999999999999972","0.5900000000000001","9.47","0","0.13","0","5.38","0.04","0.03","-8.31"
ICICI Prudential Nifty200 Value 30 ETF,VAL30IETF,"Equity","8.018272972",,,,,,,,,,,,
EVOQ Remedies Ltd,EVOQ,"Pharmaceuticals","8.0178","16.35","-0.26","0.09000000000000163","5.470000000000007",,"14.97","0","0","3.289999999999999","0.26","0.22","-14.62"
Finelistings Technologies Ltd,FTL,"Retail - Speciality","7.99611375","12.48","-5.04","-1.1099999999999994","1.229999999999998",,"12.23","0","0","-1.8900000000000006","5.1","5.4399999999999995","-8.3"
Transpact Enterprises Ltd,TRANSPACT,"Health Care Equipment & Supplies","7.9937091","1.23","0","-0.4","0.2499999999999999","0","0","0","0","-1.17","0","0.12","-0.4"
Jagjanani Textiles Ltd,JAGJANANI,"Textiles","7.9872","10.23","0","-0.020000000000000004","0.2800000000000023",,"-0.1","0","0","-25.89","0","0","0.08"
Groww Nifty 50 ETF,GROWWNIFTY,"Equity","7.953903426",,,,,,,,,,,,
Indo Credit Capital Ltd,INDOCRED,"Investment Banking & Brokerage","7.95388","0","0","0.02","4.01","1.04","0","6.09","0","-1.41","0","0.86","0.02"
Groww Nifty 200 ETF,GROWWN200,"Equity","7.938725409000001",,,,,,,,,,,,
Kairosoft AI Solutions Ltd,VOLKAI,"Specialized Finance","7.937634759999999","36.79","0.26","19.119999999999997","-17.09",,"19.56","0","0","-0.04999999999999716","0.3","0.29000000000000004","-0.7"
Money Masters Leasing and Finance Ltd,MMLF,"Diversified Financials","7.930200909999999","0","-0.81","-0.12000000000000008","14.339999999999998","0","0.1","0","0.13","3.1","0","0.030000000000000027","0.59"
Kiran Syntex Ltd,KIRANSY-B,"Textiles","7.862315","4.76","0","-0.009999999999999995","0.48999999999999955",,"0.07","0","0","-7.02","0","0.020000000000000018","-0.08"
Sri Lakshmi Saraswathi Textiles (Arni) Ltd,SLSTLQ,"Textiles","7.8319625","4.43","-2.43","-0.23000000000000043","113.19999999999999",,"21.2","0.32","0","-76.35","3.84","21.720000000000002","-19"
MPL Plastics Ltd,MPL,"Commodity Chemicals","7.8231846","26.59","0","-0.29","5.850000000000001",,"0.31","1.04","0","-42.620000000000005","0","0.13","-0.6"
Alexander Stamps and Coin Ltd,ALEXANDER,"Diversified Financials","7.794144","6.69","0","0.08","0.92",,"0.07","1.14","0","0.79","0","0.03","0.01"
Genomic Valley Biotech Ltd,GVBL,"Biotechnology","7.75843","0","0.01","0.04","0.4700000000000007",,"0","0","0","0.84","0.01","0.01","0.03"
Sri Amarnath Finance Ltd,AMARNATH,"Investment Banking & Brokerage","7.75446","45","0","5.17","3.7099999999999858","32.98","-0.01","0","0","21.060000000000002","0","0.2999999999999998","5.18"
Rich Universe Network Ltd,RICHUNV,"Diversified Financials","7.724232","0","0","-0.010000000000000009","12.099999999999998",,"-0.1","0.1","0","-0.16","0","0","0.09"
Millennium Online Solutions (India) Ltd,MILLENNIUM,"Technology Hardware","7.70300454","0.84","0","-0.1","1.6699999999999995",,"-0.17","1.4","0","-1.7999999999999998","0","0.02999999999999997","0.07"
Parker Agro Chem Exports Ltd,PARKERAC,"Oil & Gas - Storage & Transportation","7.69419","0","-0.05","0.27","1.62",,"0.06","0.01","0","-0.89","0.05","2.25","0.26"
IGC Industries Ltd,IGCIL,"Textiles","7.67312","1.2","-20.2","0","11.87",,"42.03","20.39","0","6.76","0","0.009999999999999998","-21.83"
ADITYA BSL Nifty 200 Quality 30 ETF,NIFTYQLITY,"Equity","7.657617978",,,,,,,,,,,,
Devine Impex Ltd,DEVINE,"Commodities Trading","7.6543566","3.74","0","0.01","0.06",,"0","1.22","0","0.33999999999999986","0","0.01","0.01"
Edelweiss Nifty500 Multicap Momentum Quality50 ETF,EMULTIMQ,"Equity","7.651828173",,,,,,,,,,,,
Mercury Trade Links Ltd,MERCTRD,"Investment Banking & Brokerage","7.6366125","45.49","0.25","-10.059999999999995","31.15",,"48.95","0","0","2.9499999999999957","0.01","0.09","-59.26"
Space Incubatrics Technologies Ltd,SPACEINCUBA,"IT Services & Consulting","7.614018720000001","0","0.64","0.33999999999999997","1.1600000000000001",,"1.13","0.5","0","-25.73","0","0.45","-1.43"
Omega AG Seeds Punjab Ltd,OMEAG,"Agro Products","7.595744","2.03","0","0","0.6499999999999996",,"0.1","0","0","-10.2","0","0","-0.1"
Padmanabh Alloys and Polymers Ltd,PADALPO,"Plastic Products","7.57862","0","-0.29","-0.040000000000000036","12.82",,"1.38","0","0","3.23","0.29","2.34","-1.13"
Kabra Commercial Ltd,KCL,"Commodities Trading","7.57638","0","-4","0","15.710000000000006",,"-10.52","13.63","0","19.64","0","0.47","14.52"
Manor Estates and Industries Ltd,KARANWO,"Real Estate","7.551495","0","-0.11","-2.220446049250313e-16","6.010000000000001",,"1.89","0","0","-10.46","0.11","0.11","-1.78"
Shree Hanuman Sugar & Industries Ltd,HANSUGAR,"Sugar","7.548","8.43","0","-0.009999999999999995","85.85",,"0.11","0.45","0","126.25","0","237.24","-0.12"
Priya Ltd,PRIYALT,"IT Services & Consulting","7.50575","4.01","0","0","51.419999999999995",,"0.22","0.02","0.01","-55.989999999999995","0","1.15","-0.22"
Nyssa Corporation Ltd,NYSSACORP,"Real Estate","7.5","4.28","0","-0.03000000000000025","7","9.64","5.22","0.64","0","23.22","0","0.010000000000000002","-5.25"
Nutech Global Ltd,NUTECGLOB,"Textiles","7.4614173","1.36","0.24","-0.51","12.539999999999997",,"-0.45","0","0","1.24","0.16","2.5600000000000005","-0.3"
MFS Intercorp Ltd,MFSINTRCRP,"Iron & Steel","7.4431529","0","-0.03","0.04000000000000001","4.63",,"0","0","0","-3.19","0.03","0.03","0.07"
Vikalp Securities Ltd,VIKALPS,"Investment Banking & Brokerage","7.4405322","0","0.64","-0.030000000000000027","0.02","0","0","0","0","-0.67","0","0","-0.67"
Deccan Polypacks Ltd,DECPO,"Plastic Products","7.434225","0.08","0","0.1","0.0900000000000013",,"0.31","0","0","-15.48","0","0.020000000000000018","-0.21"
Motilal Oswal Nifty India Defence ETF,MODEFENCE,"Equity","7.4175",,,,,,,,,,,,
Groww Nifty Smallcap 250 ETF,GROWWSC250,"Equity","7.415108674",,,,,,,,,,,,
Jayatma Industries Ltd,JAYIND,"Textiles","7.40928","3.84","-0.4","2.62","20.81",,"-0.87","0.12","0","0.41000000000000014","0.39","7.760000000000001","3.89"
Groww Nifty Chemicals ETF,GROWWCHEM,"Equity","7.408548147",,,,,,,,,,,,
Shanti Overseas (India) Ltd,SHANTI,"Packaged Foods & Meats","7.38549","4.31","0.53","-0.83","8.660000000000002",,"0.85","0","0","-3.9199999999999995","0","0.17999999999999972","-2.21"
Yarn Syndicate Ltd,YARNSYN,"Textiles","7.3365","19.46","-1.23","-2.0199999999999996","39.85",,"4.23","18.02","0","-8.91","1.22","1.1199999999999999","-5.02"
DSP BSE Sensex Next 30 ETF,NEXT30ADD,"Equity","7.320629889",,,,,,,,,,,,
Transglobe Foods Ltd,TRANSFD,"FMCG - Foods","7.3171975","0","0","0.05","0.5900000000000001",,"0.03","0","0","-0.8","0","0","0.02"
Groww Nifty Capital Markets ETF,GROWWCAPM,"Equity","7.309433628",,,,,,,,,,,,
Gratex Industries Ltd,GRATEXI,"Commodities Trading","7.28352","0","-0.17","-2.0816681711721685e-17","0.4600000000000007",,"-0.04","0","0","0.61","0.17","1.0400000000000003","0.21"
Epsom Properties Ltd,EPSOMPRO,"Real Estate","7.2739328","0","0","0","1.7200000000000002",,"0.35","0","0","-9.07","0","0","-0.35"
Konndor Industries Ltd,KONNDOR,"Paper Products","7.2729876","0","-0.01","-0.47000000000000003","0.6499999999999978",,"0","0","0","3.67","0.01","0.07999999999999999","-0.46"
Vintage Securities Ltd,VINTAGES,"Consumer Finance","7.260264","0","0","0.01","2.440000000000002","0","0","16.12","0","10.03","0","0.04","0.01"
Magenta Lifecare Ltd,MAGENTA,"Cables","7.254652416","5.59","-0.4","1.259999999999999","4.189999999999999",,"5.81","0","0","1.46","0.4","1.8898000000000001","-4.15"
National Plywood Industries Ltd,NATPLY,"Building Products - Laminates","7.2449685","13.91","0.34","1.6399999999999988","49.230000000000004",,"15.36","0.01","0","-46.92","0.27","4.308999999999999","-14.06"
Vivanza Biosciences Ltd,VIVANZA,"Pharmaceuticals","7.24","0","-0.01","-0.04999999999999982","12.500000000000002",,"2.46","0","0","-0.04","0.01","0.7045999999999999","-2.5"
Integra Capital Ltd,INTCAPL,"Diversified Financials","7.218798","2.32","-0.2","0.33","0.12000000000000088","0.6","0","2.66","0","-2.15","0","0.010000000000000009","0.53"
Decipher Labs Ltd,DECIPHER,"Pharmaceuticals","7.2013","6.3","3.07","-6.51","2.92",,"0.24","0.26","0","6.46","0.06","0.8381000000000003","-9.82"
Kuberan Global Edu Solutions Ltd,KGES,"Education Services","7.17275508","0","0","-0.18","4.440892098500626e-16",,"0","0","0","0.13","0","1.56","-0.18"
Setubandhan Infrastructure Ltd,SETUINFRA,"Construction & Engineering","7.1636608200000005","55.65","0.23","2.75","124.55999999999997",,"0","0.42","0","-23.08","0","26.590000000000003","2.52"
Arcee Industries Ltd,ARCEEIN,"Plastic Products","7.158316361","0","0.27","0.23000000000000004","1.94",,"-0.06","0","0","-1.62","0","1.4099999999999997","0.02"
Axis Nifty500 Value 50 ETF,AXISVALUE,"Equity","7.157455936",,,,,,,,,,,,
Mystic Electronics Ltd,MYSTICELE,"Electronic Equipments","7.1553817760000005","27.86","0.09","1.07","0.04",,"0","19.99","0","-19.009999999999998","0","0","0.98"
Kotak Nifty Chemicals ETF,CHEMICAL,"Equity","7.14550928",,,,,,,,,,,,
Nippon India BSE Sensex Next 30 ETF,SNXT30BEES,"Equity","7.139387048000001",,,,,,,,,,,,
Mirae Asset Nifty India New Age Consumption ETF,CONSUMER,"Equity","7.125245995",,,,,,,,,,,,
Flora Corporation Ltd,FLORACORP,"Consumer Finance","7.118108125","0","0","0.32","9.78",,"0","0","0","-3.91","0","0.04","0.32"
BCL Enterprises Ltd,BCLENTERPR,"Diversified Financials","7.1126","0","0","-0.26","1.409999999999998","11.7","0","1.61","0","1.85","0","0.19","-0.26"
Nihar Info Global Ltd,NIHARINF,"IT Services & Consulting","7.098084136","0.81","-0.2","-0.25","8.07",,"-0.01","0","0","-5.23","0","5.02","-0.04"
Ganga Pharmaceuticals Ltd,GANGAPHARM,"Pharmaceuticals","7.0938","0.77","1.18","0.26999999999999996","1.8399999999999999",,"-0.33","0","0","0.8999999999999999","0.1","0.6699999999999999","-0.58"
KOBO Biotech Ltd,KOBO,"Pharmaceuticals","7.076025","31.71","0","0","203.31",,"-0.87","0","0","-183.52","0","37.59","0.87"
Ashram Online.com Ltd,ASHRAM,"Retail - Online","7.068","0","-0.01","-0.22","0.4999999999999998",,"-0.13","3.42","0","-0.56","0","0.03999999999999998","-0.08"
Motilal Oswal Nifty Smallcap 250 ETF,MOSMALL250,"Equity","7.0308",,,,,,,,,,,,
DSP BSE Sensex ETF,SENSEXADD,"Equity","7.022054778",,,,,,,,,,,,
Omkar Speciality Chemicals Ltd,OMKARCHEM,"Specialty Chemicals","7.017098","0.04","17.35","-0.1399999999999988","244.69",,"-1.08","0.71","0","-178.95","0.02","27.91","-16.41"
First Fintec Ltd,FIRSTFIN,"IT Services & Consulting","7.0010541150000005","15.62","0.06","0.020000000000000004","1.819999999999998",,"0.05","0","0","-15.45","0","2.5874293999999995","-0.09"
Bright Solar Ltd,BRIGHT,"Industrial Machinery","6.99972","14.04","-0.06","-1.26","8.089999999999995",,"0.09","0.48","0","-9.549999999999999","0","0.10999999999999999","-1.29"
Brijlaxmi Leasing & Finance Ltd,BRIJLEAS,"Investment Banking & Brokerage","6.98058","0","-1.41","3.8900000000000006","13.6","13.59","-7.16","1.41","0","-0.54","0","0.06999999999999999","12.46"
Multipurpose Trading and Agencies Ltd,ZMULTIPU,"Specialized Finance","6.94485","0","-0.15","-0.040000000000000036","0.18999999999999934","3.11","0.36","0","0","0.17","0","0","-0.25"
Filmcity Media Ltd,FILME,"Movies & TV Serials","6.939609963","0.65","0","-0.01","0.7400000000000002",,"0","0","0","-0.8300000000000001","0","0","-0.01"
Vinayak Polycon International Ltd,VINAYAKPOL,"Packaging","6.93291375","0","-0.2","-0.040000000000000036","3.7399999999999998",,"-2.15","0","0","1.93","0.22","3.130000000000001","2.31"
Trio Mercantile And Trading Ltd,TRIOMERC,"Commodities Trading","6.929533608","7.5","0.11","0.28","3.7600000000000002",,"-0.5","0","0","2.7699999999999996","0.01","0.01999999999999999","0.67"
Jain Marmo Industries Ltd,JAINMARMO,"Building Products - Granite","6.902973","0","-0.07","0.020000000000000018","2.079999999999999",,"-0.19","0.01","0","0.83","0.08","1.1199999999999994","0.28"
Sailani Tours N Travel Limited,SAILANI,"Tour & Travel Services","6.900768","1.59","-0.29","-0.040000000000000036","4.65",,"1.69","0","0","1.1500000000000001","0.05","2.5300000000000002","-1.44"
Aarcon Facilities Ltd,AARCON,"Hotels, Resorts & Cruise Lines","6.8787753","0","-0.36","0.20000000000000007","0.02000000000000089",,"0","0.8","0","-0.13","0","0.17999999999999994","0.56"
Kotak MSCI India ETF,MSCIINDIA,"Equity","6.830048836",,,,,,,,,,,,
Mirae Asset BSE 500 Dividend Leaders 50 ETF,DIVIDEND,"Equity","6.802073577",,,,,,,,,,,,
Lakshmi Precision Screws Ltd,LAKPRE,"Industrial Machinery","6.794775206999999","31.83","2.5651497","-2.2981810999999936","435.95000000000005",,"-35.045888","3.12","0.0242523","-16.949999999999996","7.6909572","168.72","30.1825572"
Peeti Securities Ltd,PEETISEC,"Textiles","6.788224","0","0.3","-0.5800000000000001","1.1400000000000001",,"0","2.54","0","7.86","0","0.26","-0.88"
Motilal Oswal Nifty Energy ETF,MOENERGY,"Equity","6.77712",,,,,,,,,,,,
Groww Nifty India Internet ETF,GROWWNET,"Equity","6.741730823999999",,,,,,,,,,,,
Delta Industrial Resources Ltd,DELTA,"Textiles","6.74125","0","-1.1","-0.3700000000000001","1.0900000000000007",,"0","0.02","0","-0.65","0","0","0.73"
Ambitious Plastomac Company Ltd,AMBIT,"Real Estate","6.7396","0.25","0","-0.02","6.010000000000001",,"0.02","0","0","-6.73","0","0","-0.04"
Lexoraa Industries Ltd,LEXORAA,"Precious Metals, Jewellery & Watches","6.722519","0","0","0.010000000000000009","1.43",,"0.81","0","0","-5.07","0","0","-0.8"
Shelter Infra Projects Ltd,SIPL,"Construction & Engineering","6.708332519","1.9","5.58","0.07000000000000028","29.549999999999997",,"-7.12","0.95","0","-1.5799999999999998","0","4.4399999999999995","1.61"
Polymac Thermoformers Ltd,POLYMAC,"Plastic Products","6.6559872","5.83","-0.04","-0.05","7.91",,"-0.03","0.65","0","0.009999999999999787","0.66","2.69","0.02"
ICICI Prudential Nifty EV & New Age Automotive ETF,EVIETF,"Equity","6.6417184119999995",,,,,,,,,,,,
Shree Steel Wire Ropes Ltd,SSWRL,"Iron & Steel","6.63622596","0","-1.09","-1.26","1.4100000000000001",,"0","0.01","0","9.99","0.88","4.438899999999999","-0.17"
Atharv Enterprises Ltd,ATHARVENT,"Commodities Trading","6.63","0","-2.19","0.28","16.03",,"0.47","7.4","0","3.05","0.8","0.29","2"
Futuristic Securities Ltd,FUTURSEC,"Investment Banking & Brokerage","6.63","0","0.11","0.009999999999999995","0.009999999999999992","0","0","0.4","0","-0.57","0","0.01","-0.1"
Supertex Industries Ltd,SUPERTEX,"Textiles","6.62333088","3.49","-0.08","-0.5599999999999996","43.37999999999999",,"-4.68","0","0","15.360000000000001","0.08","11.149999999999999","4.2"
Amraworld Agrico Ltd,AMRAAGRI,"Commodities Trading","6.6165","0","-4.06","-0.019999999999999574","3.5099999999999985",,"0","14.54","0","-0.44","0","0","4.04"
Angel One Nifty 50 ETF,AONENIFTY,"Equity","6.59735315",,,,,,,,,,,,
Mirae Asset Nifty50 Equal Weight ETF,EQUAL50,"Equity","6.581512368",,,,,,,,,,,,
Padmalaya Telefilms Ltd,PADMALAYAT,"Movies & TV Serials","6.579","75.66","0","0","3.990000000000007",,"0.19","0","0","-76.53","0","0","-0.19"
Mirae Asset Nifty Smallcap 250 ETF,SMALL250,"Equity","6.576971554",,,,,,,,,,,,
Kotak Nifty Midcap 150 ETF,MID150,"Equity","6.567952458",,,,,,,,,,,,
Premier Synthetics Ltd,PREMSYN,"Textiles","6.54531","4.84","2.31","2.220446049250313e-16","4.6699999999999955",,"1.2","0","0","17.64","0","16.630000000000003","-3.51"
Systematix Securities Ltd,SYTIXSE,"Diversified Financials","6.54","2.05","0.31","0.06999999999999998","0.12000000000000177","6.72","-0.07","1.43","0","1.6500000000000004","0","0.06999999999999998","-0.17"
Brawn Biotech Ltd,BRAWN,"Pharmaceuticals","6.480648","0","-0.24","-0.19","17.130000000000003",,"0","0","0","0.36","0.24","0.45999999999999996","0.05"
Amanaya Ventures Ltd,AMANAYA,"Precious Metals, Jewellery & Watches","6.46847","1.65","-0.01","0.37","0.13",,"-0.01","0","0","-0.07999999999999985","0.03","0.11000000000000001","0.39"
Aryan Share & Stock Brokers Ltd,ARYAN,"Investment Banking & Brokerage","6.465","0","-1.59","-0.47","2.3200000000000003","0","0","16.16","0","11.92","0","0.040000000000000036","1.12"
Hittco Tools Ltd,HITTCO,"Industrial Machinery","6.437040115","1.32","-1.21","0.43000000000000016","6.73",,"1.55","0","0","-4.23","1.67","3.9299999999999997","0.09"
Prime Capital Market Ltd,PRIMECAPM,"Diversified Financials","6.4200642","0","0","0.02","2.3599999999999985","2.56","0","0","0","0.11","0","0","0.02"
Sophia Traexpo Ltd,STRAEXPO,"Paper Products","6.4158","0","0","-0.2","0.3100000000000002",,"0","0","0","-0.92","0","0","-0.2"
DSP Nifty Next 50 ETF,NEXT50ADD,"Equity","6.407005796",,,,,,,,,,,,
SecUR Credentials Ltd,SECURCRED,"Employment Services","6.40579056","0","-0.08","-0.09999999999999964","47.74999999999999",,"-8.85","0.02","0","4.05","0.08","13.008599999999998","8.83"
Omni AX's Software Ltd,OMNIAX,"Software Services","6.405378347999999","4.39","0","-0.02","0.19",,"0","0","0","-10.08","0","0.0037000000000002586","-0.02"
Grandma Trading and Agencies Ltd,GRANDMA,"Commodities Trading","6.3994","0","0","-0.35","0.3099999999999997",,"0","0","0","-12.99","0","0","-0.35"
MPAgro Industries Ltd,MPAGI,"Fertilizers & Agro Chemicals","6.3843054","0","0.37","0.07","0.19000000000000067",,"0","0","0","0.14","0","0","-0.3"
Padmanabh Industries Ltd,PADMAIND,"Diversified Chemicals","6.36922","7.65","0","0.050000000000000266","3.8800000000000003",,"2.89","0","0","-13.780000000000001","0","0.0033999999999999586","-2.84"
Haria Exports Ltd,HARIAEXPO,"Commodities Trading","6.3525","4.03","0.21","-0.03","2.1337098754514727e-16",,"0","0","0","-1.4400000000000004","0","0","-0.24"
DSP Nifty500 Flexicap Quality 30 ETF,FLEXIADD,"Equity","6.341395872",,,,,,,,,,,,
CHD Chemicals Ltd,CHDCHEM,"Commodities Trading","6.318175","0.27","0.03","-0.06000000000000005","9.760000000000005",,"-2.78","0","0","2.94","0.01","0.6800000000000002","2.69"
ICICI Prudential Nifty Top 15 Equal Weight ETF,TOP15IETF,"Equity","6.313698745",,,,,,,,,,,,
Mahaveer Infoway Ltd,MAHAVEER,"IT Services & Consulting","6.313314","0","0.28","0.05000000000000002","3.2700000000000014",,"-0.13","0.32","0","-1.48","0","1.1599999999999997","-0.1"
Shri Ram Switchgears Ltd,SRIRAM,"Electrical Components & Equipments","6.30665595","2.4","0.09","-0.9699999999999998","74.82",,"4.96","0","0","-33.63","0.01","1.4000000000000004","-6.02"
Groww Nifty Next 50 ETF,GROWWNXT50,"Equity","6.300737762",,,,,,,,,,,,
M Lakhamsi Industries Ltd,MLINDLTD,"Agro Products","6.293799785","0.28","-0.01","-0.39","28.489999999999995",,"-0.04","2.4","0.06","2.04","0.01","0.09999999999999998","-0.34"
DSP Nifty Midcap 150 ETF,MIDCAPADD,"Equity","6.28886462",,,,,,,,,,,,
Mirae Asset BSE 200 Equal Weight ETF,EQUAL200,"Equity","6.286491984",,,,,,,,,,,,
Bloom Dekor Ltd,BLOOM,"Wood Products","6.2746","2.46","-0.02","-0.4","22.939999999999998",,"-0.14","0","0","-15.89","0.02","1.9999999999999991","-0.24"
Kotak Nifty 100 Equal Weight ETF,NIFTY100EW,"Equity","6.23068722",,,,,,,,,,,,
Gian Life Care Ltd,GIANLIFE,"Health Care Equipment & Supplies","6.184231352","0","0.25","0.97","16.709999999999997",,"0.45","0","0","8.89","0.01","4.59","0.27"
Sikozy Realtors Ltd,SIKOZY,"Real Estate","6.152454","1.81","0","-0.020000000000000018","0.4400000000000013",,"0.15","0","0","-6.210000000000001","0","0","-0.17"
DSP MSCI India ETF,MSCIADD,"Equity","6.127612974",,,,,,,,,,,,
Oswal Yarns Ltd,OSWAYRN,"Textiles","6.12728","0","0","0.30000000000000004","0.5800000000000001",,"0.03","0","0","-0.92","0","1.1800000000000002","0.27"
Siddheswari Garments Ltd,SIDDHEGA,"Investment Banking & Brokerage","6.1166952","0","0.3","-0.21000000000000002","0.07999999999999843",,"0","27.78","0","27.31","0","0.03999999999999998","-0.51"
Wherrelz IT Solutions Ltd,WITS,"IT Services & Consulting","6.099188","1.49","-3.62","-0.1399999999999988","53.089999999999996",,"13.72","0","0","-9.4","3.62","0.032385999999999804","-10.24"
Patron Exim Ltd,PATRON,"Pharmaceuticals","6.04998","13.91","0","-0.04","5.049999999999991",,"-0.03","0","0","2.120000000000001","0","0.009999999999999998","-0.01"
Kotak Nifty200 Quality 30 ETF,QUALITY30,"Equity","6.035883588",,,,,,,,,,,,
Aravali Securities and Finance Ltd,ARAVALIS,"Investment Banking & Brokerage","6.0312323","12.71","0","0.049999999999999996","4.449999999999999","0","-0.04","0","0","-28.79","0","1.87","0.09"
Agio Paper & Industries Ltd,AGIOPAPER,"Paper Products","6.0147742","5.06","0","0.020000000000000018","13.160000000000002",,"0.43","0","0","-48.38","0","22.63","-0.41"
Incon Engineers Ltd,INCON,"Industrial Machinery","6.0103419","0","0.13","-0.010000000000000009","1.3000000000000003",,"0.29","0","0","-6.07","0","0.47","-0.43"
Triveni Enterprises Ltd,TRIVENIENT,"Commodities Trading","6.0102","2.74","0.35","0.33999999999999997","0.799999999999998",,"0","0.12","0","2.2299999999999995","0","0","-0.01"
Retro Green Revolution Ltd,RGRL,"Agricultural & Farm Machinery","6.003684","18.18","0.01","0.09999999999999964","1.06",,"-12.09","46.37","0","-0.17999999999999972","0","2","12.18"
Eureka Industries Ltd,EUREKAI,"Textiles","6.0025","0","0","0.25","9.790000000000001",,"0","0","0","-10.25","0","0","0.25"
Worldwide Aluminium Ltd,WWALUM,"Commodities Trading","6.0007838","1.34","0","-3.16","11.11",,"0","0","0","1.53","0","0","-3.16"
Abhinav Leasing & Finance Ltd,ALFL,"Specialized Finance","5.9976","0","4.46","-0.8900000000000006","25.83","22.33","-12.82","7.65","0","1.08","0","0.07","7.47"
Looks Health Services Ltd,LOOKS,"Health Care Equipment & Supplies","5.9955","4.5","0.73","0.22999999999999998","0.11999999999999843",,"0","0","0","-0.16999999999999993","0","0.3600000000000001","-0.5"
GCM Capital Advisors Ltd,GCMCAPI,"Investment Banking & Brokerage","5.96288","16.88","0","-0.12","1.5199999999999985","0","-0.25","0","0","-8.2","0","0.5800000000000001","0.13"
Mirae Asset BSE Select IPO ETF,SELECTIPO,"Equity","5.957119375",,,,,,,,,,,,
Vision Corporation Ltd,VISIONCO,"Movies & TV Serials","5.8911795","1.96","16.01","-0.04999999999999971","7.599999999999998",,"0.38","0","0","-13.649999999999999","0","2.0300000000000002","-16.44"
Olympic Oil Industries Ltd,OLYOI,"Paper Products","5.887802","0.47","0","0","388.70000000000005",,"0","4.1","0","-26.11","0","0.06000000000000005","0"
Sahara Maritime Ltd,SMARITIME,"Logistics","5.88029475","4.62","0.09","-3.85","2.2700000000000014",,"-0.94","0","0","4.079999999999999","0","1.23","-3"
Motilal Oswal Nifty India Manufacturing ETF,MOMGF,"Equity","5.86725",,,,,,,,,,,,
K Z Leasing and Finance Ltd,KZLFIN,"Consumer Finance","5.85431","0","4.29","0.02999999999999936","5.6899999999999995","2.98","-5.24","16.87","0","16.03","0.01","0.08000000000000002","0.98"
Superior Finlease Ltd,SUPERIOR,"Specialized Finance","5.85195","0","0.53","0.44999999999999996","44.99999999999999","46.41","1.27","1.15","0","0.85","0.11","0.39999999999999997","-1.35"
Virgo Global Ltd,VIRGOGLOB,"IT Services & Consulting","5.8403908","0","0","0.03999999999999959","8.459999999999999",,"-2.49","0","0","-3.39","0","0","2.53"
DSP Nifty Smallcap 250 ETF,SMALLADD,"Equity","5.834421872999999",,,,,,,,,,,,
A F Enterprises Ltd,AFEL,"Investment Banking & Brokerage","5.818149882","4.23","-0.93","0.15000000000000002","101.33999999999999",,"1.11","0","0","14.899999999999999","0.01","4.473302","-0.03"
Motilal Oswal Nifty Next 50 ETF,MONEXT50,"Equity","5.81616",,,,,,,,,,,,
Enterprise International Ltd,ENTRINT,"Textiles","5.8110162","2.04","0.09","1.0899999999999999","1.3599999999999999",,"0.41","4.35","0","8.61","0","0.8399999999999999","0.59"
Groww Gold ETF,GROWWGOLD,"Gold","5.804117768",,,,,,,,,,,,
Stanpacks (India) Ltd,STANPACK,"Packaging","5.803392","0","-0.63","0","8.8",,"-1.96","0.1","0","0.9","0.63","3.23","2.59"
Sungold Capital Ltd,SUNGOLD,"Diversified Financials","5.797097775","1.99","0.02","0.009999999999999787","1.5900000000000016","0","-6.62","0","0","1.76","0","0.39","6.61"
Promact Plastics Ltd,PROMACT,"Plastic Products","5.762943","0","0","-0.010000000000000009","8.870000000000001",,"-0.49","0.01","0","-8.34","0","0.4700000000000002","0.48"
Zerodha Nifty Smallcap 100 ETF,SML100CASE,"Equity","5.75314103",,,,,,,,,,,,
MOTILAL OSWAL NIFTY 50 EQUAL WEIGHT ETF,MON50EQUAL,"Equity","5.7376",,,,,,,,,,,,
Quantum Digital Vision (India) Ltd,QUANTDIA,"Construction & Engineering","5.68152","2","-0.01","-0.18","4.749999999999999",,"-0.16","0","0","-12.45","0.01","0.6699999999999999","-0.01"
Raghunath International Ltd,RAGHUNAT,"Real Estate","5.6802272","1.72","-0.02","-0.02","1.4000000000000037",,"0","5.07","0","9.45","0.02","0.07","0"
Motilal Oswal Nifty Pse ETF,MOPSE,"Equity","5.6781",,,,,,,,,,,,
Groww Nifty Midcap 150 ETF,GROWWMC150,"Equity","5.66472584",,,,,,,,,,,,
Munoth Communication Ltd,MCLTD,"Technology Hardware","5.6641978","5.61","0.71","0.020000000000000018","2.0199999999999947",,"-0.49","15.01","0","0.9399999999999995","0.01","2.5699999999999994","-0.2"
Shikhar Consultants Ltd,SHIKHAR,"Diversified Financials","5.651233","0","-0.01","-0.009999999999999995","1.0899999999999999","0","0.09","0","0","-2.71","0","0","-0.09"
Mukta Agriculture Ltd,MUKTA,"Commodities Trading","5.63726046","39.27","-0.75","0.020000000000000018","0.020000000000003553",,"0","21.85","0","-38.7","0","0","0.77"
Universal Arts Ltd,UNIVARTS,"Movies & TV Serials","5.6329935","0","-0.33","-0.010000000000000009","0.14999999999999955",,"0","0.03","0","-2.77","0","0.04000000000000001","0.32"
Symbiox Investment & Trading Co Ltd,SYMBIOX,"Textiles","5.6317194","0.04","-2.84","0.7400000000000002","0.2500000000000051",,"0","0","0","0.4","0","0.019999999999999997","3.58"
Boston Commerce Ltd,BOSTON,"Investment Banking & Brokerage","5.6087622","0","0","-0.009999999999999787","3.2",,"4.58","0","0","-1.1","0","0","-4.59"
Aditya Ispat Ltd,ADITYA,"Iron & Steel","5.60145","0.05","4.05","-0.02000000000000135","29.360000000000007",,"-10.13","0","0","2.4000000000000004","0.01","21.270000000000003","6.06"
IDream Film Infrastructure Company Ltd,IDREAM,"Animation","5.57925","0.1","0","0","4.529999999999999",,"0.11","0","0","-5.9799999999999995","0","0","-0.11"
Motilal Oswal Nifty MNC ETF,MOMNC,"Equity","5.5685",,,,,,,,,,,,
Lead Financial Services Ltd,LEADFIN,"Diversified Financials","5.544","0","-0.15","1.1700000000000002","4.54","2.48","0","0.18","0","2.77","0","2.11","1.32"
Motilal Oswal Nifty 100 ETF,MONIFTY100,"Equity","5.53728",,,,,,,,,,,,
Mirae Asset Nifty Top 20 Equal Weight ETF,TOP20,"Equity","5.531130931",,,,,,,,,,,,
Motilal Oswal Nifty Realty ETF,MOREALTY,"Equity","5.51664",,,,,,,,,,,,
Groww Nifty Realty ETF,GROWWRLTY,"Equity","5.51435793",,,,,,,,,,,,
Motilal Oswal BSE Top 10 Banks ETF,MOBANK10,"Equity","5.5131",,,,,,,,,,,,
Jointeca Education Solutions Ltd,JOINTECAED,"Software Services","5.508415","5","-0.02","-0.020000000000000004","2.3499999999999996",,"0.09","0","0","-9.719999999999999","0.02","6.710000000000001","-0.09"
Zerodha Nifty 50 ETF,NIFTYCASE,"Equity","5.4644384",,,,,,,,,,,,
Modella Woollens Ltd,MODWOOL,"Textiles","5.46","0","0","-0.18","0.5499999999999999",,"0","0","0","-1.24","0","0","-0.18"
Saianand Commercial Ltd,SAICOM,"Diversified Financials","5.4528","21.92","2.28","0.020000000000000018","2.590000000000007",,"2.55","17.78","0","-4.520000000000003","0","0","-4.81"
UTL Industries Ltd,UTLINDS,"Iron & Steel","5.437575","0","0","-0.009999999999999995","0.24000000000000155",,"0.05","0","0","0.81","0","0","-0.06"
Angel One Nifty Total Market Momentum Qlty 50 ETF,AONETMMQ50,"Equity","5.433301524",,,,,,,,,,,,
Motilal Oswal BSE India Infrastructure ETF,MOINFRA,"Equity","5.43191",,,,,,,,,,,,
Sun Retail Ltd,SUNRETAIL,"Agro Products","5.43088","1.2","-0.23","0.039999999999999925","17.15",,"0.61","0","0","-0.07999999999999985","0","0","-0.34"
Kakatiya Textiles Ltd,KAKTEX,"Textiles","5.42944","0","-6.95","0.33999999999999975","46.97",,"-0.38","0","0","-18.65","7.02","23.08","7.67"
Vallabh Steels Ltd,VALLABHSQ,"Building Products - Pipes","5.3955","1.76","0","-0.03","47.14",,"-0.01","0.09","0","-28.78","0","8.830000000000004","-0.02"
Kotak Nifty 200 Momentum 30 ETF,MOMENTUM30,"Equity","5.35699725",,,,,,,,,,,,
CMI Ltd,CMICABLES,"Cables","5.337143181","49.96","6.64","-1.0500000000000007","449.61999999999995",,"-0.75","0","0","-212.43","0.19","118.71","-6.94"
Sahaj Fashions Ltd,SAHAJ,"Retail - Apparel","5.3331048","11.82","-3.2","-1.4000000000000004","51.540000000000006",,"9.1","0","0","8.8","0","10.51","-7.3"
Shivansh Finserve Ltd,SHIVA,"Investment Banking & Brokerage","5.304","0","3.52","-3.3306690738754696e-16","11.399999999999999","0","0.92","0","0","0.24","0","0.08000000000000002","-4.44"
Wagend Infra Venture Ltd,WAGEND,"Specialized Finance","5.278","1.81","0","-0.85","0.7199999999999983","0","0","0","0","-2.0300000000000002","0","0","-0.85"
Ortel Communications Ltd,ORTEL,"Cable & D2H","5.2660228799999995","187.31","-2.52","0.18999999999999995","433.49999999999994",,"0","2.11","0","-297.47","0","308.74649999999997","2.71"
Frontline Financial Services Ltd,FRONTFN,"Construction & Engineering","5.2637812","0","0","0","3.6999999999999997",,"0.18","0","0","0.52","0","1.01","-0.18"
Motilal Oswal Nifty Midcap150 Momentum 50 ETF,MOMIDMTM,"Equity","5.256144",,,,,,,,,,,,
Naksh Precious Metals Ltd,NAKSH,"Precious Metals, Jewellery & Watches","5.24971952","2","-0.01","1.13","0.28000000000000114",,"0.14","0","0","-6.09","0.01","0.7100000000000001","1"
UTI Nifty IT ETF,ITBETA,"Equity","5.245492746",,,,,,,,,,,,
Groww Nifty 500 Low Volatility 50 ETF,GROWWLOVOL,"Equity","5.202627462",,,,,,,,,,,,
Motilal Oswal Nifty Alpha 50 ETF,MOALPHA50,"Equity","5.19948",,,,,,,,,,,,
Adjia Technologies Ltd,ADJIA,"Animation","5.1846756","1.74","0","0.01","0.12999999999999978",,"0","0","0","-0.3600000000000001","0","1.1099999999999999","0.01"
Pasupati Fincap Ltd,PASUFIN,"Diversified Financials","5.1747","0","0","0","0.6499999999999997",,"0.3","0","0","-5.3","0","0","-0.3"
Nippon India ETF Nifty Dividend Opportunities 50,DIVOPPBEES,"Equity","5.162807776",,,,,,,,,,,,
Voltaire Leasing and Finance Ltd,VOLLF,"Specialized Finance","5.089848","14.87","0","-0.12","1.8900000000000055","0","0","0","0","-1.1599999999999984","0","0.019999999999999962","-0.12"
UTI Nifty 10 yr Benchmark G-Sec ETF,GILT10BETA,"Debt","5.082312645",,,,,,,,,,,,
Decorous Investment and Trading Co Ltd,DITCO,"Real Estate","5.0715","0","0.2","-0.12","0.01",,"0","0","0","0.38","0","0","-0.32"
Sanco Industries Ltd,SANCO,"Building Products - Pipes","5.049652","1.1","0.06","-0.26","68.56",,"0","3.39","0","-20.12","0","0.9000000000000001","-0.32"
Williamson Financial Services Ltd,WILLIMFI,"Specialized Finance","4.956967648","11.8","0","0.010000000000001563","508.88","0","-23.91","2.14","0","-382.22","0","0","23.92"
Ekam Leasing and Finance Co Ltd,EKAMLEA,"Investment Banking & Brokerage","4.956","3.37","0","-0.64","2.38","8.09","0","0","0","1.5499999999999998","0","0","-0.64"
Dharani Finance Ltd,DHARFIN,"Diversified Financials","4.9294728","0","0","-0.02","0.5699999999999995","2.01","-0.02","0.12","0","3.63","0","0.14","0"
Simplex Papers Ltd,SIMPLXPAP,"Paper Products","4.922296","0","0.16","0.010000000000000009","13.610000000000001",,"0","0","0","-15.06","0","0.02","-0.15"
Gconnect Logitech and Supply Chain Ltd,GCONNECT,"Specialized Finance","4.920960681","4.92","-3.63","-0.02999999999999936","0.9300000000000002",,"5.67","0","0","0.6299999999999999","3.63","3.63","-2.07"
Amerise Biosciences Ltd,AMERISE,"Wood Products","4.889106","0","-3.07","0","-2.9800000000000004",,"0","2.38","0","-1.23","0","0","3.07"
Sea TV Network Ltd,SEATV,"TV Channels & Broadcasters","4.8681","40.96","-0.32","-0.25","58.719999999999985",,"0.52","0","0","-93.78999999999999","0.34","8.0618","-0.45"
IMP Powers Ltd,INDLMETER,"Heavy Electrical Equipments","4.836475279999999","51.36","-0.1","2.25","471.28000000000003",,"0.84","0","0","-330.90000000000003","0.1","38.968499999999985","1.51"
Global Infratech & Finance Ltd,GBLINFRA,"Diversified Financials","4.783419632","7.79","0","-0.5","1.6000000000000052","0.01","-24.83","0","0","10.16","0","0","24.33"
Tranway21 Technologies Ltd,TRANWAY21,"Software Services","4.7800588","4.57","0.01","-0.09999999999999998","6.039999999999999",,"-0.63","0","0","1.58","0","0.6884999999999994","0.52"
Coral Newsprints Ltd,CORNE,"Paper Products","4.7798542","0","0.23","-0.09999999999999999","12.270000000000001",,"-0.08","0","0","-14.08","0","0.69","-0.25"
Olympic Cards Ltd,OLPCL,"Paper Products","4.7784491","16.41","0.28","-0.050000000000000266","43.64",,"-3.48","0","0","-31.4","0.07","18.330000000000002","3.15"
Bharatiya Global Infomedia Ltd,BGLOBAL,"IT Services & Consulting","4.752933","57.5","0","-0.01","35.25999999999999",,"0","5.11","0","8.14","0","34.87689999999999","-0.01"
Suncity Synthetics Ltd,SUNCITYSY,"Textiles","4.7430222","0","1.9","-0.020000000000000462","2.569999999999999",,"-4.62","0.02","0","-5.43","0","0.4499999999999993","2.7"
Karnimata Cold Storage Ltd,KCSL,"Logistics","4.738288","1.17","-0.08","0.8599999999999994","7.07",,"-3.66","0.03","0","3.5","0.11","7.8100000000000005","4.6"
Continental Controls Ltd,CONTICON,"Electrical Components & Equipments","4.7326171200000005","0.43","0","0","0.09999999999999912",,"0.04","0","0","-4.449999999999999","1.54","0","-0.04"
Goyal Associates Ltd,GOYALASS,"Specialized Finance","4.7114375","0","0","-0.05","2.799999999999998","4.93","0","0","0","-1.44","0","0.38","-0.05"
Siddha Ventures Ltd,SIDDHA,"Investment Banking & Brokerage","4.69906","0","-5.8","0.04999999999999982","0.010000000000001563","0","0","0.01","0","4.66","0","0","5.85"
Shree Precoated Steels Ltd,SPSL,"Real Estate","4.682229162","0","0","0.05","7.610000000000001",,"0","0","0","-6.3","0","0.03","0.05"
Longview Tea Co Ltd,LONTE,"Tea & Coffee","4.67454","7.99","0.46","0.050000000000000044","0.17999999999999844",,"0","2.29","0","7.15","0","0.26","-0.41"
VXL Instruments Ltd,VXLINSTR,"Technology Hardware","4.6370304","13.73","0.03","-0.13999999999999996","10.999999999999998",,"0.42","0","0","-25.37","0","0.79","-0.59"
Elango Industries Ltd,ELANGO,"Power Infrastructure","4.6098488","0","0","0","0.9499999999999997",,"0","0","0","-0.05","0","0.11000000000000001","0"
Heera Ispat Ltd,HEERAISP,"Iron & Steel","4.6062324","0","0","0.48000000000000004","1.1600000000000006",,"0.93","0","0","-6.44","0","0","-0.45"
Ashiana Agro Industries Ltd,ASHAI,"Investment Banking & Brokerage","4.5586","0","0.69","0.6399999999999999","0.05",,"0","0","0","-2.01","0","0","-0.05"
Rajkot Investment Trust Ltd,RAJKOTINV,"Investment Banking & Brokerage","4.552","2.8","-3.13","0.2500000000000002","24.380000000000003","22.94","2.12","2.13","0","0.9300000000000002","0","0.01","1.26"
MOTILAL OSWAL BSE SELECT IPO ETF,MOIPO,"Equity","4.536",,,,,,,,,,,,
R R Securities Ltd,RRSECUR,"Consumer Finance","4.52715","0","0.01","0","0.24","0","0.07","0.9","0","1.65","0","0","-0.08"
Ken Financial Services Ltd,KENFIN,"Diversified Financials","4.50015","0","0","0","2.4700000000000015","8.08","0.16","0.09","0","4.25","0","0","-0.16"
Invesco India Nifty 50 ETF,IVZINNIFTY,"Equity","4.489577",,,,,,,,,,,,
Motilal Oswal Nifty Services Sector ETF,MOSERVICE,"Equity","4.4895",,,,,,,,,,,,
Mahasagar Travels Ltd,MHSGRMS,"Tour & Travel Services","4.4586045","0","-1.3","-0.5800000000000001","12.700000000000005",,"-0.13","0.7","0","-7.91","2.04","2.8000000000000043","0.85"
Jainco Projects (India) Ltd,JAINCO,"Consumer Finance","4.4","0","0.45","0.16999999999999993","19.29","0","12.06","2.71","0","0.66","0.01","4","-12.34"
Abhishek Infraventures Ltd,ABHIINFRA,"Construction & Engineering","4.39263","0","0","0","3.709999999999999",,"0.01","0.14","0","-1.19","0","0","-0.01"
Perfect Infraengineers Ltd,PERFECT,"Home Electronics & Appliances","4.3724445","13.79","-0.23","1.299999999999999","9.95",,"7.68","0.01","0","2.040000000000001","0.23","1.8546999999999993","-6.15"
Nippon India ETF Nifty 50 Shariah BeES,SHARIABEES,"Equity","4.3396299240000005",,,,,,,,,,,,
Hanman Fit Ltd,HANMAN,"Wellness Services","4.284","4.8","-0.4","0.10999999999999999","0.8499999999999984",,"-0.7","0.15","0","-13.629999999999999","0","0.6504","1.21"
Fabino Enterprises Ltd,FABINO,"Pharmaceuticals","4.2651","1.85","-0.42","0.18","13.450000000000003",,"0.48","0","0","0.25","0.29","0.55","0.12"
Kanungo Financiers Ltd,KANUNGO,"Labs & Life Sciences Services","4.254012","0","-8.63","-0.009999999999999787","22.64","0","8.88","0","0","1.64","0","0","-0.26"
Silver Pearl Hospitality & Luxury Spaces Ltd,SILVERPRL,"Hotels, Resorts & Cruise Lines","4.248473","5.52","-7.33","-1.2499999999999998","0.32",,"0.18","7.32","0","0.040000000000000036","0.01","2.02","5.9"
Purple Entertainment Ltd,PURPLE,"Movies & TV Serials","4.2451688149999995","0","0.16","0","9.21",,"-3.48","0","0","1.47","0","0","3.32"
S G N Telecoms Ltd,SGNTE,"Electrical Components & Equipments","4.2021148","0","-0.16","0.03999999999999998","2.9099999999999997",,"-0.17","0","0","-7.76","0","1.0300000000000002","0.37"
Motilal Oswal Nifty India Tourism ETF,MOTOUR,"Equity","4.14805",,,,,,,,,,,,
52 Weeks Entertainment Ltd,SHAQUAK,"Movies & TV Serials","4.08096","6.29","0","-0.009999999999999995","4.090000000000002",,"0.11","0","0","-25.36","0","0","-0.12"
Krishna Filament Industries Ltd,KRIFILIND,"Plastic Products","4.0566623","62.93","0","0","3.5400000000000036",,"0","0","0","-73.56","0","0.31","0"
Tridev Infraestates Ltd,ASHUTPM,"Paper Products","4.045748","0","-0.02","0","-0.009999999999999787","0.77","0","0.01","0","-3.24","0","0","0.02"
Mahalaxmi Seamless Ltd,MAHALXSE,"Iron & Steel","4.013864","0","-0.31","-0.28","3.4400000000000004",,"-0.34","0","0","-5.75","0.2","2.210000000000001","0.37"
JLA Infraville Shoppers Ltd,JSHL,"Retail - Online","4.01082","0","0","-0.05","0.14999999999999822",,"0","0","0","0.41","0","0.06","-0.05"
SSPN Finance Ltd,SSPNFIN,"Diversified Financials","4.0097976","0","0","-0.06","2.1200000000000006","0","0","0.48","0","0.6","0","0","-0.06"
Encode Packaging India Ltd,ENCODE,"Packaging","3.971646","0","1.04","-0.32000000000000006","0.18000000000000024",,"0","0","0","0.12","0.01","0.07000000000000006","-1.36"
Patidar Buildcon Ltd,PATIDAR,"Real Estate","3.9714115399999996","0","-0.25","-0.16999999999999998","2.9699999999999984",,"-0.25","1.14","0","1","0.19","0.35","0.33"
Cindrella Financial Services Ltd,CINDRELL,"Diversified Financials","3.9312","0","0.35","0.3","0.07000000000000042","0.9","0.16","5.44","0","3.28","0","0","-0.21"
Gujarat Winding Systems Ltd,GUJWIND,"Packaging","3.9251832","0","0.06","-0.060000000000000005","0.10999999999999911",,"-0.01","0.28","0","-0.67","0","0","-0.11"
Integrated Hitech Ltd,INTEGHIT,"Software Services","3.8617756","0","0","-0.2","0.5499999999999997",,"0","0","0","-10.43","0","0.08999999999999997","-0.2"
Befound Movement Ltd,BEFOUNDMOL,"Business Support Services","3.82","4","0","-0.01","1.5299999999999998",,"0","0","0","-5.13","0","0.07999999999999999","-0.01"
Beeyu Overseas Ltd,BEEYU,"Tea & Coffee","3.81819231","2.85","0.01","-0.03","2.8599999999999977",,"-0.06","0","0","-16.95","0","1","0.02"
Integrated Thermoplastics Ltd,INTETHR,"Commodity Chemicals","3.77334","0","0.05","0.009999999999999787","71.19",,"2.39","0","0","-64.95","0","3.0900000000000016","-2.43"
Oswal Leasing Ltd,OSWALEA,"Investment Banking & Brokerage","3.745","0","0","-0.03","0.010000000000000658","1.85","0","0.8","0","2.3","0","0","-0.03"
Bandhan Nifty 50 ETF,IDFNIFTYET,"Equity","3.720455115",,,,,,,,,,,,
Amarnath Securities Ltd,AMARSEC,"Investment Banking & Brokerage","3.6782452","0","-0.39","-0.04000000000000001","0.94","5.4","0.09","0.01","0","1.48","0","0","0.26"
Thakkers Group Ltd,THAKKERS,"Real Estate","3.6699735","0","11.43","3.1899999999999995","141.73999999999998",,"-12.01","0","0","58.15","0.17","50.879999999999995","3.77"
Jumbo Bag Ltd,JUMBO,"Packaging","3.64255950000003","2.94","-3.52","0.8000000000000007","64.69999999999999",,"6.15","0.13","0","25.56","3.34","32.12","-1.83"
Unitech International Ltd,UNITINT,"Commodities Trading","3.636252","0","0","-0.050000000000000044","39.97",,"-0.79","0","0","-36.32","0","3.5799999999999983","0.74"
Vaishno Cement Company Ltd,VAICC,"Cement","3.6337812","0","0","-0.01","2.3400000000000007",,"0","0.3","0","-9.91","0","0","-0.01"
Khyati Multimedia Entertainment Ltd,KHYATI,"Software Services","3.6072668","3.5","0","-0.44","2.1199999999999983",,"0.46","0.36","0","-13.2","0","0","-0.9"
Athena Constructions Ltd,ATHCON,"Real Estate","3.6","0","-0.03","-0.02999999999999997","14.03",,"-0.42","3.95","0","-0.97","0","0.03","0.42"
Quintegra Solutions Ltd,QUINTEGRA,"Software Services","3.4857979","43.14","0","-0.009999999999999995","14.2",,"0.05","0","0","-82.95","0","1.2","-0.06"
Pagaria Energy Ltd,WOMENNET,"Commodities Trading","3.45798765","1.54","0.18","0","0.3600000000000002",,"0","0.01","0","0.41999999999999993","0","0.009999999999999981","-0.18"
SBL Infratech Ltd,SBLI,"Real Estate","3.4478975","3.54","0.1","-0.08999999999999998","9.420000000000002",,"-0.01","0.02","0","-0.54","0.01","0.009999999999999995","-0.18"
Tricom Fruit Products Ltd,TRICOMFRU,"Agro Products","3.436929","18.82","-1.52","0.009999999999999898","88.41000000000001",,"0.36","0","0","-124.71000000000001","0","0","1.17"
Unishire Urban Infra Ltd,UNISHIRE,"Real Estate","3.4345485","0.26","6.15","0.20999999999999996","0.24999999999999845","0","0","0.99","0","-3.4800000000000004","0","0.03","-5.94"
Keto Motors Ltd,KETOMOTORS,,"3.4113117","0.44","0","0.91","3.8099999999999996",,"0.91","0.87","0","-0.69","0","0","0"
Motilal Oswal Nifty 200 Momentum 30 ETF,MOMOMENTUM,"Equity","3.3804867270000005",,,,,,,,,,,,
Spectra Industries Ltd,SPECTRA,"Auto Parts","3.3198165","0","0","0","63.06",,"-5.76","0","0","-59.37","0","8.620000000000001","5.76"
City Online Services Ltd,CITYONLINE,"Cable & D2H","3.3002433","0","0.12","-0.03999999999999998","5.720000000000001",,"-0.49","0.01","0","-5.24","0.01","1.3000000000000007","0.33"
Shri Kalyan Holdings Ltd,SHKALYN,"Investment Banking & Brokerage","3.271636","0","0.01","-0.28000000000000025","0.43","0","-2.39","1.36","0","0.15","0","0.11999999999999997","2.1"
PFL Infotech Ltd,PFLINFOTC,"Online Services","3.1482801","4.89","0.01","-0.35","0.29999999999999816",,"-0.05","0","0","-12.29","0","0","-0.31"
Kovalam Investment and Trading Co Ltd,ZKOVALIN,"Investment Banking & Brokerage","3.142390482","0","1.33","0.3800000000000001","0.10999999999998579","0","0","69.05","0","72.78","0","1.1","-0.95"
Mafia Trends Ltd,MAFIA,"Apparel & Accessories","3.103485","2.31","-0.01","0.10000000000000009","7.470000000000002",,"2.15","0","0","1.1999999999999997","0.01","0.03","-2.04"
Rajvir Industries Ltd,RAJVIR,"Textiles","3.0560679","4.42","0.06","2.5199999999999996","329.12999999999994",,"-22.45","0","0","-202.30999999999997","0.01","91.69999999999999","24.91"
GCM Commodity & Derivatives Ltd,GCMCOMM,"Investment Banking & Brokerage","3.04507","8.86","-2.37","0.3999999999999999","12.800000000000004","0","0.02","3.91","0","-10.42","0.01","0.010000000000000009","2.75"
Swadha Nature Ltd,SWADHATURE,"Agro Products","3.013552","0","0.07","-0.06999999999999999","0.14000000000000012",,"-0.11","0","0","-3.56","0","0.01","-0.03"
Shyama Computronics and Services Ltd,SHYAMACOMP,"IT Services & Consulting","2.9488692","0","0.19","-0.01999999999999999","0.12999999999999978",,"0","2.23","0","0.03","0","0","-0.21"
Gaekwar Mills Ltd,ZGAEKWAR,"Textiles","2.864","0","0","-0.03999999999999998","79.82",,"-0.29","0","0","-76.6","0","1.24","0.25"
SPV Global Trading Ltd,SPVGLOBAL,"Investment Banking & Brokerage","2.8322","0","-4.37","1.980000000000004","257.34",,"-55.72","6.5","0","164.36","5.89","160.92","62.07"
Vasa Retail and Overseas Ltd,VASA,"Textiles","2.78653575","-23.75","0","0","23.68",,"0.08","0","0","-0.08999999999999986","0","0","-0.08"
Brilliant Portfolios Ltd,BRIPORT,"Investment Banking & Brokerage","2.7543984","0","0","0.17","22.9","22.7","-0.06","0","0","6.19","0","0.26","0.23"
SVA India Ltd,SVAINDIA,"Commodities Trading","2.6850138","5.92","0.13","-0.019999999999999574","18.000000000000004",,"-4.13","25.82","0","0.27000000000000046","0","0.09000000000000008","3.98"
T Spiritual World Ltd,TSPIRITUAL,"Commodities Trading","2.660266","1","0.01","0.01","0.020000000000001777",,"0","0.03","0","-19.67","0","0","0"
Olympic Management & Financial Services Ltd,OLYMTFI,"Diversified Financials","2.6277684","0.5","0","0.010000000000000009","0.5200000000000005","0","0.46","0.42","0","-2.24","0","0.38","-0.45"
Jalan Transolutions (India) Ltd,JALAN,"Logistics","2.6166996","13.86","7.23","0.05000000000000071","42.42",,"-7.35","0","0","-70.31","0","0","0.17"
Hem Holdings and Trading Ltd,ZHEMHOLD,"Investment Banking & Brokerage","2.5536","0","0.97","0.21999999999999997","5.41","6.95","0","0","0","1.92","0","0","-0.75"
Groww Silver ETF,GROWWSLVR,"Silver","2.4322438170000003",,,,,,,,,,,,
Indo Gulf Industries Ltd,IGLFXPL-B,"Commodity Chemicals","2.36311569","0","-13.69","-0.1699999999999986","43.02999999999999",,"-3.78","0","0","10.3","13.71","45.879999999999995","17.3"
Anand Projects Ltd,ANANDPROJ,"Construction & Engineering","2.2983612181383597","0","-5.86","-0.009999999999999787","51.99",,"-12.17","24.66","0","-0.75","0.01","0.03","18.02"
Svarnim Trade Udyog Ltd,SNIM,"Textiles","2.28561","0","0","-0.01999999999999999","0.15999999999999967",,"0.07","0","0","-2.57","0","0","-0.09"
Hindusthan Udyog Ltd,ZHINUDYP,"Industrial Machinery","2.2678451","1.38","6.61","0.81","16.579999999999874",,"-1.52","604.99","0","666.43","0.02","69.65","-4.28"
Mudra Financial Services Ltd,MUDRA,"Diversified Financials","2.1543","0","0.83","0.37999999999999995","0.18","9.03","0","0.74","0","5.56","0","0","-0.45"
Shreenath Investment Company Ltd,SHRENTI,"Specialized Finance","2.0625","0","-22.29","0.4499999999999993","44.69","0","25.45","316.48","0","342.42","0.01","0.06","-2.71"
Technojet Consultants Ltd,TECHCON,"Business Support Services","1.9908","0","0.09","-0.04000000000000001","0.010000000000000111",,"0","0","0","0.42","0","0.01","-0.13"
Gangotri Textiles Ltd,GANGOTRI,"Apparel & Accessories","1.9894926739999998","48.29","-0.01","0","251.98000000000002",,"0.08","15.01","0","-391.79","0","0.03","-0.07"
Sagar Systech Ltd,SAGARSYST,"Software Services","1.976","0","-0.62","0.030000000000000027","4.390000000000001","0","1.28","9.89","0","7.18","0","0","-0.63"
Noble Polymers Ltd,NOBPOL,"Plastic Products","1.9437","0","-6.51","0.16000000000000014","2.02",,"3.52","2","0","3.14","0","0","3.15"
Omnipotent Industries Ltd,OMNIPOTENT,"Building Products - Ceramics","1.8029","15.9","0.8","0.44000000000000006","2.1299999999999986",,"0","0","0","-4.51","0.06","0.08","-0.36"
Global Defence Industries Ltd,GDIL,,"1.777926375","0.64","-158.57","89.34","55.03999999999994",,"232.09","0","0","0.9500000000000001","160.3","162.67999999999998","15.82"
Silveroak Commercials Ltd,SILVERO,"Construction & Engineering","1.71875","0","0.31","-0.45000000000000007","21.2",,"-0.09","0.27","0","-6.45","0","5.64","-0.67"
MPF Systems Ltd,MPFSL,"Electrical Components & Equipments","1.634798388","0","0","0.18000000000000016","2.7199999999999993",,"3.37","0","0","-3.07","0","0","-3.19"
Sybly Industries Ltd,SYBLY,"Textiles","1.565787663","0","11.95","-0.08000000000000114","23.8",,"-0.05","0","0","-8.54","0","0","-11.98"
BMB Music and Magnetics Ltd,BMBMUMG,"Movies & TV Serials","1.4906862","5.31","0","0.03","5.0600000000000005",,"0.21","0","0","-9.1","0","0.18999999999999995","-0.18"
Signature Green Corporation Ltd,SIGNGCL,"Wood Products","1.417559598","14.7","0","-1.6099999999999994","0.42999999999999794",,"8.43","0.2","0","-5.08","0","0.5099999999999998","-10.04"
Sheraton Properties and Finance Ltd,ZSHERAPR,"Real Estate","1.3824","0","3.71","1.0099999999999998","0.020000000000028422","0","0","200.65","0","226.26","0","0","-2.7"
Valley Magnesite Company Ltd,VALLEY,"Conglomerates","1.37832452449136","0","0.13","-0.26","0.6900000000000001","0","0","0.08","0","8.12","0","0.02","-0.39"
Sarvamangal Marcantile Company Ltd,ZSARVAMA,"Commodities Trading","1.30725","0","0.72","0.009999999999999787","8.320000000000006",,"2.42","75.5","0","69.25","0","0.01","-3.13"
Indoworth Holdings Ltd,UNIWSEC,"Commodities Trading","1.251024","0","0","2.21","17",,"0","0.28","0","0.67","0","0.009999999999999995","2.21"
Hind Commerce Ltd,HCLTD,"Commodities Trading","1.2","0","-2.52","-0.52","0.16",,"0","15.72","0","13.55","0","0","2"
Diksha Greens Ltd,DGL,"Wood Products","1.0854019","8.88","0.05","0","39.900000000000006",,"-2.79","0","0","-47.42","0","10.08","2.74"
Wardwizard Healthcare Ltd,AYOME,"Health Care Equipment & Supplies","1.058155","0","-0.01","0.010000000000000009","11.849999999999998",,"1.65","0","0","-3.36","0.01","7.27","-1.63"
Shaw Construction Pvt. Ltd,SHAHCON,"Construction & Engineering","0.9794325","0","0","-0.15000000000000036","127.38",,"6.22","0","0","-95.52","0","55.31","-6.37"
Gold Rock Investments Ltd,ZGOLDINV,"Investment Banking & Brokerage","0.9537184","0","7.86","-2.55","4.929999999999971","0.01","0.09","116.71","0","149.44","0","2.4966999999999997","-10.5"
Speedage Commercials Ltd,ZSPEEDCO,"Diversified Chemicals","0.9290310328456151","0","2.68","0.7000000000000002","0.0600000000000091","0","0","145.76","0","161.82","0","0","-1.98"
Kedia Construction Co Ltd,KEDIACN,"Business Support Services","0.733499999999997","0","0","0.1","0.819999999999999",,"0","0","0","2.16","0","0.009999999999999998","0.1"
Ishwarshakti Holding & Traders Ltd,ISHWATR,"Specialized Finance","0.72144","0","-1.18","0.02000000000000024","1.3199999999999992","0","1.37","2.15","0","-0.31","0","0","-0.17"
Magnanimous Trade & Finance Ltd,MAGANTR,"Investment Banking & Brokerage","0.5369477160042899","0","35.41","18.469999999999995","0.260000000000002","7.77","0","2","0","30.72","0.49","0.43","-16.94"
Classic Electricals Ltd,CLASELE,"Electrical Components & Equipments","0.516413535","0","0","0","1.0899999999999983",,"0","0","0","9.74","0","0.31999999999999984","0"
Ridhi Synthetics Ltd,RIDHISYN,"Real Estate","0.494022","0","0.89","0.020000000000000018","3.309999999999998",,"0","39.05","0","48.66","2.33","2.68","-0.87"
E & E Enterprises Ltd,EENTER,"Specialized Finance","0.48408","0","16.07","0.05000000000000028","0.020000000000113687",,"-0.02","625","0.02","642.79","0","0","-16"
Jupiter Industries and Leasing Ltd,JPTRLES,"Specialized Finance","0.399","0","0","0","2.15","0","0.08","0","0","-3.15","0","0","-0.08"
Sunrise Industrial Traders Ltd,SUNRINV,"Diversified Financials","0.356785","0","0.08","-1.71","0.030000000000009096","0","0","171.12","0","178.36","0","0.20999999999999996","-1.79"
Craftroot Retail Ltd,NIRBHAYIND,,"0.334999999999998","0","-0.13","0.49000000000000005","27.640000000000004",,"0.08","0","0.03","0.15","0.23","0.2","0.54"
Purity Flexpack Ltd,PURITY,"Plastic Products","0.2511756","0","-3.57","0.2400000000000002","47.78999999999999",,"1.19","1.25","0","35.21","3.63","41.739999999999995","2.62"
Varun Mercantile Ltd,VARUNME,"Commodities Trading","0.205176","0","0.88","0.65","0.020000000000000677",,"0","0","0","3.4","0","0","-0.23"
Coromandel Agro Products and Oils Ltd,CORAGRO,"Agro Products","0.20382","0","-0.04","0.010000000000000002","17.090000000000003",,"-0.03","0","0.08","27.25","0.04","4.5200000000000005","0.08"
Melstar Information Technologies Ltd,MELSTAR,"IT Services & Consulting","0.145138775","0","0","0.22000000000000003","3.9000000000000004",,"-0.32","0","0","-8.7","0","0","0.54"
Kusam Electrical Industries Ltd,KUSUMEL,"Electrical Components & Equipments","0.124319999999998","0","0","-1.12","1.46",,"-0.03","0","0","3.56","0","0.5399999999999998","-1.09"
Western Ministil Ltd,WMINIMT,"Iron & Steel","0.112173672","4.58","0","0","4.82",,"0.21","0","0","-11.56","0","0","-0.21"
Viksit Engineering Ltd,VIKSHEN,"Iron & Steel","0.105825","0","0.04","-0.5999999999999999","3.4699999999999998",,"-1.75","0","0","-3.11","0","0.15000000000000002","1.11"
Unijolly Investments Company Ltd,UNIJOLL,"Investment Banking & Brokerage","0.0913294316399179","0","0.17","0","0.46999999999999803","0","0","13.53","0","13.05","0","0","-0.17"
Arco Leasing Ltd,ZARCOLEA,"Specialized Finance","0.09002625","0","0.17","-0.6","3.55","0","0","0","0","-0.82","0","0.0026999999999999975","-0.77"
Hindustan Housing Company Ltd,ZHINDHSG,"Business Support Services","0.089298","0","-1.1","-0.3700000000000001","7.06",,"0","51.42","0","63.67","0.13","1.0399999999999996","0.73"
Megh Mayur Infra Ltd,TRANOCE,,"0.0819","0","0","0.01999999999999999","1.57",,"0.21","0","0","-0.19","0","0","-0.19"
Southern Gas Ltd,ZSOUTGAS,"Gas Distribution","0.05625","0","-2.41","-0.1600000000000003","9.380000000000006",,"-0.34","0","0.11","24.15","2.7","11.900000000000002","2.59"
Antariksh Industries Ltd,ANTARIKSH,"Real Estate","0.04795596","0","0","-0.05","5.65",,"0","0","0","1.41","0","0","-0.05"
Bengal Steel Industries Ltd,BENGALS,"Iron & Steel","0.0245","0","0","0.71","0.82",,"0","0.59","0","5.11","0","1.4246000000000003","0.71"
Whitehall Commercial Company Ltd,WHITHAL,,"0.000498","0","0","-0.05","2.08",,"0.06","0","0","-1.91","0","0","-0.11"
Bharat Bond ETF - April 2025,EBBETF0425,"Debt","0",,,,,,,,,,,,
Indokem Ltd,INDOKEM,"Specialty Chemicals","0","12.19","-0.77","1.0900000000000003","76.96",,"-3.15","0.01","0","21.75","1","64.01","5.01"
PB Global Ltd,PBGLOBAL,"Fertilizers & Agro Chemicals","0","0","-31.18","4.499999999999997","16.11000000000002",,"-0.44","34.36","0","204.01","0","0.9472","36.12"
D S Kulkarni Developers Ltd,DSKULKARNI,"Real Estate",,"308.23","3.01","-0.25","1083.9",,"96.91","0.12","0","-446.66","0","27.39","-100.17"
BHARAT Bond ETF-April 2031-Growth,EBBETF0431,"Debt",,,,,,,,,,,,,
ICICI Prudential Nifty Bank ETF,BANKIETF,"Equity",,,,,,,,,,,,,
Tata Nifty 50 ETF,NETF,"Equity",,,,,,,,,,,,,
Tata Nifty Private Bank Exchange Traded Fund,NPBET,"Equity",,,,,,,,,,,,,
Tulsyan NEC Ltd,TULSYAN,"Iron & Steel",,"123.74","-10.17","-0.9100000000000037","568.2900000000001",,"-29.79","0","0","109.59000000000002","14.11","536.0500000000001","39.05"
Guru Krupa Gems and Jewellery Ltd,GKL,"Precious Metals, Jewellery & Watches",,"0","-0.14","-6.79","1.9200000000000015",,"0","0","0","9.15","0.05","1.04","-6.65"
Bandhan BSE Sensex ETF,IDFSENSEXE,"Equity",,,,,,,,,,,,,
P B Films Ltd,PBFL,"Movies & TV Serials",,"1.09","4.58","0.1200000000000001","2.600000000000002",,"-4.16","0","0","-5.67","0.01","0.009999999999999898","-0.3"
Legacy Mercantile Ltd,LEGACY,,,"0.23","0.23","0.020000000000000018","16.960000000000004",,"-0.15","2.26","0","0.27","0","0.010000000000000009","-0.06"
SBI BSE 100 ETF,SETFBSE100,"Equity",,,,,,,,,,,,,
Web Element Solutions Ltd,WEBSL,,,"0","-0.22","-0.22","0.09000000000000022",,"0","1.52","0","0.53","0.03","0.04999999999999999","0"
Has Lifestyle Ltd,HASJUICE,,,"1.15","-5.41","0.5699999999999995","3.709999999999998",,"0.13","11.34","0","6.969999999999999","0.7","1.4699999999999998","5.85"
Adhiraj Distributors Ltd,ADHIRAJ,,,"0","0.6","0.48000000000000004","0.45",,"-0.05","0","0","0.7","0","0","-0.07"
Nippon India ETF BSE Sensex,SENSEXBEES,"Equity",,,,,,,,,,,,,
Supernova Advertising Ltd,SUPERNOVA,,,"0.04","0","-0.19","120.99999999999999",,"0","8.03","0","0.35000000000000003","0","0.01999999999999999","-0.19"
Dekson Castings Ltd,DEKSON,,,"0","0.5","0","52.53999999999999",,"2.29","1.37","0","-6.07","1.01","16.37","-2.79"
Parnav Sports Academy Ltd,PSAL,,,"0.4","0","0","1.2500000000000002",,"0","0","0","0.07999999999999996","0","0","0"
Kanak Krishi Implements Ltd,KKIL,,,"0.09","1.69","0.00999999999999987","2.2600000000000016",,"-0.1","2.35","0.1","0.15","0","0","-1.58"
Gracious Software Ltd,GSL,,,"0","0.54","0.07000000000000006","8.99",,"0","4.72","0","0.15","0","0","-0.47"
SBI BSE Sensex ETF,SBISENSEX,"Equity",,,,,,,,,,,,,
Abhijit Trading Co Ltd,ABHIJIT,"Investment Banking & Brokerage",,"676.48","-2707.18","-8.570000000000164","3116.35","518.28","2999.99","0","0","1.4700000000000273","0","0","-301.38"
Real Growth Corporation Ltd,RGCORP,,,"0","14.44","0","17.46",,"-23.47","0","0","7.45","0","0","9.03"
Sharp Investments Ltd,SHARPINV,,,"5.77","0","0.27","3.159999999999997","0","0","24.08","0","-1.6199999999999992","0","0","0.27"
Shiv Kamal Impex Ltd,SHIVKAMAL,"Diversified Financials",,"3.61","0","0.42","0.009999999999998224","2.89","0","0","0","2.4200000000000004","0","0.010000000000000002","0.42"
Vinayak Vanijya Ltd,VINVANI,"Investment Banking & Brokerage",,"0","0.03","0.39","0.19","0","0","0.19","0","0.81","0.02","0.009999999999999995","0.36"
Madala Holdings Ltd,MADALA,"Real Estate",,"30.93","4.06","0.6099999999999994","10.52",,"0","0","0","64.46000000000001","0.04","29.22","-3.45"
Jeet Machine Tools Ltd,ZJEETMAC,"Industrial Machinery",,"0.61","0.04","-0.49000000000000005","1.9400000000000008",,"0","1.48","0","-0.79","0","0.66","-0.53"
Vsd Confin Ltd,VSDCONF,"Real Estate",,"0","-0.16","5.25","1.5500000000000014",,"0","0.21","0","-1.14","0.16","0.18000000000000002","5.41"
Sueryaa Knitwear Ltd,SUERYAAKNI,"Textiles",,"0","-0.23","-0.020000000000000018","0.04000000000000002",,"0","0","0","-0.62","0","0.010000000000000002","0.21"
Tirupati Finlease Ltd,TFLL,"Specialized Finance",,"0","-0.53","0.02999999999999936","6.13","0","3.01","0","0","2.47","0.01","0.06000000000000001","-2.45"
U F M Industries Ltd,UFMINDL,,,"1.63","0.1","0.04999999999999982","18.820000000000007",,"-2.18","8.51","0","15.52","0.44","9.370000000000001","2.13"
Midland Polymers Ltd,MIDPOLY,"Plastic Products",,"0","0","0","2.39",,"0.09","0","0","-2.65","0","0","-0.09"
Shikhar Leasing and Trading Ltd,SHIKHARLETR,"Specialized Finance",,"0","2.24","-0.9299999999999995","1.4400000000000002","6.34","-1.16","0","0","6.05","0.01","0.45","-2.01"
Raideep Industries Ltd,RAIDEEPIND,"Textiles",,"0","2.6","-0.06","7.999999999999998",,"-0.06","13.75","0","11.6","0","1.7","-2.6"
Sidh Automobiles Ltd,SIDH,,,"0","2.36","2.07","0.8900000000000005","0.81","0","1.23","0","2.82","0","0.01","-0.29"
Vardhan Capital and Finance Ltd,VARDHANCFL,"Specialized Finance",,"0","0.01","-0.03","6.04","2.05","0","2.38","0","3.45","0","0","-0.04"
Tivoli Construction Ltd,TVOLCON,"Construction & Engineering",,"0","0.14","-0.009999999999999981","0.029999999999999787",,"0","0","0","2.02","0","0.01","-0.15"
Jyot International Marketing Ltd,JYOTIN,"Asset Management & Custody Banks",,"0","15.14","3.6700000000000017","34.94","32.14","-56.99","10.5","0","17.08","0","0","45.52"
Alna Trading and Exports Ltd,ALNATRD,"Tea & Coffee",,"0","0.01","0.03","0.020000000000000233",,"0","0.16","0","1.79","0","0.04000000000000001","0.02"
Ventura Guaranty Ltd,SHYAM,"Diversified Financials",,"5.16","39","-125.96","619.37","127.05","-9.95","3.23","1.63","303.71999999999997","3.03","42.61999999999999","-155.01"
Springform Technology Ltd,ZNEWSAGA,"Software Services",,"0","0.02","-0.32999999999999996","0.12",,"0.1","0","0","-0.07","0","0","-0.45"
Healthy Investments Ltd,HEALINV,"Specialized Finance",,"0","0.18","0.009999999999999981","0.620000000000002","0","0","21.65","0","20.99","0","0","-0.17"
Nurture Well Industries Ltd,NWIL,"Packaged Foods & Meats",,"188.29","-128.57","6.6200000000000045","178.9699999999999",,"87.1","0","0","48.82000000000002","3.4","50.790000000000006","48.09"
Vivid Global Industries Ltd,VIVIDIND,,,"0.07","-0.21","-0.019999999999999796","14.210000000000003",,"-1.99","0.04","0","10.65","0","4.15","2.18"
Advance Multitech Ltd,ADVMULT,"Textiles",,"0.79","0.08","0.19000000000000006","6.4399999999999995",,"-0.88","3.69","0","5.13","0","0.98","0.99"
Kalind Ltd,KALIND,"Real Estate",,"0","0.9","-0.01999999999999999","0.8400000000000003",,"-0.15","0.06","0","3.32","0","-0.006292","-0.77"
TTL Enterprises Ltd,TTLEL,,,"0","0","0","24",,"0","0","0","-0.07","0","0","0"
Multiplus Holdings Ltd,MULTIIN,"Investment Banking & Brokerage",,"6.31","-0.6","0.010000000000000009","0.229999999999998","0","0","14.05","0","16.19","0","0","0.61"
Jumbo Finance Ltd,JUMBFNL,"Investment Banking & Brokerage",,"12.75","-1.77","-0.14000000000000012","4.739999999999997","7.85","-2.38","12.97","0","0.6500000000000004","0","0","4.01"
Punctual Trading Ltd,PUNCTRD,,,"0","1.97","0","7.100000000000003",,"0","7.11","0","19.49","0","0","-1.97"
Hariyana Ventures Ltd,HVL,,,"0","1.72","-0.020000000000000018","0.6300000000000002",,"-0.54","0.74","0","1.09","0","0.32","-1.2"
Bajaj Global Ltd,BAJGLOB,"Consumer Finance",,"0","-17.46","0.2799999999999976","0.029999999999992893","0.24","0","32.06","0","38.27","0","0","17.74"
Twin Roses Trades and Agencies Ltd,TWIROST,,,"0","0.49","0.31","0.009999999999999787",,"0","0","0","0.63","0","0","-0.18"
Nivi Trading Ltd,ZNIVITRD,"Investment Banking & Brokerage",,"0","0.08","0","0.01","0","0","0.39","0","0.42","0","0","-0.08"
Meenakshi Steel Industries Ltd,MEENST,"Specialized Finance",,"0","82.66","2.780000000000001","106.42","159.16","-80","24.49","0","79.84","0","0","0.12"
Asutosh Enterprises Ltd,ASUTENT,"Investment Banking & Brokerage",,"0","3.87","-0.2699999999999996","0.9600000000000035",,"0","18.89","0","20.74","0","0","-4.14"
Terraform Realstate Ltd,TERRAREAL,"Real Estate",,"0","0","-0.01","0.13999999999999999",,"0","0.4","0","-0.09","0","0","-0.01"
Terraform Magnum Ltd,TERRAFORM,"Real Estate",,"0","0","0","30.71",,"0","0","0","-18.55","0","0","0"
Microse India Ltd,MICROSE,"Investment Banking & Brokerage",,"0","0","-0.009999999999999787","3","0","2.43","0.34","0","-0.09","0","0","-2.44"
Bentley Commercial Enterprises Ltd,BENTCOM,,,"0","2.66","0.5900000000000003","0.0699999999999909","0","0","153.29","0","170.32","0","0","-2.07"
Avon Mercantile Ltd,AVONMERC,"Specialized Finance",,"0","-0.01","-0.39","34.6","37.1","0","0","0","-2.35","0.01","0.020000000000000004","-0.38"
Nilkanth Engineering Ltd,ZNILKENG,"Diversified Financials",,"0","0","-0.01","15.380000000000008","0","0","58.68","0","48.44","0","5.27","-0.01"
Kajal Synthetics and Silk Mills Ltd,KAJALSY,"Investment Banking & Brokerage",,"0","0.27","0.08000000000000007","20.78","0","4.1","39.96","0","17.33","0","0","-4.29"
Devinsu Trading Ltd,DEVITRD,,,"0","0.42","0","1.53",,"0","5.57","0","15.71","0","0","-0.42"
Satyam Silk Mills Ltd,ZSATYASL,"Investment Banking & Brokerage",,"0","0.89","0.010000000000000009","1.8000000000000052","0","0","23.85","0","22.83","0","0","-0.88"
Triochem Products Ltd,TRIPR,"Pharmaceuticals",,"0","0.17","0.37","0.2399999999999998",,"0","10.63","0","13.42","0","0.6099999999999999","0.2"
Oseaspre Consultants Ltd,OSEASPR,"Electrical Components & Equipments",,"0","0.11","-0.08","0.04000000000000001",,"0","0","0","0.5","0","0.01","-0.19"
Mansoon Trading Co Ltd,ZMANSOON,,,"0","-10.2","7.630000000000001","109.95000000000003","14.86","8","58.72","0","131.17","0","0","9.83"
Pet Plastics Ltd,PETPLST,"Plastic Products",,"0","0.04","0.52","2.4799999999999995",,"0.09","1.34","0","13.67","0","0.01","0.39"
SBI Nifty Private Bank ETF,SBIETFPB,"Equity",,,,,,,,,,,,,
SBI Nifty IT ETF,SBIETFIT,"Equity",,,,,,,,,,,,,
Axis NIFTY Bank ETF,AXISBNKETF,"Equity",,,,,,,,,,,,,
Oriental Infra Trust,OSEINTRUST,"Construction & Engineering",,"0","130.75","-267.90999999999985","9172.109999999999",,"-2003.07","0","731.57","-1255.02","1.63","9652.59","1604.41"
Mirae Asset Nifty 100 ESG Sector Leaders ETF,ESG,"Equity",,,,,,,,,,,,,
Motilal Oswal Nifty 5 year BM G-Sec ETF,MOGSEC,"Debt",,,,,,,,,,,,,
Bharti Airtel Ltd Partly Paidup,AIRTELPP,"Telecom Services",,,,,,,,,,,,,
SMC Credits Ltd,SMCREDT,,,"0","-24.55","-1.370000000000001","19.15","26.37","0","1231.94","0","1216.88","0.01","1.5099999999999998","23.18"
Digital Fibre Infrastructure Trust,DIGIFIBRE,,,"0","-12607","-21","153788",,"-5904","0","2007","-31388","13782","182123","18490"
Automobile Products of India Ltd,AUTOPRD,"Auto Parts",,"0","0.07","0.039999999999999925","24.189999999999998",,"0.86","0","0","-14.39","0","0","-0.89"
IRB Infrastructure Trust,IRBIT,"Roads",,"0","-3538.24","177.17000000000007","31306.690000000002",,"825.79","0","135.22","-1859.55","1708.4","5134.023000000005","2889.62"
Shentracon Chemicals Ltd,SHENTRA,,,"0","1.37","-0.009999999999999926","0.34000000000000047",,"0.17","0","0","-6.36","0","0","-1.55"
Skipper Ltd Partly Paidup,SKIPPERPP,,,,,,,,,,,,,,
Mirae Asset Nifty Smallcap 250 Momentum Ql 100 ETF,SMALLCAP,"Equity",,,,,,,,,,,,,
Zerodha Gold ETF,GOLDCASE,"Gold",,,,,,,,,,,,,
Yarn Syndicate Ltd Partly Paidup,YARNPP,,,,,,,,,,,,,,
Ardi Investment and Trading Co Ltd,ZARDIINV,"Specialized Finance",,"0","0.02","0.020000000000000018","3.6100000000000003",,"-0.62","2.27","0","-0.19","0","0","0.62"
Solara Active Pharma Sciences Ltd Partly Paidup,SOLARAPP1,,,,,,,,,,,,,,
Esquire Money Guarantees Ltd,ESQRMON,"Consumer Finance",,"3.92","0.07","0.07","0.2299999999999998","0","0","3.98","0","-1.38","0","0","0"
MITCON Consultancy & Engg. Serv. Ltd Partly Paidup,MITCONPP,"Education Services",,,,,,,,,,,,,
Suraj Industries Ltd Partly Paid-up,SURAJINDPP,,,,,,,,,,,,,,
Ace Software Exports Ltd Partly Paidup,ACESEPP,,,,,,,,,,,,,,
California Software Company Ltd Partly Paidup,CALSOFTPP,,,,,,,,,,,,,,
Fusion Finance Ltd Partly Paidup,FUSIONPP,,,,,,,,,,,,,,
Aplab Ltd Partly Paidup,APLABPP,,,,,,,,,,,,,,
GVP Infotech Ltd Partly Paidup,GVPTECHPP,,,,,,,,,,,,,,
Kati Patang Life Style Ltd Partly Paidup,PATANGPP,,,,,,,,,,,,,,
Highway Infrastructure Ltd,HILINFRA,"Roads",,"0","12.01","1.6799999999999997","113.82999999999998",,"-5.38","0","0","83.94","1.69","24.669999999999998","-4.95"
Spandana Sphoorty Financial Ltd Partly Paidup,SSFLPP,,,,,,,,,,,,,,
Lloyds Enterprises Ltd Partly Paidup,LLOYDPP,,,,,,,,,,,,,,
Rockingdeals Circular Economy Ltd Partly Paidup,ROCKPP,,,,,,,,,,,,,,
Allcargo Terminals Ltd Partly Paidup,ATLPP,,,,,,,,,,,,,,
Krishival Foods Ltd Partly Paidup,KRISHPP,,,,,,,,,,,,,,
Anirit Ventures Ltd Partly Paidup,ANIRITPP,,,,,,,,,,,,,,
Groww Nifty PSE ETF,GROWWPSE,"Equity",,,,,,,,,,,,,
Mirae Asset Nifty 500 Healthcare ETF,HEALTHCARE,"Equity",,,,,,,,,,,,,
Mirae Asset Nifty India Infrastr. & Logistics ETF,INFRA,"Equity",,,,,,,,,,,,,
Mirae Asset BSE India Defence ETF,DEFENCE,"Equity",,,,,,,,,,,,,
Gaudium IVF and Women Health Ltd,GAUDIUMIVF,"Hospitals & Diagnostic Centres",,"0","-15.17","-4.629999999999999","42.230000000000004",,"1.82","5","0","15.6","8.88","15.267900000000003","8.72"
PVV Infra Ltd Partly Paid-up,PVVIPP,,,,,,,,,,,,,,
Angel One Silver ETF,AONESILVER,"Silver",,,,,,,,,,,,,
Aditya Birla Sun Life BSE Top 10 Banks ETF,ABSL10BANK,"Equity",,,,,,,,,,,,,
Groww BSE Hospitals ETF,GROWWHOSPI,"Equity",,,,,,,,,,,,,
SBI Nifty Midcap 150 Momentum 50 ETF,SBIMIDMOM,"Equity",,,,,,,,,,,,,
DSP BSE Top 10 Banks ETF,BANK10ADD,"Equity",,,,,,,,,,,,,
Groww Nifty PSU Bank ETF,GROWWPSUBK,"Equity",,,,,,,,,,,,,
Mirae Asset Nifty 500 Value 50 ETF,VALUE,"Equity",,,,,,,,,,,,,
HSBC Gold ETF,HSBCGOLD,"Gold",,,,,,,,,,,,,
B C C Fuba India Ltd Partly Paidup,BCCPP,,,,,,,,,,,,,,
SBI Nifty Midcap 150 ETF,SBINMID150,"Equity",,,,,,,,,,,,,
Vertex Securities Ltd Partly Paidup,VERTEXPP,,,,,,,,,,,,,,
TIL Ltd Partly Paidup,TILPP,,,,,,,,,,,,,,
RFBL Flexi Pack Ltd,RFBL,,,"0.5","-0.7","0.010000000000001563","28.93",,"13.15","0","0","16.25","0.71","4.859999999999999","-12.44"