Name,"Sub Category","Plan","AUM","Average YTM","% Away from ATH","% A Rated Bonds","% Equity Holding","% Smallcap Holding","% Debt Holding","% Concentration - Top 3 Holdings","% Concentration - Top 5 Holdings","% Cash Holding"
Parag Parikh Flexi Cap Fund,"Flexi Cap Fund","Growth","128966.4832","0","5.21","9.920988171324321","80.81952212384806","3.304500065117077","10.380229839209303","20.87629538825412","31.225827668932872","4.2527553118377135"
HDFC Balanced Advantage Fund,"Balanced Advantage Fund","Growth","105377.6508","7.34","5.86","16.874020596405238","69.72155010310767","8.204937891820979","26.268737526268676","12.68920866852347","19.33970044433747","2.4607918095665067"
HDFC Mid Cap Fund,"Mid Cap Fund","Growth","94744.7175","0","2.99","0","93.44038943384894","18.359976533784064","0","15.22877705556513","22.505541060904","6.559610566151088"
HDFC Flexi Cap Fund,"Flexi Cap Fund","Growth","91334.9081","0","7.58","0","92.85713291905499","7.3189592928293","0.5068415591413941","22.32910684264515","31.537082089207257","4.386428284640097"
ICICI Pru Multi-Asset Fund,"Multi Asset Allocation Fund","Growth","83547.3520274154","6.75","3.89","7.4771946068980135","69.0032230836981","8.102200292091545","13.23327206872104","20.2186640151767","26.151242462873718","5.520862260125076"
SBI Equity Hybrid Fund,"Aggressive Hybrid Fund","Growth","83353.4758","7.35","2.04","16.311329275125438","72.98572832879994","1.349208043463498","19.81051724780023","14.85332060981673","21.80652915256115","7.185737538253928"
ICICI Pru Large Cap Fund,"Large Cap Fund","Growth","75650.4301701308","0","9.24","0.131916368189275","93.96914378428457","1.301792994151189","0.9942242209443073","23.370750516869712","34.65356434992322","5.035184018867263"
SBI Liquid Fund,"Liquid Fund","Growth","74571.1212","6.26","0","88.04593996100462","0","0","0","12.300569647328828","18.834292248780066","-5.8181653033802"
HDFC Liquid Fund,"Liquid Fund","Growth","72872.5607","6.24","0","86.52058867474382","0","0","0","13.457407432644262","18.923297421604122","-6.6657322774716254"
Nippon India Small Cap Fund,"Small Cap Fund","Growth","72672.99160000001","0","5.26","0.206202189649077","97.05381356894503","67.5472554617911","0.206202189649077","6.3445410699895","9.553402777864179","2.739984241405915"
Kotak Arbitrage Fund,"Arbitrage Fund","Growth","69951.2131","7.09","0.07","7.383176175396453","68.82521312557483","2.3142725168836282","7.383176175396453","21.43612360026396","27.81781106809717","0.176357770698904"
ICICI Pru Balanced Advantage Fund,"Balanced Advantage Fund","Growth","66397.797033849","6.78","3.73","9.621991029368104","68.12069944632266","3.254562074755072","18.855119406000643","17.173011847493388","24.08624667308802","8.614242083665319"
ICICI Pru Value Fund,"Value Fund","Growth","59588.2980408276","0","8.49","0.167474660765817","84.55430051967332","5.864384811940284","1.1586452754984768","23.59539936912877","34.17228578344071","5.109580472900029"
Kotak Midcap Fund,"Mid Cap Fund","Growth","55675.9831","0","2.42","0","99.20047207174801","15.81649469855708","0","11.95027174752131","17.59696669916824","0.6214218514236203"
Kotak Flexicap Fund,"Flexi Cap Fund","Growth","54838.6325","0","7.31","0","97.29534867595403","4.307694944800087","0","16.40768485610943","25.282452110745112","2.524960118215928"
ICICI Pru Liquid Fund,"Liquid Fund","Growth","54639.4076070732","6.15","0","81.51191557617562","0","0","0","16.85832845451198","24.05724160577903","2.103096935707684"
Nippon India Multi Cap Fund,"Multi Cap Fund","Growth","52634.0393","0","3.61","0","99.55490324165586","28.627882069504697","0","13.67184505565365","18.81521052002529","0.44509675834413215"
Nippon India Large Cap Fund,"Large Cap Fund","Growth","51690.282300000006","0","7.29","0","96.43502989306837","2.614082646768089","0","21.52624903981299","28.989396903211485","3.564970106931693"
Axis Liquid Fund,"Liquid Fund","Growth","51643.210500999994","6.23","0","86.93026296070414","0","0","0","9.72307997776397","15.11664221572747","1.0147047287077642"
ICICI Pru Equity & Debt Fund,"Aggressive Hybrid Fund","Growth","50367.7287578124","7.46","4.47","11.739572035165185","71.35920456692247","7.040323015260007","20.68550867182782","15.55792983574736","24.2288778965582","2.994845102239068"
SBI Large Cap Fund,"Large Cap Fund","Growth","48925.6946","0","6.83","0","97.24431501607471","2.011718546097207","0.778523897826534","23.05011552313143","32.54373577945829","1.9771610860987348"
SBI Contra Fund,"Contra Fund","Growth","47352.1726","0","7.47","2.9689541636786436","83.31080293452048","10.693449786926989","5.315364136005873","22.47866933142578","28.504855973598982","10.457396204033945"
SBI Focused Fund,"Focused Fund","Growth","46041.951100000006","0","1.9","0","91.16662043455412","6.091442549662061","0.9024363435371441","25.79773492700663","38.32653998887552","7.9309432219087705"
Nippon India Growth Mid Cap Fund,"Mid Cap Fund","Growth","45820.331900000005","0","1.7","0","98.51368184518196","11.961356392069694","0","9.53550229275953","14.210041543419699","1.486318154818011"
Aditya Birla SL Liquid Fund,"Liquid Fund","Growth","43022.1784","6.38","0","93.27332137651477","0","0","0","11.80909886924607","17.62621644699938","-6.70267990394922"
SBI Arbitrage Opportunities Fund,"Arbitrage Fund","Growth","42847.284100000004","6.62","0.07","7.11285362425106","70.90824340019248","3.3591870062074727","7.157744217445042","18.91295719254234","27.24713116647689","3.9620011761725613"
Kotak Liquid Fund,"Liquid Fund","Growth","42388.801799999994","6.31","0","90.22226879741622","0","0","0","10.86808521207127","16.742214449666278","-9.95805571461092"
SBI Balanced Advantage Fund,"Balanced Advantage Fund","Growth","38487.8691","7.1","3.33","15.215209293576992","68.62003304046532","4.643067116389775","23.593668440166375","14.950383019693682","20.773736742191364","5.597354739801585"
SBI Large & Midcap Fund,"Large & Mid Cap Fund","Growth","38425.6375","0","4.96","0","93.50197039671754","14.643525692969963","0.7359008682679626","16.54946908818364","22.929994329957438","5.762128735014479"
Mirae Asset Large Cap Fund,"Large Cap Fund","Growth","38239.206","0","8.92","0","99.63028154925601","3.6532073913877814","0","23.03423873393188","32.11625419209804","0.2044911706587218"
Mirae Asset Large & Midcap Fund,"Large & Mid Cap Fund","Growth","38138.081600000005","0","4.79","0","99.18632836056494","12.734106571274426","0","13.23518143822307","19.02227426346198","0.63364464071142"
HDFC Large Cap Fund,"Large Cap Fund","Growth","38121.2733","0","10.23","0","96.4286192927349","0","0.494674977186557","22.89766774395754","33.974786723611345","3.076705730078542"
Nippon India Liquid Fund,"Liquid Fund","Growth","37902.756499999996","6.34","0","89.79098763870334","0","0","0","8.30429391154415","12.213963647988301","-3.6779343586955617"
Tata Money Market Fund,"Money Market Fund","Growth","37476.465182824104","7.38","0.07","83.97811065282644","0","0","0","10.77276786992792","16.38167812799404","-0.043805938195636385"
SBI Small Cap Fund,"Small Cap Fund","Growth","37140.7769","0","11.56","0","87.00420453509685","78.11540743510943","2.018860569392131","18.97936712250088","24.60870117124556","10.97693489551103"
SBI Savings Fund,"Money Market Fund","Growth","36291.4092","6.99","0.06","85.47386498290068","0","0","0","11.71366059822224","19.368372997761693","1.73854119723739"
ICICI Pru India Opp Fund,"Thematic Fund","Growth","36082.9508233983","0","6.74","0","92.8827982058136","9.44652120244466","0.8269501057726896","17.12013668237515","27.079924111039603","6.290251688413805"
Motilal Oswal Midcap Fund,"Mid Cap Fund","Growth","35734.975099999996","0","18.61","0","95.99684232045257","0","0","20.2146781403522","31.27691447586878","4.0031576795473995"
HDFC Small Cap Fund,"Small Cap Fund","Growth","33724.283599999995","0","8.83","0","90.44460114740706","71.02136044815087","0","17.39273982542096","23.187371063077133","9.555398852592877"
Kotak Money Market Fund,"Money Market Fund","Growth","33699.9326","7.11","0.07","86.33639492798272","0","0","0","9.86276750001571","14.577044881092721","-2.347281845899004"
ICICI Pru Corp Bond Fund,"Corporate Bond Fund","Growth","32682.460154389","7.55","0.48","75.00446044820785","0","0","0","11.808092419510661","17.559987139552252","4.73177890245606"
ICICI Pru Equity-Arbitrage Fund,"Arbitrage Fund","Growth","32298.858054113203","6.18","0.09","15.952691551408684","63.12097835113312","3.264877656768143","15.983610910796772","25.364336678016706","31.341090087582426","1.263859401559251"
Axis Midcap Fund,"Mid Cap Fund","Growth","32276.3203","0","1.36","0","89.61473617238832","3.9716220098361092","0","18.29305080666212","25.28206110595575","3.6684745937410597"
ICICI Pru Money Market Fund,"Money Market Fund","Growth","31749.7191023403","7.11","0.09","85.3574177732461","0","0","0","13.152646858044882","19.036924905926522","1.07379116599251"
HDFC Corp Bond Fund,"Corporate Bond Fund","Growth","31610.591200000003","7.58","0.7","75.85478977058801","0","0","0","12.53712458247222","17.715117267404988","2.8662266841754"
Axis ELSS Tax Saver Fund,"Equity Linked Savings Scheme (ELSS)","Growth","31566.108799999998","0","7.99","0","97.55617886611347","2.3382039537290082","0","16.99484439463124","24.27495758679004","2.443821133886484"
UTI Liquid Fund,"Liquid Fund","Growth","31183.9245","6.26","0","86.84049340871127","0","0","0","12.561663622550181","17.821986132630652","6.20853767138903"
SBI ELSS Tax Saver Fund,"Equity Linked Savings Scheme (ELSS)","Growth","31093.895800000002","0","7.24","0","96.04137639131085","14.456021622095996","0.124840580446018","19.034445017983238","27.270188189155757","3.8337830282431162"
Axis Large Cap Fund,"Large Cap Fund","Growth","30498.171299999998","0","9.9","0","86.91861085126767","0","0","25.914783579171498","35.888813546666626","7.298379083469789"
Quant Small Cap Fund,"Small Cap Fund","Growth","30373.692400000004","0","6.73","0","94.87851467146612","64.58225507018041","1.2647721420922806","22.134553519084147","29.9489192166837","3.52673190303329"
Kotak Large & Midcap Fund,"Large & Mid Cap Fund","Growth","30251.049300000002","0","6.76","0","98.43381300495915","9.524656719924089","0","13.38141186395144","19.244639887582338","1.2728054362068049"
Aditya Birla SL Money Manager Fund,"Money Market Fund","Growth","30074.137799999997","7.3","0.1","93.01083670634773","0","0","0","10.71214882841962","16.34917793054736","-6.92772312827535"
HDFC Money Market Fund,"Money Market Fund","Growth","29823.8789","7.23","0.07","90.75290203113055","0","0","0","9.49707785998286","14.66604365805683","-0.55584687879081"
ICICI Pru Large & Mid Cap Fund,"Large & Mid Cap Fund","Growth","29757.2282438275","0","6.62","0","94.12680196721607","14.318755648499705","1.0739649451937472","15.240058525748918","22.49376738032859","4.790029273385516"
Aditya Birla SL Large Cap Fund,"Large Cap Fund","Growth","28969.9007","0","9.67","0","97.9995713274916","7.174539262400716","0.46619213989918895","19.55043566994346","27.66170855394061","1.3677972323874683"
ICICI Pru Dynamic Asset Allocation Active FOF,"FoFs (Domestic) - Hybrid","Growth","28311.0398913611","7.54","2.79","0","0","0","0","30.88259962739091","41.4716140595834","3.33299198822096"
HDFC Large and Mid Cap Fund,"Large & Mid Cap Fund","Growth","28255.3055","0","5.84","0","98.20618573740077","15.298987299924962","0","9.03161071820653","12.53132407292499","1.3159309142844011"
UTI Nifty 50 Index Fund,"Index Fund","Growth","27848.7398","0","10.03","0","100.07908939563585","0","0","27.74021429867362","37.29180987931099","-0.0790893956358282"
ICICI Pru Savings Fund,"Low Duration Fund","Growth","27700.344816914803","7.46","0.13","86.42264115565017","0","0","0","8.551257811612409","12.85603924260693","3.464220836445478"
Tata Liquid Fund,"Liquid Fund","Growth","27400.4015335589","7.58","0","90.87296611147849","0","0","0","13.945747821687801","21.17892284495388","-3.1767595280493093"
Axis Small Cap Fund,"Small Cap Fund","Growth","27363.969399999998","0","2.92","0","88.34953996111402","66.90572445604329","0.545554622641845","15.890423927312291","20.58759573821192","6.608033924347261"
Invesco India Arbitrage Fund,"Arbitrage Fund","Growth","27320.6963","6.55","0.06","14.872200749876203","-0.2583572513120613","-0.009101524985657031","15.107020899756497","77.94493327024024","84.95675712335338","69.26150707220442"
SBI Overnight Fund,"Overnight Fund","Growth","27043.1983","5.24","0","0","0","0","0","97.07624634028586","98.91900360025093","96.08953279760553"
HDFC Focused Fund,"Focused Fund","Growth","26182.1506","0","9.39","0","90.72947812010531","12.336575590547572","0.193854205391363","24.739709884641798","37.768460089752914","7.297325682635105"
Aditya Birla SL Arbitrage Fund,"Arbitrage Fund","Growth","25678.5031","6.95","0.08","10.73505565828719","67.35244703574635","3.2299483999127645","10.73505565828719","20.489237552168632","28.212089979653","2.7356816605092495"
Bandhan Small Cap Fund,"Small Cap Fund","Growth","25345.789399999998","0","3.16","0","86.74208258540502","68.38579538945913","0","20.7467146144874","24.550751583356888","13.25261081326128"
Mirae Asset ELSS Tax Saver Fund,"Equity Linked Savings Scheme (ELSS)","Growth","25266.6735","0","5.48","0","99.10524113908387","19.78022433384435","0","18.56127717010313","25.367299735756657","0.894742238229342"
Aditya Birla SL Corp Bond Fund,"Corporate Bond Fund","Growth","25167.8769","7.61","0.7","74.76487100904404","0","0","0","17.21795611611562","23.17608800764597","2.765957584606592"
Canara Rob Large and Mid Cap Fund,"Large & Mid Cap Fund","Growth","24674.945099999997","0","7.65","0.0503567483114684","96.01006974479552","13.78206551713868","0","15.03663649488728","21.37251280044388","3.9395735068930224"
HDFC Arbitrage-WP,"Arbitrage Fund","Growth","24438.906899999998","6.91","0.07","14.447550843609958","66.37179955049464","1.5725719712938555","14.447550843609958","19.555690929859068","27.8199693129483","2.1952111123267994"
HDFC Arbitrage Fund,"Arbitrage Fund","Growth","24438.906899999998","6.91","0.07","14.447550843609958","66.37179955049464","1.5725719712938555","14.447550843609958","19.555690929859068","27.8199693129483","2.1952111123267994"
HDFC Nifty 50 Index Fund,"Index Fund","Growth","23339.5619","0","10.04","0","100.12885246145086","0","0","27.754023951923465","37.310348571709916","-0.128852461450873"
SBI Midcap Fund,"Mid Cap Fund","Growth","23247.3731","0","5.23","0","93.08259521158544","21.752813869537817","1.192021132056421","13.3899597456024","19.95745016025058","5.725383656358148"
SBI Multicap Fund,"Multi Cap Fund","Growth","23118.938199999997","0","5.84","0","93.31629858329738","35.35605497660789","0.523031373473718","16.112689812026048","23.24379023600659","6.1606700432288894"
Aditya Birla SL Flexi Cap Fund,"Flexi Cap Fund","Growth","23018.34","0","3.67","0","98.61434848384562","13.78528252501086","0","12.9073572510429","18.93364142287445","1.3856515161543652"
DSP Liquidity Fund,"Liquid Fund","Growth","22480.432099999998","6.31","0","92.17741993491316","0","0","0","9.038932574610069","13.353098315223209","-6.651565207236382"
SBI Flexicap Fund,"Flexi Cap Fund","Growth","22402.6797","0","7.93","0","96.52953481274832","13.11332411720371","1.2414130975590392","14.95836723496965","23.3274589021598","2.2290520896926487"
HDFC Hybrid Equity Fund,"Aggressive Hybrid Fund","Growth","22297.0989","7.64","9.2","17.34263554798154","69.88880602758596","15.22504481513512","24.470843155294983","17.91237334467759","24.63478376552387","1.8904248570203"
UTI Flexi Cap Fund,"Flexi Cap Fund","Growth","22167.580299999998","0","11.95","0","96.82970540542036","12.679927903542998","0.227669413246695","18.2192063605607","27.65904946332821","2.92417481397372"
Kotak Multicap Fund,"Multi Cap Fund","Growth","22095.325699999998","0","4.48","0","98.93817638535009","31.440707584529157","0","11.60447159124726","17.80043094038811","0.7633535500833221"
HDFC Low Duration Fund,"Low Duration Fund","Growth","21926.366800000003","7.41","0.15","86.75479560070116","0","0","0","13.408700706402492","19.144522383890802","-0.2186536439771679"
SBI Corp Bond Fund,"Corporate Bond Fund","Growth","21910.5252","7.67","0.43","86.38228215542729","0","0","0","10.48152510739451","16.18205847480097","4.52111115985481"
ICICI Pru Short Term Fund,"Short Duration Fund","Growth","21449.576588868098","7.8","0.4","80.1704948755236","0","0","0","10.42650138446401","15.595284066054951","2.0367581012989477"
ICICI Pru Flexicap Fund,"Flexi Cap Fund","Growth","20936.0667981872","0","7.47","0","96.09541130114286","25.499234175457673","0.20938890013379127","21.58175670509054","30.53522498578168","3.587783729521887"
Tata Arbitrage Fund,"Arbitrage Fund","Growth","20686.3980218775","6.95","0.07","19.064600361344983","64.99093760066637","3.133910373554861","19.064600361344986","23.24094123233135","28.4311618307624","1.962016953139755"
Axis Money Market Fund,"Money Market Fund","Growth","20120.586201","7.02","0.06","84.71927186693993","0","0","0","12.541090378370791","18.647320026888682","3.9408933970323603"
HDFC Multi Cap Fund,"Multi Cap Fund","Growth","19557.5716","0","8.68","0","96.62693399010746","26.121538524752214","0","10.10454027942814","15.09541041383686","2.8906237009506888"
DSP Midcap Fund,"Mid Cap Fund","Growth","19458.9686","0","1.53","0","95.12416809182787","13.830488425784283","0","11.09113717363211","16.47656751961664","4.875831908172156"
Nippon India Money Market Fund,"Money Market Fund","Growth","19419.682099999998","7.14","0.07","84.92683335242205","0","0","0","10.166220404918871","14.662832309613322","1.2734604915989947"
Invesco India Contra Fund,"Contra Fund","Growth","19405.5947","0","8.91","0","99.27621233890862","18.682862628270808","0","14.070862254997012","21.319038472961623","0.70546614064861"
Aditya Birla SL Savings Fund,"Ultra Short Duration Fund","Growth","19347.8329","7.37","0.06","91.53995019931038","0","0","0","12.20589991209527","19.04045045234778","-4.43351709310752"
UTI Money Market Fund,"Money Market Fund","Growth","19328.064","7.11","0.07","88.3532737681333","0","0","0","10.64717397458949","15.282662557408752","-2.40438618166829"
Franklin India Flexi Cap Fund,"Flexi Cap Fund","Growth","19049.253716609","0","9","0","94.54856874102335","8.433143474798385","0.261227031464297","18.7652343261263","27.85161540676594","5.1902042275124"
Mirae Asset Midcap Fund,"Mid Cap Fund","Growth","18387.6558","0","1.42","0","97.85383082926757","17.124938242535514","0","10.69228030687849","16.965215870529843","1.888199364706401"
DSP Small Cap Fund,"Small Cap Fund","Growth","17905.8173","0","3.41","0","91.61600571005489","81.07021565555681","0","17.333374109653167","23.625192467478136","8.383994289945086"
HSBC Liquid Fund,"Liquid Fund","Growth","17559.1049","6.28","0","91.78141478043115","0","0","0","11.31556426888253","17.00018774875023","-11.4882968778209"
Kotak Small Cap Fund,"Small Cap Fund","Growth","17416.4813","0","11.42","0","98.45799736827439","73.66102474441838","0","11.49980507256653","17.18779900736896","1.542002631725616"
Bandhan Liquid Fund,"Liquid Fund","Growth","17384.5008","6.21","0","91.84599356228365","0","0","0","11.45591248846379","17.17920595860401","-9.185117831426213"
DSP Large & Mid Cap Fund,"Large & Mid Cap Fund","Growth","17330.953700000002","0","7.47","0","94.52515472359727","10.395410611477198","0","19.63853668364482","27.72821036386474","5.474845276402758"
ICICI Pru Multicap Fund,"Multi Cap Fund","Growth","16997.4162742692","0","2.19","0","97.97076938810203","27.583706395997996","0","8.89092715983962","13.07629620958708","2.0292306118979413"
Kotak Corporate Bond Fund,"Corporate Bond Fund","Growth","16877.1674","7.66","0.51","82.06583410436518","0","0","0","8.99986392266276","14.26891813610855","4.34154489692388"
ICICI Pru Equity Savings Fund,"Equity Savings","Growth","16868.0810432676","6.01","1.59","5.718658201402245","69.80258969469084","0.45912513581922987","9.847593782239853","25.17554895015708","36.93464765801911","3.000487381874402"
Motilal Oswal Large & Midcap Fund,"Large & Mid Cap Fund","Growth","16776.5719","0","4.05","0","97.37646223183415","21.926172533495947","0","15.50408817429502","25.165933929565202","2.623537768165852"
HDFC Ultra Short Term Fund,"Ultra Short Duration Fund","Growth","16753.1193","7","0.03","88.36493094154714","0","0","0","15.377397211037591","21.05593076030922","0.96021222746262"
ICICI Pru Nifty 50 Index Fund,"Index Fund","Growth","16563.0422910249","0","10.02","0","99.95236750056984","0","0","27.695326857226533","37.231465642888374","0.04763249943022449"
Invesco India Liquid Fund,"Liquid Fund","Growth","16549.148","6.15","0","83.48269771954428","0","0","0","12.44409561144779","16.79297931228846","4.126167703618339"
Canara Rob Large Cap Fund,"Large Cap Fund","Growth","16542.1891","0","8.54","0.00678265732072909","96.23750885546339","0.0102519684048346","0","21.58179052614022","30.744507085824573","3.755708487215877"
Kotak Bond Short Term Fund,"Short Duration Fund","Growth","16486.945200000002","7.62","0.44","79.95656345118434","0","0","0","9.78687125132192","15.62739227155313","2.849559419897875"
HDFC Floating Rate Debt Fund,"Floating Rate Fund","Growth","16431.784","7.3","0.28","68.78864887707867","0","0","0","24.925374505896627","31.978101099673655","4.08534216369933"
HSBC Small Cap Fund,"Small Cap Fund","Growth","16393.5632","0","10.16","0","98.39471872716484","69.60998265465558","0","7.37790183405643","11.49599679464437","1.6052812728351475"
DSP ELSS Tax Saver Fund,"Equity Linked Savings Scheme (ELSS)","Growth","16336.5703","0","8.16","0","94.15933465545092","12.16955862516626","0","23.346869201793233","33.62441931890686","5.8406653445490955"
Nippon India Arbitrage Fund,"Arbitrage Fund","Growth","16332.446100000001","0","0.08","7.509775300051668","69.51147708857619","3.1062579247528235","7.509775300051668","25.60303450571251","34.00392127478825","3.2216476128156977"
Kotak Low Duration Fund,"Low Duration Fund","Growth","16258.953500000001","7.6","0.14","86.08505092286539","0","0","0","12.5808644449349","18.41076918019354","0.981864546202188"
Kotak Balanced Advantage Fund,"Balanced Advantage Fund","Growth","16203.693200000002","7.2","3.3","13.492470482442242","65.79930925034994","7.5308577717343175","25.619718601158365","15.257826730225831","22.25563956854911","6.059938325483489"
SBI Multi Asset Allocation Fund,"Multi Asset Allocation Fund","Growth","16149.8256","7.69","2.32","28.460440846501328","45.42727704187934","15.220127880938803","32.33057217926953","18.77640595705371","23.89164973602278","7.834709087540317"
ICICI Pru Focused Equity Fund,"Focused Fund","Growth","16008.9493307253","0","9.26","0","97.01811517505959","1.50733064996882","1.2694318396646","19.09670982674972","27.43243362992788","1.682904512716704"
ICICI Pru Ultra Short Term Fund Fund,"Ultra Short Duration Fund","Growth","15929.153257282","7.12","0.03","80.53947873302747","0","0","0","18.00291110068281","23.436437830073338","9.345949739051093"
Edelweiss Mid Cap Fund,"Mid Cap Fund","Growth","15910.6865","0","1.24","0","93.331989163384","7.987668539632154","0","10.181236994393679","15.052916792748078","4.229879710092959"
ICICI Pru Business Cycle Fund,"Thematic Fund","Growth","15813.4420730681","0","7.12","0","93.49849597375717","8.146269446257659","1.0329509492319409","23.59838346867879","33.41382082145781","2.483570441232233"
SBI Gold,"FoFs - Gold","Growth","15691.063","0","11.08","0","0","0","0","100.00000000000026","100.00000000000026","-0.120623440234737"
LIC MF Liquid Fund,"Liquid Fund","Growth","15638.278","6.03","0","78.70404081574708","0","0","0","11.554994737911679","16.58158781932384","4.8169434000342"
Axis Large & Mid Cap Fund,"Large & Mid Cap Fund","Growth","15581.5084","0","1.61","0","95.60936629216206","4.549972806227151","0.443956054986307","11.42496391427675","16.12610411325774","1.0091948543313491"
HDFC ELSS Tax saver,"Equity Linked Savings Scheme (ELSS)","Growth","15559.489399999999","0","10.22","0","96.57097680853207","11.023953009666252","0.326200935616821","24.389658956289402","33.90272819620931","3.1028222558511453"
HDFC Short Term Debt Fund,"Short Duration Fund","Growth","15462.916000000001","7.62","0.43","83.58052970086624","0","0","0","8.25239689590242","12.95608926543997","4.0815910789400895"
Edelweiss Liquid Fund,"Liquid Fund","Growth","15091.276899999999","6.08","0","76.57262852290515","0","0","0","17.15728176719094","23.43482412677749","13.736504960690228"
Kotak Savings Fund,"Ultra Short Duration Fund","Growth","14989.4186","7.34","0.05","84.20652505629032","0","0","0","10.764307264521001","16.50763519457314","2.100829324897071"
Nippon India Multi Asset Allocation Fund,"Multi Asset Allocation Fund","Growth","14737.5844","7.02","3.11","12.5735775617785","55.126920413704056","5.7135476177030515","20.960132440560336","19.25985243597438","26.09101265556437","7.300269379097086"
Edelweiss Arbitrage Fund,"Arbitrage Fund","Growth","14413.9423","6.67","0.08","19.504243511124812","66.0577360653166","4.604209162748685","20.45881540555381","16.39181873211169","21.90449868602105","0.837440751904925"
Bandhan Large & Mid Cap Fund,"Large & Mid Cap Fund","Growth","14108.573600000002","0","1.93","0","94.83299341234522","21.81044418490591","0.28765218433571","10.872975695494668","15.332515458151558","4.879354403319087"
ICICI Pru All Seasons Bond Fund,"Dynamic Bond Fund","Growth","14001.8805840436","8.02","0.63","45.29853030688656","0","0","0","22.90337203497051","28.635066580582098","2.29435242989173"
ICICI Pru ELSS Tax Saver Fund,"Equity Linked Savings Scheme (ELSS)","Growth","13911.4119346127","0","7.92","0","96.80109296810146","17.115598410797023","0.021353691587616","20.264533271320197","31.809282341715058","3.13158460593625"
Franklin India Small Cap Fund,"Small Cap Fund","Growth","13850.248106426001","0","9.38","0","94.61013369031528","81.86316735213917","0.363243708873763","9.88803174544287","14.47996953177698","5.02662260081097"
SBI Short Term Debt Fund,"Short Duration Fund","Growth","13746.2789","7.77","0.39","81.25176697818927","0","0","0","11.48870549978438","17.03205294343329","3.518876661232298"
Mirae Asset Liquid Fund,"Liquid Fund","Growth","13590.292","6.11","0","76.53911777613023","0","0","0","10.615923484204759","14.999752028874738","3.15690641525583"
Bandhan Corp Bond Fund,"Corporate Bond Fund","Growth","13499.013500000001","7.43","0.48","82.740847616684","0","0","0","19.64889506611368","27.14925573376196","3.230052417833746"
SBI Low Duration Fund,"Low Duration Fund","Growth","13458.4254","7.16","0.14","82.9116829670134","0","0","0","24.194255295274","35.44922573186014","3.32360871874358"
Kotak Multi Asset Allocation Fund,"Multi Asset Allocation Fund","Growth","13447.427099999999","7.08","5.7","7.2495622601293","72.50287603343843","12.767465383768469","11.78152733767191","16.36803072909018","23.33747397671337","2.8300350481171304"
Aditya Birla SL Floating Rate Fund,"Floating Rate Fund","Growth","13441.024099999999","7.2","0.13","84.60243963106949","0","0","0","13.08627591851428","17.3005820293113","2.4247847305027888"
Bandhan Money Market Fund,"Money Market Fund","Growth","13437.1124","6.96","0.08","85.00963098013996","0","0","0","13.672539168690081","20.0556075652287","1.3130341578807285"
Nippon India ELSS Tax Saver Fund,"Equity Linked Savings Scheme (ELSS)","Growth","13421.5445","0","4.6","0","98.26179937638378","13.731039747010628","0","17.714554554597818","25.056271748265456","1.7382006236162189"
HSBC Midcap Fund,"Mid Cap Fund","Growth","13386.5777","0","0.88","0","98.59638882908808","20.358434852247555","0","14.917017214937612","23.521533065168704","1.4036111709119"
Sundaram Mid Cap Fund,"Mid Cap Fund","Growth","13378.006402","0","2.35","0","96.77679402592763","15.389977685209487","0","9.35506816642481","14.35946258098873","2.785246283849102"
HSBC Value Fund,"Value Fund","Growth","13371.206299999998","0","4.21","0","97.78198069965676","32.16800731959988","0","11.024193503869249","17.37255065203289","2.2180193003432938"
SBI Nifty Index Fund,"Index Fund","Growth","13367.6103","0","10.04","0","100.04455470997691","0","0","27.73064980806633","37.278952543971194","-0.044554709976846504"
Canara Rob Small Cap Fund,"Small Cap Fund","Growth","13275.996299999999","0","8.03","0","97.07286676480916","66.71711862408398","0","9.58342689504968","14.89365208696239","2.927133235190748"
Aditya Birla SL Low Duration Fund,"Low Duration Fund","Growth","13267.308700000001","7.21","0.14","84.60898252861189","0","0","0","14.65693792140377","20.55360104796537","4.37602164182703"
Aditya Birla SL ELSS Tax Saver Fund,"Equity Linked Savings Scheme (ELSS)","Growth","13117.287900000001","0","5.71","0","98.00165315205669","19.015676178827505","0","17.51524111483628","25.78081291885329","1.9983468479433186"
Canara Rob Flexi Cap Fund,"Flexi Cap Fund","Growth","13082.7301","0","6.22","0.0218111967317892","94.44474972391274","3.384251579110387","0","18.28490752094625","26.038857898627736","5.533439079355463"
ICICI Pru Technology Fund,"Sectoral Fund - Technology","Growth","13067.5861384383","0","23.67","0","92.68521187990015","24.013455635617625","0","34.32414106539829","44.09121194198279","7.314788120099892"
Edelweiss Balanced Advantage Fund,"Dynamic Asset Allocation Fund","Growth","12906.312","6.6","3","9.791495045215084","79.71645191903","4.274639416744303","11.643856122492622","14.634636912543261","21.177124030474392","6.113994454806296"
Motilal Oswal Flexi Cap Fund,"Flexi Cap Fund","Growth","12770.0816","0","14.42","0","98.29159353218232","9.24175065568885","0","19.1162372838714","29.56173122652562","1.7084064678177109"
Axis Flexi Cap Fund,"Flexi Cap Fund","Growth","12545.5796","0","5.9","0","88.94864250034331","11.958099289410272","0","19.77277441211245","27.740514348177264","7.685843402563894"
Axis Banking & PSU Debt Fund,"Banking & PSU Fund","Growth","12530.683903000001","7.33","0.43","85.94155521710988","0","0","0","12.16501397022711","18.172225755371578","6.54037198241027"
Quant ELSS Tax Saver Fund,"Equity Linked Savings Scheme (ELSS)","Growth","12505.6922","0","5.76","0","94.11754512876945","5.83219295929897","0","28.21155713395856","43.22207930241557","5.882454871230539"
Bandhan Banking and PSU Fund,"Banking & PSU Fund","Growth","12107.7228","7.36","0.47","83.46001259172671","0","0","0","18.251293250571152","24.5403073829352","2.5646204172612848"
Franklin India Mid Cap Fund,"Mid Cap Fund","Growth","12102.388694313","0","5.51","0","96.03489795994983","19.50047964406392","0.205586687293325","8.37632382596803","12.644737547820679","3.75951535275681"
UTI Large Cap Fund,"Large Cap Fund","Growth","12052.6005","0","10.26","0","97.4815294010616","2.3091448189957022","0.418737848317465","22.842661216556543","32.21291537871847","2.09882008451207"
SBI Ultra Short Duration Fund,"Ultra Short Duration Fund","Growth","11847.06","7.18","0.04","84.79005952618522","0","0","0","20.82628141260354","31.22200153063464","0.9106877794509519"
DSP Flexi Cap Fund,"Flexi Cap Fund","Growth","11769.1045","0","7.8","0","91.31594336680413","11.603887109677718","0","24.01912396988233","32.87375942664117","8.684056633195842"
Invesco India Midcap Fund,"Mid Cap Fund","Growth","11767.2978","0","3.02","0","99.85244615802955","24.443836205114128","0","17.50044177517119","27.11168404355331","0.147553841970414"
UTI Mid Cap Fund,"Mid Cap Fund","Growth","11679.708999999999","0","6.03","0","98.36468785309634","20.57016831498114","0","6.86836632659256","11.066548832680681","1.62538039261081"
DSP Aggressive Hybrid Fund,"Aggressive Hybrid Fund","Growth","11581.7504","7.3","6.09","9.748002339957184","70.38749427720353","9.174190112057673","23.163496944296085","19.43812741811461","28.05350044497591","4.110961500258195"
HDFC Gold ETF FoF,"FoFs - Gold","Growth","11464.353200000001","0","11.15","0","0","0","0","100.0000000000001","100.0000000000001","-0.09513140261589298"
Baroda BNP Paribas Liquid Fund,"Liquid Fund","Growth","11412.028400000001","6.17","0","87.42200816815355","0","0","0","14.818187799112032","20.49788800034883","-6.772353458216073"
Axis Overnight Fund,"Overnight Fund","Growth","11375.8507","5.33","0","0","0","0","0","97.57968505159788","99.15873043235345","94.69500408439778"
ICICI Pru Overnight Fund,"Overnight Fund","Growth","11368.8641297623","5.32","0","0","0","0","0","95.85528488700348","97.91648112723772","93.94627473646844"
ICICI Pru Overnight fund-Direct Plan-Unclaimed Redemption IDCW Transitory Scheme,"Overnight Fund","Growth","11368.8641297623","5.32","0","0","0","0","0","95.85528488700348","97.91648112723772","93.94627473646844"
ICICI Pru Overnight fund-Direct Plan-Unclaimed IDCW Transitory Scheme,"Overnight Fund","Growth","11368.8641297623","5.32","0","0","0","0","0","95.85528488700348","97.91648112723772","93.94627473646844"
ICICI Pru Overnight fund-Direct Plan-Unclaimed Redemption Stable Scheme,"Overnight Fund","Growth","11368.8641297623","5.32","0","0","0","0","0","95.85528488700348","97.91648112723772","93.94627473646844"
ICICI Pru Overnight fund-Direct Plan-Unclaimed IDCW Stable Scheme,"Overnight Fund","Growth","11368.8641297623","5.32","0","0","0","0","0","95.85528488700348","97.91648112723772","93.94627473646844"
Tata Small Cap Fund,"Small Cap Fund","Growth","11329.8500372201","0","20.32","0","92.10384749770611","84.72969164166801","0","14.86760046855311","22.63677126170842","7.810332301955331"
Nippon India Ultra Short Duration Fund,"Ultra Short Duration Fund","Growth","11082.725","7.23","0.03","84.74680586827611","0","0","0","13.82485631136493","18.23307091666496","8.039748851241871"
Invesco India Smallcap Fund,"Small Cap Fund","Growth","11038.229599999999","0","3.53","0","99.87387470179087","68.44017268856226","0","13.779424374358001","21.49438891903462","0.126125298209053"
Canara Rob Equity Hybrid Fund,"Aggressive Hybrid Fund","Growth","11023.7947","6.83","4.16","14.652271236509872","76.38084279635576","6.812898103046132","19.017263628830097","13.270249853256072","18.87151980433743","4.5863490182740945"
UTI Arbitrage Fund,"Arbitrage Fund","Growth","10857.5896","7.06","0.08","13.494399346241638","66.26367697670207","6.090072699008626","13.494399346241638","22.44659440802586","28.92738089861121","2.58437471241311"
Axis Focused Fund,"Focused Fund","Growth","10793.671299999998","0","10.9","0","80.59551175140936","0","0","21.14715342498896","31.23045573937388","7.384093908807471"
Franklin India Focused Equity Fund,"Focused Fund","Growth","10716.014299308","0","12.39","0","93.95728825496435","10.034781979097616","0.216574127116078","23.129845894042113","35.48203814843813","5.82613761791957"
Kotak Large Cap Fund,"Large Cap Fund","Growth","10599.2871","0","8.55","0","97.07697699782092","3.2478476783594243","0","20.11458204580571","28.79787641566951","1.725510388335456"
ICICI Pru Banking & Fin Serv Fund,"Sectoral Fund - Banks & Financial Services","Growth","10588.9819776125","0","10.15","0","94.44968478693166","21.359520724294967","0.0849109009629956","36.65703471973602","50.23328882083265","4.248321307596835"
SBI Banking & Financial Services Fund,"Sectoral Fund - Banks & Financial Services","Growth","10374.9465","0","9.94","0","91.80173892944896","14.450292346085835","0.0467684339384304","32.43880341937188","46.912000943812124","8.151492636612627"
HDFC Children's Fund(Lock in),"Solution Oriented - Children's Fund","Growth","10151.9277","7.05","6.77","12.560273651279072","0","20.17465510515804","0","18.47157954050442","26.197893430624028","5.578254856956876"
Bandhan Value Fund,"Value Fund","Growth","9907.497","0","8.85","0","94.11190755259602","18.094342126457523","0.484049604956505","20.77165507942091","29.353136371699648","5.404042842447395"
DSP Savings Fund,"Money Market Fund","Growth","9809.9028","7.18","0.08","88.3767696454648","0","0","0","9.9196793264863","15.461060429671129","-1.4587208753995"
Invesco India Large & Mid Cap Fund,"Large & Mid Cap Fund","Growth","9761.1495","0","4.19","0","99.86973972686314","24.788578435357433","0","19.443319662300027","30.129192263677567","0.11267525407740203"
SBI Conservative Hybrid Fund,"Conservative Hybrid Fund","Growth","9754.0069","7.95","0.69","63.6739143582111","24.10535920371351","12.543631684328625","70.64708863390287","9.23007446303939","15.23527115815348","4.94781688128599"
Axis Arbitrage Fund,"Arbitrage Fund","Growth","9717.7455","7.02","0.08","15.53655609729644","-0.31687042020186695","-0.013617726457230254","16.054712803499537","84.27899296189642","88.15867318196393","69.66106892797312"
PGIM India Midcap Fund,"Mid Cap Fund","Growth","9680.9829","0","4.79","0","97.14016045612044","10.011832346683565","0.154149260792651","7.652560205969451","12.45795326013515","2.1931974018196954"
Axis Multicap Fund,"Multi Cap Fund","Growth","9656.660100000001","0","3.4","0","97.21415813320381","23.684993427489495","0.358172749603147","10.14227738014719","14.72612506056829","1.7678203253731297"
Kotak Equity Savings Fund,"Equity Savings","Growth","9467.9681","6.77","1.16","13.261853439864913","66.52561924299188","4.542633314841376","15.404471857731416","20.24043422369042","26.94574862477367","7.560237673338953"
UTI Value Fund,"Value Fund","Growth","9433.0008","0","8.94","0","98.65239065812438","16.825227026377448","0.26940843681472","18.50410104915924","25.882758326491388","1.07268834324706"
HDFC Overnight Fund,"Overnight Fund","Growth","9431.494200000001","5.27","0","0","0","0","0","95.82549390742344","98.14839837361077","94.07653243321715"
Nippon India Low Duration Fund,"Low Duration Fund","Growth","9416.7233","7.42","0.14","85.62096144867898","0","0","0","11.07230689699466","15.422140573665558","1.9154993088955332"
Mirae Asset Aggressive Hybrid Fund,"Aggressive Hybrid Fund","Growth","9363.4768","7.53","3.78","16.535352551949508","76.21783182076125","9.555267974818925","20.526488622260484","15.10187860987704","21.72566070756964","3.255679556978241"
Nippon India Flexi Cap Fund,"Flexi Cap Fund","Growth","9306.7178","0","8.71","0","98.52206825718667","14.224969781703397","0","15.9054623327513","22.69225882807568","1.477931742813302"
BHARAT Bond FOF - April 2030,"FoFs (Domestic) - Debt Oriented","Growth","9302.8853","7.47","0.44","0","0","0","0","100.00328615462986","99.99999999999996","0.1397265426888581"
HDFC Manufacturing Fund,"Thematic Fund","Growth","9255.0898","0","3.42","0","98.58975258650862","26.774236191666823","0","13.930382364848349","20.51586879648324","1.410247413491359"
DSP Multi Asset Allocation Fund,"Multi Asset Allocation Fund","Growth","9241.131","6.23","2.42","2.828906981190938","45.403433843757874","4.405419639652333","10.54525793433726","26.30486246759189","36.41982134005025","13.588425486014632"
Tata Digital India Fund,"Sectoral Fund - Technology","Growth","9238.5819503102","0","30.15","0","90.44739546983799","16.600555602358263","0","39.44637348261251","49.30391278630803","9.55260453016194"
Tata Balanced Adv Fund,"Balanced Advantage Fund","Growth","9128.0415042268","7.53","2.87","12.499363630979078","65.61034694273445","7.011512816891085","27.60114531505313","12.74770496454447","17.34338082563417","2.781354621462203"
HDFC Defence Fund,"Thematic Fund","Growth","9123.605300000001","0","2.72","0","98.07525869186804","29.592152567143597","0","44.0782494174752","60.53350093959","1.9247413081317748"
ICICI Pru Banking & PSU Debt Fund,"Banking & PSU Fund","Growth","9109.4248418844","7.61","0.54","82.45499730101143","0","0","0","11.48343332615871","17.71092127002531","2.66247886484387"
ICICI Pru Gilt Fund,"Gilt - Short & Mid Term Fund","Growth","9061.5471531461","7.63","0.98","0","0","0","0","37.47633646447402","51.498011555121906","4.975020772138066"
SBI Gilt Fund,"Gilt - Short & Mid Term Fund","Growth","9047.169","6.12","0.45","0","0","0","0","48.735859803215796","59.056638601533805","13.52747693781341"
Nippon India Balanced Advantage Fund,"Balanced Advantage Fund","Growth","9031.579","7.48","2.88","13.233518417608696","69.98910676533207","5.809208780000681","18.031475289465874","13.74946681137991","19.18515202217018","5.63792968537022"
ICICI Pru Aggressive Hybrid Active FOF,"FoFs (Domestic) - Hybrid","Growth","8977.234899948999","0","6.16","0","0","0","0","60.0568444525232","76.74961808161152","0.885436337969182"
Axis Short Duration Fund,"Short Duration Fund","Growth","8955.23180100001","7.67","0.4","85.315664570514","0","0","0","8.49372642704793","13.050160019308489","2.795771372439463"
Nippon India Value Fund,"Value Fund","Growth","8918.800500000001","0","6.82","0","99.45784416994192","18.15329539627112","0","17.18266599346713","24.19626496588361","0.5421558300580674"
SBI Energy Opportunities Fund,"Sectoral Fund - Energy & Power","Growth","8918.381800000001","0","6.41","0","97.3886148269633","33.87995342383747","0.6145767385738075","23.511793361436943","35.07459951983667","1.996808434462857"
ICICI Pru Nifty Next 50 Index Fund,"Index Fund","Growth","8900.2735285287","0","10.39","0","99.91525172226987","0","0","10.53241000959398","17.1884133122018","0.084748277730161"
Axis Corp Bond Fund,"Corporate Bond Fund","Growth","8888.230601","7.51","0.51","84.25761828231595","0","0","0","11.20046205821887","16.55067848937222","5.491159972829675"
ICICI Pru Energy Opportunities Fund,"Sectoral Fund - Energy & Power","Growth","8851.2874574402","0","2","0","93.79870374700337","33.72575474871441","1.7086113260605487","24.049762367740637","33.01270706719381","4.492684926936052"
Aditya Birla SL Banking & PSU Debt Fund,"Banking & PSU Fund","Growth","8805.1425","7.45","0.47","85.88830334091692","0","0","0","8.058943963712121","12.300467596066742","2.7414422878448623"
ICICI Pru Nifty PSU Bond Plus SDL Sep 2027 40:60 Index Fund,"Index Funds - Debt Oriented","Growth","8760.1949504148","6.88","0.11","38.467760353214935","0","0","0","19.46886695619991","27.441151864847182","2.638263779778745"
ICICI Pru Smallcap Fund,"Small Cap Fund","Growth","8741.2985119064","0","7.38","0","90.8656086870981","78.74618617158723","1.80937534377265","14.34187950786029","18.737406093260063","7.325015969129229"
Kotak Aggressive Hybrid Fund,"Aggressive Hybrid Fund","Growth","8641.944300000001","6.82","2.73","8.806836443044409","76.937054546857","6.658624263523659","16.88985891751233","12.60193496040006","19.494665106786208","6.173086535630643"
Tata Value Fund,"Value Fund","Growth","8591.5437155051","0","9.76","0","94.63207159531996","8.664666381857941","0","18.55280108309838","28.52188380398687","5.367928404680035"
Aditya Birla SL Balanced Advantage Fund,"Balanced Advantage Fund","Growth","8539.877199999999","7.58","2.11","11.635139399761076","74.52261939380442","10.774563903851528","15.673480092362007","10.529078801290769","16.34647915528574","3.8420279721940043"
Franklin India Opportunities Fund,"Thematic Fund","Growth","8534.740956581","0","7.39","0","89.337379823997","27.57792136426938","0.291524958127929","20.45576602485874","28.403287273022393","10.3710952178751"
HDFC BSE Sensex Index Fund,"Index Fund","Growth","8511.618","0","12.11","0","100.0081406378905","0","0","33.48060145556348","44.544609497277754","-0.008140637890469198"
SBI CPSE Bond Plus SDL Sep 2026 50:50 Index Fund,"Index Funds - Debt Oriented","Growth","8465.5975","6.09","0","48.81693938319177","0","0","0","18.3805832960993","26.93689724794971","4.88373797596684"
SBI Dividend Yield Fund,"Dividend Yield Fund","Growth","8409.501","0","6.85","0","90.8849847333391","8.245606962886386","0.0576990239967865","16.07805385836805","24.649881128499782","2.3879050611920927"
UTI Nifty200 Momentum 30 Index Fund,"Index Fund","Growth","8397.3446","0","20.52","0","99.99756113378984","0","0","17.02782329547366","26.95596534171052","0.00243886621012892"
Bandhan Short Duration Fund,"Short Duration Fund","Growth","8376.106600000001","7.38","0.32","79.2728035087313","0","0","0","25.384762994179688","33.85401293009297","2.554669817352113"
Nippon India Focused Fund,"Focused Fund","Growth","8343.4385","0","5.63","0","96.11980851566754","13.10174338000893","0","21.0174354631819","30.214091025991003","3.8801914843324705"
ICICI Pru Infrastructure Fund,"Sectoral Fund - Infrastructure","Growth","8311.0789602912","0","4","0","94.67799833927093","39.11214916295423","1.221662078836061","20.05600004480763","27.77004539395128","3.497269869290462"
Nippon India Corp Bond Fund,"Corporate Bond Fund","Growth","8245.506300000001","7.7","0.48","79.26622319087772","0","0","0","8.68765697209623","12.97703216134034","2.8916158484055097"
Union Liquid Fund,"Liquid Fund","Growth","8162.687900000001","6.15","0","79.53035666106993","0","0","0","9.12707320342359","14.538369156561771","2.716443440156517"
WOC Flexi Cap Fund,"Flexi Cap Fund","Growth","7906.7493000000095","0","6.33","0","88.39592650294348","24.231601727906064","4.051892729164942","19.44140684971509","25.8949540742363","3.236485568095606"
Quant Mid Cap Fund,"Mid Cap Fund","Growth","7904.7065","0","12.94","0","93.85868912400478","8.03242979356665","4.026257015361672","32.59731022271352","48.48384187319289","2.1150538606335996"
Nippon India Pharma Fund,"Sectoral Fund - Pharma & Health Care","Growth","7898.2417000000005","0","0.3","0","98.68207744030374","24.920931727797257","0","28.83226341297504","40.9167413467275","1.3179225596962105"
Bandhan Arbitrage Fund,"Arbitrage Fund","Growth","7895.2878","0","0.07","2.200247841704846","68.87380067026346","7.700230990386066","2.901875207508211","27.4011707682858","35.34314215394692","0.460257147630003"
Canara Rob ELSS Tax Saver,"Equity Linked Savings Scheme (ELSS)","Growth","7809.6371","0","5.3","0.0160249852828777","96.90429714177715","9.071348116542497","0","17.15671176400172","24.35570308567727","3.079677872939948"
Tata Large & Mid Cap Fund,"Large & Mid Cap Fund","Growth","7802.209956030901","0","13.63","0","95.79403453790367","17.600788850068227","0","18.8664623010072","27.390931698115608","4.20596546209631"
Aditya Birla SL Nifty SDL Plus PSU Bond Sep 2026 60:40 Index Fund,"Index Funds - Debt Oriented","Growth","7783.0906","6.08","0","37.57765584792242","0","0","0","18.69014347590916","28.91557628790803","3.124300004936341"
Nippon India Power & Infra Fund,"Sectoral Fund - Energy & Power","Growth","7707.3394","0","3.11","0","99.26203341419473","24.451332746609786","0","22.4781330168796","29.64339812461891","0.7379665858052948"
Kotak Income Plus Arbitrage Omni FOF,"FoFs (Domestic) - Hybrid","Growth","7699.4364000000005","7.41","0.28","0","0","0","0","87.4930343890416","97.17996750635821","0.9735739026134876"
Sundaram Aggressive Hybrid Fund,"Aggressive Hybrid Fund","Growth","7653.48504178857","6.63","6.25","14.13637370192994","70.28623121340206","8.117096092020857","20.508080128944027","17.02647912924898","25.09864967733391","5.965712142796511"
Nippon India Floater Fund,"Floating Rate Fund","Growth","7536.972299999999","7.59","0.44","73.62095285755693","0","0","0","9.47497184077577","14.86519201907829","2.4780928063178456"
ICICI Pru Floating Interest Fund,"Floating Rate Fund","Growth","7491.8729696972005","7.53","0.34","80.4800284840347","0","0","0","13.405585012750059","20.23751879046182","3.20535292934776"
Nippon India Banking & Financial Services Fund,"Sectoral Fund - Banks & Financial Services","Growth","7469.766500000001","0","8.67","0","97.58567833868575","17.493176013928238","0","34.97031404324834","44.45500276689015","2.4143216613142733"
Quant Multi Cap Fund,"Multi Cap Fund","Growth","7466.0029","0","11.95","0","86.99434606434455","33.719388188290125","3.864711866104418","36.230397124544396","52.49163377635443","0.2119366977476993"
HDFC Value Fund,"Value Fund","Growth","7324.3021","0","5.36","0","97.37936533229559","16.02202344985196","0","16.11493742181934","23.4025327819288","2.620634667704379"
Nippon India Nivesh Lakshya Long Duration Fund,"Long Duration Fund","Growth","7302.883199999999","7.67","3.14","0","0","0","0","48.785948087105304","70.8023881566252","2.8669305081234837"
Nippon India Short Duration Fund,"Short Duration Fund","Growth","7295.130300000001","7.76","0.47","75.14078261795115","0","0","0","8.113097034679019","12.562315714499269","2.8160840315315223"
Franklin India Large Cap Fund,"Large Cap Fund","Growth","7235.573504467","0","9.29","0","97.63303833108364","1.645173924174909","0.137547631764859","20.91026412855785","29.87528265818142","2.22941403715143"
DSP Large Cap Fund,"Large Cap Fund","Growth","7192.0077","0","7.8","0","90.86290049439187","5.206864558835219","0","27.66063640337869","40.48255676923147","9.137099505608122"
Nippon India Gold Savings Fund,"FoFs - Gold","Growth","7178.7114","0","11.13","0","0","0","0","100.20539754537045","99.99999999999955","-0.03193605206145721"
Aditya Birla SL Focused Fund,"Focused Fund","Growth","7131.9962","0","6.88","0","95.53966224244161","1.53575099358421","0","16.74339789854237","24.72717284480072","4.4603377575584"
WOC Multi Asset Allocation Fund,"Multi Asset Allocation Fund","Growth","7118.264300000001","6.59","0.75","16.250992534795316","27.528570412874377","3.7999347678056865","25.28094664874976","20.21486052435563","27.58928324704099","10.07444047841831"
Sundaram Liquid Fund,"Liquid Fund","Growth","7085.78281311636","6.19","0","81.68247888273167","0","0","0","8.445847126801741","13.005276317913392","2.9477216049516226"
Nippon India Vision Large & Mid Cap Fund,"Large & Mid Cap Fund","Growth","7080.9085","0","4.39","0","98.43285415875937","2.300118704580468","0","10.772860629969799","16.08643023749988","1.5671458412405763"
Aditya Birla SL Equity Hybrid '95 Fund,"Aggressive Hybrid Fund","Growth","6999.404100000001","7.74","6.25","14.795832405218606","75.76797287643392","6.177097276038111","19.688706071421134","15.38707988012865","21.39500132589858","1.12246555388908"
Bajaj Finserv Flexi Cap Fund,"Flexi Cap Fund","Growth","6952.818504999999","0","3.52","0","96.55735496331458","25.14447218778976","0","12.78801255922329","18.99213764892612","2.99747224812491"
UTI Multi Asset Allocation Fund,"Multi Asset Allocation Fund","Growth","6864.594799999991","7.24","3.45","6.689921450279921","66.0879124285675","2.189552397178635","13.710305231708649","18.94560040164356","24.31422026541178","1.81841468632638"
Bandhan ELSS Tax Saver Fund,"Equity Linked Savings Scheme (ELSS)","Growth","6835.3113","0","6.77","0","96.18947230923261","12.647557048014786","0","19.01088241735362","28.544407204188587","3.8105276907673638"
ICICI Pru Innovation Fund,"Thematic Fund","Growth","6799.19521088511","0","5.54","0","96.34924364813813","25.307826827074408","0.342604375500423","12.340494667991042","18.29313562384885","3.2748173483051897"
Helios Flexi Cap Fund,"Flexi Cap Fund","Growth","6762.7252","0","5.09","0","99.2881050378921","14.489815437125849","0","12.59984510386435","20.142756946563498","0.711894962107879"
HDFC Credit Risk Debt Fund,"Credit Risk Fund","Growth","6743.0972","8.29","0.3","76.6087712504731","0","0","0","14.86030488351556","20.619656506187113","8.71883718597892"
Kotak Nifty SDL Apr 2027 Top 12 Equal Weight Index Fund,"Index Funds - Debt Oriented","Growth","6742.3722","6.07","0.07","0","0","0","0","21.117890821868297","32.307540067277806","2.4521933096485"
HDFC Retirement Savings Fund-Equity Plan,"Solution Oriented, Retirement Fund - Equity Oriented","Growth","6733.063","0","9.46","0","0","20.499206676070006","0","18.75684216826724","27.37579167163591","3.9420483663972847"
Kotak Gold Fund,"FoFs - Gold","Growth","6693.2323","0","10.4","0","0","0","0","99.99999999999999","99.99999999999999","0.17077847425077403"
SBI PSU Fund,"Thematic Fund","Growth","6669.4452","0","6.66","0","95.44612646341263","5.750964113176907","0.0727526781388053","35.71783751967859","53.61606089813892","4.481120858448618"
ICICI Pru Pharma Healthcare & Diagnostics (P.H.D) Fund,"Sectoral Fund - Pharma & Health Care","Growth","6668.953472744","0","0.09","0","96.75557681383889","35.03847656982593","0","27.49152783106211","39.49829625841079","3.244423186161123"
Bandhan Flexi Cap Fund,"Flexi Cap Fund","Growth","6651.136600000001","0","6.35","0","95.18012541602519","15.838802976678071","0.658261081115286","19.89280656745181","26.99186268098444","4.161613502859498"
Aditya Birla SL Multi-Cap Fund,"Multi Cap Fund","Growth","6640.6224","0","4.13","0","95.14667028801396","29.828335066905776","0","11.186861038808651","16.56114794300004","4.853329711986029"
ICICI Pru Manufacturing Fund,"Thematic Fund","Growth","6613.5880368596","0","2.12","0","94.07371558864574","22.49914708486383","0.302153685542966","14.434170902082528","21.432223962245118","5.624130725811214"
Mirae Asset Focused Fund,"Focused Fund","Growth","6596.392199999999","0","12.13","0","96.84195400024882","26.566463103876703","0","23.065074875323518","32.089385164211436","2.5518312874119253"
Quant Flexi Cap Fund,"Flexi Cap Fund","Growth","6593.522099999999","0","6.01","0","93.34242468073327","8.54428166700163","3.5453797902641453","31.09292073200146","46.04524188976326","-1.9966566882365004"
Sundaram Large and Mid Cap Fund,"Large & Mid Cap Fund","Growth","6574.822746999999","0","5.57","0","92.75747678684529","19.92355052558366","0","10.844969507863631","17.01002432508875","7.242523213154709"
ICICI Pru Midcap Fund,"Mid Cap Fund","Growth","6568.768261341701","0","1.19","0","98.01503456539926","10.762860731004697","0","14.260205423193","22.29955217038967","1.9849654346006909"
360 ONE Focused Fund,"Focused Fund","Growth","6537.101563567329","0","7.92","0","97.18626929432381","14.79749624762024","0","20.761731192445477","30.844484616125108","2.813730705676178"
UTI Aggressive Hybrid Fund,"Aggressive Hybrid Fund","Growth","6524.128199999999","7.53","5.79","10.567381247965056","69.58207994747869","11.507120598887068","24.13321215852258","12.257884509381661","17.8064496034888","2.60126096234591"
DSP Arbitrage Fund,"Arbitrage Fund","Growth","6511.6235","7.03","0.07","18.49258176551515","67.2796162124546","5.3440297953344515","20.326235077934093","19.45903506245404","24.749273357097447","1.415094100572616"
Aditya Birla SL Short Term Fund,"Short Duration Fund","Growth","6500.818","7.49","0.44","80.1841941056981","0","0","0","15.20917573216563","22.62403600245423","6.82697718033671"
ICICI Pru Dividend Yield Equity Fund,"Dividend Yield Fund","Growth","6457.995881192899","0","5.63","0","93.31638810037194","9.955232425469497","0.8410023945380364","18.61231753802193","27.42919680637513","4.328853507123368"
ICICI Pru Gold ETF FOF,"FoFs - Gold","Growth","6451.8922994257","7.58","11.88","0","0","0","0","100.00000000000004","100.00000000000004","0.040200600154642996"
Mahindra Manulife Multi Cap Fund,"Multi Cap Fund","Growth","6438.6017","0","2.41","0","98.59791295989","30.995793698498204","0","9.856610636436791","14.681731283362351","1.4020870401099623"
SBI Medium Duration Fund,"Medium Duration Fund","Growth","6410.4615","8.42","0.38","67.11797894738156","0","0","0","19.80323569527717","27.89163931489176","3.6834040731700797"
Aditya Birla SL Value Fund,"Value Fund","Growth","6387.7773","0","3.7","0","95.73398246053448","26.11588228036692","0","10.72669988041067","17.19510165139915","4.266017539465564"
Aditya Birla SL Midcap Fund,"Mid Cap Fund","Growth","6290.406899999999","0","3.87","0","97.0358721945316","22.720967382889008","0","9.71510920859507","15.840274180037529","2.951125466939194"
ICICI Pru Silver ETF FOF,"FoFs (Domestic) - Silver","Growth","6276.931653075199","0","28.29","0","0","0","0","99.99999999999999","99.99999999999999","0.041796744336287994"
Motilal Oswal Small Cap Fund,"Small Cap Fund","Growth","6206.0739","0","3.65","0","91.99772500292006","83.75896877412299","0","14.911027727207689","22.33026422711466","8.00227499707988"
Nippon India Overnight Fund,"Overnight Fund","Growth","6199.2522","5.32","0","0","0","0","0","94.87124195103219","98.08998821260732","95.33143533461445"
Bandhan Low Duration Fund,"Low Duration Fund","Growth","6120.9349","7.04","0.14","83.48904150702302","0","0","0","20.40272793844364","29.041963716883757","5.304678595788306"
SBI Children's Fund-Investment Plan,"Solution Oriented - Children's Fund","Growth","6114.0985","5.25","2.25","0","0","45.67630861687952","0","32.581961183647934","41.746193653896825","19.1319734217563"
Kotak ELSS Tax Saver Fund,"Equity Linked Savings Scheme (ELSS)","Growth","6112.4262","0","9.15","0","98.0282477684557","14.33007076633498","0","17.835205928539473","24.852974093985793","1.971752231544323"
Aditya Birla SL Overnight Fund,"Overnight Fund","Growth","6107.629599999999","5.28","0","0","0","0","0","99.87768413461089","99.99999999999997","97.30599085445519"
Franklin India ELSS Tax Saver Fund,"Equity Linked Savings Scheme (ELSS)","Growth","6106.171866953","0","10.89","0","94.91856615120412","7.167168573300959","0.244482800767437","20.21083212018767","30.00553159548174","4.83695104802842"
Axis Treasury Advantage Fund,"Low Duration Fund","Growth","6083.828401000001","7.2","0.14","83.22396565294316","0","0","0","13.880846392708909","21.10568232003388","1.8947092097468912"
Aditya Birla SL PSU Equity Fund,"Thematic Fund","Growth","6043.9936","0","5.03","0","98.3100627373265","7.280652977527973","0","34.23102234919636","44.7489041020824","1.6899372626734752"
JioBlackRock Liquid Fund,"Liquid Fund","Growth","5997.188014353001","6.24","0","86.12853834096876","0","0","0","15.17905831561343","23.40259171166987","9.275674902354941"
Aditya Birla SL Consumption Fund,"Sectoral Fund - Consumption","Growth","5996.2674","0","14.63","0","99.01292427352384","14.18767782103914","0","14.72650635960631","21.93336808161691","0.9542719859357844"
HSBC Corporate Bond Fund,"Corporate Bond Fund","Growth","5991.8973","7.48","0.56","84.71923742751729","0","0","0","13.352880731116672","19.1173386766826","0.28016668443232207"
Motilal Oswal Nasdaq 100 FOF,"FoFs (Overseas)","Growth","5987.3457","0","1.37","0","0","0","0","99.99999999999972","99.99999999999972","-0.051951487985274096"
HSBC Money Market Fund,"Money Market Fund","Growth","5970.361999999999","7.03","0.09","84.85277076495619","0","0","0","9.715327754545589","15.040355937429439","1.02715289447785"
SBI MNC Fund,"Thematic Fund - MNC","Growth","5958.1919","0","1.77","0","95.13957078153192","30.90674874033513","0.325751508607838","14.63051232035678","21.86168928194474","4.534677709860264"
Edelweiss Small Cap Fund,"Small Cap Fund","Growth","5952.0114","0","3.62","0","96.67569689130633","61.67908381358277","0","10.5131317456818","15.49915882217564","3.3243031086936408"
Invesco India Money Market Fund,"Money Market Fund","Growth","5938.3835","7.07","0.07","89.14750116761574","0","0","0","10.75009554367783","17.08907988175569","1.1825625610067099"
Aditya Birla SL Multi Asset Allocation Fund,"Multi Asset Allocation Fund","Growth","5935.5948","6.98","4.16","7.316122913828302","65.85946969574002","6.410207448338812","11.64008515915309","17.59887994324684","23.12052140687048","4.586224224383276"
Axis Ultra Short Duration Fund,"Ultra Short Duration Fund","Growth","5916.366199","7.07","0.05","87.06357775825309","0","0","0","18.233329995699002","24.83208650945232","10.615004629023666"
HDFC Multi-Asset Allocation Fund,"Multi Asset Allocation Fund","Growth","5887.053000000001","6.46","4.45","6.4071004626593275","68.02280699698132","7.369714524397857","10.022751621227119","24.43817475398978","33.19802794369268","8.5906853564933"
ICICI Pru Credit Risk Fund,"Credit Risk Fund","Growth","5833.8254263044","8.4","0.09","72.24005543323126","0","0","0","12.740712681688901","19.3576126770588","6.0614217852081635"
Bandhan CRISIL IBX Gilt June 2027 Index Fund,"Index Funds - Debt Oriented","Growth","5796.2283","5.97","0.04","0","0","0","0","91.3521147252002","99.6330009964263","2.8936657306904"
PGIM India Flexi Cap Fund,"Flexi Cap Fund","Growth","5792.967","0","6.14","0","97.39678820887467","14.052412174970097","0.111768287304243","15.068364794758892","20.656641061480254","1.714302877955291"
DSP India T.I.G.E.R Fund,"Sectoral Fund - Infrastructure","Growth","5788.6301","0","1.25","0","88.76106282901026","34.83522465876683","0","17.55862755853064","24.543946934871514","9.382123069152403"
HDFC Multi-Asset Active FOF,"FoFs (Domestic) - Hybrid","Growth","5780.4952","0","3.61","0","0","0","0","45.812360505030696","62.85042326477488","1.392050286625965"
UTI Overnight Fund,"Overnight Fund","Growth","5730.4961","5.25","0","0","0","0","0","97.69410191204908","99.00009180706009","95.4288250889831"
HDFC Equity Savings Fund,"Equity Savings","Growth","5718.178100000001","6.94","2.57","15.81441473465124","66.46319742996464","3.673789034307973","24.32044920041928","19.79846343016144","27.63894674774122","7.229381330392634"
Tata Ultra Short Term Fund,"Ultra Short Duration Fund","Growth","5712.9408744136","7.45","0.04","85.56055816876854","0","0","0","20.697798664359052","29.366067965340232","1.649391731596931"
SBI Equity Savings Fund,"Equity Savings","Growth","5699.993100000001","7.38","0.76","15.48992225973046","67.03770571231043","1.2892910344049366","20.89234283459045","15.46834854940438","22.50666233262633","4.118654108546196"
HDFC Dividend Yield Fund,"Dividend Yield Fund","Growth","5687.1649","0","9.12","0","98.42532436504516","22.269851890526322","0","13.69215089929958","18.98091085771049","0.5818118620052675"
Aditya Birla SL Large & Mid Cap Fund,"Large & Mid Cap Fund","Growth","5648.269","0","5.8","0","95.9393293768409","7.682043826170453","0","11.74330578093926","17.66309642830396","4.040540562073086"
Parag Parikh ELSS Tax Saver Fund,"Equity Linked Savings Scheme (ELSS)","Growth","5617.029200000001","0","10.48","1.765495539884322","90.82024533538119","17.169059758492974","2.024652106134681","22.70114422762837","34.73978735948176","2.364646778051282"
Tata Mid Cap Fund,"Mid Cap Fund","Growth","5604.354641423899","0","2.05","0","93.62897845927209","11.47068201659466","0","9.18310551220295","14.75166282107285","6.37102154072788"
UTI Nifty Next 50 Index Fund,"Index Fund","Growth","5550.7645999999995","0","9.97","0","100.03463600891119","0","0","10.545161848427039","17.209243363703962","-0.0346360089112183"
UTI Corporate Bond Fund,"Corporate Bond Fund","Growth","5542.9236","7.48","0.45","84.21694464632348","0","0","0","14.405372644861979","20.72793859182903","6.67149191809172"
Bajaj Finserv Liquid Fund,"Liquid Fund","Growth","5514.8034","6.07","0","79.23309442001143","0","0","0","18.94568288690035","26.4366300709831","5.7592447629229895"
Invesco India Corporate Bond Fund,"Corporate Bond Fund","Growth","5493.5373","7.53","0.54","73.15787043076965","0","0","0","15.832709463900429","21.747117289983642","4.984571598339745"
ICICI Pru Medium Term Bond Fund,"Medium Duration Fund","Growth","5458.2606779231","8.21","0.24","68.38362658450859","0","0","0","10.18409036872005","16.21553920244023","4.618787793386"
LIC MF Money Market Fund,"Money Market Fund","Growth","5439.1972","6.89","0.03","85.36602791308984","0","0","0","11.85299367340459","18.07574654583216","-0.24246409010506098"
HSBC Aggressive Hybrid Fund,"Aggressive Hybrid Fund","Growth","5423.9834","0","2.51","21.419556704395514","71.86457465928088","13.28366528555379","24.24703770295463","12.51229861802306","19.15789417792098","3.8883876377645077"
HSBC Flexi Cap Fund,"Flexi Cap Fund","Growth","5405.1151","0","2.93","0","99.39175763343134","26.350591498042288","0","10.83309215746395","15.72734686075417","0.6082423665686856"
HDFC Banking and PSU Debt Fund,"Banking & PSU Fund","Growth","5316.4264","7.52","0.59","85.6867368651995","0","0","0","11.76356546570456","17.35829541437835","3.86734969189078"
WOC Mid Cap Fund,"Mid Cap Fund","Growth","5293.0446999999995","0","0.68","0","88.03108539778628","15.944785049708722","5.5283681998755805","11.17496324941295","16.81043615596143","4.467037657928719"
Parag Parikh Liquid Fund,"Liquid Fund","Growth","5259.8375","6.03","0","78.18663599398269","0","0","0","15.06818033827091","24.29611941433552","0.26583901118618203"
Quant Multi Asset Allocation Fund,"Multi Asset Allocation Fund","Growth","5257.4138","5.54","0.51","4.110760693784461","46.811506448284526","3.208355028093854","10.77340916174413","37.517701193693355","52.99237811564308","26.82344121362482"
Aditya Birla SL Small Cap Fund,"Small Cap Fund","Growth","5253.4961","0","2.58","0","93.45106394958593","73.05904919202284","0","12.24350770908538","17.56644113621784","6.548936050414122"
UTI Large & Mid Cap Fund,"Large & Mid Cap Fund","Growth","5233.9692","0","4.81","0","94.6493877715977","14.44407263683632","0","11.40329298528274","16.95800706961328","4.15686389434997"
Axis India Manufacturing Fund,"Thematic Fund","Growth","5206.2477","0","2.37","0","98.46498786448446","13.012241753307276","0","14.32033153167107","21.279394236275","1.504688107713394"
Nippon India Banking and PSU Fund,"Banking & PSU Fund","Growth","5163.9923","7.54","0.59","79.61419705953475","0","0","0","10.5281179597243","16.01632715794564","4.932664074676066"
Kotak Contra Fund,"Contra Fund","Growth","5153.8569","0","6.9","0","98.8368051119153","14.919614861638856","0","13.76035489072271","19.968305678025317","1.163194888084693"
Kotak Banking and PSU Debt Fund,"Banking & PSU Fund","Growth","5129.3323","7.55","0.56","83.20270262076804","0","0","0","15.212656430935471","21.61093559877179","3.98294920373944"
Invesco India Focused Fund,"Focused Fund","Growth","5128.2183","0","10.23","0","89.40591901089702","18.81266052968143","0","23.42173889126365","34.38921857129209","4.573139953890028"
DSP Low Duration Fund,"Low Duration Fund","Growth","5108.0513","7.12","0.16","85.4609114830151","0","0","0","9.316658585633231","14.08485462939654","0.1488826081288574"
SBI Automotive Opportunities Fund,"Sectoral Fund - Auto","Growth","5074.9901","0","4.49","0","96.78037007402243","35.12397393642207","0.0956100387269721","27.179323955725557","36.78334269065866","3.124019887250621"
Kotak Overnight Fund,"Overnight Fund","Growth","5066.8514000000005","5.31","0","0","0","0","0","96.52549658821613","97.85867605770375","96.53763206479803"
JM Flexicap Fund,"Flexi Cap Fund","Growth","5040.5071378190005","0","12.86","0","99.3508409844023","19.64646879943691","0","10.04087722210809","15.32163245778411","0.634252001294319"
Mirae Asset Multicap Fund,"Multi Cap Fund","Growth","4954.253","0","5","0","99.52352049844848","31.475459569787816","0","12.21373030404382","17.90918630921756","0.476479501551496"
UTI ULIP 10Y,"Dynamic Asset Allocation Fund","Growth","4923.1344","7.54","4.34","20.58326906533366","38.355928288287224","3.5452414218064012","58.2304740654653","15.33063773355449","20.618709901561928","3.02115863422297"
UTI ULIP,"Dynamic Asset Allocation Fund","Growth","4923.1344","7.54","4.34","20.58326906533366","38.355928288287224","3.5452414218064012","58.2304740654653","15.33063773355449","20.618709901561928","3.02115863422297"
HSBC Large & Mid Cap Fund,"Large & Mid Cap Fund","Growth","4877.4160999999995","0","2.68","0","98.78941433764486","17.032789144235615","0","14.176772820346411","21.71619928018854","1.21058566235512"
Canara Rob Liquid-Unclaimed Redemption and Dividend Plan,"Liquid Fund","Growth","4858.3375","6.18","0","86.22313872590613","0","0","0","17.66823885466335","26.97549014663407","4.424326401459745"
Canara Rob Liquid Fund,"Liquid Fund","Growth","4858.3375","6.18","0","86.22313872590613","0","0","0","17.66823885466335","26.97549014663407","4.424326401459745"
Franklin India Multi Cap Fund,"Multi Cap Fund","Growth","4826.295597988","0","5.29","0","96.49915891914213","28.51957138791527","0","11.51371594047525","18.037758448548367","3.50084108085787"
Invesco India Flexi Cap Fund,"Flexi Cap Fund","Growth","4815.8225","0","7.67","0","98.17144008110765","22.042670800263082","0","13.820310030114282","19.895245308563602","1.3993808949561535"
SBI ESG Exclusionary Strategy Fund,"Thematic Fund","Growth","4810.3789","0","8.04","0","97.73448884941345","6.17135698116258","0.0921588194919037","21.008904127515507","30.468894318665768","2.1733523310946805"
SBI Infrastructure Fund,"Sectoral Fund - Infrastructure","Growth","4804.6861","0","7.35","0","94.57160167029431","23.51932002384089","2.168043818721052","23.655749331886604","34.538245901225444","3.2595615351437797"
HSBC Multi Cap Fund,"Multi Cap Fund","Growth","4799.9462","0","2.71","0","96.38995064565123","28.61581881305166","0","9.89472940106882","14.997105407160511","3.610049354348776"
Baroda BNP Paribas Balanced Advantage Fund,"Balanced Advantage Fund","Growth","4755.7709","7.2","1.5","8.77814782877787","79.41441418046446","5.466423960834608","13.873313367555198","10.66943741970414","15.69978907100004","2.222085592895154"
Motilal Oswal Nifty India Defence Index Fund,"Index Fund","Growth","4690.2166","0","4.58","0","100.10160724773344","22.632353482353018","0","52.283930767717614","69.45527206568664","-0.10160724773350502"
Mahindra Manulife Mid Cap Fund,"Mid Cap Fund","Growth","4687.6675","0","2.63","0","96.89965638561179","14.398173505266755","0","8.93714197945993","14.084467381698891","3.100343614388182"
Canara Rob Multi Cap Fund,"Multi Cap Fund","Growth","4679.3207","0","5.08","0.0142771797219453","95.45677231977265","26.85564277800259","0","12.64306031442954","17.55637215142201","4.528950500505385"
Tata Multi Asset Allocation Fund,"Multi Asset Allocation Fund","Growth","4668.595693114","6.29","2.87","2.259870937173231","65.34919801777293","12.41732451098695","9.523722381912732","16.88645035374079","24.70382878593374","5.1742151513819294"
Motilal Oswal ELSS Tax Saver Fund,"Equity Linked Savings Scheme (ELSS)","Growth","4658.5171","0","5.65","0","98.63057065949161","40.6104509093677","0","18.13712994635139","27.593074628834152","1.369429340508376"
UTI Retirement Fund,"Solution Oriented, Retirement Fund - Debt Oriented","Growth","4629.5697","7.51","3.23","22.210407589284156","0","6.3817486104594146","0","13.92115988663051","19.7355404326238","3.63258382307108"
Sundaram Services Fund,"Sectoral Fund - Service Industry","Growth","4624.4673379999995","0","7.59","0","95.4247599623533","28.944932679143363","0","17.34379878526223","27.034968691331652","3.4410397311401173"
BHARAT Bond FOF - April 2031,"FoFs (Domestic) - Debt Oriented","Growth","4580.5908","7.53","1.22","0","0","0","0","100.00549205851348","99.99999999999999","0.21818146253099024"
Edelweiss Large & Mid Cap Fund,"Large & Mid Cap Fund","Growth","4531.148","0","4.16","0","98.21146870506104","10.82163946090483","0","9.387614352918941","13.694882621357761","1.7885312949389416"
Tata ELSS Fund,"Equity Linked Savings Scheme (ELSS)","Growth","4519.0854053689","0","3.99","0","98.15883529729159","19.420243728019546","0","17.40739174934411","26.50484760869934","1.84116470270842"
SBI Innovative Opportunities Fund,"Thematic Fund","Growth","4503.5808","0","10.85","0","94.82770630006964","39.9458322543039","0.0972870854030715","18.36654738997048","27.67442041382279","5.075006614527318"
Mahindra Manulife Small Cap Fund,"Small Cap Fund","Growth","4461.5185","0","6.21","0","93.48984880372011","66.68046316517574","0","10.253791394118402","15.291730831106062","6.5101511962799234"
Bandhan Ultra Short Duration Fund,"Ultra Short Duration Fund","Growth","4458.3591","6.83","0.04","86.32678699267059","0","0","0","35.99023203032609","47.04410374160975","-0.5007819503142071"
Canara Rob Mid Cap Fund,"Mid Cap Fund","Growth","4451.5878","0","2.14","0","96.9200450230365","8.987247201998349","0","9.10494228598613","14.063869525385961","3.079954976963478"
HDFC Silver ETF FoF,"FoFs (Domestic) - Silver","Growth","4433.9847","0","28.85","0","0","0","0","100.0000000000002","100.0000000000002","-0.145868793818796"
Franklin U.S. Opportunities Equity Active FOF,"FoFs (Overseas)","Growth","4408.228748177","0","0.41","0","0","0","0","100","100","2.1073031452287"
Nippon India Silver ETF FOF,"FoFs (Domestic) - Silver","Growth","4380.298400000001","0","28.62","0","0","0","0","100.18034329640982","100.00000000000004","0.0027058756159511754"
Tata Overnight Fund,"Overnight Fund","Growth","4376.1912941488","6.97","0","0","0","0","0","99.21249799580563","100.01026933744417","98.0628657592426"
HDFC Banking & Financial Services Fund,"Sectoral Fund - Banks & Financial Services","Growth","4369.8865000000005","0","8.81","0","98.38706108270779","18.64275651095286","0","36.52841326656879","51.12455209076938","1.612938917292241"
Motilal Oswal S&P 500 Index Fund,"Index Fund","Growth","4365.1023","0","0","0","99.42756209860181","0","0","19.10294061149495","26.881156943332122","0.322523941764074"
BHARAT Bond ETF FOF - April 2032,"FoFs (Domestic) - Debt Oriented","Growth","4364.6574","7.57","1.43","0","0","0","0","100.00210187943402","99.99999999999997","0.4243344199770673"
UTI Children's Hybrid Fund-Scholarship-Direct plan,"Solution Oriented - Children's Fund","Growth","4329.9662","7.56","3.82","21.6682338074602","0","3.608554727286324","0","12.47244608976393","18.02188894684675","2.77747202737981"
UTI Children's Hybrid Fund,"Solution Oriented - Children's Fund","Growth","4329.9662","7.56","3.82","21.6682338074602","0","3.608554727286324","0","12.47244608976393","18.02188894684675","2.77747202737981"
SBI Healthcare Opp Fund,"Sectoral Fund - Pharma & Health Care","Growth","4323.2853000000005","0","0","0","97.37581510061347","26.780837248931967","0.0673399925746284","23.8801149671987","34.34741630398533","2.556844906811951"
Franklin India Money Market Fund,"Money Market Fund","Growth","4309.4510721139995","7.14","0.03","88.80570253516414","0","0","0","23.251372248915388","33.7961997082763","10.770945004796252"
SBI Technology Opp Fund,"Sectoral Fund - Technology","Growth","4240.4042","0","19.79","0","98.17482729594508","18.407731036583733","0.0686561908414297","33.88251761471233","45.09210466304134","1.756516513213528"
HSBC Overnight Fund,"Overnight Fund","Growth","4223.1575","5.26","0","0","0","0","0","98.54147518770023","100.66751240037817","93.85635984450026"
Kotak US Specific Equity Passive FOF,"FoFs (Overseas)","Growth","4214.6084","0","0.2","0","0","0","0","100.00000000000001","100.00000000000001","0.0535209866710276"
DSP Ultra Short Fund,"Ultra Short Duration Fund","Growth","4166.767199999999","7.06","0.03","87.70903015652044","0","0","0","16.14197692638072","22.741476893645512","6.322421852605537"
UTI Small Cap Fund,"Small Cap Fund","Growth","4163.6796","0","4.71","0","96.72808096941709","77.93806762660788","0","8.544502123085309","13.229338286802308","3.24544357390586"
UTI Ultra Short Duration Fund,"Ultra Short Duration Fund","Growth","4126.0427","6.94","0.02","84.62605101008769","0","0","0","16.17963624079799","22.732905793728207","4.80960364273496"
Mirae Asset Small Cap Fund,"Small Cap Fund","Growth","4123.4249","0","2.92","0","97.34343652045173","69.21630123541232","0","9.119632565637371","14.46326571874754","2.65656347954828"
Bajaj Finserv Money Market Fund,"Money Market Fund","Growth","4116.5821000000005","6.93","0.06","81.14485740488452","0","0","0","12.56471746306237","18.210603233201642","4.2112546473930434"
Kotak Focused Fund,"Focused Fund","Growth","4081.4945000000002","0","6.55","0","95.0857290142128","1.99912556540257","0","16.6975871215801","26.098913032958876","4.914270985787192"
HSBC Banking and PSU Debt Fund,"Banking & PSU Fund","Growth","4019.3797999999997","7.42","0.52","83.05197981041754","0","0","0","11.98774746292949","17.79673819329043","2.499995148505276"
Mirae Asset Great Consumer Fund,"Sectoral Fund - Consumption","Growth","4018.2688","0","14.99","0","99.51828968936682","22.226915797587107","0","19.95660464009938","32.829083087745445","0.477980089055786"
Mirae Asset Money Market Fund,"Money Market Fund","Growth","4016.0566999999996","7.01","0.07","86.98649349248483","0","0","0","15.363433489372799","20.79473877945997","0.14408910113245388"
Invesco India Multicap Fund,"Multi Cap Fund","Growth","3995.4009","0","12.08","0","98.51298026188061","29.11467032006725","0","9.870010791657979","15.553307804480898","1.4648968017201973"
Motilal Oswal Multi Cap Fund,"Multi Cap Fund","Growth","3993.9108","0","11.76","0","94.98908688696798","28.296623449877764","0","15.188571562489571","23.81108010724725","5.01091311303196"
Nippon India Dynamic Bond Fund,"Dynamic Bond Fund","Growth","3975.7202","7.36","1.02","0","0","0","0","19.59138242760727","27.353809763565412","2.156049356097411"
Mirae Asset Flexi Cap Fund,"Flexi Cap Fund","Growth","3959.6763","0","5.48","0","98.01878754584058","12.87098392361013","0","15.52364267755928","20.79163137653449","1.9812124541594442"
Nippon India Aggressive Hybrid Fund,"Aggressive Hybrid Fund","Growth","3958.2052000000003","7.9","4.34","12.257671734756071","72.8034640554771","8.059291620420776","16.945063889198867","12.64587293261535","19.31744721083118","4.414917649253164"
HSBC ELSS Tax saver Fund,"Equity Linked Savings Scheme (ELSS)","Growth","3938.6013000000003","0","4.2","0","98.94356151256031","28.90023420243122","0","10.82857510863057","16.06910300872546","1.0564384874397121"
Navi Nifty 50 Index Fund,"Index Fund","Growth","3919.793444","0","9.99","0","99.9813605739578","0","0","27.71313222289268","37.2553972004653","0.0186394260421647"
Abakkus Flexi Cap Fund,"Flexi Cap Fund","Growth","3901.185","0","2.69","1.1486843100237492","92.25755763953777","28.9915500033964","1.1486843100237492","15.23901327417182","22.26162563426241","6.593758050438516"
Edelweiss US Technology Equity FOF,"FoFs (Overseas)","Growth","3897.3331","0","1.13","0","0","0","0","100.14217524142347","100.00000000000004","2.979899254698041"
HSBC Short Duration Fund,"Short Duration Fund","Growth","3869.8199","7.49","0.46","82.6074179834571","0","0","0","8.01385614870604","13.20799967977838","1.922228990553287"
Axis Greater China Equity FoF,"FoFs (Overseas)","Growth","3858.8551","0","3.51","0","0","0","0","100.00000000000003","100.00000000000003","2.8743114764791198"
SBI Silver ETF FOF,"FoFs (Domestic) - Silver","Growth","3849.9663","0","27.46","0","0","0","0","99.99999999999986","99.99999999999986","-0.08699296926313299"
SBI Dynamic Bond Fund,"Dynamic Bond Fund","Growth","3825.5546000000004","7.41","0.35","66.03216171584639","0","0","0","27.94043509403837","43.357350068928554","7.66264060118238"
Baroda BNP Paribas Money Market Fund,"Money Market Fund","Growth","3813.2778999999996","7.22","0.05","96.80077080141471","0","0","0","14.281602712459009","21.745262782972098","-6.77622000746392"
UTI Transportation & Logistics Fund,"Thematic Fund","Growth","3810.9251","0","10.23","0","94.43879125307394","12.173083643129054","0.133371815678036","31.20729399798487","46.086605060802654","5.35586752938278"
Aditya Birla SL Digital India Fund,"Sectoral Fund - Technology","Growth","3798.7853999999998","0","25.25","0","94.36674943522739","20.66570804447128","0","34.4468181856232","48.564930780243586","2.3931886228687724"
ICICI Pru Commodities Fund,"Thematic Fund","Growth","3789.0617706188","0","1.95","0","97.7342842155677","20.48018604545655","0","21.27799304439241","31.48216292618499","2.265715784432275"
Axis Balanced Advantage Fund,"Balanced Advantage Fund","Growth","3763.9754","7.15","3.85","15.253313929735041","55.360955175211814","4.555185296907096","23.153508814111806","22.336234769228398","30.397233095625538","17.47260091019733"
Altiva Hybrid Long-Short Fund,"Balanced Hybrid Fund","Growth","3761.2089","8.24","0","30.13872481265264","35.404853476763805","4.614848699310485","46.1096856385722","26.16066775852305","31.458908438534202","17.264257776269766"
UTI Dividend Yield Fund,"Dividend Yield Fund","Growth","3750.4971","0","7.68","0","91.86626220828165","18.153476241856037","0.542080141856396","16.596117352017153","22.600494745083264","2.40321476318431"
SBI Banking and PSU Fund,"Banking & PSU Fund","Growth","3747.8907","7.38","0.31","86.38695093216035","0","0","0","16.40038222032462","26.33515966727632","2.564178299009626"
HDFC Medium Term Debt Fund,"Medium Duration Fund","Growth","3746.2909999999997","8.32","0.35","75.84502378485814","0","0","0","15.072822693165051","23.123278463952744","2.6129417068775447"
Tata Ethical Fund,"Thematic Fund","Growth","3703.8356954901997","0","15.85","0","93.37634237423342","15.266897521628886","0","19.700209606453107","26.678947899696706","6.62365762576654"
Nippon India Index Fund-Nifty 50 Plan,"Index Fund","Growth","3663.3602","0","9.98","0","100.13098077103216","0","0","27.754603527362754","37.31115217784099","-0.13098077103213612"
DSP Dynamic Asset Allocation Fund,"Dynamic Asset Allocation Fund","Growth","3661.2606","7.2","1.73","21.70852574656936","66.55578682380599","8.10545417062091","29.80449957591109","19.03128938704883","25.0987323874187","3.6397136002829233"
Franklin India Liquid Fund-Super,"Liquid Fund","Growth","3635.4415933220002","6.13","0","79.20058557279577","0","0","0","27.8512049353483","36.03045613130233","18.2641440225771"
Tata Flexi Cap Fund,"Flexi Cap Fund","Growth","3633.286898017","0","7.04","0","90.76780316467513","15.549201476721825","0","16.13477042839508","23.196973529946","6.67783758418366"
Bandhan CRISIL IBX Gilt April 2028 Index Fund,"Index Funds - Debt Oriented","Growth","3630.24","6.11","0.02","0","0","0","0","97.7754696139025","99.89241260638276","2.1169541477909144"
Tata Aggressive Hybrid Fund,"Aggressive Hybrid Fund","Growth","3608.2292566970996","7.72","7.24","8.129689792594155","74.12078038683279","9.53369906406568","19.7157911381841","14.29377178024525","20.9942339556993","4.73176337768499"
ICICI Pru US Bluechip Equity Fund,"Thematic Fund - Global","Growth","3607.424506023","0","2.29","0","97.86984021717714","0","0","8.619124238937511","13.664072503167102","2.130159782822913"
Sundaram Small Cap Fund,"Small Cap Fund","Growth","3562.9142000751904","0","2.36","0","94.9196927554347","81.55028812182654","0","12.62698748793891","18.36680082277356","4.483212353341051"
DSP Equity Savings Fund,"Equity Savings","Growth","3541.4099","6.74","0.93","16.337529863459178","67.52284732699258","5.90728003555872","26.28734109542077","15.09487224283187","21.467150696111172","5.221152174448947"
Aditya Birla SL Banking & Financial Services Fund,"Sectoral Fund - Banks & Financial Services","Growth","3541.0872","0","8.49","0","98.38590814707986","19.033662881840357","0","33.29689254757698","44.74147374851436","1.6140918529201993"
Kotak Pioneer Fund,"Thematic Fund","Growth","3495.2981","0","0.45","0","75.40103088775173","17.977076118343085","0","27.90465282489065","34.66241978044731","5.245109136757173"
Magnum Hybrid Long Short Fund,"Balanced Hybrid Fund","Growth","3461.982","7.07","0","16.736736355070576","67.01610233675392","1.18212630799351","23.342928992698383","12.17328397432453","19.01754832925186","4.102132824491865"
Mirae Asset Arbitrage Fund,"Arbitrage Fund","Growth","3460.7540000000004","5.34","0.08","0","75.38346845802968","5.146941966981762","0","19.46166066701071","22.720681678038943","6.404769018543359"
UTI ELSS Tax Saver Fund,"Equity Linked Savings Scheme (ELSS)","Growth","3437.8678000000004","0","10.96","0","97.90126892023014","13.107455731718364","0","19.12720436777702","26.81091460235905","2.09553142212159"
HDFC Long Duration Debt Fund,"Long Duration Fund","Growth","3435.9258","7.71","3.66","0","0","0","0","66.2856649546699","85.47308955253122","2.043378310832493"
NJ Balanced Advantage Fund,"Balanced Advantage Fund","Growth","3435.232504","5.26","6.45","0","86.51064952778519","9.416592897957749","3.9761708659007278","15.90843453430481","22.62984086505953","5.939017133845799"
Kotak Nifty SDL Apr 2032 Top 12 Equal Weight Index Fund,"Index Funds - Debt Oriented","Growth","3427.7308000000003","7.57","1.35","0","0","0","0","40.5641364835301","57.759535842196186","3.7308268198891277"
WOC Multi Cap Fund,"Multi Cap Fund","Growth","3421.3639000000003","0","4.06","0","87.17982615061784","25.75046167991659","4.145487125762916","13.93280615370964","18.042079651334372","4.430206912512291"
Motilal Oswal Nifty Midcap 150 Index Fund,"Index Fund","Growth","3408.0978999999998","0","1.52","0","100.11478250081963","5.5592651842542455","0","7.534804091161821","10.94787505957502","-0.11478250081959201"
Franklin India Large & Mid Cap Fund,"Large & Mid Cap Fund","Growth","3399.218213682","0","7.62","0","96.16706557562037","16.79683024619771","0","10.72113518352934","16.485527465005","3.83293442437959"
DSP Banking & PSU Debt Fund,"Banking & PSU Fund","Growth","3387.7908","7.52","0.7","81.70695486864184","0","0","0","12.89694747385228","19.02598590208108","2.515491806636942"
Aditya Birla SL MNC Fund,"Thematic Fund - MNC","Growth","3352.8921","0","13.99","0","99.31623209706036","43.04275106258267","0","13.36455473768452","20.535244781661778","0.6837679029396744"
Parag Parikh Conservative Hybrid Fund,"Conservative Hybrid Fund","Growth","3344.4903000000004","7.44","1.28","11.121225258150693","11.077876350844845","0.73605535647689","72.70584698660959","14.54587863507931","22.48176052416716","3.97384916918432"
Mirae Asset Multi Asset Allocation Fund,"Multi Asset Allocation Fund","Growth","3341.5981","6.38","2.37","11.221196827948884","67.65799573563325","8.399298527252576","13.642185156856542","21.44480809945399","28.39230127644617","5.715268392090602"
Kotak Floating Rate Fund,"Floating Rate Fund","Growth","3329.3034000000002","7.81","0.37","81.20006125005008","0","0","0","17.20120791634671","27.39828397736296","3.33967760342899"
Edelweiss Flexi Cap Fund,"Flexi Cap Fund","Growth","3320.4741999999997","0","5.87","0","96.46948619567651","5.371043087761382","0","14.01584147228128","20.96260528089633","2.8179770226794756"
Edelweiss Aggressive Hybrid Fund,"Aggressive Hybrid Fund","Growth","3308.903","6.85","3","12.702004059359023","73.69124185888877","8.119834598529911","13.263069661365451","15.960929779088021","23.234213149679892","8.285606048638476"
Aditya Birla SL Nifty SDL Apr 2027 Index Fund,"Index Funds - Debt Oriented","Growth","3289.0602000000003","5.86","0.03","0","0","0","0","14.813422995419781","22.23590495546417","3.17890502581862"
ICICI Pru Regular Savings Fund,"Conservative Hybrid Fund","Growth","3288.9413907945","8.03","0.57","55.50039307812202","22.657828506332347","5.924678394859705","70.48686566713135","10.52666067473966","16.55024627448616","5.450276228583027"
Sundaram Multi Asset Allocation Fund,"Multi Asset Allocation Fund","Growth","3276.66795","6.5","5.79","0","69.0004351320076","7.6346254855855475","10.11808292328755","17.77299516986774","26.781698974526904","0.5507808451505689"
HDFC Hybrid Debt Fund,"Conservative Hybrid Fund","Growth","3261.0712","7.49","2.32","38.16894583595722","19.644315033661325","1.07508232264294","74.48077183963356","10.62711847567143","16.58304792609251","4.81045001409353"
Quant Large & Mid Cap Fund,"Large & Mid Cap Fund","Growth","3249.4649","0","7.21","0","95.53162429912692","4.797817634528073","5.202367319000738","33.82198404420369","51.25726392674681","-0.7339916181277015"
DSP Short Term Fund,"Short Duration Fund","Growth","3245.4344","7.63","0.46","80.49344026180287","0","0","0","14.211000536630781","21.893679317628482","0.28568132512554"
Bandhan Multi Asset Allocation Fund,"Multi Asset Allocation Fund","Growth","3240.2929","6.16","1.35","4.771102688576539","67.36462384540462","14.76942115845704","8.321815688706169","18.34617501461894","26.903345972670138","4.966426545663737"
Aditya Birla SL CRISIL-IBX Financial Services 3 to 6 Months Debt Index Fund,"Index Funds - Debt Oriented","Growth","3232.2718","6.81","0","92.80653316345492","0","0","0","32.05076380024728","42.137709458715726","7.19346683654512"
Franklin Build India Fund,"Sectoral Fund - Infrastructure","Growth","3213.952361822","0","4.03","0","94.30919697365042","20.63820747747398","0","19.64207318375191","31.04574869013764","5.69080302634961"
Motilal Oswal Large Cap Fund,"Large Cap Fund","Growth","3170.7534","0","8.54","0","96.69211424641225","15.805120637890047","0","23.161996767077504","31.124990672563815","-0.011858380408889868"
SBI Quant Fund,"Thematic Fund","Growth","3146.2065999999995","0","9.81","0","98.78956455052888","0","0","19.21250498934176","30.02851116007448","1.2104354494711176"
Edelweiss Greater China Equity Off-shore Fund,"FoFs (Overseas)","Growth","3143.4411","0","2.82","0","0","0","0","100.18672212436238","100","2.476982947127596"
DSP Healthcare Fund,"Sectoral Fund - Pharma & Health Care","Growth","3142.3571","0","0.79","0","96.76408515123885","36.70008096788236","0","24.658912890581412","38.42665430991278","2.3941995643970566"
Tata ST Bond Fund,"Short Duration Fund","Growth","3141.8457967230997","7.67","0.36","79.69685535208588","0","0","0","18.591918184184557","27.29962752769668","6.58409133060744"
HSBC Ultra Short Duration Fund,"Ultra Short Duration Fund","Growth","3117.8071","6.76","0.03","85.95907039919177","0","0","0","14.417280658575699","20.80830786484513","0.5084342774124901"
Tata Corp Bond Fund,"Corporate Bond Fund","Growth","3115.6172254489","7.86","0.54","77.97324443413491","0","0","0","12.16578201955133","19.13778289387822","5.03105793038649"
Quant Large Cap Fund,"Large Cap Fund","Growth","3112.325","0","6.57","0","92.90246037929845","6.20672969564554","5.8455238447141555","39.27091804358483","56.61511570931704","1.252015775987502"
UTI Low Duration Fund,"Low Duration Fund","Growth","3108.335","7.31","0.12","84.3954689568531","0","0","0","21.62344792308425","29.9926069744735","8.94811530932157"
Aditya Birla SL Medium Term Plan,"Medium Duration Fund","Growth","3097.7547999999997","8.41","0.44","71.64446327385242","0","0","0","15.36788192532217","22.48865210377529","2.432006561655553"
Quant Infrastructure Fund,"Sectoral Fund - Infrastructure","Growth","3072.9257000000002","0","9.04","0","98.52962927154404","32.256080906869954","5.015484103634526","29.353189372590414","44.738331942096735","-4.1975567453518"
ICICI Pru Bharat Consumption Fund,"Sectoral Fund - Consumption","Growth","3064.8798716902","0","13.6","0","96.38424420109205","24.671081140384434","0","21.0398719361351","30.96915832712749","3.615755798907925"
Kotak Business Cycle Fund,"Thematic Fund","Growth","3064.2785","0","4.55","0","97.05815251453156","26.419690638432492","0","16.27395812750049","23.33192952272452","2.941847485468443"
Nippon India Retirement Fund-Wealth Creation,"Solution Oriented, Retirement Fund - Equity Oriented","Growth","3055.8208","0","8.15","0","0","7.884915870965454","0","19.25126297205187","27.038002274855018","3.3316878144825797"
Tata Banking & Financial Services Fund,"Sectoral Fund - Banks & Financial Services","Growth","3043.1782723971996","0","8.9","0","98.00773181948885","14.941336303700211","0","34.00295044775288","47.556185358144845","1.9922681805111968"
Nippon India Nifty Smallcap 250 Index Fund,"Index Fund","Growth","3031.6202000000003","0","10.93","0","100.05587755746541","90.01248229541474","0","4.06544328375364","6.52934690481866","-0.0558775574653938"
JioBlackRock Flexi Cap Fund,"Flexi Cap Fund","Growth","3030.8168437229997","0","6.87","0","99.64299063942408","19.613487871467346","0","17.90465378051053","25.42919645940304","0.3570093605757504"
SBI Retirement Benefit Fund-Aggressive Plan,"Solution Oriented, Retirement Fund - Equity Oriented","Growth","3013.3531","5.67","9.17","0.1916171058745157","0","17.049515372094962","0","18.11290220186941","26.39515760698605","3.657424017119005"
Nippon India Nifty AAA CPSE Bond Plus SDL - Apr 2027 Maturity 60:40 Index Fund,"Index Funds - Debt Oriented","Growth","2989.3083","6.66","0.04","59.16036551635904","0","0","0","16.54762423362507","23.30744896990748","2.9710174967669722"
ICICI Pru Equity Minimum Variance Fund,"Thematic Fund","Growth","2984.562971887","0","6.96","0","91.62386673553948","0","0","24.435909272803702","34.9106756940443","8.37613326446058"
Motilal Oswal Nifty 500 Index Fund,"Index Fund","Growth","2970.7431","0","6.73","0","100.03088452852076","10.379026042339367","0","15.74061722132756","21.160584366921537","-0.030884528520827015"
LIC MF Large & Midcap Fund,"Large & Mid Cap Fund","Growth","2958.4924","0","7.53","0","93.58431679594646","4.515590440590618","0","15.362473129895488","21.754194805435368","6.415683204053527"
Edelweiss Gold and Silver ETF FoF,"FoFs - Gold","Growth","2945.8628999999996","0","19.17","0","0","0","0","100.18756813156513","100.00000000000001","0.014634082258206754"
Axis Gold Fund,"FoFs - Gold","Growth","2941.9494","0","11.77","0","0","0","0","100.00000000000024","100.00000000000024","-0.012550861683752995"
Mirae Asset Healthcare Fund,"Sectoral Fund - Pharma & Health Care","Growth","2939.2311","0","0","0","99.9550120437961","16.382798208687987","0","27.11525813672834","39.43807616896814","0.03686338239956702"
ITI Small Cap Fund,"Small Cap Fund","Growth","2936.5071000000003","0","2.41","0","97.44395646106223","60.147203458149335","0","9.95212986203915","14.266391523453152","2.24564415321863"
SBI Consumption Opp Fund,"Sectoral Fund - Consumption","Growth","2932.5099","0","19.21","0","98.35208399466957","24.63004813726291","0.0992767321944932","14.92324032733871","23.457878181417232","1.54863927313596"
ICICI Pru Bharat 22 FOF,"FoFs (Domestic) - Equity Oriented","Growth","2923.66058297","0","6.01","0","0","0","0","100.00000000000004","100.00000000000004","0.09829058088134196"
JioBlackRock Money Market Fund,"Money Market Fund","Growth","2923.212867196","6.97","0.1","83.2104159192902","0","0","0","28.33268351047072","40.41169267064507","0.693268152429802"
Old Bridge Focused Fund,"Focused Fund","Growth","2905.6984","0","1.97","0","85.34811114601567","30.145971102850865","0","27.06344884245383","36.1259585647292","14.651888853984282"
Kotak Debt Hybrid Fund,"Conservative Hybrid Fund","Growth","2902.1334","7.12","2.11","30.13624390939437","21.941083066684666","1.421857451487239","55.69842861117274","29.4605685596672","36.16110823851173","21.1218684847499"
DSP Corp Bond Fund,"Corporate Bond Fund","Growth","2894.5908","7.19","0.11","86.89559850739519","0","0","0","17.963641009292232","27.101426564335103","0.38631367169412023"
ICICI Pru Income plus Arbitrage Omni FOF,"FoFs (Domestic) - Hybrid","Growth","2890.0186229532997","0","0.23","0","0","0","0","83.56622549062949","97.70175562054936","2.2982443794507"
Sundaram Large Cap Fund,"Large Cap Fund","Growth","2889.3237664641997","0","9.66","0","96.00017571610849","6.01950841008815","0","21.12317339475929","32.77788415508663","3.999824283891543"
UTI Balanced Advantage Fund,"Dynamic Asset Allocation Fund","Growth","2877.6501000000003","6.85","6.52","20.617854312445377","65.92264428863034","2.4453079123762147","26.13347494374647","18.24868543163071","26.96862783424227","4.36392701148986"
Baroda BNP Paribas Multi Cap Fund,"Multi Cap Fund","Growth","2860.9176","0","4.89","0","95.48685815812412","24.736856853359075","1.06556431832986","9.61107626214891","15.282706544925041","3.4222278030267037"
Tata Multicap Fund,"Multi Cap Fund","Growth","2853.9455948340997","0","3.52","0","96.55537083500217","24.079626419007724","0","10.123495428309791","15.41758986117831","3.4446291649978362"
Edelweiss Multi Cap Fund,"Multi Cap Fund","Growth","2846.758","0","3.31","0","98.03122112467176","23.731840034536887","0","10.10235546591224","15.154981505884951","1.9687788753282045"
HSBC Multi Asset Allocation Fund,"Multi Asset Allocation Fund","Growth","2844.3259000000003","0","2.33","8.138118068678416","75.18438024278439","10.286338847457666","11.376530375791317","15.140388800031669","22.70779519323014","0.3521291283815"
JM Liquid Fund,"Liquid Fund","Growth","2835.050253765","6.23","0","87.63923805937425","0","0","0","12.26787424801781","19.28697381197549","1.480267571104533"
Sundaram Multi Cap Fund,"Multi Cap Fund","Growth","2806.7063460574504","0","8.02","0","95.00439946012541","24.907077522170507","0","13.84029330067888","20.44319282495622","4.995600539874606"
Franklin India Balanced Advantage Fund,"Dynamic Asset Allocation Fund","Growth","2788.55494864","7.6","4.05","19.826209272606818","67.48894617916172","8.716022819723813","27.39387530066628","15.38736762240487","24.10936689351909","5.117178520172032"
ICICI Pru NASDAQ 100 Index Fund,"Index Fund","Growth","2773.1963012779997","0","0","0","99.44878186511517","0","0","20.8883046907715","29.84445790663682","0.08410758013748798"
Franklin India Multi Asset Allocation Fund,"Multi Asset Allocation Fund","Growth","2764.5771861420003","7.08","4.57","13.962349422830453","64.10671122130023","9.59891480875329","15.306528206706565","21.14024654944037","27.319267467911722","3.27271708934494"
DSP Multicap Fund,"Multi Cap Fund","Growth","2730.9008000000003","0","7.26","0","93.77342816699894","36.59749559559249","0","15.031783651753301","22.091252820314832","6.22657183300104"
Canara Rob Focused Fund,"Focused Fund","Growth","2725.4082","0","8.74","0.0558962140056671","94.26082302093316","4.647234128084009","0","20.57206696596862","29.9678191325615","5.683280765061157"
Parag Parikh Dynamic Asset Allocation Fund,"Dynamic Asset Allocation Fund","Growth","2709.3059000000003","7.37","0.84","8.771338814122092","28.105283349510294","3.061547978026404","54.87946193155966","14.121373300814799","20.95350694803418","2.8938814181152397"
ICICI Pru Bond Fund,"Medium to Long Duration Fund","Growth","2700.1880733228","7.56","0.67","35.46632582602013","0","0","0","28.6990009198281","36.94867812567842","7.11621813388507"
UTI Short Duration Fund,"Short Duration Fund","Growth","2696.9234","7.6","0.36","80.27490880905256","0","0","0","16.5173842164001","23.943197645138937","5.45481195350231"
Mahindra Manulife Large & Mid Cap Fund,"Large & Mid Cap Fund","Growth","2688.1293","0","5.98","0","96.0945851823422","9.807411421764563","0","9.65565160872284","15.40232086306265","3.9054148176577668"
Tata Large Cap Fund,"Large Cap Fund","Growth","2687.5774197392","0","7.33","0","96.54763360274828","5.026493339608023","0","20.81962721856391","30.279246805063888","2.30835098120524"
UTI MNC Fund,"Thematic Fund - MNC","Growth","2662.1304","0","9.96","0","93.6027551467802","29.702977735425737","0.379162493317382","20.45225883750845","30.53132934434764","5.99704657593028"
Motilal Oswal Gold and Silver Passive FoF,"FoFs - Gold","Growth","2652.4195","0","19.6","0","0","0","0","100.1781015408762","100.00000000000003","-0.17810154087617"
Bandhan Nifty 50 Index Fund,"Index Fund","Growth","2652.0794","0","10.01","0","100.05691956223488","0","0","27.73406356879638","37.28353993128346","-0.05691956223492753"
Axis Consumption Fund,"Sectoral Fund - Consumption","Growth","2639.452899","0","13.14","0","99.24931371786091","8.55399772174995","0","21.364200332805588","32.12906603283358","0.702015634801915"
HDFC Innovation Fund,"Thematic Fund","Growth","2621.1952","0","1.82","0","96.5656544770111","15.297124762016967","0","18.33955365094518","27.31898410312974","3.434345522988902"
SBI CRISIL IBX Gilt Index - June 2036 Fund,"Index Funds - Debt Oriented","Growth","2616.4105","7.2","1.31","0","0","0","0","100.00000000000006","100.00000000000006","3.358368268282062"
HDFC Business Cycle Fund,"Thematic Fund","Growth","2603.9575","0","8.21","0","89.47400639219343","24.005806546381802","1.08628885072049","18.4052120666332","28.42303301801201","8.315988260177061"
ICICI Pru Transportation and Logistics Fund,"Thematic Fund","Growth","2593.5342673222","0","9.1","0","96.6487999752623","19.718313771419766","0","29.34481848384652","42.894117704841086","3.351200024737721"
Edelweiss Multi Asset Allocation Fund,"Multi Asset Allocation Fund","Growth","2591.8997","7.43","0.26","47.6535145245011","21.402043450986934","0","54.90400728083733","20.954351972512683","29.997363937829093","11.8658628264049"
Tata India Consumer Fund,"Sectoral Fund - Consumption","Growth","2590.643963953","0","8.49","0","95.37459544343723","21.133224310939422","0","21.947932942989137","32.64523461222877","4.625404556562748"
Baroda BNP Paribas Large Cap Fund,"Large Cap Fund","Growth","2578.6728","0","7.46","0","94.87805122076749","0.950353220462868","1.0235846905431352","17.76759734697631","27.403670601403938","2.16844882375151"
Bandhan Multi Cap Fund,"Multi Cap Fund","Growth","2551.6677","0","4.88","0","97.81861725778987","26.44526555988379","0","12.49522659461622","18.99732569662627","2.181382742210124"
NJ Flexi Cap Fund,"Flexi Cap Fund","Growth","2536.008467","0","19.18","0","97.30303767160095","15.292172800147036","0","12.90491353868181","20.93284939336127","2.696962328399041"
HSBC Arbitrage Fund,"Arbitrage Fund","Growth","2532.4467999999997","0","0.09","5.679226904193995","71.86996386261703","10.973399322741955","7.572001117654274","28.08092947895289","35.64594920611951","1.0283335468291401"
DSP Nifty 50 Equal Weight Index Fund,"Index Fund","Growth","2522.5117999999998","0","4.32","0","99.95249972666136","0","0","7.070464447381379","11.63298423420656","0.04750027333866179"
DSP Focused Fund,"Focused Fund","Growth","2489.7638","0","8.26","0","91.98055654917944","16.21403604631089","0","24.38907658630107","33.853869993611426","8.019443450820512"
Tata Treasury Advantage Fund,"Low Duration Fund","Growth","2460.2902987951","7.47","0.13","84.54152630776484","0","0","0","15.171621316985199","22.14494301428376","1.324702751072046"
Kotak Multi Asset Omni FOF,"FoFs (Domestic) - Hybrid","Growth","2451.3195","0","8.65","0","0","0","0","29.11204761354041","45.78408077771995","2.331817619041504"
Nippon India Innovation Fund,"Thematic Fund","Growth","2445.9545000000003","0","7.53","0","98.35879664002145","27.05184634082425","0","12.525492371140189","20.34572459250465","1.6412033599785676"
Nippon India Consumption Fund,"Sectoral Fund - Consumption","Growth","2442.8641000000002","0","16.28","0","96.95487421658679","13.610552554563794","0","19.75827485228968","29.246805201184813","3.0451257834132033"
Kotak Gilt Fund-PF&Trust,"Gilt - Short & Mid Term Fund","Growth","2441.6095","7.36","2.84","0","0","0","0","44.4751013624414","57.74493423293113","17.3426749854962"
Kotak Gilt Fund,"Gilt - Short & Mid Term Fund","Growth","2441.6095","7.36","2.84","0","0","0","0","44.4751013624414","57.74493423293113","17.3426749854962"
Motilal Oswal Arbitrage Fund,"Arbitrage Fund","Growth","2432.9865","6.06","0.07","10.08353724938467","-0.2130632455214939","-0.03772318506493875","13.120315299735537","87.23228838302222","89.28715387446658","75.75175201342053"
Kotak Dynamic Bond Fund,"Dynamic Bond Fund","Growth","2432.3675","7.72","0.41","39.9116704198687","0","0","0","28.278666772188","39.25980757430775","7.21209274503134"
ICICI Pru Housing Opp Fund,"Thematic Fund","Growth","2423.5338616079","0","5.17","0","97.26989306248217","19.96864920304058","0","22.677460135607838","34.27742978974171","1.978825211591872"
HDFC Infrastructure Fund,"Sectoral Fund - Infrastructure","Growth","2416.4764","0","6.65","0","96.63053195967483","37.38911333874396","0","16.40523366998329","23.44872476304755","0.5755735913663369"
HSBC Infrastructure Fund,"Sectoral Fund - Infrastructure","Growth","2412.9341","0","3.48","0","97.8940452621562","27.75580568072704","0","23.21221288223329","35.2459356432486","2.105954737843825"
Kotak Manufacture in India Fund,"Thematic Fund","Growth","2400.8889","0","3.12","0","98.12276697596506","23.81245471391483","0","13.68560759794026","21.59407244619821","1.497779553612095"
HDFC Income Plus Arbitrage Active FOF,"FoFs (Domestic) - Hybrid","Growth","2389.9431","0","0.25","0","0","0","0","99.4567163433323","99.99999999999996","0.5432836566676414"
Baroda BNP Paribas Mid Cap Fund,"Mid Cap Fund","Growth","2389.1825","0","1.76","0","92.63665709923792","19.051893273117482","0.830698366491467","12.68433449516728","18.36394247823262","5.196421788624351"
Kotak Infra & Eco Reform Fund,"Sectoral Fund - Infrastructure","Growth","2373.0153","0","7.69","0","99.79582095404106","40.38402955092621","0","20.397761447218677","27.798025575309218","0.20417904595895298"
Mirae Asset NYSE FANG+ETF FoF,"FoFs (Overseas)","Growth","2370.4853","0","1.99","0","0","0","0","100.03757880295647","99.99999999999997","0.0232441854838754"
Tata Business Cycle Fund,"Thematic Fund","Growth","2366.3371213190003","0","8.56","0","96.52280504922584","24.114376256334644","0","13.41022312750223","20.92214888802398","3.4767057978166327"
Motilal Oswal Nifty Microcap 250 Index Fund,"Index Fund","Growth","2344.6372","0","14.13","0","99.94687451005208","99.65296123425827","0","4.70782430646413","7.32213922051565","0.0531254899478691"
DSP Natural Res & New Energy Fund,"Sectoral Fund - Energy & Power","Growth","2342.6034","0","0.95","0","73.50749597648498","5.094076103535065","0","30.683930536428008","46.12870023154585","12.427340453787481"
Nippon India Nifty Midcap 150 Index Fund,"Index Fund","Growth","2336.7986","0","1.53","0","100.04052890327948","5.58177323538376","0","7.5661205206128","10.99160610912747","-0.040528903279462486"
SBI Dynamic Asset Allocation Active FoF,"FoFs (Domestic) - Hybrid","Growth","2322.3683","0","2.71","0","0","0","0","36.847140050955744","53.4183919062278","1.522023875368955"
Mirae Asset Low Duration Fund,"Low Duration Fund","Growth","2313.7443","7.18","0.17","83.82647123106905","0","0","0","10.90947690287124","17.18365335357065","4.082944688399665"
HDFC Diversified Equity All Cap Active FOF,"FoFs (Domestic) - Equity Oriented","Growth","2311.3048","0","6.77","0","0","0","0","73.1506420096561","96.4775437666204","3.522456233379514"
SBI Quality Fund,"Thematic Fund","Growth","2306.4283","0","2.04","0","96.13384903402375","14.77774964866672","2.16603741811527","17.81637868387238","26.65392199705493","1.700113547860997"
Franklin India Aggressive Hybrid Fund,"Aggressive Hybrid Fund","Growth","2305.633418427","7.58","6.17","16.845437475614784","70.04049872055273","10.672403152530492","23.428428098449814","15.84259028012373","24.657654850911438","5.75652030293482"
Bajaj Finserv Large and Mid Cap Fund,"Large & Mid Cap Fund","Growth","2303.998904","0","6.39","0","97.84863603884534","18.573299883085884","0","12.02865418034704","18.29076806416877","2.151363961154718"
Union Flexi Cap Fund,"Flexi Cap Fund","Growth","2294.0675","0","6.06","0","95.9795123726743","19.83765952832687","0.0558963500420105","13.56198542545065","20.70621287298652","3.9370245208565104"
Invesco India ELSS Tax Saver Fund,"Equity Linked Savings Scheme (ELSS)","Growth","2292.7197","0","11.16","0","98.65116781398541","27.21999739932771","0","9.292654517212341","14.043921459697161","1.348832186014563"
HDFC Gilt Fund,"Gilt - Short & Mid Term Fund","Growth","2271.8568","7.36","1.26","0","0","0","0","33.8835088549595","50.481958193843894","4.3271257237692"
Mahindra Manulife Aggressive Hybrid Fund,"Aggressive Hybrid Fund","Growth","2264.2928","7.35","6.59","15.48281211687817","77.0667291791945","6.969293017228161","20.077708147992162","14.635077230294591","20.040822459003532","1.734250093450807"
ICICI Pru Constant Maturity Gilt Fund,"Gilt - Long Term Fund","Growth","2256.2997385738","7.19","1.39","0","0","0","0","66.8921098645349","90.8229152787704","3.6836124719110197"
Edelweiss Money Market Fund,"Money Market Fund","Growth","2251.0575","7.06","0.06","89.73810753390353","0","0","0","17.91043542868185","27.64872509920337","2.082332414876116"
Nippon India Multi-Asset Omni FoF,"FoFs (Domestic) - Hybrid","Growth","2236.4241","0","1.82","0","0","0","0","58.8414628021093","85.13859994141882","2.04128852869951"
Axis Multi Asset Allocation Fund,"Multi Asset Allocation Fund","Growth","2228.778","7.15","5.89","7.998551134298703","64.80909422113821","5.652880008686376","11.25483318661616","21.431573400311706","28.996273294154886","5.783927335966149"
UTI Focused Fund,"Focused Fund","Growth","2213.674","0","11.9","0","97.65522651598602","1.4922990872358","0","22.605682605682613","32.79538266880039","2.32973549429248"
Bandhan Balanced Advantage Fund,"Balanced Advantage Fund","Growth","2208.746","6.89","2.15","21.4606658713685","66.86699135648432","9.088903820518153","31.41906758615683","11.20559355768489","17.864788399099062","1.713941057358812"
Mahindra Manulife Focused Fund,"Focused Fund","Growth","2207.7885","0","4.32","0","96.8687670943118","3.77396204391861","0","20.186186312683482","29.01953244162654","3.1312329056882007"
WOC Large & Mid Cap Fund,"Large & Mid Cap Fund","Growth","2180.3175","0","3.57","0","88.94455509346685","2.003942086416314","4.689225307782003","13.721065853940999","18.577899778357978","2.577959402701675"
Edelweiss Nifty PSU Bond Plus SDL Apr 2027 50:50 Index Fund,"Index Funds - Debt Oriented","Growth","2172.4209","6.68","0.09","50.69996794820009","0","0","0","28.7878053465606","40.813891083445185","2.6941556307067387"
ICICI Pru Quality Fund,"Thematic Fund","Growth","2169.9339751591997","0","5.76","0","92.67440959130852","13.933299513309766","0.3196272365610183","16.1860086076689","23.81518543494331","7.005963172130443"
HDFC CRISIL-IBX Financial Services 3-6 Months Debt Index Fund,"Index Funds - Debt Oriented","Growth","2162.5","6.93","0","97.38856878612717","0","0","0","31.012564161849724","45.8238104046243","2.6114312138728297"
UTI Infrastructure Fund,"Sectoral Fund - Infrastructure","Growth","2162.3879","0","6.56","0","96.53837778134061","19.365646653868165","0","31.10877562716657","40.21525462660973","2.51529339393739"
WOC Balanced Advantage Fund,"Balanced Advantage Fund","Growth","2152.3658","6.98","3.94","16.42095409618568","65.45384153567203","8.405852759786466","22.689470349324434","16.65524048003364","22.87512652356769","5.822681256132208"
Templeton India Value Fund,"Value Fund","Growth","2150.007447028","0","9.43","0","93.57783662699094","24.251173169132276","0","20.079383938728178","28.89087899944891","3.87064609636753"
BHARAT Bond ETF FOF - April 2033,"FoFs (Domestic) - Debt Oriented","Growth","2147.8927","7.52","1","0","0","0","0","100.29576114796151","100","0.22628253180978997"
Franklin India Dividend Yield Fund,"Dividend Yield Fund","Growth","2141.435079105","0","9.33","0","83.96626016917989","11.000752407150111","0","14.26724835397207","22.25424207609384","3.99600489890015"
SBI Credit Risk Fund,"Credit Risk Fund","Growth","2134.1606","8.58","0.27","75.32483262974682","0","0","0","16.75081059972713","26.00831914899001","3.072870898281979"
Axis Income Plus Arbitrage Active FOF,"FoFs (Domestic) - Hybrid","Growth","2117.734999","0","0.22","0","0","0","0","82.8890747425905","99.83381135977814","0.1661886402217626"
DSP Overnight Fund,"Overnight Fund","Growth","2115.5108","5.1","0","0","0","0","0","97.02877905421231","99.15090010412612","93.87229315964727"
Bandhan Midcap Fund,"Mid Cap Fund","Growth","2108.5492","0","1.84","0","95.13260441394311","12.318284820008467","0","11.983424248959391","18.01931366774874","4.851256527276888"
ICICI Pru Rural Opportunities Fund,"Thematic Fund","Growth","2104.389012432","0","8.07","0","94.9706536288323","8.648990225892533","0.949596290512172","21.96784897036418","31.8857300639742","4.079750080655509"
Motilal Oswal BSE Enhanced Value Index Fund,"Index Fund","Growth","2101.8668","0","9.67","0","100.40178568879818","4.748759531289042","0","25.072592611482328","40.150260711097395","-0.4017856887981671"
Tata Retirement Sav Fund - Prog Plan,"Solution Oriented, Retirement Fund - Equity Oriented","Growth","2086.411758367","0","1.8","0","0","18.15780602657824","0","14.43429844527487","22.51969670491824","4.18524090543589"
Tata Infrastructure Fund,"Sectoral Fund - Infrastructure","Growth","2084.204611956","0","13.26","0","93.56151448921023","36.21080174521428","0","14.947851003343668","21.968294157563548","5.538933715709333"
Axis Strategic Bond Fund,"Medium Duration Fund","Growth","2075.630702","8.39","0.4","70.3530623728007","0","0","0","11.997774748658319","17.887742988191487","3.60755485067747"
Mirae Asset Balanced Advantage Fund,"Dynamic Asset Allocation Fund","Growth","2067.5148","6.72","2.37","16.982978791735846","68.29138055021421","8.296632265945567","26.913243861664252","12.15213550103728","18.57619592372446","4.60490053082087"
Axis Business Cycles Fund,"Thematic Fund","Growth","2065.0517","0","4.42","0","93.44884498533378","20.439274377488946","0.481942413354591","10.86288759743884","16.8062272242385","3.421690653071793"
Bandhan Dynamic Bond Fund,"Dynamic Bond Fund","Growth","2061.4644","7.46","0.37","21.66661702080447","0","0","0","81.15065131110434","87.35132589068354","2.56761724492136"
Parag Parikh Arbitrage Fund,"Arbitrage Fund","Growth","2059.0186","6.34","0.07","15.462207498429649","66.32709199165552","2.3977664772833966","15.868215070243831","27.3335529101774","37.15663882007479","1.723472856061046"
Bandhan Focused Fund,"Focused Fund","Growth","2057.5334","0","4.33","0","96.74444452789626","38.67255732194257","0","22.459406512512523","32.471112555145254","3.255555472103773"
Bank of India Flexi Cap Fund,"Flexi Cap Fund","Growth","2033.6125","0","3.79","0.20417489664871","96.82747778287036","24.096558123396967","0.2243461098730512","11.74397268777521","18.00020682194954","2.9481761072565695"
SBI Nifty Next 50 Index Fund,"Index Fund","Growth","2028.5035999999998","0","10.09","0","100.04566913265523","0","0","10.546025158644031","17.21047968561653","-0.045669132655224015"
Quant Aggressive Hybrid Fund,"Aggressive Hybrid Fund","Growth","2024.4798999999998","0","0.61","7.17774970252853","72.35028117592078","0","22.832674209311733","25.4304772302259","40.02636430225858","4.02297893893637"
SBI Medium to Long Duration Fund,"Medium to Long Duration Fund","Growth","2024.1069","7.88","0.65","54.524812894022524","0","0","0","28.640977410827478","38.32687394129235","6.947345518164079"
Bandhan Large Cap Fund,"Large Cap Fund","Growth","2007.2695999999999","0","7.38","0","99.96418093228478","7.097516997554489","0","21.89008906568191","30.42429898240799","0.035819067715199035"
Sundaram Flexi Cap Fund,"Flexi Cap Fund","Growth","2003.889645","0","8.82","0","93.8577819268283","18.562059859719106","0","18.055364709269877","26.5626251012289","6.142218073171662"
HDFC NIFTY Next 50 Index Fund,"Index Fund","Growth","1993.7098999999998","0","10.35","0","100.04995123727372","0","0","10.54545729363428","17.21030171754823","-0.04995123727369702"
Axis CRISIL IBX SDL May 2027 Index Fund,"Index Funds - Debt Oriented","Growth","1993.3715","6.29","0.05","0","0","0","0","51.56271992294742","64.28832133589857","3.320125846966056"
Union Small Cap Fund,"Small Cap Fund","Growth","1979.6271","0","3.28","0","98.5940685495768","68.89153012706282","0.3089824341160006","12.278772098038061","19.419834169778742","1.096949016307161"
HDFC Pharma and Healthcare Fund,"Sectoral Fund - Pharma & Health Care","Growth","1976.8614000000002","0","0","0","97.29488003926288","29.6187891551337","0","22.677559212501613","34.668675953247174","2.7051199607371013"
Mirae Asset Banking and Financial Services Fund,"Sectoral Fund - Banks & Financial Services","Growth","1975.3842000000002","0","9.66","0","96.57905658098214","18.061222058392364","0","38.73989999886841","50.87406921107223","3.420943419017875"
Axis Nifty 100 Index Fund,"Index Fund","Growth","1975.1694","0","8.68","0","99.9879918654066","0","0","22.64013481577833","30.435660809650052","0.012008134593393005"
ICICI Pru PSU Equity Fund,"Thematic Fund","Growth","1975.0302937201","0","4.31","0","92.11645035444882","9.869362541920797","1.01179207547041","27.76586271834256","38.63256692447136","6.871757570080804"
Sundaram Money Market Fund,"Money Market Fund","Growth","1955.82557655923","7.07","0.06","84.95137807344668","0","0","0","18.95336285671147","26.924812195986355","8.947328999741227"
HSBC CRISIL IBX 50:50 Gilt Plus SDL Apr 2028 Index Fund,"Index Funds - Debt Oriented","Growth","1946.1632","6.6","0.08","0","0","0","0","46.469679418457844","58.82132598129491","1.2130226283180925"
Bandhan Aggressive Hybrid Fund,"Aggressive Hybrid Fund","Growth","1919.1082999999999","7.45","2.8","16.93112372296355","78.3488301838381","11.684515170354661","19.98862183901565","17.60045020264801","25.304846056497407","1.662547977146229"
ICICI Pru Active Momentum Fund,"Thematic Fund","Growth","1917.992598411","0","1.47","0","89.20094902438117","7.5818592897843144","0","16.41275363944567","22.735598685900488","10.799050975618812"
Bajaj Finserv Small Cap Fund,"Small Cap Fund","Growth","1902.772201","0","3.57","0","98.085474498734","81.40161292034855","0","9.775008590098171","15.862889209754062","1.763410564859001"
Canara Rob Consumption Fund,"Sectoral Fund - Consumption","Growth","1901.1632","0","12.88","0","97.27664095328582","14.963423445183457","0","15.872214442189911","24.83709972926047","2.723359046714149"
SBI CRISIL IBX Gilt Index - Apr 2029 Fund,"Index Funds - Debt Oriented","Growth","1896.7395000000001","6.5","0.51","0","0","0","0","100.00000000000001","100.00000000000001","3.6446702354224176"
Tata Retirement Sav Fund - Mod Plan,"Solution Oriented, Retirement Fund - Equity Oriented","Growth","1887.732897672","0","0.44","4.231366158664983","0","16.577380728171935","0","12.39182965004287","19.38444384048219","4.09125257963384"
Kotak Bond Fund,"Medium to Long Duration Fund","Growth","1882.0495999999998","7.55","0.62","29.085572452500717","0","0","0","20.5365310244746","31.69999876730136","6.84542532779158"
ICICI Pru Retirement Fund-Pure Equity Plan,"Solution Oriented, Retirement Fund - Equity Oriented","Growth","1868.8960842691001","0","2.79","0","0","21.813294138257735","0","13.200370104926488","18.95560181124498","3.268912850924607"
Aditya Birla SL Quant Fund,"Thematic Fund","Growth","1867.5317000000002","0","5.67","0","99.7299240732734","0","0","12.17265639352686","19.17071407273866","0.21452748601965127"
Axis Global Equity Alpha FoF,"FoFs (Overseas)","Growth","1859.1912","0","0.12","0","0","0","0","99.99999999999997","99.99999999999997","5.4809181722203695"
Bandhan Gilt Fund,"Gilt - Short & Mid Term Fund","Growth","1852.6579000000002","7.57","0.28","0","0","0","0","99.76410712407329","99.99999999999999","1.6835652057149793"
LIC MF Banking & PSU Fund,"Banking & PSU Fund","Growth","1847.9448000000002","7.25","0.45","87.90950357391625","0","0","0","14.77672926160998","21.389719000264506","2.6989009628426164"
Kotak Medium Term Fund,"Medium Duration Fund","Growth","1840.372","8.35","0.39","73.68753165120967","0","0","0","15.910190983127329","24.883947375856618","3.15462852075559"
SBI Income Plus Arbitrage Active FOF,"FoFs (Domestic) - Hybrid","Growth","1834.2806","0","0.09","0","0","0","0","98.9004878375804","100.7326368843789","1.099512162419632"
ICICI Pru BSE Sensex Index Fund,"Index Fund","Growth","1833.8263400359","0","12.09","0","99.9631840801301","0","0","33.466216871330644","44.525208422080745","0.0368159198698666"
Mirae Asset Equity Savings Fund,"Equity Savings","Growth","1831.5672","6.25","1.44","18.06106307964534","66.31129029189246","6.794661378818008","26.736080105902897","11.223802825381359","16.110042924674477","6.17357894931636"
DSP Banking & Financial Services Fund,"Sectoral Fund - Banks & Financial Services","Growth","1828.3248999999998","0","4.71","0","95.24747488807924","23.310851370016348","0","21.873699800292602","32.32013084764091","4.75252511192076"
Bandhan Innovation Fund,"Thematic Fund","Growth","1799.9619","0","2.37","0","99.1934734976679","37.25492265073876","0","13.24909383243504","20.15452620853928","0.806526502332099"
Kotak MNC Fund,"Thematic Fund - MNC","Growth","1791.7764000000002","0","1.2","0","98.94449858641126","28.199472027115288","0","21.212894210785432","31.36817363200168","1.055501413588752"
360 ONE Flexicap Fund,"Flexi Cap Fund","Growth","1787.1290564024","0","5.82","0","97.32313057957481","24.685372030765972","0","13.15440198339272","20.480742544436612","2.676869420425144"
HSBC Large Cap Fund,"Large Cap Fund","Growth","1783.5979","0","9.29","0","97.64017999796928","1.30929174114861","0","22.65875060740988","33.11376964505284","2.359820002030742"
Bank of India Small Cap Fund,"Small Cap Fund","Growth","1770.4415","0","3.28","1.108633630180464","95.53402934190193","79.52355936426662","1.4086009991561521","9.37527666361362","14.805479557722052","3.0573696589419024"
Aditya Birla SL Income Fund,"Medium to Long Duration Fund","Growth","1761.4814000000001","7.63","0.95","31.27308639194261","0","0","0","33.65667670405149","40.51854308538256","5.88536444381416"
Quant Value Fund,"Value Fund","Growth","1756.4507","0","2.57","0","88.34763196029357","31.459465386645917","5.883495619888449","36.13469481380832","54.47428726579118","-3.837813381269399"
Tata Focused Fund,"Focused Fund","Growth","1745.4056142568998","0","9.13","0","94.00616032156856","9.23178536174249","0","19.3631438583339","29.62717065741532","5.993839678431425"
Bank of India Liquid Fund,"Liquid Fund","Growth","1734.9398999999999","6.11","0","80.45062540783114","0","0","0","15.426061732743598","24.023126103676567","2.052428444351298"
Aditya Birla SL Gold Fund,"FoFs - Gold","Growth","1731.6301","0","9.84","0","0","0","0","100.00000000000003","100.00000000000003","0.03653205150453298"
HDFC NIFTY50 Equal Weight Index Fund,"Index Fund","Growth","1729.6992","0","4.32","0","100.25021113497642","0","0","7.091429538731351","11.66745639935543","-0.250211134976532"
Invesco India Largecap Fund,"Large Cap Fund","Growth","1721.89","0","6.13","0","98.67308016191515","5.846029653462177","0","18.98260051455088","27.464100494224382","1.3269198380848943"
Baroda BNP Paribas Large & Mid Cap Fund,"Large & Mid Cap Fund","Growth","1717.7235999999998","0","6.3","0","94.89405629636805","7.610374567829184","0.855789604334481","11.33603217653876","17.74269736993774","4.250154099297462"
ICICI Pru MNC Fund,"Thematic Fund - MNC","Growth","1714.7729138852","0","3.33","0","97.46355254780332","30.465754139791297","0","19.99244898400298","28.91089519700623","2.5364474521966653"
DSP World Gold Mining Overseas Equity Omni FoF,"FoFs - Gold","Growth","1709.6787","0","19.72","0","0","0","0","100.01313112223951","100","4.215447031070813"
Union Midcap Fund,"Mid Cap Fund","Growth","1705.4107999999999","0","2.08","0","98.05511375910135","15.29751658661949","0.33848736034743043","10.18286620443591","15.634878118515491","1.588362170569104"
UTI Multi Cap Fund,"Multi Cap Fund","Growth","1699.8756","0","5.81","0","96.09728710657849","32.70934906467096","0.498623273187676","12.34020357161797","18.23306974034844","3.37353481962934"
Axis CRISIL-IBX AAA Bond NBFC - Jun 2027 Index Fund,"Index Funds - Debt Oriented","Growth","1694.2317","7.56","0.21","94.5342881378031","0","0","0","33.62316423426617","50.89144701990877","5.46571186219688"
PGIM India Global Equity Opp FoF,"FoFs (Overseas)","Growth","1693.7223000000001","0","1.88","0","0","0","0","100","100","1.658672144778393"
LIC MF Low Duration Fund,"Low Duration Fund","Growth","1692.2179999999998","7.06","0.09","86.41058657927051","0","0","0","15.85234881085061","22.33768935208111","0.020836558883075007"
HSBC Consumption Fund,"Sectoral Fund - Consumption","Growth","1691.5987","0","9.94","0","98.1968122817782","29.77682591030604","0","17.33928974998622","25.990177221110432","1.803187718221825"
Invesco India Low Duration Fund,"Low Duration Fund","Growth","1689.9397","7.16","0.11","81.78732649454886","0","0","0","16.7079156729675","22.63586091267043","6.642361262949206"
Aditya Birla SL Business Cycle Fund,"Thematic Fund","Growth","1687.2820000000002","0","6.31","0","99.14777138617019","21.118639326443354","0","13.399443602195712","19.10270482349719","0.8522286138298166"
Kotak Consumption Fund,"Sectoral Fund - Consumption","Growth","1686.7775","0","9.62","0","99.20742955131901","41.210722813174804","0","20.41043943258669","31.46896374892361","0.7925704486809909"
Bandhan Nifty100 Low Volatility 30 Index Fund,"Index Fund","Growth","1683.8514000000002","0","8.98","0","99.93500075090503","0","0","12.34433163999106","20.005156146706447","0.06499924909495426"
HSBC Focused Fund,"Focused Fund","Growth","1678.4677","0","2.39","0","96.11903166203317","16.30952445495378","0","19.43231913250401","28.89747595381192","3.8809683379667788"
ICICI Pru FMCG Fund,"Sectoral Fund - Consumption","Growth","1676.2523707399","0","22.3","0","91.64494719383569","7.632854230865281","0","45.03964994643089","59.65351145535583","8.355052806164299"
Bajaj Finserv Multi Asset Allocation Fund,"Multi Asset Allocation Fund","Growth","1676.249401","6.8","6.73","4.11241394741292","62.319755655120886","10.940513310399774","4.11241394741292","22.32129605998518","31.60596788054631","12.30249674990195"
HDFC Transportation and Logistics Fund,"Thematic Fund","Growth","1674.3978","0","9.3","0","99.46966604948955","34.596372498817196","0","25.92515948121768","38.285782506403216","0.530333950510446"
Nippon India Gilt Fund-DMDO,"Gilt - Short & Mid Term Fund","Growth","1673.8976","7.27","1.61","0","0","0","0","41.4260578427907","57.37401639068925","11.768379711367402"
Nippon India Gilt Fund,"Gilt - Short & Mid Term Fund","Growth","1673.8976","7.27","1.61","0","0","0","0","41.4260578427907","57.37401639068925","11.768379711367402"
Invesco India Financial Services Fund,"Sectoral Fund - Banks & Financial Services","Growth","1673.1314000000002","0","5.35","0","98.42794773919131","19.8043740019463","0","33.67458766239161","43.069665658058895","1.5720522608086824"
Sundaram Balanced Advantage Fund,"Dynamic Asset Allocation Fund","Growth","1658.391739","7.06","4.73","7.784337789990066","74.51072989364678","7.882549706556122","20.836290397744644","16.95145317005081","24.085605916695222","2.0769639318727626"
DSP Nifty SDL Plus G-Sec Jun 2028 30:70 Index Fund,"Index Funds - Debt Oriented","Growth","1656.8298000000002","6.42","0.1","0","0","0","0","61.6672334116636","75.5573083004663","1.9206378349785842"
TRUSTMF Small Cap Fund,"Small Cap Fund","Growth","1656.4601","0","1.64","0","96.01837677828765","63.60025212801687","0","8.2359243062963","13.20755628221893","3.2576999590874536"
UTI Conservative Hybrid Fund,"Conservative Hybrid Fund","Growth","1652.1926","7.66","2.33","36.075315916558395","24.406252636647807","4.05479966439748","70.86112115500332","13.17642386244802","19.2015809779078","4.16818232934831"
UTI Quant Fund,"Thematic Fund","Growth","1643.6742000000002","0","5.68","0","95.71867709549737","4.459296130583543","1.236814448994819","12.212219428886808","19.820783218474787","3.03112380786901"
SBI Constant Maturity 10 Year Gilt Fund,"Gilt - Long Term Fund","Growth","1643.3976","7.23","1.51","0","0","0","0","86.1106222864144","99.63622315135423","1.777190133416287"
Tata NIFTY 50 Index Fund,"Index Fund","Growth","1634.682307878","0","10.11","0","100.02675701082055","0","0","27.7416839843748","37.293778556358966","-0.026757010820509703"
LIC MF Multi Cap Fund,"Multi Cap Fund","Growth","1632.3596","0","2.85","0","93.61572616651799","27.22157748972637","0","12.87135158822109","18.002998682020422","6.384273833482086"
HDFC Developed World Overseas Equity Passive FOF,"FoFs (Overseas)","Growth","1623.1621","0","0","0","0","0","0","93.7693776856915","99.64217375454992","0.3578262454501614"
Aditya Birla SL Conglomerate Fund,"Thematic Fund","Growth","1622.5086","0","5","0","99.14519405320874","18.04472407727148","0","24.18947424993618","32.566779615220526","0.854805946791284"
HDFC Retirement Savings Fund-Hybrid-Equity Plan,"Solution Oriented, Retirement Fund - Equity Oriented","Growth","1616.2244","6.86","8.27","7.101916045816408","0","21.16393614649056","0","17.679593254501043","25.999366177122432","7.2459183266878044"
Sundaram Fin Serv Opp Fund,"Sectoral Fund - Banks & Financial Services","Growth","1612.718378","0","8.76","0","95.81502540098327","28.23088365674414","0","35.57024970275332","46.81867528130723","3.218384756050527"
Canara Rob Manufacturing Fund,"Thematic Fund","Growth","1608.6659","0","3","0","97.56425495188277","28.31474204805359","0","15.113784658455181","23.04397078349208","2.435745048117188"
Bandhan Income Plus Arbitrage Active FOF,"FoFs (Domestic) - Hybrid","Growth","1600.8057999999999","7.35","0.23","0","0","0","0","100.16213945803212","100.1646819276409","0.25733679314753644"
Edelweiss Nifty Midcap150 Momentum 50 Index Fund,"Index Fund","Growth","1585.7122","0","8.92","0","100.08142082781481","0.76692983758339","0","16.36740260937641","25.414794689729952","-0.08142082781478249"
SBI Retirement Benefit Fund-Aggressive Hybrid Plan,"Solution Oriented, Retirement Fund - Equity Oriented","Growth","1581.777","4.29","4.74","0.342595700911064","0","14.494628509581322","0","17.33302481955422","26.601910383069168","6.72153533652342"
Sundaram Business Cycle Fund,"Thematic Fund","Growth","1576.415044","0","7.48","0","99.19543034444388","43.85644655375849","0","11.822127740961829","18.97730447663301","0.804569655556113"
Aditya Birla SL CRISIL-IBX Financial Services 9-12 Months Debt Index Fund,"Index Funds - Debt Oriented","Growth","1576.0983999999999","7.28","0.14","98.57312842903715","0","0","0","26.575605939324596","40.031923133733265","1.42687157096283"
SBI Long Duration Fund,"Long Duration Fund","Growth","1569.8996","7.72","2.44","0","0","0","0","97.28533595396799","102.35829093784085","2.2031536284231104"
Quant Quantamental Fund,"Thematic Fund","Growth","1569.1317000000001","0","2.7","0","80.3051776979587","11.02079576876817","6.714203785443882","39.06535697417881","57.31973931824846","-4.280889870493301"
Franklin India Technology Fund,"Sectoral Fund - Technology","Growth","1556.240837394","0","19.63","0","88.90773705820786","8.39057118257943","0","40.82530684362735","54.11469882882043","3.92497457146238"
SBI Nifty Smallcap 250 Index Fund,"Index Fund","Growth","1549.0042999999998","0","10.56","0","100.10321469088242","90.0551083040893","0","4.06738057473436","6.53241569439154","-0.10321469088239402"
Kotak Global Emerging Market Overseas Equity Omni FOF,"FoFs (Overseas)","Growth","1540.2767000000001","0","3.42","0","0","0","0","100.00000000000006","100.00000000000006","-0.66508829225294"
PGIM India Small Cap Fund,"Small Cap Fund","Growth","1539.3352","0","1.77","0","95.42180286658814","62.51110219528537","0.158126703007896","9.7270367103929","15.31764491580521","4.42007043040398"
WOC Special Opp Fund,"Thematic Fund","Growth","1538.5810000000001","0","2.31","0","90.97392987434525","40.77784010071619","3.745152188932531","11.58709226228584","16.50598181051242","3.51501155935242"
iSIF Equity Ex-Top 100 Long-Short Fund,"Mid Cap Fund","Growth","1535.221174325","0","1.29","0","78.63201864257543","25.88520186185714","4.47664487367544","20.82659523899409","25.96786747520485","17.041901108485717"
Axis Value Fund,"Value Fund","Growth","1523.4623000000001","0","3.85","0","94.15715846726236","14.546676803226438","0","15.96461770009012","23.6527612793569","5.834270004580998"
UTI Floater Fund,"Floating Rate Fund","Growth","1521.3057999999999","6.72","0.14","83.27560441825702","0","0","0","18.3548304358006","26.47012191763154","5.42331462878797"
Invesco India PSU Equity Fund,"Thematic Fund","Growth","1520.1529999999998","0","5.55","0","97.59613012637543","9.14936193922585","0","22.76469539579239","34.74180559456844","2.40386987362457"
SBI CRISIL IBX SDL Index - Sep 2027 Fund,"Index Funds - Debt Oriented","Growth","1518.4025","6.53","0.08","0","0","0","0","56.0395234626406","75.30426794269708","2.843106246134269"
Aditya Birla SL Dynamic Bond Fund,"Dynamic Bond Fund","Growth","1504.1691","8.71","0.55","69.9407466886536","0","0","0","19.727815177163258","29.070468207331206","-8.64964584101615"
Bandhan Infrastructure Fund,"Sectoral Fund - Infrastructure","Growth","1501.9054","0","15.07","0","95.42816330754663","39.197809365474335","0","15.79596865841447","24.8204986706368","4.571836692453423"
Edelweiss Business Cycle Fund,"Thematic Fund","Growth","1498.4686","0","12.61","0","97.09064974734875","1.99289461253976","0.662135996710242","10.67642658644966","17.07906325164238","2.219619416783245"
Bajaj Finserv Large Cap Fund,"Large Cap Fund","Growth","1483.499301","0","7.43","0","92.99358435828043","0","0","19.86286161375337","28.33158168662432","3.7256891189635404"
DSP Income Plus Arbitrage Omni FoF,"FoFs (Domestic) - Hybrid","Growth","1482.1688000000001","6.42","0.36","0","0","0","0","99.36532869940321","100.00000000000001","0.634671300596801"
Aditya Birla SL Regular Savings Fund,"Conservative Hybrid Fund","Growth","1479.2756","7.99","0.85","58.38441464186933","20.519083800206","2.7052159854458493","73.34436530961506","10.09893626312771","15.0966594730556","3.92090561082735"
Aditya Birla SL Regular Savings Fund(Payment),"Conservative Hybrid Fund","Growth","1479.2756","7.99","0.85","58.38441464186933","20.519083800206","2.7052159854458493","73.34436530961506","10.09893626312771","15.0966594730556","3.92090561082735"
Aditya Birla SL Dividend Yield Fund,"Dividend Yield Fund","Growth","1475.1729","0","7.21","0","98.80728557310123","15.632479419870029","0","14.65856646363284","23.13787082178638","1.192714426898704"
DSP Value Fund,"Value Fund","Growth","1469.2078","0","0.48","0","76.17089260025085","11.647894776493938","0","19.76829802005389","26.22659199837085","18.27535097726004"
ICICI Pru Passive Multi-Asset FoF,"FoFs (Domestic) - Hybrid","Growth","1468.692425469","0","1.7","0","0","0","0","36.52394257841977","45.84111454473794","3.828302503829218"
Invesco India Infrastructure Fund,"Sectoral Fund - Infrastructure","Growth","1456.9376000000002","0","4.78","0","98.00598872594131","51.545049012394216","0","19.95051812788688","28.365030870230818","1.994011274058685"
Aditya Birla SL Transportation and Logistics Fund,"Thematic Fund","Growth","1454.7826","0","8.49","0","99.06554422633324","26.036378218986133","0","26.459589219722613","38.40048678063653","0.8726733465192709"
Sundaram Ultra Short Duration Fund,"Ultra Short Duration Fund","Growth","1454.242176","7.03","0.03","90.53207575568675","0","0","0","14.32935984928865","19.80768789558416","2.205160921304128"
Motilal Oswal Business Cycle Fund,"Thematic Fund","Growth","1454.0564000000002","0","16.82","0","94.74261796330457","21.70197140205959","0","25.89349063747821","39.67777508438809","5.25738203669542"
Axis Aggressive Hybrid Fund,"Aggressive Hybrid Fund","Growth","1451.4486","8.13","5.53","21.661715406250003","70.46999507939861","8.650995288431151","24.500304798943617","15.18410731182627","21.77797815230936","2.348734705452242"
ICICI Pru Nifty SDL Sep 2027 Index Fund,"Index Funds - Debt Oriented","Growth","1449.12061201","6.57","0.07","0","0","0","0","30.99899320160249","43.39255785809367","1.63167315501803"
HSBC Balanced Advantage Fund,"Balanced Advantage Fund","Growth","1447.6933","0","3.24","15.50272669966139","70.63986392667593","9.364192452478331","27.399997768593007","14.54353382082492","21.31180964185651","1.960138304730986"
Kotak Banking & Financial Services Fund,"Sectoral Fund - Banks & Financial Services","Growth","1446.7798","0","8.76","0","97.82041468922915","14.379548290624461","0","33.45117204428764","47.31579746966336","2.17958531077086"
Axis Services Opportunities Fund,"Sectoral Fund - Service Industry","Growth","1442.831803","0","8.53","0","96.45906162960043","15.78324327882375","0","22.04818534551038","32.24577962625952","3.540938370399636"
Kotak Active Momentum Fund,"Thematic Fund","Growth","1441.8264000000001","0","2.91","0","96.24010213712272","2.343076808692088","0","11.4448660393512","18.02732284552426","3.759897862877253"
Edelweiss Large Cap Fund,"Large Cap Fund","Growth","1439.0281","0","8.19","0","94.89716705323549","0.7338842097662995","1.138997911159622","18.81093913315521","27.382251951855547","3.954140992799235"
Kotak Special Opportunities Fund,"Thematic Fund","Growth","1428.9064","0","3.21","0","99.96901126623825","62.31568421836448","0","14.124913990167581","22.70000330322546","0.030988733761706966"
Sundaram Consumption Fund,"Sectoral Fund - Consumption","Growth","1427.616489","0","16.72","0","98.4414525697508","17.472547741050064","0","25.24077552889613","39.15151766347911","1.5585474302492068"
Mirae Asset Ultra Short Duration Fund,"Ultra Short Duration Fund","Growth","1419.7329","6.76","0.03","82.00554484579456","0","0","0","21.90702913202899","29.29133360225715","5.633383575178118"
Zerodha Nifty LargeMidcap 250 Index Fund,"Index Fund","Growth","1410.1801999999998","0","4.31","0","100.06772893279877","2.8331414666012167","0","11.1023257878674","15.1466812539277","-0.067728932798849"
Baroda BNP Paribas Multi Asset Fund,"Multi Asset Allocation Fund","Growth","1408.4605","6.88","1.47","8.321561023543081","67.83651369704724","6.237604817458493","11.730985710994384","19.28510597208797","28.401399968263227","2.081336324305866"
Mahindra Manulife Flexi Cap Fund,"Flexi Cap Fund","Growth","1406.7131","0","8.07","0","98.26053103736221","14.07954211318946","0","15.867241567381381","22.142516854731223","1.7190924392462523"
Aditya Birla SL Nifty 50 Index Fund,"Index Fund","Growth","1406.5444","0","10.02","0","99.96236165740669","0","0","27.707991301234472","37.248472213177244","0.03763834259338"
Bank of India ELSS Tax Saver,"Equity Linked Savings Scheme (ELSS)","Growth","1402.5914000000002","0","8.62","1.01273970452122","96.31925591444518","22.609221759095334","1.1329243855338091","11.16809214714991","17.346919423575528","2.547819700020978"
PGIM India Emerging Markets Equity FoF,"FoFs (Overseas)","Growth","1389.7744","0","6.48","0","0","0","0","99.99999999999997","99.99999999999997","1.4924868381515781"
Mirae Asset Overnight Fund,"Overnight Fund","Growth","1389.2739000000001","5.33","0","0","0","0","0","99.92358598257697","100.00000000000003","94.61636758597426"
Helios Mid Cap Fund,"Mid Cap Fund","Growth","1381.7311","0","1.66","0","98.96798298887533","33.17406693675782","0","10.01692007945686","15.47341592007303","1.032017011124666"
Aditya Birla SL G-Sec Fund,"Gilt - Short & Mid Term Fund","Growth","1378.4737","7.76","3.45","0","0","0","0","56.057580206281784","72.13056730788554","1.892731069152786"
Aditya Birla SL G-Sec Fund,"Gilt - Short & Mid Term Fund","Growth","1378.4737","7.76","3.45","0","0","0","0","56.057580206281784","72.13056730788554","1.892731069152786"
Axis Multi-Asset Active FoF,"FoFs (Domestic) - Hybrid","Growth","1374.4226999999998","0","3.36","0","0","0","0","39.229954365567394","57.89347643923512","1.225829797485138"
ICICI Pru Exports & Services Fund,"Sectoral Fund - Service Industry","Growth","1365.6523287019","0","6.08","0","91.17165283081235","23.509036176518727","0","19.3992566359713","29.21686520164792","8.828347169187671"
ITI Multi Cap Fund,"Multi Cap Fund","Growth","1364.6357999999998","0","1.78","0","97.30520773381443","27.96646548478356","0","11.62012604388659","17.48091322241437","2.678121151445687"
Tata Gold ETF FoF,"FoFs - Gold","Growth","1364.1889649101001","0","11.59","0","0","0","0","99.99999999999999","99.99999999999999","0.0806607397071778"
Tata India Innovation Fund,"Thematic Fund","Growth","1363.2954187632","0","6.52","0","95.02935183155847","31.19550569500379","0","12.340406758839261","18.87133166143847","4.97064816844151"
Aditya Birla SL CRISIL IBX 60:40 SDL + AAA PSU - Apr 2027 Index Fund,"Index Funds - Debt Oriented","Growth","1362.6047","6.44","0.03","38.130875374200606","0","0","0","19.0444227882085","29.100516092451468","2.397892800457832"
ITI Mid Cap Fund,"Mid Cap Fund","Growth","1358.0471","0","1.98","0","96.43683197732977","11.003742064616164","0","6.94183581703462","10.71127061793365","3.17791628876495"
Aditya Birla SL Credit Risk Fund,"Credit Risk Fund","Growth","1353.3064000000002","8.15","0.26","67.52770104390255","0","0","0","22.266672203722642","27.769431963079434","15.807913123000041"
ICICI Pru Nifty 100 Low Volatility 30 ETF FOF,"FoFs (Domestic) - Equity Oriented","Growth","1352.8011421618","0","9.59","0","0","0","0","99.99999999999997","99.99999999999997","0.027006346344170207"
LIC MF Large Cap Fund,"Large Cap Fund","Growth","1352.1067","0","11.35","0","93.03086805205537","3.0997627628056237","0","23.142249054752853","34.50183332424874","6.8152387677688395"
ICICI Pru ESG Exclusionary Strategy Fund,"Thematic Fund","Growth","1350.7549125188002","0","10.74","0","97.75114550853966","24.186053070930672","0","19.87586330516219","29.986135622835462","2.1855491507152918"
UTI Banking and Financial Services Fund,"Sectoral Fund - Banks & Financial Services","Growth","1350.2907","0","9.96","0","96.86881498924637","8.845354559577425","0","38.70874619813349","54.286880595415504","3.11563280410658"
Nippon India Credit Risk Fund,"Credit Risk Fund","Growth","1343.4345","8.79","0.3","82.90604239610029","0","0","0","15.99110305687706","23.396272260755183","3.807936128691743"
Tata Resources & Energy Fund,"Sectoral Fund - Energy & Power","Growth","1343.333169455","0","2.68","0","95.81611094455427","22.513238478485366","0","14.91744598857036","22.22937740167244","4.18388905544573"
UTI Gold ETF FoF,"FoFs - Gold","Growth","1333.0447","0","10.76","0","0","0","0","99.99999999999962","99.99999999999962","-0.0866212513353837"
Motilal Oswal Focused Fund,"Focused Fund","Growth","1331.8995000000002","0","11.1","0","93.26448599443599","30.824809795665658","0","12.51873420264451","20.718139796707227","6.735514005563999"
Union Multicap Fund,"Multi Cap Fund","Growth","1329.1604","0","2.59","0","94.78394782149695","31.81402334887497","0.0553131134511681","9.6536956713426","14.3490055827724","5.14968697532668"
Nippon India Nifty Alpha Low Volatility 30 Index Fund,"Index Fund","Growth","1328.6654999999998","0","18.25","0","99.97006543335205","0","0","13.18994103539063","21.167727587779382","0.029934566647912678"
HDFC Technology Fund,"Sectoral Fund - Technology","Growth","1328.4770999999998","0","26.76","0","98.77096865275279","22.18608058806584","0","40.2957868073149","53.42853858753001","1.2290313472471557"
Sundaram Value Fund,"Value Fund","Growth","1323.0391200000001","0","10.06","0","98.34679914632957","24.675649673631842","0","17.72313426178809","26.604674347035846","1.653200853670433"
Quant Momentum Fund,"Thematic Fund","Growth","1318.9129","0","7.01","0","66.12319130398977","13.16853448017681","6.40447144007766","43.31843293063552","61.87355510739184","-3.7832596830313996"
Edelweiss Equity Savings Fund,"Equity Savings","Growth","1313.1794","6.69","0.27","8.333027459919023","65.91729203184268","7.356869899116608","11.032072236283929","16.39194157325344","24.3182995407939","8.575743725495546"
Mahindra Manulife Business Cycle Fund,"Thematic Fund","Growth","1306.3953","0","3.13","0","97.24901031104444","26.802499978375607","0","11.32102205205423","17.21851724359388","2.750989688955554"
Mirae Asset Gold Silver Passive FoF,"FoFs - Gold","Growth","1306.3553","0","18.68","0","0","0","0","100.18971867760634","100.18971867760634","2.388209394488616"
DSP Global Innovation Overseas Equity Omni FoF,"FoFs (Overseas)","Growth","1306.0213","0","1.38","0","0","0","0","79.5529215335155","94.5310233454844","3.678446898224404"
Baroda BNP Paribas India Consumption Fund,"Sectoral Fund - Consumption","Growth","1301.4157","0","15.56","0","96.81003926701756","11.051305586407246","0.699246890086878","20.377176452980407","30.8654499711589","2.4519020256696358"
Sundaram ELSS Tax Saver Fund,"Equity Linked Savings Scheme (ELSS)","Growth","1296.12718102","0","9.17","0","94.43623512443101","18.74893789040064","0","18.36198819946639","27.00410694244794","5.563764875568994"
Bandhan Medium Duration Fund,"Medium Duration Fund","Growth","1294.2637","7.44","0.37","68.85896411012202","0","0","0","45.413402586795506","60.8761011668342","2.4247170846716193"
ITI Flexi Cap Fund,"Flexi Cap Fund","Growth","1290.3286","0","2.9","0","91.85557074376251","21.079010416416402","0","13.444203282791689","21.18444867454694","7.74024539175525"
Franklin India Corp Debt Fund-A,"Corporate Bond Fund","Growth","1283.404421377","7.51","0.16","80.16794718441808","0","0","0","20.04694829711617","30.44443761913569","7.855956693200697"
Bank of India Mid & Small Cap Equity & Debt Fund,"Aggressive Hybrid Fund","Growth","1281.951","7.2","1.99","15.580003006394776","79.72468875815584","29.49105867552449","18.119515599199662","7.70168950070965","12.46672395511414","2.155795642644554"
DSP Gilt Fund,"Gilt - Short & Mid Term Fund","Growth","1278.9206","7.8","2.05","0","0","0","0","72.1395870994394","85.71369894224486","0.548082252150475"
Canara Rob Multi Asset Allocation Fund,"Multi Asset Allocation Fund","Growth","1271.2161","5.97","3.5","7.846376395012624","68.75695642935925","5.479564017479006","10.966900120286395","24.26935908064726","33.41349279638607","6.977664930455193"
Canara Rob Value Fund,"Value Fund","Growth","1267.4917","0","8","0","95.7114985447242","21.635826096533812","0","18.291890984374888","26.67334231853353","4.288501455275809"
ICICI Pru Children's Fund,"Solution Oriented - Children's Fund","Growth","1266.3145178706","0","2.32","9.107823867860889","0","34.476195733013","0","20.586959064164223","27.151882926710883","5.700656929119723"
Quant Liquid Plan,"Liquid Fund","Growth","1266.3058","5.63","0","47.1329358200839","0","0","0","56.88874677822688","64.7797791023306","32.792726685765764"
DSP NIFTY Next 50 Index Fund,"Index Fund","Growth","1261.0303999999999","0","10.14","0","99.8823581096855","0","0","10.52886591790334","17.18263096591487","0.1176418903144606"
Baroda BNP Paribas Arbitrage Fund,"Arbitrage Fund","Growth","1255.4115","6.38","0.08","0","-0.3058837679916091","-0.058466885160758","0","93.34164136619749","100.33637576205096","73.41787135134571"
Bajaj Finserv Multi Cap Fund,"Multi Cap Fund","Growth","1251.030604","0","1.72","0","98.06437612317394","35.190699572016875","0","12.88667639304747","18.84700286307946","1.213514361679115"
WOC Arbitrage Fund,"Arbitrage Fund","Growth","1245.5734","6.23","0.04","9.507131414334948","72.14755067826593","4.276592611884619","16.34652763137041","15.435228465861591","21.398819210493745","0.768208441188613"
SBI US Specific Equity Active FoF,"FoFs (Overseas)","Growth","1242.6228999999998","0","0","0","0","0","0","100.00000000000004","100.00000000000004","3.177947227594149"
Union Balanced Advantage Fund,"Balanced Advantage Fund","Growth","1241.3718","7.01","4.64","23.570899548386716","67.81038525283077","8.892815190420787","25.00387877346658","13.51717511224276","20.50133569974765","7.16625752252468"
Tata India Pharma & Healthcare Fund,"Sectoral Fund - Pharma & Health Care","Growth","1229.4218153961","0","0.2","0","99.57811528684893","38.042686003434866","0","21.23655546102119","31.776006560417933","0.421884713151087"
Bajaj Finserv Balanced Advantage Fund,"Balanced Advantage Fund","Growth","1228.803196","6.96","4.93","0","78.60739945989722","5.393731233772828","0.5778286547430865","24.30250010742157","33.13281728107476","14.64021016546829"
UTI Banking & PSU Fund,"Banking & PSU Fund","Growth","1206.4258","7.19","0.15","87.81239592190417","0","0","0","18.94434784136745","28.493969542096988","2.56733567866334"
Navi Nifty Next 50 Index Fund,"Index Fund","Growth","1192.9254429999999","0","9.93","0","99.97298422949304","0","0","10.5377334968955","17.19667563499188","-0.00590364472594951"
Aditya Birla SL Silver ETF FOF,"FoFs (Domestic) - Silver","Growth","1189.1665","0","28.37","0","0","0","0","100.00000000000034","100.00000000000034","-0.007864605981658002"
Franklin India Dynamic Asset Allocation Active FOFs,"FoFs (Domestic) - Hybrid","Growth","1181.185865106","0","3.82","0","0","0","0","97.41240591928121","99.99999888781713","2.5875917643497"
Navi Nasdaq100 US Specific Equity Passive FOF,"FoFs (Overseas)","Growth","1179.091645","0","0","0","0","0","0","99.99999999999999","99.99999999999999","0.143742007433188"
Aditya Birla SL Infrastructure Fund,"Sectoral Fund - Infrastructure","Growth","1168.6306","0","2.71","0","95.868591837318","31.85911784271266","0","15.41784033380608","23.06265983451058","4.131408162682029"
Canara Rob Balanced Advantage Fund,"Balanced Advantage Fund","Growth","1165.3403","6.86","5.57","12.841081699482979","73.41891462948635","10.25297074167949","22.066824600505115","16.59815592063537","23.46201362812219","4.496334675802437"
WOC Large Cap Fund,"Large Cap Fund","Growth","1163.5677","0","7.51","0","86.52714405874276","1.6421562750495728","3.924197964587705","24.29269908403267","33.21202539396719","4.658981166287102"
JM Midcap Fund,"Mid Cap Fund","Growth","1161.709069945","0","3.03","0","99.34669310369078","24.46058674126159","0","10.57726183594464","16.64131606540289","0.653306896309187"
Axis Silver FoF,"FoFs (Domestic) - Silver","Growth","1160.5016","0","29.22","0","0","0","0","99.99999999999997","99.99999999999997","0.061313831880973"
Aditya Birla SL Mfg. Equity Fund,"Thematic Fund","Growth","1157.6338","0","1.57","0","98.42757701096842","25.294717552303663","0","13.804564103086829","21.220121596311365","1.5724229890315924"
ICICI Pru Retirement Fund-Hybrid Aggressive Plan,"Solution Oriented, Retirement Fund - Equity Oriented","Growth","1156.5549189202","6.99","1.27","8.601243086050431","0","18.366875322991618","0","11.94267541821161","16.53269523755257","7.119819177897765"
Unifi Dynamic Asset Allocation Fund,"Dynamic Asset Allocation Fund","Growth","1150.255211001","10.17","0.07","36.60776068801568","35.770044089339535","2.8742686665376533","52.11355858529911","15.33332403547197","24.19240371261326","6.24623613226631"
HSBC Business Cycles Fund,"Thematic Fund","Growth","1149.1152","0","8.08","0","98.33742517721461","37.838347277975245","0","13.53892107597219","20.10686134862719","1.662574822785397"
DSP Nifty Top 10 Equal Weight Index Fund,"Index Fund","Growth","1147.6349","0","15.38","0","100.13646467455143","0","0","31.743565346696702","51.9514873228189","-0.13646467455143796"
Baroda BNP Paribas Aggressive Hybrid Fund,"Aggressive Hybrid Fund","Growth","1145.5697","7.25","3.21","20.262832180090534","69.63155361400705","8.096287434119244","26.126510100263356","14.532013383083001","23.202269661891208","2.546598348033767"
UTI Healthcare Fund,"Sectoral Fund - Pharma & Health Care","Growth","1143.575","0","0","0","95.2531666047264","37.79606934394332","0","20.06441204118664","27.83676628117965","4.73896333865292"
DSP Business Cycle Fund,"Thematic Fund","Growth","1142.9267","0","4.24","0","90.19168945830035","13.569146647812143","0","23.42561425855219","34.16882290001625","9.779962267046521"
Canara Rob Savings Fund,"Low Duration Fund","Growth","1139.5447","7.03","0.15","85.74961561402549","0","0","0","18.774296436111708","28.01226665351521","4.577012204962208"
Nippon India Taiwan Equity Fund,"Thematic Fund - Global","Growth","1138.6694","0","7.26","0","85.0537548983775","0","0","26.62963402014578","36.927196916685766","14.946245101622544"
Motilal Oswal Nifty Smallcap 250 Index Fund,"Index Fund","Growth","1117.0271","0","10.2","0","100.06715145944084","90.02209525623861","0","4.06612337337205","6.5304324308694","-0.0671514594408678"
Bandhan Business Cycle Fund,"Thematic Fund","Growth","1108.4288000000001","0","8.7","0","96.77772921155632","21.543018041446192","0","14.89120034112179","22.35237078802368","3.2222707884436925"
Union Innovation & Opp Fund,"Thematic Fund","Growth","1105.1492","0","7.03","0","97.17987399348429","47.25425309089486","0.0430077676389758","12.428991488208109","19.55029239490922","2.736209735300897"
HDFC Nifty G-Sec Dec 2026 Index Fund,"Index Funds - Debt Oriented","Growth","1100.6468","5.69","0.02","0","0","0","0","94.37985010268504","99.51550306601533","2.881069567457975"
Kotak CRISIL-IBX Financial Services 9 to 12 Months Debt Index Fund,"Index Funds - Debt Oriented","Growth","1100.5339","7.27","0.11","98.40697319728176","0","0","0","26.7797293659014","43.89293233038982","1.593026802718208"
UTI Children's Equity Fund-Scholarship,"Solution Oriented - Children's Fund","Growth","1096.0537","5.22","8.68","0","0","8.368130138149255","0","19.37074798433691","28.13101219401932","4.20030514928236"
UTI Children's Equity Fund,"Solution Oriented - Children's Fund","Growth","1096.0537","5.22","8.68","0","0","8.368130138149255","0","19.37074798433691","28.13101219401932","4.20030514928236"
Aditya Birla SL Equity Savings Fund,"Equity Savings","Growth","1087.3711","6.95","0.51","8.280861979870533","64.69423364295778","5.1605565018235255","17.104418169657073","18.381332739117312","26.605737452466784","4.553937473600323"
Baroda BNP Paribas Flexi Cap Fund,"Flexi Cap Fund","Growth","1086.8002999999999","0","5.4","0","91.25657568585667","7.9684777147635","1.22521376084057","15.613459523380088","22.592879739502987","7.518210553302775"
HDFC Housing Opp Fund,"Thematic Fund","Growth","1086.2417","0","12.62","0","96.04793646220858","24.104881396453884","0","24.553508602006332","39.131454816080485","3.952005589524282"
HSBC India Export Opportunities Fund,"Thematic Fund","Growth","1086.1831","0","1.09","0","99.08408122455778","39.39109638189552","0","13.495080751847471","20.71092743046226","0.9159187754421749"
DSP NIFTY 50 Index Fund,"Index Fund","Growth","1085.2589","0","10","0","99.9657132505433","0","0","27.708807548134363","37.24958164360596","0.03428674945674301"
TRUSTMF Flexi Cap Fund,"Flexi Cap Fund","Growth","1081.3157","0","6.67","0","91.89176666906803","15.06085595538843","0","16.53057474334276","24.8090821209754","7.34229605655407"
SBI Comma Fund,"Thematic Fund","Growth","1081.0245","0","1.87","0","94.06812704059902","27.465122205833445","1.1934512122528211","20.1406166095218","29.58651723434575","4.7813717450437085"
Sundaram Equity Savings Fund,"Equity Savings","Growth","1079.019654","6.48","2.82","5.532557680453782","80.57121866798782","4.394381696245605","12.408320267638135","25.928660559513833","38.28877805514358","7.017020163209629"
Aditya Birla SL Income Plus Arbitrage Active FOF,"FoFs (Domestic) - Debt Oriented","Growth","1074.8567","7.27","0.21","0","0","0","0","82.2896577748457","100.0755077397759","0.1662826309776918"
Bank of India Multi Cap Fund,"Multi Cap Fund","Growth","1074.3857","0","2.32","0","98.12531011907548","28.69038558499057","0.112073345726772","13.7515233123449","20.62903480565685","1.762616535197742"
Invesco India Ultra Short Duration Fund,"Ultra Short Duration Fund","Growth","1073.2742","6.88","0.02","80.33553774049541","0","0","0","17.63080674071919","26.95701620331505","9.20179577595362"
Axis Dynamic Bond Fund,"Dynamic Bond Fund","Growth","1073.086801","7.28","0.61","47.481044407024314","0","0","0","34.193825165977046","45.13689217563309","12.09978663311575"
Axis ESG Integration Strategy Fund,"Thematic Fund","Growth","1072.2227","0","11.5","0","86.25138602269848","9.349352238112463","0","26.92133919567267","35.05302135461223","13.748613977301515"
Kotak Nifty Next 50 Index Fund,"Index Fund","Growth","1066.5586","0","9.85","0","100.64575917347634","0","0","10.61147507506853","17.31743572270665","-0.6457591734762661"
Tata Silver ETF FoF,"FoFs (Domestic) - Silver","Growth","1066.4073107999","0","25.95","0","0","0","0","100.00000000000004","100.00000000000004","0.0950866324368491"
Baroda BNP Paribas Small Cap Fund,"Small Cap Fund","Growth","1066.1616000000001","0","6.08","0","95.22883347468851","69.53250602455675","0","11.975813720123302","18.189451439289662","4.7711665253114415"
Tata Gilt Securities Fund,"Gilt - Short & Mid Term Fund","Growth","1060.8214060318999","7.78","1.98","0","0","0","0","64.1329912963258","87.4663634006644","15.141974428358179"
HSBC Low Duration Fund,"Low Duration Fund","Growth","1057.9681","7.35","0.13","87.20132487926617","0","0","0","13.52687288019365","19.94235932066383","0.4493991832078801"
Baroda BNP Paribas Value Fund,"Value Fund","Growth","1056.3788","0","10.16","0","94.58889178768075","10.336869691061572","0.453975411093066","16.99562694745484","25.86719839512115","3.6872758143196402"
DSP US Specific Equity Omni FoF,"FoFs (Overseas)","Growth","1055.3111999999999","0","0.41","0","0","0","0","100.00000000000003","100.00000000000003","3.329842142593633"
360 ONE Liquid Fund,"Liquid Fund","Growth","1047.6465884491","6.07","0","73.38756537528288","0","0","0","14.23347354385486","23.69471754472875","1.2174467840320475"
LIC MF Infra Fund,"Sectoral Fund - Infrastructure","Growth","1046.6526","0","2.35","0","93.40024569756962","32.370884092773494","0","16.37789845455885","24.9771223040004","6.599754302430434"
Aditya Birla SL Bal Bhavishya Yojna,"Solution Oriented - Children's Fund","Growth","1043.9857000000002","0","4.61","0","0","25.231441661762116","0","13.565155279323438","19.265896603866167","2.5936320172436385"
Tata Dividend Yield Fund,"Dividend Yield Fund","Growth","1043.8897718659","0","2.8","0","96.0504190215213","14.281268388474182","0","9.67286036527727","14.956674948632118","2.638618809020986"
SBI Nifty Midcap 150 Index Fund,"Index Fund","Growth","1042.1381","0","1.52","0","100.17407481791514","5.564013061224804","0","7.54092955626515","10.955006826830349","-0.174074817915208"
Axis Innovation Fund,"Thematic Fund","Growth","1039.281201","0","3.32","0","95.87285483742657","29.44268684841961","0.422928490274696","14.12680367036976","19.74079415890249","2.296894834679669"
Kotak Gold Silver Passive FOF,"FoFs - Gold","Growth","1039.2682","0","20.66","0","0","0","0","100.322457667809","100.00000000000006","4.428847144558065"
ICICI Pru Nifty Midcap 150 Index Fund,"Index Fund","Growth","1036.0203463933","0","1.52","0","99.97450374462053","5.549572477042216","0","7.530209254247959","10.93912879168268","0.025496255379583"
Aditya Birla SL Special Opp Fund,"Thematic Fund","Growth","1030.2154","0","2.92","0","94.92913812004753","29.08953797429158","0","14.538357706553398","21.92199805982322","5.070861879952485"
Motilal Oswal Consumption Fund,"Sectoral Fund - Consumption","Growth","1028.6112","0","7.36","0","98.63320562716017","44.8141241316447","0","21.37626928425434","32.26561211855364","1.3667943728398049"
Invesco India Balanced Advantage Fund,"Dynamic Asset Allocation Fund","Growth","1024.2767","6.79","6.62","2.44695598367121","55.893236661538815","4.256252241215683","6.766862899448942","30.840621484409443","40.99888243089001","18.93559621145341"
Mahindra Manulife Multi Asset Allocation Fund,"Multi Asset Allocation Fund","Growth","1020.6451","7.35","3.28","22.878738693413773","54.961231502817185","10.945860586109823","26.83101804124768","18.01177372787552","23.531502461826683","2.9275252047847475"
Sundaram Focused Fund,"Focused Fund","Growth","1019.952124","0","9.29","0","93.1171091900312","23.730928615386805","0","21.66109293576158","33.783142018863174","6.882890809968814"
Quantum Value Fund,"Value Fund","Growth","1018.4114","0","9.63","0","93.50995166363882","22.599716101163438","0","20.65131355642373","30.14662739254863","6.49004833636112"
Axis Momentum Fund,"Thematic Fund","Growth","1018.1587","0","10.21","0","87.75149433973307","0.3498309251789531","0","22.25048786598788","31.68986917265454","9.99930443063545"
Motilal Oswal Liquid Fund,"Liquid Fund","Growth","1016.6546000000001","5.88","0","56.16318730856603","0","0","0","38.149928750258496","48.40166073218153","18.008814750158972"
Invesco India Business Cycle Fund,"Thematic Fund","Growth","1015.655","0","3.27","0","94.63193702586018","32.255214615199066","0","17.082739709842418","26.98468476008094","5.3680629741398445"
Mahindra Manulife Liquid Fund,"Liquid Fund","Growth","1012.3222000000001","6.26","0","78.27970890766714","0","0","0","19.72206272877342","29.134995674789508","5.9114200667102335"
Edelweiss Focused Fund,"Focused Fund","Growth","1011.9883","0","5.15","0","97.0633850213486","0","0","18.12808507766345","28.8081097380276","2.936614978651437"
HDFC Consumption Fund,"Thematic Fund","Growth","997.3871","0","16.14","0","97.36415279483762","18.084703521832186","0","22.994161444438163","33.05675399250701","2.6358472051623716"
LIC MF ELSS Tax Saver,"Equity Linked Savings Scheme (ELSS)","Growth","993.7661","0","11.18","0","94.72633449661849","19.311928631898386","0","20.20706884648208","28.025478027475483","5.273665503381526"
Sundaram Infra Advantage Fund,"Sectoral Fund - Infrastructure","Growth","990.19569011189","0","2.77","0","95.83948396251438","20.93249345439134","0","23.78994395070218","33.523178722742145","4.16051603748565"
Mirae Asset Diversified Equity Allocator Passive FOF,"FoFs (Domestic) - Equity Oriented","Growth","988.7933","0","6.89","0","0","0","0","100.106311399966","100.27660988398688","-0.10631139996599903"
Edelweiss Recently Listed IPO Fund,"Thematic Fund","Growth","984.0872","0","2.96","0","96.79444057396542","60.205609828072156","0.35303782022568697","16.92177278598888","24.81277065690927","2.852521605808915"
Nippon India Nifty 500 Momentum 50 Index Fund,"Index Fund","Growth","983.4802000000001","0","18.62","0","100.04267020663363","6.7797273041434645","0","14.79119100659754","24.009178174371637","-0.04267020663365037"
Kotak Nifty 50 Index Fund,"Index Fund","Growth","980.6852","0","10.02","0","100.08837097077466","0","0","27.742905596218353","37.29538456633652","-0.08837097077463199"
LIC MF Flexi Cap Fund,"Flexi Cap Fund","Growth","973.2846000000001","0","9.27","0","91.98543776404148","16.379936557097494","0","18.49074772168387","25.803439199592802","8.014562235958525"
Axis Nifty 50 Index Fund,"Index Fund","Growth","972.0652","0","9.97","0","100.20226246140697","0","0","27.77435032135709","37.337692368783536","-0.20226246140687903"
Quant Business Cycle Fund,"Thematic Fund","Growth","964.6781","0","15.34","0","68.25360708406255","17.775328371194494","5.258023375880515","36.84752457840595","55.16173737125364","-2.5052916615398004"
Tata Nifty Midcap 150 Momentum 50 Index Fund,"Index Fund","Growth","963.633793458","0","9.04","0","100.09365088004442","0.767004192065092","0","16.36963813288984","25.41830400610181","-0.09365088004444641"
Bandhan Financial Services Fund,"Sectoral Fund - Banks & Financial Services","Growth","956.248","0","8.9","0","95.62570602394837","20.5883985111741","0","31.31374900283105","40.39268240265641","4.3742939760516935"
Bajaj Finserv Arbitrage Fund,"Arbitrage Fund","Growth","953.997692999999","6.43","0.06","2.6085649892028","-0.33416967357468347","-0.033102700352417955","2.6085649892028","94.7544289677009","100.40213964876439","70.87178889424999"
SBI Nifty50 Equal Weight Index Fund,"Index Fund","Growth","952.4691","0","4.33","0","100.0272076182865","0","0","7.07578309143351","11.64172571077746","-0.02720761828651"
Nippon India Conservative Hybrid Fund,"Conservative Hybrid Fund","Growth","951.13","9.01","0.55","63.07036105734327","11.616688005595853","0.01556043928786358","75.6040951413211","15.56489714344332","22.714729747630688","5.066895396260087"
Invesco India Multi Asset Allocation Fund,"Multi Asset Allocation Fund","Growth","949.8782000000001","0","3.76","5.991775519390699","35.3983011849577","0.00629274870007425","12.066057017602379","34.12662656908273","42.515910954861724","7.42970171708767"
Kotak Silver ETF FoF,"FoFs (Domestic) - Silver","Growth","944.9031","0","28.41","0","0","0","0","100.00000000000001","100.00000000000001","0.8153746135450282"
Helios Small Cap Fund,"Small Cap Fund","Growth","932.4276","0","1.46","0","98.34697085328662","76.42285577990182","0","6.695114988016229","10.554642526669088","1.6530291467133749"
Union Large & Midcap Fund,"Large & Mid Cap Fund","Growth","919.59","0","3.34","0","97.54864667949849","10.985395665459603","0.0317641557650692","9.43372589958568","14.75199817309888","2.402951315260062"
Nippon India Index Fund-BSE Sensex Plan,"Index Fund","Growth","916.1839","0","12.08","0","99.97729770363958","0","0","33.47025654414389","44.530765310672834","0.022702296360434644"
Navi Total Stock Market US Specific Equity Passive FoF,"FoFs (Overseas)","Growth","913.425239","0","0","0","0","0","0","100","100","1.43833735309449"
Nippon India Nifty 50 Value 20 Index Fund,"Index Fund","Growth","912.2425999999999","0","15.85","0","99.94050510931083","0","0","35.17935542656871","51.18624800582954","0.05949489068916219"
HSBC Equity Savings Fund,"Equity Savings","Growth","904.5047","6.68","0.23","10.770712413102991","70.62332567205011","10.384158313384102","26.875460127515087","13.00717398151718","19.62981508001009","2.50121420043478"
Quant Dynamic Asset Allocation Fund,"Dynamic Asset Allocation Fund","Growth","901.3244","0","4.52","2.71504909885941","51.21491218921847","7.50223781803755","9.574444007063383","33.869647820474015","51.28509779608768","1.4829178040671014"
Aditya Birla SL Pharma & Healthcare Fund,"Sectoral Fund - Pharma & Health Care","Growth","900.8728","0","0","0","98.60619612446953","28.36101833688395","0","25.128331102903747","34.32685502326188","1.393803875530484"
Edelweiss CRISIL IBX 50:50 Gilt Plus SDL April 2037 Index Fund,"Index Funds - Debt Oriented","Growth","898.0664","7.56","1.25","0","0","0","0","63.6822399769104","75.12085966026567","2.448460381103219"
HDFC NIFTY G-Sec Jun 2036 Index Fund,"Index Funds - Debt Oriented","Growth","893.6144","7.21","1.3","0","0","0","0","99.75676309602886","99.99999999999997","3.302184924504349"
TRUSTMF Liquid Fund,"Liquid Fund","Growth","892.9971","6.2","0","78.82072629351201","0","0","0","19.57831665970696","30.66908056028401","0.566687170652626"
Mahindra Manulife ELSS Tax Saver Fund,"Equity Linked Savings Scheme (ELSS)","Growth","888.5214","0","9.62","0","96.67001830231663","8.673589628792278","0","19.10926399746815","25.98461894108572","3.307731248791537"
Union Multi Asset Allocation Fund,"Multi Asset Allocation Fund","Growth","888.1239999999999","6.19","5.9","5.973265589278844","68.48945702019559","12.28809487488417","6.735251295366366","26.5573090002667","33.765637534025096","9.516649076873101"
Mahindra Manulife Balanced Advantage Fund,"Balanced Advantage Fund","Growth","886.9989999999999","7.23","3.09","17.58605139351905","70.9373854987435","6.809827294055579","23.543160702548704","9.47728238701509","14.954233319316032","5.5194537987077785"
Baroda BNP Paribas ELSS Tax Saver Fund,"Equity Linked Savings Scheme (ELSS)","Growth","886.9853999999999","0","5.04","0","95.1309119631507","7.6617946586268415","0","15.441584495077379","23.33605491138863","4.841263452588963"
Baroda BNP Paribas Manufacturing Fund,"Thematic Fund","Growth","884.8211","0","2","0","93.1047191347493","17.46067086329655","2.74750455205012","19.36417429466815","27.965461040655548","2.82121436751451"
Invesco India Short Duration Fund,"Short Duration Fund","Growth","883.319","7.64","0.42","78.1614003547982","0","0","0","15.43724294394211","21.209461134652372","4.75506583691735"
Axis Children's Fund-Compulsory Lock in,"Solution Oriented - Children's Fund","Growth","881.9413000000001","7.5","5.59","11.936211627689962","0","8.815574573954072","0","18.55400750594172","27.020898216241832","1.606985408212498"
Axis Children's Fund-No Lock in,"Solution Oriented - Children's Fund","Growth","881.9413000000001","7.5","5.59","11.936211627689962","0","8.815574573954072","0","18.55400750594172","27.020898216241832","1.606985408212498"
360 ONE Quant Fund,"Thematic Fund","Growth","879.564072608789","0","9.4","0","99.15736730414574","0.0330191167470723","0","10.79129965966865","17.55902185680711","0.842632695854248"
Union Money Market Fund,"Money Market Fund","Growth","876.6352","6.68","0.03","84.02496272109538","0","0","0","18.19328039759298","29.220432855080418","5.024518750787111"
Baroda BNP Paribas Innovation Fund,"Thematic Fund","Growth","869.7294999999999","0","2.46","0","94.48015733627527","23.603028297878815","1.12906369164206","13.51829505610653","21.19619950800796","4.335428429184014"
Motilal Oswal Nifty 50 Index Fund,"Index Fund","Growth","869.7186","0","10","0","100.12372967532258","0","0","27.7539309841137","37.31036682439583","-0.1237296753225696"
Baroda BNP Paribas Overnight Fund,"Overnight Fund","Growth","867.3246","5.29","0","0","0","0","0","100.26420327522133","100.26420327522133","98.84911600570311"
Axis Equity Savings Fund,"Equity Savings","Growth","865.8851","7.37","1.77","10.210629216278226","32.0250169450889","4.421524172202523","20.923658577795134","45.131819221742035","51.66122214136728","39.97987204075925"
Sundaram Multi-Factor Fund,"Thematic Fund","Growth","865.54253548299","0","6.97","0","98.05299669443086","2.776969625080394","0","14.11690680899056","22.28291164892147","1.9470033055692"
Canara Rob Infrastructure Fund,"Sectoral Fund - Infrastructure","Growth","864.253","0","3.11","0","95.75522384859612","11.31977389862252","0","18.37894402351509","27.00800189971922","4.244776151403887"
Canara Rob Conservative Hybrid Fund,"Conservative Hybrid Fund","Growth","863.5721000000001","7.03","1.16","44.56354020700763","24.2933392591076","6.339922283269688","68.16996519456802","13.66119864224423","20.702174143884463","7.16194976655683"
LIC MF Multi Asset Allocation Fund,"Multi Asset Allocation Fund","Growth","860.0953999999999","0","3.67","4.525082650445506","66.10995731056109","11.296645453087763","10.395539746857626","22.22253884985632","28.23682877481699","4.97392358773324"
Franklin India Arbitrage Fund,"Arbitrage Fund","Growth","855.9959705729999","7.18","0.05","17.326115100350073","68.67380741418947","3.328139445461144","17.326115100350076","20.79843909244175","29.03384566266467","1.81204825156391"
Sundaram Dividend Yield Fund,"Dividend Yield Fund","Growth","855.64514403","0","9.54","0","88.96788773619546","8.446101328492812","0","16.01798547550437","23.63949370102097","6.458962797684643"
Nippon India Equity Savings Fund,"Equity Savings","Growth","853.2191","7.12","1.57","11.816706484268726","70.06157978899907","0.3688032648900281","24.342515683520645","20.72617622340012","31.116648859472242","5.5959045274803065"
ICICI Pru Long Term Bond Fund,"Long Duration Fund","Growth","850.3804954479","7.87","1.89","0.0836213911074548","0","0","0","60.01581677049034","71.03613067722452","1.4924960668594849"
Aditya Birla SL Nifty India Defence Index Fund,"Index Fund","Growth","847.2179","0","4.56","0","99.93762855394104","22.595093505089903","0","52.1983242506644","69.34147722347673","0.06237144605893902"
Motilal Oswal Nifty 200 Momentum 30 Index Fund,"Index Fund","Growth","840.3616999999999","0","21.01","0","99.9503511313459","0","0","17.01629062655712","26.940171848332497","0.049648868654076"
PGIM India Balanced Advantage Fund,"Dynamic Asset Allocation Fund","Growth","829.6129","7.08","5.73","15.559437419548315","67.17511263385607","0.5302955149323261","30.78746726334657","15.89426827861524","23.83891330522946","2.024582790359211"
ICICI Pru Nifty SDL Dec 2028 Index Fund,"Index Funds - Debt Oriented","Growth","828.4345367641","7.13","0.64","0","0","0","0","36.84242827347399","47.44221571630544","2.849740772072944"
Kotak Rural Opportunities Fund,"Thematic Fund","Growth","827.7509","0","9.23","0","97.94023781792326","20.001162185386946","0","26.02471347358245","35.01739472587708","2.059762182076754"
HDFC Income Fund,"Medium to Long Duration Fund","Growth","826.3164","7.14","0.84","21.940276146038016","0","0","0","40.06893727390629","51.97810427095488","9.747319549751207"
JM Value Fund,"Value Fund","Growth","825.6609050210001","0","17.05","0","94.99004200690015","40.93123366794318","0","11.6203734852336","18.31012175526889","4.758930061730441"
ICICI Pru Conglomerate Fund,"Thematic Fund","Growth","824.005765209","0","4.33","0","97.03894484247793","13.085782230255479","0","21.03119994021459","29.514016802821242","2.9610551575220194"
Helios Large & Mid Cap Fund,"Large & Mid Cap Fund","Growth","823.5307","0","2.8","0","98.91682240868494","2.3240056503054483","0","11.392580750177249","18.351774864009318","1.083177591315053"
Axis Quant Fund,"Thematic Fund","Growth","822.9861999999999","0","12.17","0","93.08974172349427","0","9.01418517102717","17.79882627436523","26.383209949328418","-2.1039268945214844"
ICICI Pru Nifty G-Sec Dec 2030 Index Fund,"Index Funds - Debt Oriented","Growth","814.8857837232999","6.96","0.24","0","0","0","0","92.05371046879286","96.7706639966448","3.57977575581382"
Quant Focused Fund,"Focused Fund","Growth","813.0152","0","8.29","0","93.56825063049251","9.67781414172822","6.355576131909955","40.08921358419862","59.09310182638646","-5.592380068663001"
Baroda BNP Paribas Conservative Hybrid Fund,"Conservative Hybrid Fund","Growth","790.5944000000001","7.56","0.99","61.725882441428475","23.814950857996806","3.768453682228609","72.3558199149956","10.24629570033675","15.18325756426809","3.528779298091166"
UTI Equity Savings Fund,"Equity Savings","Growth","788.0525","6.26","2.46","0","67.02033412159471","0","21.133075692960492","19.17816466761579","29.13604754772624","5.29106906698218"
DSP Quant Fund,"Thematic Fund","Growth","784.7394","0","9.61","0","95.05495709785949","0","0","16.05251373895589","22.422411822319624","4.908648654572463"
PGIM India Large and Mid Cap Fund,"Large & Mid Cap Fund","Growth","783.7365","0","5.88","0","97.71663052569329","4.8864637540806175","0.186350897272234","12.584969565663979","18.404808248690742","2.086287929680449"
Nippon India Nifty G-Sec Jun 2036 Maturity Index Fund,"Index Funds - Debt Oriented","Growth","782.3627","7.21","1.31","0","0","0","0","98.71399676525584","99.75198044782464","3.407503951851564"
LIC MF Gold ETF FoF,"FoFs - Gold","Growth","779.4869","0","11.84","0","0","0","0","100.00000000000003","100.00000000000003","0.025426982801122044"
Mahindra Manulife Value Fund,"Value Fund","Growth","777.0700999999999","0","2.66","0","98.86634423329377","28.959485122384713","0","8.62551525274233","13.96315467549197","1.1336557667062466"
Kotak Global Innovation Overseas Equity Omni FOF,"FoFs (Overseas)","Growth","776.1714999999999","0","0.96","0","0","0","0","100.40811856657969","100.00000000000001","0.9183408563700199"
Union ELSS Tax Saver Fund,"Equity Linked Savings Scheme (ELSS)","Growth","772.0947","0","6.88","0","98.29693139645799","19.309415849014965","0.0465100293865849","14.186391410378878","20.65152333724861","1.63656794275711"
DSP Multi Asset Omni FoF,"FoFs (Domestic) - Hybrid","Growth","769.2905000000001","0","1.74","0","0","0","0","46.2543733479095","65.1030137509822","1.4862915894580773"
DSP Strategic Bond Fund,"Dynamic Bond Fund","Growth","762.694","7.57","1.89","34.900995681098834","0","0","0","49.065103435978266","62.43943180358047","3.63613716641274"
HDFC CRISIL-IBX Financial Services 9-12 Months Debt Index Fund,"Index Funds - Debt Oriented","Growth","762.6489999999999","7.38","0.12","98.13572167537096","0","0","0","23.02372388870896","35.969679367572766","1.864278324629021"
Invesco India Aggressive Hybrid Fund,"Aggressive Hybrid Fund","Growth","762.4397","7.43","9.39","18.536718379171496","69.78159715450285","12.63027095782131","21.5052023130485","17.453511405557713","24.615861424844493","1.162583742688113"
Kotak Credit Risk Fund,"Credit Risk Fund","Growth","761.1708","8.17","0.21","65.3307772710146","0","0","0","24.524272344656442","37.712744629720454","13.026997357229181"
Motilal Oswal Nifty 500 Momentum 50 Index Fund,"Index Fund","Growth","756.2908","0","18.63","0","100.07466704606219","6.78038130306491","0","14.796847984928549","24.01841989880083","-0.07466704606217597"
Bank of India Mfg & Infra Fund,"Sectoral Fund - Infrastructure","Growth","755.2632000000001","0","2.43","0","97.67380431086804","33.39507339957779","0.108412537510102","21.39327058434728","30.017085434587557","2.217783151621848"
JioBlackRock Overnight Fund,"Overnight Fund","Growth","754.75185101","5.34","0","0","0","0","0","98.10721548322374","99.89371362986046","96.03436149776293"
Quant BFSI Fund,"Sectoral Fund - Banks & Financial Services","Growth","753.0211999999999","0","3.22","0","50.59424621776918","26.813986113538377","6.208696381987653","35.91762091160252","54.3680443525362","-2.682978912147398"
Kotak ESG Exclusionary Strategy Fund,"Thematic Fund","Growth","752.3838000000001","0","9.8","0","96.62807731904915","3.467671685647674","0","18.85820773918843","28.16704719054291","2.8190532544693228"
LIC MF Manufacturing Fund,"Thematic Fund","Growth","750.9299000000001","0","2.52","0","94.20864717199298","40.32905068768736","0","17.67400658836464","27.848112054134482","5.791352828006983"
Nippon India US Equity Opp Fund,"Thematic Fund - Global","Growth","749.1016000000001","0","0","0","92.47260701041644","0","0","25.646253336827808","37.335508479865105","5.556178464683679"
Baroda BNP Paribas Gilt Fund,"Gilt - Short & Mid Term Fund","Growth","748.4516","7.04","1.36","0","0","0","0","48.4322165922285","66.4416376423004","15.415118359022815"
HSBC Financial Services Fund,"Sectoral Fund - Banks & Financial Services","Growth","746.8573","0","3.98","0","96.22592932279296","22.2735562211773","0","21.05906592518498","31.01324747366992","3.774070677207004"
Kotak Services Fund,"Sectoral Fund - Service Industry","Growth","743.7269","0","5.82","0","85.11783021428973","8.164045162276638","0","29.17488933101654","45.654621340172056","14.81471222837308"
ICICI Pru Nifty Alpha Low - Volatility 30 ETF FOF,"FoFs (Domestic) - Equity Oriented","Growth","742.6860106688999","0","18.25","0","0","0","0","100","100","0.060116754764094796"
UTI Innovation Fund,"Thematic Fund","Growth","739.7284","0","18.83","0","97.29819755467007","60.69000460168896","0","24.137642951115584","34.95208511664553","2.68152473259105"
Nippon India Nifty Next 50 Junior BeES FoF,"FoFs (Domestic) - Equity Oriented","Growth","736.2222","0","9.68","0","0","0","0","100.16208057276276","100.0000000000001","-0.020207648802898683"
360 ONE Balanced Hybrid Fund,"Balanced Hybrid Fund","Growth","734.468141836611","7.34","1.36","35.54314072183049","45.60607348296877","10.079117500710902","49.85578534343825","11.79659407531857","18.61508587194992","4.538141173593016"
Motilal Oswal Balanced Advantage Fund,"Dynamic Asset Allocation Fund","Growth","734.3827","6.88","21.32","16.81749856035552","64.89956803176328","7.788718334459681","16.81749856035552","25.164359127740937","35.85140281763178","18.28293340788125"
HSBC Medium Duration Fund,"Medium Duration Fund","Growth","732.3031","8.12","0.32","82.44023547080435","0","0","0","16.41738236530748","24.68424618166986","0.52636674622845"
Franklin India NSE Nifty 50 Index Fund,"Index Fund","Growth","729.605899172","0","10.03","0","99.8029632045696","0","0","27.693347249426168","37.31105242418347","0.197036795430433"
Nippon India CRISIL-IBX Financial Services 9-12 Months Debt Index Fund,"Index Funds - Debt Oriented","Growth","725.4288","7.31","0.12","98.61141121255645","0","0","0","27.79313331974881","41.2083846682036","1.3885887874435627"
UTI Nifty 500 Value 50 Index Fund,"Index Fund","Growth","722.2859","0","3.09","0","100.11359767648796","9.717772422249967","0","17.36405210180623","28.43542979310548","-0.113597676487984"
Mirae Asset S&P 500 Top 50 ETF FoF,"FoFs (Overseas)","Growth","721.5264","0","0.54","0","0","0","0","100.03937292736617","100.00000000000004","0.022477827936634602"
Bank of India Mid Cap Fund,"Mid Cap Fund","Growth","719.7755999999999","0","0.87","0","97.6438489996049","15.114099449884106","0.334562605345333","13.65618673375424","21.453394641329883","2.021588395049795"
ICICI Pru Nifty Bank Index Fund,"Index Fund","Growth","716.9275601457","0","12.87","0","99.96132661636784","0","0","41.9235940572458","61.52410989896376","0.038673383632183034"
DSP Silver ETF FoF,"FoFs (Domestic) - Silver","Growth","712.8725","0","27.67","0","0","0","0","99.99999999999996","99.99999999999996","0.09801191657694797"
Baroda BNP Paribas Energy Opportunities Fund,"Sectoral Fund - Energy & Power","Growth","712.4069999999999","0","1.6","0","91.12957901873509","4.10241617502355","1.3756321877803","26.251005394388322","39.912269250582895","7.494788793484625"
Union Aggressive Hybrid Fund,"Aggressive Hybrid Fund","Growth","707.0666","7.07","4.32","18.2822947654436","74.29690498745097","14.208703960843282","19.735679778962837","13.351853983769","20.33239867361858","5.945140104199515"
ICICI Pru Diversified Equity All Cap Active FOF,"FoFs (Domestic) - Equity Oriented","Growth","704.350897878","0","3.01","0","0","0","0","86.89623337514561","97.38349195926037","2.6165080407396677"
Parag Parikh Large Cap Fund,"Large Cap Fund","Growth","702.3245","0","7.39","0","98.77667659322714","0.155085007001749","0.709273277523424","22.40394575441979","30.11808644009998","0.43897087457435974"
SBI Nifty 500 Index Fund,"Index Fund","Growth","701.909","0","6.24","0","100.0457525102639","10.380525498003044","0","15.741839946287548","21.162129564682118","-0.045752510264023896"
Mahindra Manulife Large Cap Fund,"Large Cap Fund","Growth","700.9276","0","10.39","0","96.93858538314086","0","0","22.477000477652762","31.86545942833468","3.0425966961495"
Axis Retirement Fund-Aggressive Plan,"Solution Oriented, Retirement Fund - Equity Oriented","Growth","700.7171000000001","7.11","6.31","0.719335235289677","0","7.5699491278291875","0","17.016579301404242","26.706484542763413","2.338516927872919"
PGIM India ELSS Tax Saver Fund,"Equity Linked Savings Scheme (ELSS)","Growth","700.0421000000001","0","8.36","0","97.82330234138772","17.596141717762396","0.139077349776535","19.13170650736578","25.93605441729862","2.025378187968977"
SBI Floating Rate Debt Fund,"Floating Rate Fund","Growth","696.9104","7.15","0","4.27911536404106","0","0","0","49.235798461322965","65.27892251285097","14.254931480431349"
JioBlackRock Low Duration Fund,"Low Duration Fund","Growth","686.5539528630001","7.33","0.16","92.3317187755664","0","0","0","25.549676652288237","40.064843243993195","-1.6998485098415521"
LIC MF Balanced Advantage Fund,"Balanced Advantage Fund","Growth","681.0327000000001","6.82","5.28","9.682780283531171","75.6302010167794","13.508881438438996","17.26489785292248","22.00677001265872","31.263902599684272","7.104901130298152"
Motilal Oswal Manufacturing Fund,"Thematic Fund","Growth","679.3231","0","7.91","0","96.08015685025282","19.37671485041507","0","15.232457132695771","24.403115395310422","3.838762438668728"
JM Small Cap Fund,"Small Cap Fund","Growth","677.430037172","0","5.94","0","99.10015698012924","87.01606850558537","0","12.61752466968008","18.80505799415199","0.899843019870739"
ICICI Pru Nifty Smallcap 250 Index Fund,"Index Fund","Growth","676.9261818377","0","10.59","0","99.95462107302956","89.92999773584717","0","4.05700070950786","6.515555341686389","0.04537892697048307"
Mahindra Manulife Manufacturing Fund,"Thematic Fund","Growth","674.967","0","3.12","0","92.18061031131893","36.19637700806113","0","18.110159459647647","27.38919087896148","7.819389688681069"
UTI India Consumer Fund,"Sectoral Fund - Consumption","Growth","673.8107000000001","0","15.61","0","97.88397542514537","9.801091018590233","0","24.75894194022148","37.72000058770214","2.07547906259133"
Bandhan Multi-Factor Fund,"Thematic Fund","Growth","672.5989999999999","0","8.62","0","97.5021576966442","0","0","12.032905883886661","19.88850826109595","2.497842303355773"
iSIF Hybrid Long-Short Fund,"Balanced Hybrid Fund","Growth","672.018927596","7.11","2.87","18.18010211651215","65.30947170701793","8.627658277066033","27.873862733878177","14.313155532970768","20.834611018077698","6.836739814127399"
Quant Manufacturing Fund,"Thematic Fund","Growth","669.3308999999999","0","10.94","0","81.86834045761223","31.763138381927394","5.639004564110219","27.906749860196207","45.036304165846815","-0.363796143282789"
HDFC Nifty G-Sec Jun 2027 Index Fund,"Index Funds - Debt Oriented","Growth","662.5696","6.04","0.07","0","0","0","0","99.43480115795461","99.99999999999997","3.1978100653821673"
LIC MF Dividend Yield Fund,"Dividend Yield Fund","Growth","661.2813000000001","0","3.87","0","96.41577646305737","35.47673282156929","0","13.71301441610401","19.7521236423894","3.584223536942603"
LIC MF Small Cap Fund,"Small Cap Fund","Growth","660.0498","0","8.59","0","96.23417808777455","87.28753497084612","0","10.99229179374042","16.48699840527185","3.765821912225414"
Axis Global Innovation FoF,"FoFs (Overseas)","Growth","656.0581","0","0.82","0","0","0","0","99.99999999999996","99.99999999999996","6.078003538433753"
Baroda BNP Paribas Focused Fund,"Focused Fund","Growth","655.3717999999999","0","10.75","0","92.78113583770313","2.01526827977646","0","22.52742641657758","32.75649028536168","7.218864162296879"
Motilal Oswal Digital India Fund,"Sectoral Fund - Technology","Growth","654.7366000000001","0","19.3","0","98.08791689366538","66.67459227142082","0","22.9272575434995","35.54440014892353","1.912083106334639"
Bandhan Transportation and Logistics Fund,"Thematic Fund","Growth","652.8033","0","8.56","0","92.90248977965881","21.2447002580187","0","24.647685613377572","36.394409689443236","7.097510220341222"
JM Aggressive Hybrid Fund,"Aggressive Hybrid Fund","Growth","651.983846654","7","10.27","12.378259802167438","74.87729065081444","13.330018706829733","20.50126218612401","10.26389666929915","16.73227590251806","4.62144716306155"
Baroda BNP Paribas Ultra Short Duration Fund,"Ultra Short Duration Fund","Growth","650.5758999999999","6.92","0.02","89.9761426760506","0","0","0","21.6167706181554","29.80748287786253","9.504025587175919"
Axis Nifty Midcap 50 Index Fund,"Index Fund","Growth","649.6127","0","0.73","0","100.185854125081","0","0","13.71103028004225","19.918531303344288","-0.18585412508102006"
Samco Active Momentum Fund,"Thematic Fund","Growth","646.6076","0","14.62","0","86.25557447824619","48.85573568884745","0","22.64176913478904","29.248063276707565","0.7194626230808989"
Baroda BNP Paribas Dividend Yield Fund,"Dividend Yield Fund","Growth","644.9634","0","5.64","0","93.508065729001","4.68246725318056","1.54156034280395","17.90081421674471","26.994896144494408","3.39045595455495"
ITI Large & Mid Cap Fund,"Large & Mid Cap Fund","Growth","644.8711","0","6.98","0","96.66730155182513","17.015574806941206","0","8.91109582130009","13.538171484520571","3.31437242689678"
Tata Nifty Capital Markets Index Fund,"Index Fund","Growth","644.1352375182","0","0","0","100.45587670271135","28.20337864140945","0","52.871925049804005","64.58909181912975","-0.45587670271136305"
HDFC NIFTY Smallcap 250 Index Fund,"Index Fund","Growth","643.8434","0","10.49","0","100.05676846264159","90.01316158556557","0","4.0655693604997705","6.52953808332895","-0.056768462641692"
Tata Nifty SDL Plus AAA PSU Bond Dec 2027 60:40 Index Fund,"Index Funds - Debt Oriented","Growth","641.6462629121","6.8","0.19","37.3956514467958","0","0","0","29.8450736907407","42.28572901969339","3.819544245589622"
Motilal Oswal Nifty Bank Index Fund,"Index Fund","Growth","640.0383999999999","0","12.91","0","100.08571360718364","0","0","41.97748135111898","61.60350691458517","-0.085713607183569"
HDFC Nifty G-Sec Jul 2031 Index Fund,"Index Funds - Debt Oriented","Growth","638.4673","6.92","0.97","0","0","0","0","95.30954964338018","98.80346538742091","2.498844681721632"
Bajaj Finserv Low Duration Fund,"Low Duration Fund","Growth","634.8753","7.13","0.11","82.40685805162431","0","0","0","27.15786210562377","36.70126892503317","13.23969089649115"
Baroda BNP Paribas ESG Best-in-class Strategy Fund,"Thematic Fund","Growth","634.6192","0","2.58","0","92.43319545612712","5.3420448603036785","1.48439943035418","17.7028273457816","28.331872326500488","6.082405113518762"
Franklin India Equity Savings Fund,"Equity Savings","Growth","633.175217257","7.11","0.73","9.661013060492419","67.84750408916146","1.927945925123781","23.231564700880398","15.923201397991189","24.73223916191883","7.87382768801019"
Bandhan Overnight Fund,"Overnight Fund","Growth","632.3068","5.3","0","0","0","0","0","93.6618618345951","99.18139780357896","91.32691567125136"
Sundaram Overnight Fund,"Overnight Fund","Growth","623.73891117861","5.23","0","0","0","0","0","97.37837035704555","100.00000000000004","95.1993495253617"
Edelweiss Technology Fund,"Sectoral Fund - Technology","Growth","622.9055999999999","0","5.77","0","96.5911396901204","7.746496609145509","0","23.88351625256659","35.29185201996616","3.4088603098795462"
Baroda BNP Paribas Business Conglomerates Fund,"Thematic Fund","Growth","621.8154","0","6.79","0","92.8794155782549","9.476922533818048","2.16982679305701","23.99653453732175","33.1250280392115","3.47089033413915"
Nippon India Income Plus Arbitrage Active FoF,"FoFs (Domestic) - Hybrid","Growth","621.7951","6.79","0.21","0","0","0","0","98.18225847745767","100.33428563117135","1.8177415225423086"
SBI FMP-67-1467D,"Fixed Maturity Plans","Growth","621.6843","0","0","0","0","0","0","47.467886835810404","62.07333850959402","9.41973281294059"
Sundaram Corp Bond Fund,"Corporate Bond Fund","Growth","616.1745642014499","7.33","0.46","77.98058714460473","0","0","0","23.91015357719036","32.37034814357252","15.51007658940057"
Axis Nifty Smallcap 50 Index Fund,"Index Fund","Growth","615.4585","0","7.04","0","100.04337173018169","80.08320983461928","0","11.14196879237187","17.89460881602903","-0.04337173018168"
HDFC Nifty G-Sec Sep 2032 Index Fund,"Index Funds - Debt Oriented","Growth","612.8336","7.09","1.05","0","0","0","0","98.01469072374131","99.97519621450076","1.960505490759454"
Aditya Birla SL CRISIL IBX Gilt Apr 2029 Index Fund,"Index Funds - Debt Oriented","Growth","612.4336","6.51","0.5","0","0","0","0","94.1593375193754","97.71246459153605","2.651520935462458"
HDFC NIFTY200 Momentum 30 Index Fund,"Index Fund","Growth","609.1827","0","21.06","0","99.76409376037766","0","0","16.98785930723247","26.895576647202887","0.235906239622366"
WOC Quality Equity Fund,"Thematic Fund","Growth","604.4909","0","8.9","0","84.50836894318842","20.89808134415257","3.853077027296854","21.04605710358915","30.477811990221852","6.397069004678149"
WOC Pharma and Healthcare Fund,"Sectoral Fund - Pharma & Health Care","Growth","602.9331","0","0","0","92.89000719980373","37.94205360428876","2.644207126794002","21.580487122037233","29.83007567506243","4.465785673402239"
UTI Silver ETF FoF,"FoFs (Domestic) - Silver","Growth","596.5873","0","27.89","0","0","0","0","100.00000000000004","100.00000000000004","0.024137288876249"
360 ONE Dynamic Bond Fund,"Dynamic Bond Fund","Growth","594.880683867849","7.63","0.4","39.943102470893635","0","0","0","22.56683188698991","32.14814765083216","4.176715300750961"
WOC Banking & Financial Services Fund,"Sectoral Fund - Banks & Financial Services","Growth","591.5836","0","7.08","0","94.04672475707572","23.910534369106912","2.76268645716345","31.154869742839352","39.54318544327459","3.1905887857607964"
HDFC Dynamic Debt Fund,"Dynamic Bond Fund","Growth","587.8441","7.31","0.81","15.545754393044005","0","0","0","29.938992328067897","45.05507497651159","4.93962599947844"
WOC Ultra Short Duration Fund,"Ultra Short Duration Fund","Growth","586.0298","6.87","0.04","88.11020322828784","0","0","0","24.79102100881108","36.20895503351575","5.6083534029117"
PGIM India Liquid Fund,"Liquid Fund","Growth","584.302","6.17","0","79.3035793134372","0","0","0","24.68394768458776","36.56663848489308","2.288901971925474"
Invesco India Manufacturing Fund,"Thematic Fund","Growth","583.9662999999999","0","2.82","0","98.67876493541779","32.73625911118519","0","13.437191521165492","19.99127792149671","1.258445232425124"
HDFC NIFTY Midcap 150 Index Fund,"Index Fund","Growth","583.5165000000001","0","1.53","0","99.98378794772721","5.552028091750615","0","7.52808189657019","10.937188579928751","0.01621205227272904"
Union Low Duration Fund,"Low Duration Fund","Growth","575.5417","7.12","0.19","80.44589992349813","0","0","0","19.880748866676377","28.60150706716819","5.18297805354504"
Mirae Asset Short Duration Fund,"Short Duration Fund","Growth","574.7904","7.46","0.45","80.76504061306517","0","0","0","19.497281095856856","27.768713604124216","5.02562325327633"
Canara Rob Banking & Financial Services Fund,"Sectoral Fund - Banks & Financial Services","Growth","569.0791","0","3.81","0","89.99460707659088","14.23788011192117","0","28.17221718386772","45.03092803794758","10.005392923409048"
WOC Liquid Fund,"Liquid Fund","Growth","567.8032","6.1","0","81.90225063895377","0","0","0","25.652162580274286","37.019534232987766","2.950353220975155"
Aditya Birla SL ESG Integration Strategy Fund,"Thematic Fund","Growth","565.9608999999999","0","8.62","0","99.30915722269864","8.19431165651197","0","17.01015034784206","24.417994246599022","0.6547448772521212"
The Wealth Company Liquid Fund,"Liquid Fund","Growth","564.307158251","6.17","0","81.30020987540556","0","0","0","17.83011566109646","26.667018449031573","2.7334088977016178"
Mahindra Manulife Low Duration Fund,"Low Duration Fund","Growth","560.9698999999999","7.4","0.15","85.69384917087352","0","0","0","14.32287186888281","23.24718313763359","6.034031415945848"
Baroda BNP Paribas Business Cycle Fund,"Thematic Fund","Growth","560.8941","0","6.94","0","94.92802652051434","11.275675746990384","0.884605489699392","17.3380679169205","27.11149930084841","4.1873679897863"
Navi Nifty Bank Index Fund,"Index Fund","Growth","557.326325","0","12.93","0","100.20921647913607","0","0","42.0275489569337","61.67669394512464","-0.209216479136049"
HSBC Income Plus Arbitrage Active FOF,"FoFs (Domestic) - Hybrid","Growth","552.7366999999999","7.44","0.28","0","0","0","0","86.1267941860926","100.05747763808698","0.7248297426242967"
Bandhan Nifty Alpha 50 Index Fund,"Index Fund","Growth","549.9907","0","16.62","0","100.06466359534086","11.557850897210347","0","13.134623138915519","19.97884850366128","-0.06466359534084459"
Axis Gold and Silver Passive FoF,"FoFs - Gold","Growth","549.5833","0","17.62","0","0","0","0","100.19844434865468","99.99999999999999","-0.04017443761482101"
Invesco India - Invesco Global Consumer Trends FoF,"FoFs (Overseas)","Growth","549.4872","0","4.72","0","0","0","0","100.00000000000004","100.00000000000004","0.394076513520242"
UTI Gilt Fund,"Gilt - Short & Mid Term Fund","Growth","548.3706999999999","6.18","0.32","0","0","0","0","60.5848197214037","83.1786964547886","13.3919445367887"
Bajaj Finserv Consumption Fund,"Sectoral Fund - Consumption","Growth","547.578499","0","13.08","0","96.1032099317277","36.779824494626624","0","16.91196460743572","24.265708231913823","2.72202399193716"
ICICI Pru Nifty 200 Momentum 30 Index Fund,"Index Fund","Growth","545.5993270317999","0","20.98","0","99.97867903678824","0","0","17.02459944467384","26.95094966483154","0.02132096321171198"
PGIM India Large Cap Fund,"Large Cap Fund","Growth","544.3855","0","8.65","0","98.17741288112926","0","0.0894219261901722","21.610494768872417","29.300284449163318","1.688288905564163"
Franklin India Multi-Factor Fund,"Thematic Fund","Growth","539.631703445","0","6.99","0","99.30864782588141","4.577389776640055","0","16.544891386111757","23.436495879062086","0.691352174118604"
Kotak CRISIL-IBX AAA Financial Services Index - Sep 2027 Fund,"Index Funds - Debt Oriented","Growth","536.9931","7.55","0.29","93.10795613574925","0","0","0","26.81399444424892","43.66622215443737","6.89204386425077"
UTI Nifty200 Quality 30 Index Fund,"Index Fund","Growth","534.4245","0","12.81","0","99.86942454999283","2.55498426139849","0","16.83929517771475","26.2679032677593","0.130575450007186"
Mahindra Manulife Equity Savings Fund,"Equity Savings","Growth","531.1519999999999","7.14","1.67","21.062765460734404","36.099214537458224","8.082093261439287","27.515494623008102","33.644785472708335","38.06839679300836","31.483906854158477"
Baroda BNP Paribas Health and Wellness Fund,"Sectoral Fund - Pharma & Health Care","Growth","530.2123","0","0.32","0","97.28210756332885","23.113345352418257","0","20.80728794861983","31.21476057797981","2.717892436671122"
LIC MF Overnight Fund,"Overnight Fund","Growth","529.759","5.33","0","0","0","0","0","98.29416772532412","100.17732591612408","94.34471146313697"
Invesco India Consumption Fund,"Sectoral Fund - Consumption","Growth","529.4935","0","4.69","0","99.22792253351545","41.01818058200903","0","13.547437315094509","21.242545942490317","0.7720774664844772"
Quantum Liquid Fund,"Liquid Fund","Growth","529.1551000000001","5.77","0","48.99829936440185","0","0","0","32.18954140288926","45.36350495346262","9.274974388416581"
HDFC MNC Fund,"Thematic Fund - MNC","Growth","528.1182","0","12.9","0","91.08046266915244","18.651506424130027","0","24.44180109679992","38.05250415531977","8.919537330847525"
Franklin India Overnight Fund,"Overnight Fund","Growth","527.068146589","5.35","0","0","0","0","0","98.26327364335981","99.6844881221774","94.2682000433148"
Kotak Nifty 200 Momentum 30 Index Fund,"Index Fund","Growth","526.4328","0","20.49","0","100.0507377199901","0","0","17.036875361869562","26.970279967357673","-0.050737719990092106"
Kotak Technology Fund,"Sectoral Fund - Technology","Growth","525.8368","0","24.7","0","97.53942668143421","5.987028675056602","0","42.85938146588447","55.989101561549134","2.460573318565756"
Kotak Nifty SDL Plus AAA PSU Bond Jul 2028 60:40 Index Fund,"Index Funds - Debt Oriented","Growth","523.5315","7.17","0.26","38.7830722697679","0","0","0","34.40620096402985","46.29429174748796","3.416451541120253"
Franklin Asian Equity Fund,"Thematic Fund - Global","Growth","520.567277988","0","2.61","0","96.32844704149068","0","0","19.02558578648946","26.27048472477221","3.67155295850935"
Union Corporate Bond Fund,"Corporate Bond Fund","Growth","513.7808","7.6","0.64","84.97643352962972","0","0","0","18.07953897849044","27.6365913245493","5.5374977033007"
LIC MF Aggressive Hybrid Fund,"Aggressive Hybrid Fund","Growth","508.75199999999995","0","5.01","9.289476994685046","66.95853775513413","14.555638110513573","23.139702644903622","19.05405777274581","24.631942478850164","9.901759599962217"
Union Business Cycle Fund,"Thematic Fund","Growth","507.1741","0","5.18","0","95.31669696855579","23.512990903912492","0.0956673457891481","14.663189622656212","20.715450572101382","4.556344655612341"
Mirae Asset Gold ETF FoF,"FoFs - Gold","Growth","507.0714","0","10.88","0","0","0","0","100.86429642847186","100.00000000000044","-0.212041144501544"
Kotak Quant Fund,"Thematic Fund","Growth","506.82489999999996","0","9.97","0","99.54806877089113","3.04610132611875","0","10.78901214206326","17.59966805103695","0.33486910370820333"
Quantum Gold Saving Fund,"FoFs - Gold","Growth","504.9125","0","10.58","0","0","0","0","100.00000000000007","100.00000000000007","-0.00040009308592570125"
Mahindra Manulife Consumption Fund,"Sectoral Fund - Consumption","Growth","503.73269999999997","0","15.39","0","95.92940859308914","16.956314330993386","0","18.689316774551262","27.888421776072903","4.046769248849634"
Quant PSU Fund,"Thematic Fund","Growth","501.75370000000004","0","14.54","0","62.03095263672199","24.80071397580131","6.733164100234836","41.0659453034427","60.46942952289142","-5.8138086475496"
HDFC FMP-Sr 46-1861D-Mar 2022,"Fixed Maturity Plans","Growth","498.9097","6.06","0.05","0","0","0","0","60.0495440357242","75.63062013025589","1.2675440064604868"
Canara Rob Ultra Short Term Fund,"Ultra Short Duration Fund","Growth","497.5473","6.67","0.01","84.07443875185334","0","0","0","19.73398308060359","29.79449391042821","7.54392597447519"
Franklin India Retirement Fund,"Solution Oriented, Retirement Fund - Debt Oriented","Growth","496.83305492","7.55","3.78","54.749191756132134","0","4.712547318690389","0","22.75252432614456","33.222543083124414","7.46857097641682"
Kotak Healthcare Fund,"Sectoral Fund - Pharma & Health Care","Growth","496","0","0","0","99.02514112903229","33.26951612903227","0","26.975685483871008","37.71318548387101","0.9748588709677439"
ITI Focused Fund,"Focused Fund","Growth","492.6106","0","1.21","0","93.62756427722303","17.58457243290721","0","15.83364949001803","25.440452742312488","5.50927005851557"
DSP Gold ETF FoF,"FoFs - Gold","Growth","485.9965","0","11.67","0","0","0","0","100.00000000000004","100.00000000000004","0.09491463446944401"
Edelweiss Consumption Fund,"Sectoral Fund - Consumption","Growth","484.6525","0","8.42","0","98.87381164855233","9.896451581287614","0","18.26397264019065","27.383909089502275","1.126188351447682"
Qsif Equity Long-Short Fund,"Large Cap Fund","Growth","483.57379999999995","0","1.02","0","76.24147544800813","16.493035809632367","8.22077209311175","33.9476208181667","48.191465294438984","21.20623573899165"
Bank of India Money Market Fund,"Money Market Fund","Growth","483.0658","7.03","0.08","89.30628084207162","0","0","0","21.892359177569602","31.799415317747602","1.9109197960195035"
ICICI Pru FMP-85-10Y-I,"Fixed Maturity Plans","Growth","482.7849751719","0","0.57","0","0","0","0","49.2759380494932","59.7353605179933","2.154946727666829"
Invesco India Gold ETF FoF,"FoFs - Gold","Growth","479.26199999999994","0","10.81","0","0","0","0","100.00000000000004","100.00000000000004","1.586188765226535"
Edelweiss Multi Asset Omni FoF,"FoFs (Domestic) - Hybrid","Growth","478.76300000000003","0","4.88","0","0","0","0","47.8802037751455","67.6651077881958","0.10715113741036897"
Edelweiss Low Duration Fund,"Low Duration Fund","Growth","478.74550000000005","7.08","0.11","83.59752728746273","0","0","0","24.03611104438579","34.4696921433204","10.95655207202993"
Mirae Asset Nifty SDL Jun 2027 Index Fund,"Index Funds - Debt Oriented","Growth","477.3643","6.36","0.02","0","0","0","0","20.2129694239808","30.84533133290445","2.937651600674793"
JioBlackRock Arbitrage Fund,"Arbitrage Fund","Growth","476.875345606","6.56","0.05","20.48016340116938","66.11130612432179","1.0854340967076572","20.48016340116938","20.671672213779402","31.24271118748426","0.6217133012469598"
Edelweiss Nifty500 Multicap Momentum Quality 50 Index Fund,"Index Fund","Growth","476.4768","0","12.17","0","100.03584114714046","14.049694712102058","0","18.49492358230343","28.635607952398757","-0.0358411471404969"
HSBC Credit Risk Fund,"Credit Risk Fund","Growth","475.03860000000003","7.86","0.3","77.27224692898639","0","0","0","22.72691103417702","33.76178272670895","10.708077196253116"
Axis Nifty Next 50 Index Fund,"Index Fund","Growth","474.7179","0","9.78","0","99.94650380784047","0","0","10.53564085112443","17.19362931121831","0.053496192159592004"
Franklin India Banking & PSU Debt Fund,"Banking & PSU Fund","Growth","472.913289642","7.3","0.02","80.58762938814931","0","0","0","18.52199866540201","29.46457606223821","3.270818184599886"
LIC MF Consumption Fund,"Sectoral Fund - Consumption","Growth","472.3179","0","6.01","0","92.71124384657033","29.021237602894146","0","10.686721803260049","16.26279673076121","7.28875615342971"
Bank of India Large & Mid Cap Fund,"Large & Mid Cap Fund","Growth","468.3011","0","2.88","0","94.97575384725766","13.552712133283498","0.0102925233359477","16.8923156490557","25.07269361528298","5.013953629406378"
UTI BSE Low Volatility Index Fund,"Index Fund","Growth","467.4088","0","11.25","0","99.97940837835442","3.37982383394659","0","11.74481284369691","19.06641250875596","0.0205916216455649"
Edelweiss Banking and PSU Debt Fund,"Banking & PSU Fund","Growth","465.9653","7.47","0.31","85.21201212799123","0","0","0","15.20290135815446","25.22106419702257","4.6498932151382455"
Motilal Oswal Nifty Capital Market Index Fund,"Index Fund","Growth","461.3641","0","0","0","100.3453454657612","28.17484065188427","0","52.783842522641","64.47905244469607","-0.34534546576120695"
HDFC Nifty500 Multicap 50:25:25 Index Fund,"Index Fund","Growth","459.9565","0","6.42","0","99.97445410598607","25.099308304154846","0","10.96516735821758","14.740654822793038","0.025545894013890402"
HSBC Global Emerging Markets Fund,"FoFs (Overseas)","Growth","456.398","0","3.7","0","0","0","0","99.99999999999996","99.99999999999996","2.3944451991463573"
Abakkus Small Cap Fund,"Small Cap Fund","Growth","453.37655700000005","0","3.28","3.66998772585498","76.29821581069042","66.44276912057741","3.66998772585498","24.78303535627156","28.48718254806349","20.031796463454533"
Motilal Oswal Nifty Next 50 Index Fund,"Index Fund","Growth","451.25809999999996","0","9.96","0","99.99913574958546","0","0","10.54445338488107","17.20766895929403","0.0008642504145632002"
WOC ELSS Tax Saver Fund,"Equity Linked Savings Scheme (ELSS)","Growth","450.4508","0","7.06","0","97.71262477500319","27.6231721644184","0","18.55681019991529","25.00213119834619","2.2873752249968256"
Kotak Transportation & Logistics Fund,"Thematic Fund","Growth","448.2087","0","9.66","0","98.77482440644764","37.924643482171156","0","24.24719663975176","34.83342413083168","1.225175593552352"
Aditya Birla SL Nifty Midcap 150 Index Fund,"Index Fund","Growth","445.403","0","1.52","0","99.86178808854002","5.54614584993814","0","7.51885371225608","10.922916998762899","0.1382119114599582"
Invesco India - Invesco EQQQ NASDAQ-100 ETF FoF,"FoFs (Overseas)","Growth","445.0145","0","0","0","0","0","0","100.00000000000001","100.00000000000001","0.9234755272019232"
Sundaram Arbitrage Fund,"Arbitrage Fund","Growth","441.514481","0","0.06","4.3887733830173","70.15432062654213","1.62684952999441","17.6345167481878","19.28975917480322","30.80267869257597","6.120545818109077"
ICICI Pru CRISIL-IBX Financial Services 3-6 Months Debt Index Fund,"Index Funds - Debt Oriented","Growth","441.135505532","6.92","0","97.17814472517068","0","0","0","33.589701609101496","51.447479777511845","2.821855274829378"
Bandhan CRISIL-IBX Financial Services 3-6 Months Debt Index Fund,"Index Funds - Debt Oriented","Growth","440.8629","6.77","0.01","94.14961970248049","0","0","0","21.09358936848236","32.46329303020287","5.850380297519466"
Motilal Oswal Innovation Opportunities Fund,"Thematic Fund","Growth","439.6797","0","5.5","0","91.75854446898329","68.68743557286332","0","17.29514289136706","25.24642992965076","8.241455531016724"
Union Largecap Fund,"Large Cap Fund","Growth","439.1411","0","7.87","0","99.00612809869084","0","0.0665162062945144","21.238708925217882","30.059563998906043","0.9064967956768291"
Axis Gilt Fund,"Gilt - Short & Mid Term Fund","Growth","438.39289900000006","7.25","0.8","0","0","0","0","42.492327088326434","58.431899786698146","5.557713411873271"
SBI FMP-81-1157D,"Fixed Maturity Plans","Growth","435.7918","0","0","10.8163806661805","0","0","0","79.21980174936748","90.68126109761589","49.621218205574365"
Nippon India Nifty 500 Equal Weight Index Fund,"Index Fund","Growth","434.79110000000003","0","8.03","0","99.98430647273665","52.114632118059845","0","0.9291817802785549","1.494119702778114","0.01569352726330242"
ITI ELSS Tax Saver Fund,"Equity Linked Savings Scheme (ELSS)","Growth","434.0978","0","8.59","0","96.76941463421375","56.635417180183815","0","9.87291343102867","15.314797725305219","3.18992632535802"
360 ONE Multi Asset Allocation Fund,"Multi Asset Allocation Fund","Growth","430.567156656402","7.56","3.33","17.5846212442117","24.670544211240763","4.091785763877776","29.98738738055582","35.66339522583204","40.80058083278052","12.053118781611243"
Franklin India Low Duration Fund,"Low Duration Fund","Growth","428.66585554700004","7.4","0.03","89.9322335069283","0","0","0","20.605094823167132","32.69801910398061","2.231266608765688"
Bandhan CRISIL IBX Gilt April 2032 Index Fund,"Index Funds - Debt Oriented","Growth","428.30400000000003","6.97","1.06","0","0","0","0","99.16669005210555","99.99999999999993","2.6652141420113127"
Motilal Oswal Ultra Short Term Fund,"Ultra Short Duration Fund","Growth","427.7335","6.15","0.01","57.09669689187311","0","0","0","37.34591749301837","48.953168269494846","13.887315349393942"
Mahindra Manulife Banking & Financial Services Fund,"Sectoral Fund - Banks & Financial Services","Growth","427.19589999999994","0","7.88","0","94.92563013830426","15.811692012961734","0","29.866953311115576","42.53683146303604","5.074369861695772"
Bandhan Medium to Long Duration Fund,"Medium to Long Duration Fund","Growth","426.2323","7.53","0.45","48.31140326309902","0","0","0","59.279037860727","71.0003929254665","3.327408413999687"
Capitalmind Flexi Cap Fund,"Flexi Cap Fund","Growth","424.7792","0","4.11","5.61503482279735","85.17043678221532","10.842762545812041","7.741245334046493","11.31437226681533","17.935035425463397","1.238878928158441"
HDFC NIFTY 100 Index Fund,"Index Fund","Growth","424.4045","0","8.88","0","99.89422826572296","0","0","22.61959993355395","30.408042327543647","0.1057717342770875"
JM Large Cap Fund,"Large Cap Fund","Growth","421.647195875","0","10.45","0","97.11286095956658","0.100460237645118","0","16.89001886926161","24.75924601095865","2.88713904043345"
Aditya Birla SL US Equity Passive FOF,"FoFs (Overseas)","Growth","421.1426","0","0.22","0","0","0","0","100.00000000000001","100.00000000000001","0.473537384578298"
Bandhan CRISIL IBX 90:10 SDL Plus Gilt - April 2032 Index Fund,"Index Funds - Debt Oriented","Growth","420.77209999999997","7.45","1.21","0","0","0","0","31.95152083296147","44.673536884755976","4.052893352606875"
JM Large & Mid Cap Fund,"Large & Mid Cap Fund","Growth","419.159447763","0","5.55","0","97.36109905740354","5.165233561010335","0","9.98529610232361","15.3734318393403","2.63890094259648"
Tata Housing Opportunities Fund,"Thematic Fund","Growth","419.089283803","0","14.07","0","91.54238470196503","24.952603314269506","0","24.83346993783998","39.24626278976906","8.457615298034968"
Nippon India MNC Fund,"Thematic Fund - MNC","Growth","418.01019999999994","0","4.05","0","98.44329040495971","15.942577288260752","0","24.275723126789572","36.52927564563264","1.5567095950402794"
PGIM India Multi Cap Fund,"Multi Cap Fund","Growth","417.9372","0","3.07","0","95.5729233961466","27.19961276478857","0.116476829533241","11.59092801502235","16.78285637172283","4.283346876037832"
Union Focused Fund,"Focused Fund","Growth","417.6929","0","1.65","0","98.10126051939113","20.69826899140493","0.069931760870247","18.27560391857271","27.85398075954846","1.8288077197385877"
360 ONE Overnight Fund,"Overnight Fund","Growth","415.97056369946006","7.61","0","0","0","0","0","99.63920551418045","100.84190178107653","96.4030435550699"
UTI Dynamic Bond Fund,"Dynamic Bond Fund","Growth","415.86629999999997","7.19","0.31","65.60096357891948","0","0","0","31.47877094152621","43.50922399819371","19.3646371441976"
Diviniti Equity Long Short Fund,"Large Cap Fund","Growth","415.671","0","8.07","0","68.52272590582457","0","7.17572310793873","31.477274094175478","42.50156975107721","24.301550986236748"
SBI FMP-49-1823D,"Fixed Maturity Plans","Growth","415.23269999999997","0","0","0","0","0","0","66.67370241377238","77.46889437107488","14.388526094036761"
Bajaj Finserv Banking and Financial Services Fund,"Sectoral Fund - Banks & Financial Services","Growth","414.71089800000004","0","8.26","0","94.76089632560901","22.205197403781753","0","36.25722183815278","51.9820769118921","5.00213305220573"
ICICI Pru Nifty IT Index Fund,"Index Fund","Growth","414.50522158300004","0","34.78","0","99.95782542772724","0","0","60.007117359659","77.63714155030561","0.04217457227285998"
Union Overnight Fund,"Overnight Fund","Growth","411.06370000000004","5.37","0","0","0","0","0","97.06833758368833","99.49664735660187","93.93077034046058"
Bank of India Business Cycle Fund,"Thematic Fund","Growth","410.56239999999997","0","11.65","0","98.17254316343706","29.382555289190005","0.051606244355567","13.45947859691023","21.56920273067328","1.77585059220737"
SBI FMP-44-1855D,"Fixed Maturity Plans","Growth","406.8549","0","0","0","0","0","0","49.4834104304131","70.9358196163149","12.48696296209325"
Groww Multi Asset Allocation Fund,"Multi Asset Allocation Fund","Growth","403.998223338","5.98","5.46","8.893967800927285","58.18574968888713","-0.000721785352397003","10.124478162810945","28.57787171143247","36.103781899547926","15.27950169235157"
Nippon India Active Momentum Fund,"Thematic Fund","Growth","402.8588","0","2.59","0","95.21909716529761","12.36108075216233","0","15.006275629181602","22.33519606975904","4.780902834702329"
DSP Nifty Midcap 150 Quality 50 Index Fund,"Index Fund","Growth","401.75300000000004","0","8.83","0","99.9430334423252","11.733991255275116","0","12.86873194323587","19.96411375576664","0.05696655767483305"
Samco Multi Asset Allocation Fund,"Multi Asset Allocation Fund","Growth","401.7092","5.66","6.01","0","76.51798863456453","17.135953072521122","11.3713352843301","30.93820106684143","36.99208283006717","1.8643088084614403"
Aditya Birla SL CRISIL IBX 50:50 Gilt Plus SDL Apr 2028 Index Fund,"Index Funds - Debt Oriented","Growth","401.656","6.59","0.08","0","0","0","0","55.0130957834565","68.31074352181967","3.004959467803296"
Aditya Birla SL Nifty 50 Equal Weight Index Fund,"Index Fund","Growth","400.4652","0","4.31","0","99.88556464065287","0","0","7.065777933244689","11.62523073546421","0.11443535934717702"
Mirae Asset Infrastructure Fund,"Sectoral Fund - Infrastructure","Growth","398.3958","0","2.38","0","96.54183101327875","17.709800153515673","0","21.79192150118049","30.560538037800598","3.458168986721243"
HSBC Brazil Fund,"FoFs (Overseas)","Growth","396.23650000000004","0","8.72","0","0","0","0","99.99999999999996","99.99999999999996","1.33814022685945"
Motilal Oswal Active Momentum Fund,"Thematic Fund","Growth","395.56809999999996","0","2.95","0","98.59369347528275","40.74297194338978","0","17.25045573695149","26.52183024869801","1.3907845450631657"
Edelweiss ELSS Tax saver Fund,"Equity Linked Savings Scheme (ELSS)","Growth","395.10089999999997","0","3.94","0","98.75506774229281","15.677345120916401","0","13.107248027139029","19.136179354825728","1.2449322577072246"
TRUSTMF Multi Cap Fund,"Multi Cap Fund","Growth","394.140335","0","1.46","0","92.40132367531623","23.42687107709241","0","12.83922419567788","18.601972972628392","7.58801703062582"
Kotak NIFTY Midcap 150 Momentum 50 Index Fund,"Index Fund","Growth","393.2357","0","8.36","0","100.11054438851812","0.767173478908451","0","16.37292850064224","25.42340382625484","-0.110544388518133"
Aditya Birla SL Multi-Asset Omni FOF,"FoFs (Domestic) - Hybrid","Growth","390.4127","0","8.09","0","0","0","0","34.58378787370387","52.966309753755425","1.121505524794658"
ICICI Pru Global Advantage Fund,"FoFs (Overseas)","Growth","390.1346269388","0","0.24","0","0","0","0","73.6593678584392","95.65359602354401","2.1883796897985457"
Union Active Momentum Fund,"Thematic Fund","Growth","389.5994","0","12.27","0","87.59372478081953","36.583367611922924","0.0685950351276992","18.1592408755543","24.256044823902688","12.33768018405274"
Baroda BNP Paribas Banking and Fin Serv Fund,"Sectoral Fund - Banks & Financial Services","Growth","389.404","0","9.07","0","90.35179402368746","10.52477632484514","1.25833324773243","27.29923164631078","43.025289930252384","8.389872728580086"
Bandhan Equity Savings Fund,"Equity Savings","Growth","389.38980000000004","7.16","0.32","12.803109487987989","66.81287303262884","0.00282493289140025","23.95735700968187","15.58839059407622","23.39427084080149","2.079274141768844"
IL&FS Infra Debt Fund - Series 2-B,"Sectoral Fund - Infrastructure (Debt)","Growth","389.20887999999997","0","0","32.85202888973143","0","0","0","86.51165505242324","96.53198141291122","65.30947137023179"
Baroda BNP Paribas Retirement Fund,"Solution Oriented, Retirement Fund - Equity Oriented","Growth","385.2681","7.33","3.64","2.38776581814067","0","6.207832935039269","0","24.92978266303385","32.41724399191107","4.086011792826867"
Tata BSE Sensex Index Fund,"Index Fund","Growth","384.625449812","0","12.2","0","99.99387720911042","0","0","33.476047948188324","44.53836845266798","0.006122790889550799"
Axis FMP-129-108D,"Fixed Maturity Plans","Growth","383.4106","0","0","99.53647890799056","0","0","0","31.0975648560577","49.489324760452625","0.4635210920094542"
Aditya Birla SL Retirement Fund-30,"Solution Oriented, Retirement Fund - Equity Oriented","Growth","382.2701","0","2.4","0","0","29.85867375655589","0","8.777430262845451","13.24459587100568","2.258090645320072"
HDFC Nifty LargeMidcap 250 Index Fund,"Index Fund","Growth","381.05980000000005","0","4.53","0","99.91629861517872","2.835370082314383","0","11.08370482366196","15.12083513394856","0.0837013848211855"
HDFC NIFTY 100 Equal Weight Index Fund,"Index Fund","Growth","376.41769999999997","0","5.62","0","99.89002966320287","0","0","3.9379744270027297","6.347464809492229","0.1099703367971111"
Groww Multicap Fund,"Multi Cap Fund","Growth","376.054775409","0","2.9","0","90.63850408989269","33.72878681771264","0","16.71481631099683","22.63474952137232","9.361495910107266"
Invesco India ESG Integration Strategy Fund,"Thematic Fund","Growth","375.93370000000004","0","14.89","0","99.34009640529699","16.71770846827512","0","17.406978943361562","26.98858867933362","0.6599035947030022"
Nippon India Nifty AAA PSU Bond Plus SDL - Sep 2026 Maturity 50:50 Index Fund,"Index Funds - Debt Oriented","Growth","375.6561","6.16","0","46.70793129416273","0","0","0","29.055616480525778","41.05204039732807","5.111301011009668"
Bank of India Consumption Fund,"Sectoral Fund - Consumption","Growth","375.33160000000004","0","6.88","0","96.73542009252616","25.026376675984636","0.0641566017889248","25.393278903241818","33.978833650031056","3.20042330568489"
Union Value Fund,"Value Fund","Growth","373.1411","0","6.03","0","96.92542579737257","24.410953390017877","0.0782813793495276","12.759087648077358","20.079589195615267","2.996292823277846"
HSBC Nifty 50 Index Fund,"Index Fund","Growth","372.53430000000003","0","10.02","0","100.03841257033245","0","0","27.72941981449757","37.27721178962577","-0.03841257033242801"
ITI Large Cap Fund,"Large Cap Fund","Growth","369.6193","0","9.38","0","98.45405799967696","5.686364321343602","0","19.96080832359133","30.57778638723682","1.53379436625739"
Sundaram Low Duration Fund,"Low Duration Fund","Growth","368.74982004335","7.31","0.15","86.03944768371733","0","0","0","23.69387115463778","34.25858953074985","12.237439052478749"
Navi Nifty Midcap 150 Index Fund,"Index Fund","Growth","367.533116","0","1.53","0","99.90532254513907","5.548110663312311","0","7.519936788498811","10.92535182598349","0.0946774548609655"
JM Arbitrage Fund,"Arbitrage Fund","Growth","366.71709525600005","5.12","0.08","1.37735738675449","80.4743064552215","4.672855505423733","10.519891900067826","13.53918535467775","21.46082884356953","5.055993717461326"
Bandhan FTP-179-3652D,"Fixed Maturity Plans","Growth","365.6211","0","0.6","0","0","0","0","55.942526554466596","74.1991298581421","1.883745760588276"
Titanium Hybrid Long-Short Fund,"Balanced Hybrid Fund","Growth","364.83837633919995","6.22","2.14","19.14494322139521","48.70258139587835","4.428948829927091","30.087087082622197","27.77032237475015","41.45388836934973","19.62970671419063"
Nippon India Medium to Long Duration Fund,"Medium to Long Duration Fund","Growth","364.3967","7.21","0.5","8.248621382594836","0","0","0","30.669134845349618","46.932209705950186","11.65091669036211"
WOC Digital Bharat Fund,"Sectoral Fund - Technology","Growth","363.907","0","16.97","0","82.49786740213435","26.977085399409614","6.490031385030095","31.19811161759371","42.11948026054587","9.842053275342131"
Bandhan US Specific Equity Active FOF,"FoFs (Overseas)","Growth","362.8986","0","0.61","0","0","0","0","100.20914479961428","99.99999999999997","1.0913561630543707"
ITI Banking & Financial Services Fund,"Sectoral Fund - Banks & Financial Services","Growth","362.2604","0","8.46","0","93.01190524826887","19.255982712987674","0","28.44175074062742","43.33620235609519","6.98809475173108"
NJ Overnight Fund,"Overnight Fund","Growth","361.055128027","5.27","0","0","0","0","0","99.99999999999996","99.99999999999996","99.99999999999996"
LIC MF Nifty 50 Index Fund,"Index Fund","Growth","360.0852","0","10.14","0","99.84342594474865","0","0","27.73960162761484","37.288313987911785","0.156574055251368"
Nippon India Nifty G-Sec Sep 2027 Maturity Index Fund,"Index Funds - Debt Oriented","Growth","359.5888","6.05","0.09","0","0","0","0","96.34597988302318","99.99121218577869","3.6540201169768753"
Mirae Asset Global X Artificial Intelligence & Technology ETF FoF,"FoFs (Overseas)","Growth","359.3661","0","0","0","0","0","0","100.00000000000006","100.00000000000006","0.3940382042910457"
Bank of India Multi Asset Allocation Fund,"Multi Asset Allocation Fund","Growth","357.4062","7.59","1.34","37.33827225157259","39.68686049654427","10.822280083557585","43.16276550322855","20.0180075219736","30.64748177283998","3.8525073152060685"
SBI FMP-61-1927D,"Fixed Maturity Plans","Growth","357.3537","0","0","0","0","0","0","37.04895178082665","55.41599261460003","4.7336574379949"
HSBC Gold ETF FOF,"FoFs - Gold","Growth","355.7867","0","0.78","0","0","0","0","99.99999999999997","99.99999999999997","0.590158992568679"
Axis Credit Risk Fund,"Credit Risk Fund","Growth","355.17699999999996","8.63","0.27","78.9398812423102","0","0","0","15.79250064052571","24.22451622712056","4.70447269952728"
SBI LT Advantage Fund-V,"Equity Linked Savings Scheme (ELSS)","Growth","353.3067","0","6.99","0","91.56282629228377","34.51853587831762","0","22.619129498534846","33.01576222585081","8.43717370771627"
Quant Healthcare Fund,"Sectoral Fund - Pharma & Health Care","Growth","351.89419999999996","0","4.63","0","82.47132234631887","51.602612376106215","5.937040167186618","27.338529592133092","44.818641512136324","5.10687587348696"
Quant Arbitrage Fund,"Arbitrage Fund","Growth","351.2970529","0","0.05","0","73.10843158113171","3.53996659807325","7.078936888462789","26.17411302285155","34.824511787885484","2.7563848377911597"
ITI Balanced Advantage Fund,"Balanced Advantage Fund","Growth","351.1728","5.72","6.21","18.829533494621444","71.45462290929136","6.705302916399","23.165831750067195","14.53028252757617","22.83420014306347","5.37954534064142"
Taurus Ethical Fund,"Thematic Fund","Growth","350.1454","0","10.21","0","98.17669474000067","17.51604721510365","0","17.54116217114867","24.54009979076783","1.82330525999935"
Bajaj Finserv Overnight Fund,"Overnight Fund","Growth","348.7189","5.34","0","0","0","0","0","98.64073566822732","99.55084212991947","94.089165485233"
Bajaj Finserv Overnight Fund-Unclaimed less than 3Y IDCW Plan,"Overnight Fund","Growth","348.7189","5.34","0","0","0","0","0","98.64073566822732","99.55084212991947","94.089165485233"
Bajaj Finserv Overnight Fund-Unclaimed less than 3Y Redemption Plan,"Overnight Fund","Growth","348.7189","5.34","0","0","0","0","0","98.64073566822732","99.55084212991947","94.089165485233"
HDFC FMP-Sr 46-1359D-Sep 2022,"Fixed Maturity Plans","Growth","345.2824","5.14","0","0","0","0","0","80.4753152781607","95.22645811081017","2.246190364756501"
Taurus Flexi Cap Fund,"Flexi Cap Fund","Growth","343.62059999999997","0","11.47","0","91.84769481224349","24.382647606109774","0","20.81420613315966","30.2883179879204","8.1523051877565"
Quant Commodities Fund,"Thematic Fund","Growth","340.2669","0","4.05","0","88.959078887779","22.963708782723202","5.260840828185168","32.93799661383467","51.59849518128275","-0.14988234236120057"
JioBlackRock Nifty Smallcap 250 Index Fund,"Index Fund","Growth","333.78014089199996","0","4.72","0","100.2449282515176","90.18257867636198","0","4.07310576766727","6.54169202267339","-0.244928251517612"
Aditya Birla SL FTP-TI-1837D,"Fixed Maturity Plans","Growth","333.5061","0","0","0","0","0","0","72.49885384405259","88.92311115149012","2.962044772194567"
Tata Children's Fund,"Solution Oriented - Children's Fund","Growth","331.16899275199995","0","14.88","0","0","35.33156864345156","0","15.49015793227224","22.59861328745973","1.06561689929791"
Nippon India Japan Equity Fund,"Thematic Fund - Global","Growth","329.73089999999996","0","0.63","0","86.62567198452167","0","0","19.569352395209897","26.184868441988908","13.374328015478348"
SBI FMP-53-1839D,"Fixed Maturity Plans","Growth","329.3986","0","0","0","0","0","0","59.5652501255318","72.14544931277788","6.409165066275326"
Zerodha Gold ETF FoF,"FoFs - Gold","Growth","328.73","0","11.14","0","0","0","0","100.0000000000003","100.0000000000003","-0.11921637818270298"
Nippon India Nifty SDL Plus G-Sec-Jun 2028 Maturity 70:30 Index Fund,"Index Funds - Debt Oriented","Growth","328.00660000000005","6.76","0.07","0","0","0","0","37.4005287519579","53.71989586107975","3.3100531858160105"
Invesco India Equity Savings Fund,"Equity Savings","Growth","326.7516","6.9","4.05","9.55963256111776","28.473910943641048","5.135108472906289","19.13291274839587","50.91548034197139","58.141066221550304","45.08304171997615"
DSP Floater Fund,"Floating Rate Fund","Growth","325.73240000000004","6.58","0.43","51.411096961800524","0","0","0","40.1428595988609","55.571690135829286","11.375534027318107"
Bandhan Gilt Fund with 10 year constant duration Fund,"Gilt - Long Term Fund","Growth","325.4176","7.19","1.09","0","0","0","0","91.71847470319692","98.12860652889715","3.515803382352053"
NJ ELSS Tax Saver Scheme,"Equity Linked Savings Scheme (ELSS)","Growth","323.667354","0","13.66","0","99.14473858243979","43.84690832922247","0","19.26488174646122","29.44231471673229","0.8552614175602031"
Bajaj Finserv Banking and PSU Fund,"Banking & PSU Fund","Growth","322.7548","7.47","0.6","85.35700476027003","0","0","0","23.523523120337792","38.94703502473085","5.60888079743508"
Aditya Birla SL Intl. Equity Fund,"Thematic Fund - Global","Growth","320.3861","0","0.67","0","97.7846729305672","0","0","15.758736099974382","21.0730740191288","2.215327069432791"
SBI BSE PSU Bank Index Fund,"Index Fund","Growth","319.57919999999996","0","18.79","0","100.20157757451055","2.085836625162084","0","55.208630599238","76.96085978061156","-0.20157757451048097"
Union Consumption Fund,"Sectoral Fund - Consumption","Growth","316.8742","0","8.85","0","97.62590327644223","13.51088223654687","0.0406154871554705","17.73164239941277","27.353852096510227","2.3334812364023323"
SBI FMP-51-1846D,"Fixed Maturity Plans","Growth","316.53790000000004","0","0","0","0","0","0","38.071057059524975","53.85874666837562","5.367135261748489"
Invesco India Overnight Fund,"Overnight Fund","Growth","316.2587","5.28","0","0","0","0","0","100.82604317545689","100.82604317545689","98.51779811222343"
Franklin India Ultra Short Duration Fund,"Ultra Short Duration Fund","Growth","313.659419838","6.87","0.02","76.0735790904157","0","0","0","33.2546257611273","48.804732633476675","17.21340558714472"
SBI Nifty200 Quality 30 Index Fund,"Index Fund","Growth","313.5269","0","6.75","0","100.28035871882128","2.56533011999927","0","16.90815046492023","26.37575914538752","-0.280358718821256"
SBI BSE Sensex Index Fund,"Index Fund","Growth","313.3517","0","12.11","0","100.00772295155889","0","0","33.480941702247","44.544484679674596","-0.007722951558903304"
Aditya Birla SL Nifty Smallcap 50 Index Fund,"Index Fund","Growth","312.1734","0","6.99","0","100.01371032893901","80.05637251604396","0","11.138296856811","17.888743884008058","-0.013710328938979999"
DSP Nifty Smallcap250 Quality 50 Index Fund,"Index Fund","Growth","310.8143","0","21.13","0","99.92484258285414","96.72782108159119","0","13.42148672052734","20.42981934872366","0.07515741714586505"
ITI Bharat Consumption Fund,"Sectoral Fund - Consumption","Growth","309.8798","0","7.65","0","99.04300223178187","6.360549443440729","0","16.374833078426562","25.330146613744635","0.933663402935971"
Nippon India Nifty SDL Plus G-Sec - Jun 2029 Maturity 70:30 Index Fund,"Index Funds - Debt Oriented","Growth","309.1953","7.02","0.42","0","0","0","0","41.70684192118671","54.922501543195494","2.2145588001841907"
IL&FS Infra Debt Fund - Series 2-C,"Sectoral Fund - Infrastructure (Debt)","Growth","309.16234000000003","0","0","48.19873234463158","0","0","0","76.82989784590191","95.14818007911313","51.801267655368406"
Groww Nifty Total Market Index Fund,"Index Fund","Growth","308.860069948","0","7.33","0","100.17086852007093","13.916531163876593","0","15.15361550299869","20.37118782666361","-0.170868520071203"
Kotak CRISIL-IBX Financial Services 3-6 Months Debt Index Fund,"Index Funds - Debt Oriented","Growth","307.9633","6.79","0.01","95.93415838835338","0","0","0","29.83232092914963","46.05405903885296","4.065841611646579"
ITI Value Fund,"Value Fund","Growth","304.9929","0","5.13","0","96.16665697719762","34.63632586677029","0","12.36501978778644","18.35563565516644","3.83334302280239"
Helios Balanced Advantage Fund,"Dynamic Asset Allocation Fund","Growth","304.822027777","0","4.12","0","88.6497365675706","4.870055310968368","7.505101337829942","17.30193358747072","25.998746809613472","1.8549514142679935"
ICICI Pru Diversified Equity All Cap Omni FOF,"FoFs (Domestic) - Equity Oriented","Growth","303.221776441","0","6.8","0","0","0","0","62.72247403609755","73.98116409480534","2.652143436197014"
Axis Nifty 500 Index Fund,"Index Fund","Growth","301.5125","0","6.85","0","99.91401815845096","10.366598399734663","0","15.72050445669748","21.13351021931097","0.08598184154886701"
LIC MF Midcap Fund,"Mid Cap Fund","Growth","300.89459999999997","0","5.24","0","95.40112210543079","23.0201856633199","0","10.38821823923398","15.410713440680881","4.598877894569177"
Bajaj Finserv Healthcare Fund,"Sectoral Fund - Pharma & Health Care","Growth","300.451502","0","0","0","96.72931577037659","37.423203927011635","0","24.66128225504356","37.39293037683561","1.6749487826146447"
Nippon India CRISIL-IBX Financial Services 3-6 Months Debt Index Fund,"Index Funds - Debt Oriented","Growth","300.1841","6.76","0.01","95.32583024086331","0","0","0","24.96411243054899","41.35768474815566","4.674169759136681"
UTI Medium to Long Duration Fund,"Medium to Long Duration Fund","Growth","299.7018","7.94","0.43","53.501714037086195","0","0","0","24.13388908575123","37.08693107615636","2.69461177744013"
DSP CRISIL-IBX 50:50 Gilt Plus SDL - April 2033 Index Fund,"Index Funds - Debt Oriented","Growth","299.3234","7.34","0.89","0","0","0","0","59.09657879086","78.01373392113982","3.114744268643253"
Canara Rob Short Duration Fund,"Short Duration Fund","Growth","298.2428","7.05","0.21","81.71365746297981","0","0","0","25.24312405865288","42.00302572266622","8.02584337325159"
UTI CRISIL SDL Maturity April 2033 Index Fund,"Index Funds - Debt Oriented","Growth","296.269","7.5","0.99","0","0","0","0","28.3211540863202","44.6578616055004","11.3253495978317"
Groww Small Cap Fund,"Small Cap Fund","Growth","296.070448607","0","4.88","0","86.99918841745225","76.44988153155671","0","21.22159993225156","28.76319167369498","13.00081158254777"
Canara Rob Overnight Fund,"Overnight Fund","Growth","295.6748","5.24","0","0","0","0","0","99.43975611042941","99.99999999999999","96.62595527248178"
Kotak Nifty Commodities Index Fund,"Index Fund","Growth","294.026","0","2.22","0","100.21453885030577","0","0","25.202601130512267","37.90787209294417","-0.21453885030575598"
Baroda BNP Paribas Low Duration Fund,"Low Duration Fund","Growth","292.08389999999997","7.24","0.12","87.29399326700309","0","0","0","21.06487211380019","34.053468883427","7.89458097485004"
ICICI Pru Strategic Metal and Energy Equity FoF,"FoFs (Overseas)","Growth","291.560536804","0","0.66","0","0","0","0","100.00000000000004","100.00000000000004","0.47332168509404604"
Invesco India Technology Fund,"Sectoral Fund - Technology","Growth","290.9244","0","13.74","0","98.40535891798694","23.509165955141608","0","24.02397323840833","34.622706105091225","1.5946410820130552"
Bandhan Healthcare Fund,"Sectoral Fund - Pharma & Health Care","Growth","290.5462","0","0.08","0","95.87031169217283","26.049837485467094","0","25.61847744222922","39.30074442287867","4.12968830782721"
Franklin India Floating Rate Fund,"Floating Rate Fund","Growth","289.617583669","7.67","0","70.74822402812967","0","0","0","25.96032939661864","42.69570686195724","1.200518444685933"
DSP Bond Fund,"Medium Duration Fund","Growth","288.3992","7.43","0.58","69.23597568925295","0","0","0","28.27445429807014","45.99173645419262","0.37635333246416786"
Samco Flexi Cap Fund,"Flexi Cap Fund","Growth","286.4435","0","21.62","0","99.57384266007084","26.1852686480929","0","19.23908205283066","29.64218074419562","0.4261573399291661"
Edelweiss Nifty 50 Index Fund,"Index Fund","Growth","286.1637","0","10","0","100.01027383976377","0","0","27.72116099980537","37.26611726085455","-0.010273839763743853"
Shriram Money Market Fund,"Money Market Fund","Growth","285.4524","7.1","0.09","87.75718823873962","0","0","0","26.992976762500533","43.57934983205608","0.2502343648187927"
Aditya Birla SL Global Emerging Opp Fund,"FoFs (Overseas)","Growth","284.2201","0","1.37","0","0","0","0","99.99999999999997","99.99999999999997","1.372914864219667"
HDFC BSE 500 Index Fund,"Index Fund","Growth","283.5021","0","7.82","0","99.98610239571406","10.506412474546034","0","16.16340760791541","21.50460261140921","0.013897604285823983"
Axis Retirement Fund-Dynamic Plan,"Solution Oriented, Retirement Fund - Equity Oriented","Growth","283.0045","6.88","8.02","0","0","12.062412788489237","0","17.03007266668905","26.688646293610173","4.803139879401209"
WOC Balanced Hybrid Fund,"Balanced Hybrid Fund","Growth","281.6608","7.05","3.71","29.601385780342873","50.01505356797962","9.352029107351816","36.89341931855621","16.00851094650018","21.64461650325497","9.47611453208966"
Baroda BNP Paribas Equity Savings Fund,"Equity Savings","Growth","280.8283","7.24","1.48","20.303473688371156","39.09346031008981","2.419841590039181","28.938607683057597","36.170713564124384","41.167147328100455","30.80220191483546"
Baroda BNP Paribas Short Duration Fund,"Short Duration Fund","Growth","279.7579","7.5","0.38","86.24484589485593","0","0","0","16.56388625497502","25.11455920606176","4.20385492017251"
JM Focused Fund,"Focused Fund","Growth","279.614118737","0","10.08","0","98.03236582049172","17.60997653781361","0","16.119867172514","25.52459613211794","1.967634179508251"
Edelweiss NIFTY Large Mid Cap 250 Index Fund,"Index Fund","Growth","278.05580000000003","0","4.57","0","99.98147242590241","2.8320267962562276","0","11.0912709472436","15.131580614266671","0.018527574097628063"
Sundaram Banking & PSU Fund,"Banking & PSU Fund","Growth","277.58908965379","7.3","0.44","81.84804967780474","0","0","0","25.525973523413143","39.84128398808631","12.59349452682378"
Groww Liquid Fund,"Liquid Fund","Growth","277.540211726","6.13","0","78.78858693668529","0","0","0","36.46248413902171","53.995825955464994","20.95657677649286"
Bank of India Banking & Financial Services Fund,"Sectoral Fund - Banks & Financial Services","Growth","274.8211","0","7.39","0","97.34503646190196","12.678538874926282","0","27.057893298585878","40.841478328992935","2.654963538098062"
SBI FMP-57-1835D,"Fixed Maturity Plans","Growth","274.2345","0","0","0","0","0","0","70.8297096098412","81.18792493285854","5.48866025244818"
Bank of India Short Term Income Fund,"Short Duration Fund","Growth","271.5856","7.19","0.38","72.29495967385606","0","0","0","26.06522584408008","37.00792678256872","4.33951579170619"
SBI FMP-55-1849D,"Fixed Maturity Plans","Growth","270.74","0","0","0","0","0","0","52.093780010342","70.66960921917705","5.23380364925759"
Tata Nifty Midcap 150 Index Fund,"Index Fund","Growth","270.03040322379996","0","1.52","0","100.96888970462771","5.607627814950204","0","7.60162550399466","11.043274995699338","-0.9688897046276778"
HDFC FMP-Sr 46-1406D-Aug 2022,"Fixed Maturity Plans","Growth","269.0988","5.35","0","0","0","0","0","45.78076899636862","58.81925151654336","7.127976787707709"
SBI FMP-58-1842D,"Fixed Maturity Plans","Growth","267.89439999999996","0","0.02","0","0","0","0","48.935774693312","67.75438381690697","5.88974610891455"
Navi Large & Midcap Fund,"Large & Mid Cap Fund","Growth","267.44926599999997","0","5.11","0","95.16527424670016","20.205644006270322","0","11.32163939751159","17.65760845179953","4.83472575329988"
Quant ESG Integration Strategy Fund,"Thematic Fund","Growth","264.3966","0","3.23","0","80.97199434485918","31.8977248572788","6.016983576944634","38.87640763912996","55.91202761306306","0.6354847225720022"
NJ Arbitrage Fund,"Arbitrage Fund","Growth","263.78866600000003","5.36","0.1","0","76.73349999048102","7.218363582004699","14.06167579618451","22.48173278225684","32.50717754492151","3.74818833194296"
SBI FMP-60-1878D,"Fixed Maturity Plans","Growth","262.8086","0","0.05","0","0","0","0","55.72619269340431","70.68477189412144","4.828426585021286"
LIC MF Banking & Financial Services Fund,"Sectoral Fund - Banks & Financial Services","Growth","262.05330000000004","0","10.05","0","94.45933327304023","24.307459589327816","0","35.67247579023044","48.96431374838628","5.54066672695974"
ICICI Pru Nifty LargeMidcap 250 Index Fund,"Index Fund","Growth","261.61505450420003","0","4.53","0","99.96393383997763","2.827169106922039","0","11.08621216579659","15.13185090782475","0.036066160022247995"
Navi Flexi Cap Fund,"Flexi Cap Fund","Growth","260.338422","0","2.83","2.993895384370114","91.74105733805209","38.06392358020823","2.9938953843701137","13.6522284059938","20.60453873381779","5.2650472775778"
Axis CRISIL-IBX Financial Services 3-6 Months Debt Index Fund,"Index Funds - Debt Oriented","Growth","259.3841","6.7","0.01","97.2632543783524","0","0","0","28.94838195556321","47.94815873447911","2.736745621647588"
ICICI Pru Nifty SDL Sep 2026 Index Fund,"Index Funds - Debt Oriented","Growth","256.6780518506","5.51","0","0","0","0","0","33.52460382942512","45.25229140651534","5.13980519778876"
Edelweiss Nifty Next 50 Index Fund,"Index Fund","Growth","255.66189999999997","0","10","0","100.04052226788586","0","0","10.54564641817964","17.20999491907085","-0.04052226788582919"
Bandhan Floater Fund,"Floating Rate Fund","Growth","255.0054","7.69","0.31","73.30977119188454","0","0","0","74.38084682730221","90.01759811814738","3.684825974526924"
Kotak Energy Opportunities Fund,"Sectoral Fund - Energy & Power","Growth","254.81990000000002","0","3.81","0","94.20522348091171","12.620251808662472","0","20.729920879159046","30.471258261657507","5.794776519088297"
UTI Credit Risk Fund,"Credit Risk Fund","Growth","252.5152","8.04","0.35","71.94778769753266","0","0","0","26.775021860070222","38.972386612766286","10.3873747006121"
SBI Retirement Benefit Fund-Conservative Hybrid Plan,"Solution Oriented, Retirement Fund - Debt Oriented","Growth","248.1483","6.18","2.99","17.420569958801796","0","7.290715498117541","0","37.4138635472451","51.39508637834572","5.6195576510479714"
Tata Income Plus Arbitrage Active FOF,"FoFs (Domestic) - Hybrid","Growth","248.080284391","7.86","0.28","0","0","0","0","100.0216525102475","99.99999999999991","0.043205525688224306"
Samco Multi Cap Fund,"Multi Cap Fund","Growth","247.7374","0","15.42","0","97.4766022409212","45.95862393001624","0","12.939548085997497","16.874319339752486","0.8468644621280399"
Motilal Oswal Quant Fund,"Thematic Fund","Growth","246.6951","0","12.83","0","98.51127971329791","0","0","15.78770717375416","24.9892275930896","1.488720286702088"
Edelweiss Financial Services Fund,"Sectoral Fund - Banks & Financial Services","Growth","246.31619999999998","0","8.59","0","95.58421248785099","8.51003709865613","0","29.36436986280235","44.926358883418935","4.415787512149013"
SBI Nifty India Consumption Index Fund,"Index Fund","Growth","246.248","0","10.59","0","100.24180168927819","0","0","27.4165260046086","39.0509357777232","-0.24180168927816204"
Axis FMP-130-92D,"Fixed Maturity Plans","Growth","244.90700099999998","0","0","99.81360802263714","0","0","0","30.453314931790402","50.73854565202301","0.18639197736286056"
JioBlackRock Nifty Midcap 150 Index Fund,"Index Fund","Growth","244.60714043200002","0","1.53","0","100.21810709534395","5.566527602568184","0","7.544726332357589","10.96055468685436","-0.21810709534378792"
LIC MF Arbitrage Fund,"Arbitrage Fund","Growth","244.45950000000002","0","0.07","8.42106770242106","66.0388735148358","0.479015951517531","8.42106770242106","32.63268557777467","42.460652991599865","5.486921146447571"
Tata Nifty India Tourism Index Fund,"Index Fund","Growth","243.3741883488","0","23.52","0","100.04006655424784","36.96073959621427","0","55.32636838505721","72.81976005853372","-0.04006655424782091"
PGIM India Multi Asset Allocation Fund,"Multi Asset Allocation Fund","Growth","242.43150000000003","6.18","4.21","0","51.421487857604646","1.8448215499232812","10.357988366625781","26.99631771172034","34.653623618579054","18.03454438952931"
WOC Equity Savings Fund,"Equity Savings","Growth","242.08360000000002","6.99","1.05","3.6830665109078016","66.51491468236591","4.1735582253403365","20.125444268013194","17.99456881837514","25.46892891546556","1.6954886658988837"
DSP Credit Risk Fund,"Credit Risk Fund","Growth","242.06220000000002","7.75","0.81","64.57571648939819","0","0","0","31.35057848767797","44.1015986800087","12.455311072939109"
ICICI Pru Nifty50 Equal Weight Index Fund,"Index Fund","Growth","241.82912656969998","0","4.28","0","100.07036928624515","0","0","7.07995775482622","11.64785251452391","-0.070369286245139"
Baroda BNP Paribas Corp Bond Fund,"Corporate Bond Fund","Growth","241.6923","7.44","0.42","81.44491984229535","0","0","0","18.341957935772058","26.64768385256792","9.06946559737319"
Union Arbitrage Fund,"Arbitrage Fund","Growth","241.25490000000002","6.62","0.07","5.91553504974399","70.55417174347343","1.784203725786719","6.037796974885872","28.046952597448538","34.646668896206286","6.03771326250987"
Nippon India FMP-XLV-5-1158D,"Fixed Maturity Plans","Growth","240.96540000000002","0","0","86.80297382945386","0","0","0","30.52406830837983","45.82361326894029","13.197026170546179"
HDFC NIFTY100 Low Volatility 30 Index Fund,"Index Fund","Growth","240.58540000000002","0","9.01","0","99.92318735883389","0","0","12.343226147555079","20.00370762315584","0.07681264116608899"
Invesco India - Invesco Global Equity Income FoF,"FoFs (Overseas)","Growth","240.56439999999998","0","0.76","0","0","0","0","99.99999999999996","99.99999999999996","3.208828904027362"
Nippon India FMP-XLIII-1-1755D,"Fixed Maturity Plans","Growth","239.7511","0","0","0","0","0","0","66.08049510934642","77.32634387345436","2.884242828618075"
SBI FMP-45-1840D,"Fixed Maturity Plans","Growth","239.64610000000002","0","0","0","0","0","0","57.4053990446745","72.05216358622138","15.411183407532981"
Aditya Birla SL Nifty Next 50 Index Fund,"Index Fund","Growth","238.9977","0","10.34","0","99.94271911403328","0","0","10.53549887718584","17.19355458232442","0.05728088596668501"
Edelweiss Europe Dynamic Equity Off-shore Fund,"FoFs (Overseas)","Growth","236.9393","0","0.93","0","0","0","0","100.10720163898519","100.00000000000001","4.02288687440201"
Quant Teck Fund,"Sectoral Fund - Technology","Growth","235.475","0","24.23","0","66.51177407368091","57.15354071557494","6.335916763987685","41.0036734260538","59.76405138549748","3.520033973882601"
Zerodha ELSS Tax Saver Nifty LargeMidcap 250 Index Fund,"Equity Linked Savings Scheme (ELSS)","Growth","234.68490000000003","0","4.27","0","100.009860915921","2.8326421910202444","0","11.0958639103274","15.138274881687842","-0.009860915921023006"
Bandhan Nifty 100 Index Fund,"Index Fund","Growth","233.60209999999998","0","8.6","0","100.0729558204682","0","0","22.65934508360948","30.46141623480429","-0.07295582046822316"
Aditya Birla SL FTP-TQ-1879D,"Fixed Maturity Plans","Growth","231.7886","0","0","0","0","0","0","74.33127402025262","79.66352869984311","6.0169995257643"
Invesco India Income Plus Arbitrage Active FoF,"FoFs (Domestic) - Hybrid","Growth","231.26930000000002","0","0.25","0","0","0","0","94.8771410645512","99.97972061142576","0.7191183611486693"
Helios Overnight Fund,"Overnight Fund","Growth","231.25009999999997","5.24","0","0","0","0","0","100.00000000000003","100.00000000000003","100.00000000000003"
Axis Long Duration Fund,"Long Duration Fund","Growth","230.497501","7.72","3.66","0","0","0","0","68.71580863132999","95.54995867634139","2.5651792318788553"
Bandhan Credit Risk Fund,"Credit Risk Fund","Growth","230.4779","7.87","0.36","84.48425311450873","0","0","0","26.10862473821981","43.46426129070303","4.52232659782551"
ICICI Pru Nifty200 Value 30 Index Fund,"Index Fund","Growth","230.316005209","0","5.43","0","99.94437850340286","1.0809496273352","0","17.27600301329173","28.45051951145922","0.05562149659716098"
ITI Pharma & Healthcare Fund,"Sectoral Fund - Pharma & Health Care","Growth","229.56439999999998","0","1.89","0","96.89703630005351","21.27703598641602","0","27.481395198907148","37.52480785348251","3.10296369994651"
The Wealth Company Flexi Cap Fund,"Flexi Cap Fund","Growth","227.71436235599998","0","4.29","0","91.33115243730695","25.83142463058174","0","17.785493408924122","24.27471997422014","8.66884756269299"
Edelweiss Nifty Smallcap 250 Index Fund,"Index Fund","Growth","227.6514","0","10.26","0","100.3509312923181","90.27785464969693","0","4.07737444180005","6.54856504286818","-0.35093129231799225"
Mirae Asset Nifty Smallcap 250 Momentum Quality 100 ETF FoF,"FoFs (Domestic) - Equity Oriented","Growth","226.6411","0","17.47","0","0","0","0","100.11021831433055","100.0000000000001","-0.005515327978905998"
Kotak Dividend Yield Fund,"Dividend Yield Fund","Growth","226.6402","0","5.87","0","97.0488907087093","0.878396683377441","0","14.27818189359169","21.03722111081794","2.9511092912907753"
IL&FS Infra Debt Fund - Series 2-A,"Sectoral Fund - Infrastructure (Debt)","Growth","226.15989000000002","0","0","22.2960214271417","0","0","0","79.90425881264801","100.00000000000001","57.6082373855063"
JioBlackRock Short Duration Fund,"Short Duration Fund","Growth","224.87525639700002","7.11","0.09","84.61610808086162","0","0","0","36.9185726923345","59.0477081060358","13.15909401110739"
SBI LT Advantage Fund-VI,"Equity Linked Savings Scheme (ELSS)","Growth","223.49759999999998","0","13.28","0","91.78812258457769","38.89388417461571","0","20.39154973177041","29.37504587507297","8.21187741542229"
Mirae Asset Nifty MidSmallcap400 Momentum Quality 100 ETF FoF,"FoFs (Domestic) - Equity Oriented","Growth","223.1991","0","8.41","0","0","0","0","100.1942378239957","100.00000000000003","-0.055984650217968"
JM Low Duration Fund,"Low Duration Fund","Growth","223.167682569","7.2","0.14","88.40520262650504","0","0","0","20.8712065581444","29.899538872242104","2.479012522473758"
Abakkus Liquid Fund,"Liquid Fund","Growth","222.03599999999997","5.89","0","63.630447314849846","0","0","0","26.60104667711546","35.60030805815277","16.115134482696536"
Axis Nifty India Defence Index Fund,"Index Fund","Growth","221.9787","0","4.53","0","99.81615578431621","22.56773104806903","0","52.1348048258684","69.2570985414366","0.1838442156837401"
ITI Ultra Short Duration Fund,"Ultra Short Duration Fund","Growth","221.899","6.44","0","76.80175389336524","0","0","0","37.173165771852","51.37299446661386","8.63155760138632"
Nippon India Diversified Equity Flexicap Passive FoF,"FoFs (Domestic) - Equity Oriented","Growth","221.8947","0","8.13","0","0","0","0","98.9402565424119","100.0785891985838","1.0597434575880138"
ICICI Pru Multi Sector Passive FOF,"FoFs (Domestic) - Equity Oriented","Growth","221.4423730352","0","4.69","0","0","0","0","46.79176734776469","64.77454970968873","3.3862412746128197"
Edelweiss Emerging Markets Opp Eq. Offshore Fund,"FoFs (Overseas)","Growth","221.3732","0","3.06","0","0","0","0","100.06595079485682","99.99999999999999","4.65255053457239"
Zerodha Silver ETF FoF,"FoFs (Domestic) - Silver","Growth","220.68650000000002","0","29.18","0","0","0","0","100.00000000000003","100.00000000000003","-0.08310431313197697"
JM ELSS Tax Saver Fund,"Equity Linked Savings Scheme (ELSS)","Growth","219.578273746","0","8.88","0","97.53437350351761","30.046751070790695","0","9.76433422771207","15.2872922112639","2.357665457825976"
JioBlackRock Nifty 50 Index Fund,"Index Fund","Growth","218.85772830599998","0","9.94","0","100.24630997918881","0","0","27.78639150862073","37.3538258967095","-0.246309979188856"
Edelweiss US Value Equity Offshore Fund,"FoFs (Overseas)","Growth","218.0174","0","0","0","0","0","0","100.07758697287464","100","1.692158515788189"
Axis Conservative Hybrid Fund,"Conservative Hybrid Fund","Growth","217.81449899999998","7.46","2.05","26.543701176918873","19.874793918678506","0","74.0684830440582","38.8020168537908","49.82001611462972","5.301998719093531"
Mirae Asset CRISIL IBX Gilt Index - April 2033 Index Fund,"Index Funds - Debt Oriented","Growth","217.6322","7.06","1.25","0","0","0","0","64.42769038772761","89.92134435988795","2.7129257527149"
Aditya Birla SL Global Excellence Equity FoF,"FoFs (Overseas)","Growth","216.4517","0","0.52","0","0","0","0","100","100","1.366679032781905"
Aditya Birla SL Dynamic Asset Allocation Omni FOF,"FoFs (Domestic) - Equity Oriented","Growth","216.392","0","3.01","0","0","0","0","38.7303137473872","62.93809521544","1.0775132207624"
Mahindra Manulife Ultra Short Duration Fund,"Ultra Short Duration Fund","Growth","211.94709999999998","6.96","0.02","86.94079796326537","0","0","0","23.05924450016066","33.46401059509661","5.800739901607521"
UTI Nifty Midcap 150 Quality 50 Index Fund,"Index Fund","Growth","210.77810000000002","0","9.07","0","99.95127492390378","11.735489089482652","0","12.869961493771623","19.96608533429721","0.0487250760962518"
Kotak Nifty AAA Bond Financial Services Mar 2028 Index Fund,"Index Funds - Debt Oriented","Growth","209.9827","7.73","0.36","98.18989850116228","0","0","0","35.744087489112204","57.9174855833362","1.8101014988377573"
Quantum Small Cap Fund,"Small Cap Fund","Growth","209.3721","0","2.56","0","91.57140181003854","80.20924042295093","0","15.097806514833248","20.60551170253772","8.42859818996146"
Axis NASDAQ 100 US Specific Equity Passive FOF,"FoFs (Overseas)","Growth","208.74669999999998","0","0.19","0","0","0","0","99.99999999999997","99.99999999999997","1.94454618923317"
Quantum ELSS Tax Saver Fund,"Equity Linked Savings Scheme (ELSS)","Growth","208.6056","0","9.33","0","94.39738744810127","22.903799729673803","0","19.7453508576076","29.240160042174125","5.602612551898704"
Edelweiss Overnight Fund,"Overnight Fund","Growth","208.4357","5.34","0","0","0","0","0","100.07359583794909","100.00000000000001","97.60319369474617"
SBI CRISIL-IBX Financial Services 9-12 Months Debt Index Fund,"Index Funds - Debt Oriented","Growth","208.3544","0","0.14","96.43511248142596","0","0","0","34.584102855519305","55.39772618192856","3.564887518574122"
LIC MF Value Fund,"Value Fund","Growth","207.8064","0","3.48","0","98.47588909677475","35.071441495545855","0","14.677315039382819","22.380975754355987","1.52411090322531"
Tata BSE Select Business Groups Index Fund,"Index Fund","Growth","207.4844663709","0","5.55","0","100.11160929670801","0.312299586485856","0","43.81137942940376","53.63816413049341","-0.111609296707995"
SBI CRISIL-IBX Financial Services 3-6 Months Debt Index Fund,"Index Funds - Debt Oriented","Growth","207.1068","0","0","95.62172753381346","0","0","0","40.4591254367312","62.0206096564671","4.37827246618653"
UTI Nifty Private Bank Index Fund,"Index Fund","Growth","206.273","0","10.96","0","100.06617443872922","2.93043684825449","0","60.7305367159056","86.25772641111534","-0.0661744387292639"
Edelweiss Income Plus Arbitrage Omni FoF,"FoFs (Domestic) - Hybrid","Growth","205.9084","0","0.06","0","0","0","0","79.13832873364261","92.49570984432862","0.4539950449630604"
PGIM India Aggressive Hybrid Equity Fund,"Aggressive Hybrid Fund","Growth","203.9776","6.55","5.32","4.876564877712063","64.81755839856925","4.984027657938917","20.4547950363177","22.485312112702548","30.86917387007198","2.49919599014794"
Baroda BNP Paribas Gold ETF FoF,"FoFs - Gold","Growth","200.9104","0","13.03","0","0","0","0","99.99999999999999","99.99999999999999","0.911749715295976"
Kotak Nifty Smallcap 50 Index Fund,"Index Fund","Growth","200.0839","0","7.01","0","100.0206913199913","80.06181406899805","0","11.13917711520018","17.89019506317101","-0.02069131999126994"
UTI BSE Sensex Index Fund,"Index Fund","Growth","199.5479","0","12.09","0","99.93951326974631","0","0","33.45773120138078","44.514023951141624","0.0604867302537553"
Samco Dynamic Asset Allocation Fund,"Dynamic Asset Allocation Fund","Growth","198.9899","5.59","10.76","0","80.60504578373074","14.147099928187313","12.7532100875472","37.64588051956409","42.96449216769295","0.5713857839016026"
Union Retirement Fund,"Solution Oriented, Retirement Fund - Equity Oriented","Growth","195.842","0","3.09","0","0","22.14994740658285","0","14.35718589475189","19.67300170545644","1.04916207963562"
Nippon India Nifty Bank Index Fund,"Index Fund","Growth","195.8384","0","12.9","0","100.00959087255508","0","0","41.9438132190826","61.55380624926234","-0.009590872555087615"
DSP FMP 270-1172D,"Fixed Maturity Plans","Growth","195.6791","0","0.45","0","0","0","0","99.23583506377928","99.99999999999999","0.7641649362207062"
Nippon India Nifty IT Index Fund,"Index Fund","Growth","195.3341","0","34.76","0","100.17025665779525","0","0","60.1322460220193","77.79905104341972","-0.17025665779525745"
Axis Nifty500 Value 50 Index Fund,"Index Fund","Growth","195.22619999999998","0","2.9","0","99.7609250192853","9.674464288092482","0","17.30366979432064","28.33654755355582","0.2390749807146202"
HSBC Gilt Fund,"Gilt - Short & Mid Term Fund","Growth","194.71540000000002","7.19","2.38","0","0","0","0","57.5947868367402","71.91598859761487","17.697263968823812"
SBI LT Advantage Fund-IV,"Equity Linked Savings Scheme (ELSS)","Growth","194.4107","0","11.04","0","95.9529490917938","28.323749670157042","0","20.00877523716545","28.8900250860678","4.047050908206181"
SBI Equity Minimum Variance Fund,"Thematic Fund","Growth","193.40740000000002","0","10.44","0","98.5175887034113","0","0","24.5831504837677","37.584561987427534","1.482411296588646"
Kotak Nifty SDL Jul 2033 Index Fund,"Index Funds - Debt Oriented","Growth","192.24360000000001","7.64","0.84","0","0","0","0","37.8894798058297","53.614528650108525","6.1996862314272105"
Tata Nifty200 Alpha 30 Index Fund,"Index Fund","Growth","191.1110502131","0","12.56","0","100.01902024339225","0","0","16.6075692455299","25.280537125470858","-0.0190202433922557"
ICICI Pru Nifty Auto Index Fund,"Index Fund","Growth","190.9018796447","0","10.29","0","99.96953898184283","1.41835351608133","0","48.60631268288625","64.15399942929207","0.030461018157143027"
Helios Financial Services Fund,"Sectoral Fund - Banks & Financial Services","Growth","190.715","0","7.83","0","99.57014393204513","13.016962483286568","0","36.04451668720337","48.26757203156537","0.4298560679548019"
Bank of India Large Cap Fund,"Large Cap Fund","Growth","188.1714","0","4.88","0","97.31364976928178","9.197872030179155","0.022672003838248","16.86486639040062","24.94593056346045","2.663678226879968"
Franklin India Conservative Hybrid Fund,"Conservative Hybrid Fund","Growth","188.069069302","7.31","1.98","52.34309054080759","22.399027937100573","3.1526135881914255","61.278312263533095","30.507428143788772","42.33533827571999","14.8701298909988"
Sundaram Short Duration Fund,"Short Duration Fund","Growth","187.90366281143","7.36","0.31","74.22801499083695","0","0","0","21.26936665418153","31.95254850367281","6.783426848353409"
Qsif Equity Ex-Top 100 Long-Short Fund,"Mid Cap Fund","Growth","187.7425","0","2.9","0","58.21670639306497","33.19536066687083","6.87100683116502","32.932926748072504","41.19381599797595","22.615284232392767"
LIC MF Medium to Long Duration Fund,"Medium to Long Duration Fund","Growth","187.0804","7.16","0.72","36.539370238678124","0","0","0","36.3179681035533","55.21797045548325","6.632228710222985"
Union Diversified Equity All Cap Active FOF,"FoFs (Domestic) - Equity Oriented","Growth","186.6598","0","2.63","0","0","0","0","84.2235446518211","99.0096957138066","0.9903042861933811"
Mirae Asset Nifty200 Alpha 30 ETF FoF,"FoFs (Domestic) - Equity Oriented","Growth","186.65830000000003","0","13.75","0","0","0","0","100.05421671578524","100.0000000000003","-0.0096968631986898"
LIC MF Ultra Short Duration Fund,"Ultra Short Duration Fund","Growth","186.5843","6.68","0.02","86.80766600903905","0","0","0","22.06027138184603","36.32497825381579","4.23679744025541"
UTI Income Plus Arbitrage Active FoF,"FoFs (Domestic) - Hybrid","Growth","185.9948","7.74","0.25","0","0","0","0","99.99999999999993","99.99999999999993","1.90419302045002"
Canara Rob Banking and PSU Debt Fund,"Banking & PSU Fund","Growth","185.37740000000002","7.17","0.46","83.17205872992068","0","0","0","24.280306013570147","40.36268714525071","7.67229446523684"
Nippon India FMP-XLIII-5-2315D,"Fixed Maturity Plans","Growth","185.33509999999998","0","0.09","0","0","0","0","78.50561304963335","83.6290395876612","2.917356803068091"
JioBlackRock Nifty Next 50 Index Fund,"Index Fund","Growth","184.216395158","0","3.47","0","100.19609859355364","0","0","10.5624418870597","17.237364159560812","-0.19609859355364"
HDFC Nifty SDL Oct 2026 Index Fund,"Index Funds - Debt Oriented","Growth","182.9233","5.55","0","0","0","0","0","42.190196656194125","58.07822185582696","2.74934904410755"
HSBC CRISIL IBX Gilt June 2027 Index Fund,"Index Funds - Debt Oriented","Growth","181.8946","6.01","0.07","0","0","0","0","96.22880503324453","100.07531834370015","2.626905911445413"
Mahindra Manulife Innovation Opportunities Fund,"Thematic Fund","Growth","181.38150000000002","0","1.39","0","97.42007867395512","15.24736535975279","0","11.160785416373779","17.8344538996535","2.5799213260448237"
Motilal Oswal Financial Services Fund,"Sectoral Fund - Banks & Financial Services","Growth","181.21450000000002","0","4.66","0","96.57234934290574","16.993452510698653","0","24.316100532794014","38.17051063794564","3.42765065709422"
DSP Regular Savings Fund,"Conservative Hybrid Fund","Growth","179.00709999999998","6.86","0.57","20.36941551480361","18.680543956077724","3.357129409950779","74.70111520716215","28.694671887316158","39.7927233053884","5.589107918065821"
DSP World Mining Overseas Equity Omni FoF,"FoFs (Overseas)","Growth","177.98669999999998","0","7.39","0","0","0","0","99.99999999999999","99.99999999999999","4.343582975581887"
SBI FMP-76-1221D,"Fixed Maturity Plans","Growth","175.5959","0","0","6.83529626830695","0","0","0","97.71099439109913","100.00000000000003","61.930090622844894"
Baroda BNP Paribas Credit Risk Fund,"Credit Risk Fund","Growth","174.42860000000002","7.81","0.2","78.56962676992191","0","0","0","25.663050669442967","37.16265566541266","8.5385080199004"
Bandhan Retirement Fund,"Solution Oriented, Retirement Fund - Equity Oriented","Growth","171.77270000000001","7.01","4.48","0","0","4.54886193759836","0","33.56633140957055","43.64964203791359","8.22460293380752"
Edelweiss MSCI India Domestic & World Healthcare 45 Index Fund,"Index Fund","Growth","171.58630000000002","0","0","0","97.5886186717704","0.945530033574942","0","23.24573698482919","33.87449930443163","0.29571125433673884"
Shriram Multi Sector Rotation Fund,"Thematic Fund","Growth","170.8784","0","21.96","0","94.60499396061759","26.815735634228783","0","16.61696270564332","25.474138334628613","5.45844296294909"
DSP Nifty500 Flexicap Quality 30 Index Fund,"Index Fund","Growth","170.8545","0","11.34","0","100.5721827636966","16.246221199909847","0","21.529371482752858","35.063694547114636","-0.572182763696594"
HDFC BSE India Sector Leaders Index Fund,"Index Fund","Growth","169.5966","0","7.68","0","100.1172049412115","8.71249973422917","0","14.757829608997948","23.835764250632547","-0.11720494121149"
Quant Consumption Fund,"Sectoral Fund - Consumption","Growth","168.03619999999998","0","19.88","0","65.73034270395097","59.71008581169068","6.29456128950997","33.4676660727357","50.36355213917902","-5.5569696768478"
SBI FMP-74-1243D,"Fixed Maturity Plans","Growth","167.27349999999998","0","0","0","0","0","0","90.0233752253572","97.46474663542033","34.506083750705564"
Invesco India Medium Duration Fund,"Medium Duration Fund","Growth","167.2547","7.34","0.52","52.60139176955862","0","0","0","33.15464378579499","44.94546341597578","4.07671652874329"
PGIM India Ultra Short Duration Fund,"Ultra Short Duration Fund","Growth","166.59310000000002","6.45","0.01","71.98905596930484","0","0","0","31.54410356731461","43.47268884485611","21.1974565573244"
Invesco India - Invesco Pan European Equity FoF,"FoFs (Overseas)","Growth","166.2686","0","1.15","0","0","0","0","100.00000000000001","100.00000000000001","0.1089201448740169"
HDFC NIFTY G-Sec Apr 2029 Index Fund,"Index Funds - Debt Oriented","Growth","166.0884","6.49","0.5","0","0","0","0","99.6428408004412","100","3.379766437632009"
HDFC FMP-Sr 47-2638D-Feb 2023,"Fixed Maturity Plans","Growth","165.9407","6.9","0.68","0","0","0","0","70.3850230835473","91.47948634662859","1.3131799492228202"
Unifi Flexi Cap Fund,"Flexi Cap Fund","Growth","165.510170802","0","3.63","0","97.97286177078823","30.256234658531877","0","14.035399105963123","21.882759696621285","2.027138229211772"
Franklin India G-Sec Fund,"Gilt - Short & Mid Term Fund","Growth","164.462287219","7","0","0","0","0","0","56.990336624068206","78.41183225247752","19.306003179148195"
Tata Retirement Sav Fund - Cons Plan,"Solution Oriented, Retirement Fund - Debt Oriented","Growth","164.26158234300001","6.67","0.67","9.05312111808822","0","5.68112145694162","0","39.537485925580825","54.58707917032376","1.462778032895538"
Tata Nifty MidSmall Healthcare Index Fund,"Index Fund","Growth","163.781943804","0","0","0","100.07250872302629","25.62510800960159","0","25.94968591340043","39.21628874844954","-0.0725087230263379"
Union Gold ETF FoF,"FoFs - Gold","Growth","163.2548","0","11.4","0","0","0","0","100","100","0.9874135400613029"
The Wealth Company Multi Asset Allocation Fund,"Multi Asset Allocation Fund","Growth","162.55185659999998","0","1.9","19.0623076525353","55.98246951243988","6.64053944985825","19.0623076525353","15.77119671237271","21.92745983314718","8.956314005582387"
Sundaram Global Brand Theme - Equity Active FoF,"FoFs (Overseas)","Growth","162.247161","0","0","0","0","0","0","99.99999999999996","99.99999999999996","2.1659195892227547"
SBI Nifty Bank Index Fund,"Index Fund","Growth","162.1266","0","12.78","0","100.08610554961365","0","0","41.9758386347459","61.600934084844766","-0.08610554961369699"
Invesco India Credit Risk Fund,"Credit Risk Fund","Growth","159.4901","7.2","0.27","51.132891634026194","0","0","0","45.587469065478054","62.339292532890774","26.00004639786421"
Groww Nifty EV & New Age Automotive ETF FOF,"FoFs (Domestic) - Equity Oriented","Growth","159.282049978","0","16.22","0","0","0","0","99.99999999999966","99.99999999999966","-0.0191925311133441"
Zerodha Multi Asset Passive FoF,"FoFs (Domestic) - Hybrid","Growth","158.672","0","3.34","0","0","0","0","85.2629323384088","100.65266713723912","-0.274717656549359"
Invesco India Gilt Fund,"Gilt - Short & Mid Term Fund","Growth","157.94989999999999","7.59","2.14","0","0","0","0","89.2699520544173","97.97935927784701","4.634317590577769"
LIC MF Focused Fund,"Focused Fund","Growth","157.69809999999998","0","13.09","0","93.55432944341118","25.064284224096557","0","16.982512788676587","26.680600463797585","6.445670556588823"
Navi ELSS Tax Saver Nifty 50 Index Fund,"Equity Linked Savings Scheme (ELSS)","Growth","155.523563","0","10.03","0","100.09395360881744","0","0","27.744437027847656","37.297590076431035","-0.0939536088174626"
Axis Nifty Bank Index Fund,"Index Fund","Growth","155.1826","0","12.89","0","100.23205823333286","0","0","42.037113697025305","61.690748833954316","-0.23205823333286002"
The Wealth Company Arbitrage Fund,"Arbitrage Fund","Growth","154.207462545","0","0.07","6.48933575252871","72.64756891211319","0.766152091799858","6.48933575252871","32.28594627738679","44.23207825827211","2.6458500397212603"
Bank of India Ultra Short Duration Fund,"Ultra Short Duration Fund","Growth","153.8069","6.64","0.03","84.22235933498433","0","0","0","28.41550021487983","44.692533299871464","4.1412316352517315"
DynaSIF Equity Long-Short Fund,"Large Cap Fund","Growth","153.575126425353","0","2.99","0","65.84762356627665","11.501967506818792","9.66898764509083","33.50707104210984","39.263387319210175","27.0566775242409"
Old Bridge Arbitrage Fund,"Arbitrage Fund","Growth","153.3818","0","0.21","3.26029555005874","-0.3752074887633113","-0.010301091785333609","9.66451039171531","93.98116334532514","100.38537818698171","90.7208677952664"
Bank of India Balanced Advantage Fund,"Balanced Advantage Fund","Growth","152.70600000000002","6.62","2.57","15.33738032559296","59.30480793158094","0","21.25751443951121","31.987610179036817","39.604665173601525","-0.43410213089210004"
Old Bridge Flexi Cap Fund,"Flexi Cap Fund","Growth","152.6157","0","2.31","0","90.90172243091634","40.9166946782015","0","15.82727071985386","22.22936434455958","9.098277569083656"
HDFC Retirement Savings Fund-Hybrid-Debt Plan,"Solution Oriented, Retirement Fund - Debt Oriented","Growth","152.5875","6.87","2.48","10.00960104857869","0","6.775784386008028","0","28.85662324895554","42.57773408699929","16.56112066846893"
PGIM India Money Market Fund,"Money Market Fund","Growth","152.4377","7","0.03","86.06956796374075","0","0","0","31.921078373040302","53.11074039730231","12.78446235146812"
Aditya Birla SL CRISIL IBX SDL Jun 2032 Index Fund,"Index Funds - Debt Oriented","Growth","151.7168","7.47","1.25","0","0","0","0","52.5237152378642","82.1111439207787","4.40228109214009"
HDFC Nifty100 Quality 30 Index Fund,"Index Fund","Growth","151.627","0","7.32","0","99.81098353195672","0","0","16.7013790419912","26.046416535313632","0.1890164680432903"
Bandhan Silver ETF FOF,"FoFs (Domestic) - Silver","Growth","151.0062","0","28.98","0","0","0","0","100.42400003901412","100.00000000000024","-0.12626398564277497"
ICICI Pru Quant Fund,"Thematic Fund","Growth","149.914681443","0","6.02","0","96.04869824223836","5.724722833942781","0","14.123033045332608","21.91246359849692","3.9513017577616187"
Bandhan CRISIL IBX 90:10 SDL Plus Gilt - Sep 2027 Index Fund,"Index Funds - Debt Oriented","Growth","149.64870000000002","6.49","0.08","0","0","0","0","51.5845204088575","71.82322361925817","3.7129496516320204"
Axis Floater Fund,"Floating Rate Fund","Growth","148.2","7.36","0.38","56.55393522267207","0","0","0","27.688204453441287","40.50857557354925","10.55549122807018"
SBI Retirement Benefit Fund-Conservative Plan,"Solution Oriented, Retirement Fund - Debt Oriented","Growth","147.7055","7.51","1.95","28.0502757175596","0","3.4286468682615094","0","51.3461584030384","64.63151338304931","8.2569707966189"
HSBC Nifty Next 50 Index Fund,"Index Fund","Growth","147.5329","0","10.69","0","100.04310902856243","0","0","10.58143641181052","17.26862279532227","-0.043109028562449"
Axis Nifty500 Momentum 50 Index Fund,"Index Fund","Growth","146.5965","0","4.75","0","100.10400111871705","6.784140821915933","0","14.800195093334429","24.02363767211359","-0.10400111871700002"
HDFC Nifty India Consumption Index Fund,"Index Fund","Growth","146.5627","0","5.15","0","100.08481011880924","0","0","27.37408631254747","38.98856939726138","-0.08481011880922001"
Edelweiss ASEAN Equity Off-Shore Fund,"FoFs (Overseas)","Growth","146.4965","0","0","0","0","0","0","99.99972710610832","99.99999999999999","1.9059158409927877"
Aditya Birla SL US Treasury 3-10 Year Bond ETFs Passive FOF,"FoFs (Overseas)","Growth","146.3086","3.9","0","0","0","0","0","100.09288585906782","100.00000000000007","0.4741348082067626"
HSBC Conservative Hybrid Fund,"Conservative Hybrid Fund","Growth","146.2029","7.36","1.22","24.29856042527201","17.38009300773103","1.4414214765917766","72.33796320045633","27.549043144834997","41.340561644126055","9.961293517433653"
SBI FMP-52-1848D,"Fixed Maturity Plans","Growth","146.0594","0","0","0","0","0","0","71.22581634595241","83.66301655353918","9.58329282470009"
Bandhan Gold ETF FOF,"FoFs - Gold","Growth","145.681","0","11.15","0","0","0","0","100.26649788494505","99.9999999999996","-0.0059284931973940585"
Nippon India Medium Duration Fund,"Medium Duration Fund","Growth","145.1294","7.86","0.49","62.2274946885046","0","0","0","22.45209879955186","32.53509943707272","10.576778264991447"
Motilal Oswal Asset Allocation Passive FoF-Aggressive,"FoFs (Domestic) - Equity Oriented","Growth","142.9786","0","0.92","0","0","0","0","87.9740126881292","100.39117453158296","0.23465463258205904"
Bandhan US Treasury Bond 0-1 year specific Debt Passive FOF,"FoFs (Overseas)","Growth","142.8267","0","0","0","0","0","0","99.9955890598979","100.00000000000001","0.7294124944912141"
JioBlackRock Sector Rotation Fund,"Thematic Fund","Growth","142.818747613","0","4.1","0","99.28987256368598","5.4029238597647655","0","17.07777624971967","24.57208355803116","0.7101274363140085"
Kotak CRISIL-IBX AAA Bond Financial Services Index - Dec 2026 Fund,"Index Funds - Debt Oriented","Growth","142.3465","7.2","0.06","96.00959630198138","0","0","0","36.3694225007288","51.85220570930786","3.990403698018566"
TRUSTMF Mid Cap Fund,"Mid Cap Fund","Growth","142.155883","0","0.09","0","89.36469110933797","16.651502269427475","0","14.62233325921178","20.06718028541157","10.63530889066199"
Union Equity Savings Fund,"Equity Savings","Growth","142.05200000000002","6.66","1.89","17.38222622701546","68.58629234364881","8.425928533213188","21.67685073071833","20.58436347253119","28.186931546194362","9.73059161433841"
Aditya Birla SL CRISIL-IBX AAA NBFC-HFC Index-Sep 2026 Fund,"Index Funds - Debt Oriented","Growth","141.8346","6.99","0","92.18568670832077","0","0","0","50.049846793377604","67.7013930310375","7.814313291679181"
Nippon India Retirement Fund-Income Generation,"Solution Oriented, Retirement Fund - Debt Oriented","Growth","141.1219","7.36","2.96","0","0","1.0975618482103915","0","62.9106521902073","76.42783247809352","10.104164580695787"
Samco Small Cap Fund,"Small Cap Fund","Growth","140.8506","0","3.29","0","82.7995762886349","76.30858512494798","0","23.67153565551018","29.49749592830987","0.6361350253388984"
SBI FMP-46-1850D,"Fixed Maturity Plans","Growth","139.79219999999998","0","0","0","0","0","0","67.2306466312141","83.48312709865077","13.77101154427785"
HDFC Nifty India Digital Index Fund,"Index Fund","Growth","139.493","0","21.39","0","99.79948814635857","12.383488777214621","0","22.425641430035903","35.361129232291205","0.2005118536414017"
Edelweiss CRISIL IBX 50:50 Gilt Plus SDL Short Duration Index Fund,"Index Funds - Debt Oriented","Growth","138.9872","6.56","0.25","0","0","0","0","51.069666847019","68.65711374860415","3.6510556367780698"
Shriram Multi Asset Allocation Fund,"Multi Asset Allocation Fund","Growth","138.525","6.77","4.71","9.357877639415268","65.27096192023102","8.705865367262227","10.54611081032305","24.684858328821548","33.00761595379899","8.3634001082837"
Sundaram Nifty 100 Equal Weight Fund,"Index Fund","Growth","138.368977","0","5.25","0","98.78581416031949","0","0","4.003087530651539","6.43187189949696","1.214185839680495"
LIC MF Short Duration Fund,"Short Duration Fund","Growth","138.107","7.19","0.42","56.187448862114145","0","0","0","42.228344689262634","57.43915949227769","10.4131579137915"
SBI Children's Fund-Savings Plan,"Solution Oriented - Children's Fund","Growth","137.1251","7.08","0.68","24.025798340347606","0","19.116485603292183","0","34.29940980899921","42.4648003903005","17.560534139993305"
Edelweiss Government Securities Fund,"Gilt - Short & Mid Term Fund","Growth","135.1992","7.3","2.43","0","0","0","0","72.405384055527","87.62912703625469","16.005198255610985"
Edelweiss CRISIL IBX 50:50 Gilt Plus SDL Sep 2028 Index Fund,"Index Funds - Debt Oriented","Growth","135.1871","6.65","0.19","0","0","0","0","80.9530643086508","96.15518048689559","3.1069532521963943"
Franklin India Income Plus Arbitrage Active FoF,"FoFs (Domestic) - Hybrid","Growth","135.121297213","0","0.03","0","0","0","0","55.8526209832296","73.96888702337303","3.28660373446836"
DSP FMP 268-1281D,"Fixed Maturity Plans","Growth","133.5823","0","0","0","0","0","0","87.58121397819924","97.17470054041594","0.28836155688291043"
Tata Nifty G-Sec Dec 2029 Index Fund,"Index Funds - Debt Oriented","Growth","133.5493657251","6.64","0.49","0","0","0","0","98.79655023784642","100.00000000000003","3.81061840617034"
Baroda BNP Paribas NIFTY SDL Dec 2026 Index Fund,"Index Funds - Debt Oriented","Growth","132.4718","5.73","0","0","0","0","0","67.3324865688251","87.44282059233994","3.9359727454324798"
Canara Rob Gilt Fund,"Gilt - Short & Mid Term Fund","Growth","132.247","6.81","1.51","0","0","0","0","71.7498905472637","93.08895522388059","14.71944278606963"
TRUSTMF Money Market Fund,"Money Market Fund","Growth","131.96790000000001","6.77","0.03","84.27882841206082","0","0","0","22.44159375120769","36.832366052653725","2.857816181056156"
Motilal Oswal Infrastructure Fund,"Sectoral Fund - Infrastructure","Growth","131.0275","0","3.16","0","96.68718398809413","16.875236114556113","0","29.18715536814792","38.236858674705715","3.312816011905897"
DynaSIF Active Asset Allocator Long-Short Fund,"Multi Asset Allocation Fund","Growth","130.722606785141","0","0.92","7.64811094720032","0","0","22.75753653604584","74.3659908380828","89.62373430764397","74.3659908380828"
Edelweiss Nifty 100 Quality 30 Index Fund,"Index Fund","Growth","130.3683","0","11.18","0","99.86413521999805","0","0","16.70974243938914","26.05982655905852","0.13586478000200475"
Shriram Liquid Fund,"Liquid Fund","Growth","130.16899999999998","6.13","0","80.14166199325481","0","0","0","38.1901988952822","61.0765235962478","4.262842919589148"
SBI FMP-50-1843D,"Fixed Maturity Plans","Growth","129.6115","0","0","0","0","0","0","57.96406954629799","75.79134567534523","5.2488398020237375"
Shriram Overnight Fund,"Overnight Fund","Growth","128.4344","5.37","0","0","0","0","0","100.00000000000001","100.00000000000001","96.11778464336659"
Shriram Flexi Cap Fund,"Flexi Cap Fund","Growth","128.0288","0","16.62","0.0232760128970982","95.24599152690651","16.43598940238446","0","17.86074695693469","26.15224074583219","4.78806331075508"
Groww Largecap Fund,"Large Cap Fund","Growth","127.64065869699999","0","7.54","0","92.13066508310332","1.2847520819308837","0","24.03556254972624","34.21144496258101","7.34447344498101"
HSBC Dynamic Bond Fund,"Dynamic Bond Fund","Growth","126.66059999999999","7.32","0.74","44.78030263554727","0","0","0","30.056623764611903","45.74287505348943","8.196076759465841"
Quantum Diversified Equity All Cap Active FOF,"FoFs (Domestic) - Equity Oriented","Growth","126.286032575806","0","7.1","0","0","0","0","42.7743287956947","70.9090330975347","1.2473478548979746"
Samco Special Opportunities Fund,"Thematic Fund","Growth","126.16940000000001","0","20.56","0","99.43686821051695","42.18154322680458","0","13.96194322870681","20.465104851097017","0.563131789483029"
Baroda BNP Paribas Dynamic Bond Fund,"Dynamic Bond Fund","Growth","126.01620000000001","7.02","0.92","59.3487980116842","0","0","0","35.86181776628718","51.64907369052549","14.56741276121638"
Groww Nifty Smallcap 250 Index Fund,"Index Fund","Growth","125.60251131499999","0","10.36","0","100.17570723124042","90.19758542795189","0","4.0775349763157","6.548229556790541","-0.175707231240403"
Groww Nifty India Defence ETF FOF,"FoFs (Domestic) - Equity Oriented","Growth","125.579723223","0","4.5","0","0","0","0","99.99999999999999","99.99999999999999","0.184338706169088"
Nippon India Nifty G-Sec Oct 2028 Maturity Index Fund,"Index Funds - Debt Oriented","Growth","125.4747","6.37","0.23","0","0","0","0","98.24250374670204","99.72630869014392","3.113386977477642"
Baroda BNP Paribas Multi Asset Active FoF,"FoFs (Domestic) - Hybrid","Growth","125.01389999999999","0","3.44","0","0","0","0","91.3144858291758","99.37774919428959","0.791112028342448"
Tata Nifty500 Multicap India Manufacturing 50:30:20 Index Fund,"Index Fund","Growth","124.29719723390001","0","2.99","0","99.99686458424914","15.59311105263919","0","19.28724101066185","26.77075649371499","0.0031354157509061002"
UTI Gilt Fund with 10 year Constant Duration,"Gilt - Long Term Fund","Growth","123.8634","7.17","1.48","0","0","0","0","82.0446556448474","93.82319555251988","2.03514516798345"
Capitalmind Liquid Fund,"Liquid Fund","Growth","121.7248","6.11","0","73.2233983311098","0","0","0","30.79544208655782","45.87928281360081","3.5904912121110173"
Aditya Birla SL Long Duration Fund,"Long Duration Fund","Growth","121.3169","7.73","2","18.49948358390299","0","0","0","47.2887124547363","64.16105258212168","4.14105536821333"
TRUSTMF Corporate Bond Fund,"Corporate Bond Fund","Growth","120.6023","7.27","0.42","79.1558701616802","0","0","0","35.2276034536655","52.55272909388961","9.49418045924497"
UTI NIFTY50 Equal Weight Index Fund,"Index Fund","Growth","120.3522","0","4.3","0","100.19072757023213","0","0","7.087398320246059","11.660673840432189","-0.190727570232086"
HDFC NIFTY Realty Index Fund,"Index Fund","Growth","118.4957","0","33.44","0","100.09569967517811","16.35839950310433","0","49.1821222204688","73.8664778553146","-0.09569967517809008"
Mirae Asset Nifty India Manufacturing ETF FoF,"FoFs (Domestic) - Equity Oriented","Growth","118.3183","0","2.55","0","0","0","0","100.07851701723236","100.00000000000003","0.0765731083019279"
Kotak FMP-304-3119D,"Fixed Maturity Plans","Growth","117.8792","0","1.03","0","0","0","0","93.00610579399272","99.52469414315978","2.238987179260972"
Kotak NIFTY 100 Low Volatility 30 Index Fund,"Index Fund","Growth","117.7435","0","9.01","0","99.96206517516964","0","0","14.46052381464004","22.240055538567077","0.03793482483037014"
Axis NIFTY IT Index Fund,"Index Fund","Growth","117.3353","0","34.86","0","99.69253157404464","0","0","59.845082426175196","77.42745533526568","0.3074684259553606"
Tata Nifty Next 50 Index Fund,"Index Fund","Growth","117.19826118569999","0","3.46","0","100.1495233909847","0","0","10.557835820101541","17.229948461440042","-0.14952339098473902"
Mirae Asset Dynamic Bond Fund,"Dynamic Bond Fund","Growth","116.2184","6.61","0.05","51.68191955834877","0","0","0","26.11152795082362","43.389342823511605","8.53900931349941"
Samco Large & Mid Cap Fund,"Large & Mid Cap Fund","Growth","114.8554","0","9.91","0","75.19985999787562","0","0","42.56491205463563","53.39844709086378","3.335759572471101"
Baroda BNP Paribas Children's Fund,"Solution Oriented - Children's Fund","Growth","114.8163","0","4.24","0","0","9.761157605670974","0","15.52166373589813","22.63981682043404","6.592530851455765"
Groww Gold ETF FOF,"FoFs - Gold","Growth","114.41258167100001","0","11.85","0","0","0","0","100.27043067334128","100.00000000000003","0.41975108330391603"
Arudha Hybrid Long-Short Fund,"Conservative Hybrid Fund","Growth","113.738041294","7.18","0.11","42.964292723913736","35.67035996789248","2.6519210421457418","55.39920881627143","32.70694510805023","41.47650003138279","8.93043121583616"
Edelweiss Silver ETF FoF,"FoFs (Domestic) - Silver","Growth","113.0807","0","27.87","0","0","0","0","100.15230977257836","100.00000000000001","0.051025506563012774"
Canara Rob Income Fund,"Medium to Long Duration Fund","Growth","112.7588","6.88","0.54","0","0","0","0","43.91116258775374","61.53196025498681","6.21459256395066"
Bandhan Nifty200 Momentum 30 Index Fund,"Index Fund","Growth","112.4143","0","21.04","0","99.99336612094064","0","0","17.0269205120358","26.95477598766287","0.006633879059343618"
Mahindra Manulife Arbitrage Fund,"Arbitrage Fund","Growth","112.2727","5.23","0.06","0","-0.31557092685933485","0","0","85.2265065327546","100.25731990056352","77.24005924859739"
Nippon India Quant Fund,"Thematic Fund","Growth","111.8917","0","6.99","0","97.77951667968543","0","0","18.35560022899819","28.73000344532634","2.220483320314552"
Mirae Asset CRISIL-IBX Financial Services 9-12 Months Debt Index Fund,"Index Funds - Debt Oriented","Growth","110.9127","7.09","0.11","92.83580690038194","0","0","0","29.80325968081197","44.870875923135884","7.164193099617985"
Tata Floating Rate Fund,"Floating Rate Fund","Growth","110.7799426909","6.94","0.2","78.51141451000632","0","0","0","27.23480376243087","45.23147311947116","7.108003939730191"
Motilal Oswal Services Fund,"Sectoral Fund - Service Industry","Growth","110.4117","0","4.06","0","98.01071806701644","48.95812672026605","0","18.31291430165463","27.72740570066397","1.989281932983549"
UTI Nifty Midsmallcap 400 Momentum Quality 100 Index Fund,"Index Fund","Growth","110.2331","0","1.66","0","100.336196659624","21.119337113807017","0","15.72195647223929","22.910994973379147","-0.336196659624076"
Taurus Mid Cap Fund,"Mid Cap Fund","Growth","108.9481","0","10.99","0","90.29190189515904","23.86505900837904","0","16.00292252141594","25.05939935179974","9.70809810484098"
Canara Rob Corp Bond Fund,"Corporate Bond Fund","Growth","108.4921","7.09","0.31","73.92621213894837","0","0","0","27.73105138530824","44.07915415039436","10.75055234436423"
Samco Large Cap Fund,"Large Cap Fund","Growth","107.096","0","9.67","0","95.46592307756042","0","0","22.97896549914708","32.66520170529605","0.5053104082528996"
Samco ELSS Tax Saver Fund,"Equity Linked Savings Scheme (ELSS)","Growth","106.225","0","18.63","0","99.83591433278421","35.708543186632156","0","16.55429512826547","23.10774299835254","0.1640856672158157"
Aditya Birla SL Retirement Fund-40,"Solution Oriented, Retirement Fund - Equity Oriented","Growth","105.6811","0","3.92","0.902040859697094","0","12.734564271850159","0","21.22757958715271","28.94659478911353","9.547890426873323"
ICICI Pru Diversified Debt Strategy Active FOF,"FoFs (Domestic) - Debt Oriented","Growth","105.3040649781","7.58","0.55","0","0","0","0","87.45132490293871","100.02624307229325","1.1415181155162495"
Bank of India Credit Risk Fund,"Credit Risk Fund","Growth","104.6893","5.76","0.06","47.78100531763991","0","0","0","61.39070564040459","80.45540470707138","51.7542862546603"
ICICI Pru Nifty Pharma Index Fund,"Index Fund","Growth","104.6671975221","0","0.1","0","99.9437470626931","2.5363797672506703","0","41.73253998651679","56.97876257869838","0.056252937306859985"
Kotak International REIT Overseas Equity Omni FOF,"FoFs (Overseas)","Growth","104.4781","0","1.04","0","0","0","0","100.00000000000004","100.00000000000004","1.562241273530049"
Qsif Hybrid Long-Short Fund,"Balanced Hybrid Fund","Growth","104.32719999999999","0","1.99","23.06407149813277","29.05924821139643","5.137298806064","36.96495257229176","33.77010022314403","51.76339439762584","16.79331947948376"
DSP Global Clean Energy Overseas Equity Omni FoF,"FoFs (Overseas)","Growth","104.2515","0","2.34","0","0","0","0","100.00000000000006","100.00000000000006","3.5901357161370524"
LIC MF Nifty Next 50 Index Fund,"Index Fund","Growth","103.3751","0","9.98","0","99.525998040147","0.835984681030538","0","10.54257746788152","17.22319978408726","0.4740019598530013"
WOC Consumption Opportunities Fund,"Sectoral Fund - Consumption","Growth","103.2747","0","4.29","0","90.94066601016512","32.062063603186445","2.413853538185053","21.28275366570903","31.87663580722094","3.1100550279981487"
ITI Business Cycle Fund,"Thematic Fund","Growth","103.1619","0","1.7","0","95.97399815241869","21.455789395115854","0","12.774968278017369","18.27002023033698","4.02600184758133"
Tata Nifty India Digital ETF FoF,"FoFs (Domestic) - Equity Oriented","Growth","102.6082818101","0","21.58","0","0","0","0","99.99999999999999","99.99999999999999","0.0456146423770875"
Edelweiss CRISIL IBX AAA Financial Services Bond - Jan 2028 Index Fund,"Index Funds - Debt Oriented","Growth","102.4358","7.65","0.35","94.765797419762","0","0","0","29.10164524188403","48.40083724081094","5.23420258023799"
TRUSTMF Short Duration Fund,"Short Duration Fund","Growth","102.2949","6.99","0.44","73.51901218926854","0","0","0","44.0669085164559","63.62115804404721","24.08917746632529"
Axis FTP-113-1228D,"Fixed Maturity Plans","Growth","101.5248","0","0","95.38354865018202","0","0","0","29.588268088191256","48.282117275778916","4.6164513498179796"
Navi Aggressive Hybrid Fund,"Aggressive Hybrid Fund","Growth","100.905965","6.01","2.97","16.21419121953765","73.60915227752805","38.82196052532321","16.21419121953765","19.18373110948848","26.90606879235704","10.1766565029343"
ICICI Pru Nifty50 Value 20 Index Fund,"Index Fund","Growth","99.1746390991","0","15.84","0","99.97061839663377","0","0","35.19236401266292","51.20553042724493","0.029381603366251702"
SBI Nifty200 Momentum 30 Index Fund,"Index Fund","Growth","98.0689","0","6.52","0","100.00351083746536","0","0","17.02854147564581","26.95727147509878","-0.0035108374653709806"
Bandhan Conservative Hybrid Fund,"Conservative Hybrid Fund","Growth","97.59110000000001","7.17","3.46","38.91551882413592","12.423565815021576","0","63.33228353466132","29.79358456001477","42.319721157521414","12.296037813048484"
Axis Income Plus Arbitrage Passive FOF,"FoFs (Domestic) - Hybrid","Growth","97.4557","0","0.09","0","0","0","0","100.01229276481529","100.00000000000009","0.293561074416376"
Edelweiss Nifty Alpha Low Volatility 30 Index Fund,"Index Fund","Growth","97.3406","0","18.24","0","100.01458701672749","0","0","13.19493944318978","21.17631358154712","-0.014587016727480848"
PGIM India Retirement Fund,"Solution Oriented, Retirement Fund - Equity Oriented","Growth","97.1437999999999","0","4.67","0","0","26.323759210572366","0","14.522903160057568","21.080089516778227","5.370183171751566"
Kotak Nifty Financial Services Ex-Bank Index Fund,"Index Fund","Growth","97.00129999999999","0","3.34","0","100.00247419364489","5.731469578242779","0","31.44586722033623","42.262010921503126","-0.002474193644826997"
PGIM India Arbitrage Fund,"Arbitrage Fund","Growth","96.5157","0","0.03","0","-0.32181292784485815","-0.015645123021430063","5.357573949108803","95.40924429911409","100.34937321078338","75.66250879390608"
Kotak Nifty SDL Jul 2026 Index Fund,"Index Funds - Debt Oriented","Growth","96.4752","5.46","0","0","0","0","0","79.1280038807902","96.81244506360191","3.187554936398162"
Invesco India Banking and PSU Fund,"Banking & PSU Fund","Growth","96.2243","7.26","0.66","74.79981667832348","0","0","0","27.33228508807022","42.57687507209712","9.222410555337891"
Groww Short Term Fund,"Short Duration Fund","Growth","95.687902823","7.09","0.32","71.81539376729079","0","0","0","29.94350510220717","46.66031833364434","12.68360094634953"
Tata Nifty Auto Index Fund,"Index Fund","Growth","94.6723483649","0","10.44","0","99.8477397388049","1.41625302758108","0","48.54036135543642","64.06886598630972","0.0774760171970191"
Edelweiss CRISIL IBX 50:50 Gilt Plus SDL June 2027 Index Fund,"Index Funds - Debt Oriented","Growth","93.473","6.1","0.04","0","0","0","0","77.8862430999026","88.84229895010284","3.4873904102175537"
HSBC Multi Asset Active FOF,"FoFs (Domestic) - Hybrid","Growth","93.3019","0","2.82","0","0","0","0","40.4359396753979","66.9506194407617","3.5185778639020366"
PGIM India Gilt Fund,"Gilt - Short & Mid Term Fund","Growth","93.06370000000001","7.11","1.79","0","0","0","0","46.5570356648188","69.38527051901008","16.24457226609299"
Kotak Long Duration Fund,"Long Duration Fund","Growth","92.6701","7.19","4.06","0","0","0","0","34.68724000513649","49.48953330146399","21.94440277932148"
PGIM India Healthcare Fund,"Sectoral Fund - Pharma & Health Care","Growth","92.43719999999999","0","0","0","97.06773896223605","25.91997594042226","0","28.26037569290291","40.57100388155423","2.9322610377640212"
Quantum ESG Best In Class Strategy Fund,"Thematic Fund","Growth","92.31309999999999","0","12.2","0","96.45451587641446","29.60802506492291","0","18.2192898446122","24.84001520387094","3.54548412358551"
Union Dynamic Bond Fund,"Dynamic Bond Fund","Growth","92.2634","7.53","3.1","18.279991635507486","0","0","0","73.8180549521155","84.91725978358505","7.49543040839743"
Motilal Oswal BSE Low Volatility Index Fund,"Index Fund","Growth","91.9101","0","11.3","0","100.05875306413549","3.38221805873348","0","11.75289766848257","19.07962237012036","-0.0587530641354976"
Kotak BSE PSU Index Fund,"Index Fund","Growth","91.3666","0","6.65","0","100.05932145882635","4.211604678296007","0","34.75624571780063","46.305871073236865","-0.0593214588263107"
Bandhan CRISIL IBX 90:10 SDL Plus Gilt - Nov 2026 Index Fund,"Index Funds - Debt Oriented","Growth","91.32979999999999","5.7","0","0","0","0","0","46.8296341132473","62.892850975265326","5.690669958912978"
ICICI Pru Retirement Fund-Hybrid Cons Plan,"Solution Oriented, Retirement Fund - Debt Oriented","Growth","89.94644586189999","7.16","1.12","37.12486878166308","0","2.704609366928257","0","30.068558841696408","41.18728610675696","15.924304428761374"
Union Gilt Fund,"Gilt - Short & Mid Term Fund","Growth","89.86489999999999","7.62","4.14","0","0","0","0","93.83441143316246","100.00000000000003","6.16558856683756"
Motilal Oswal Nifty MidSmall Financial Services Index Fund,"Index Fund","Growth","89.8511","0","0.71","0","99.79733136266549","16.43997680607137","0","28.098932567325228","39.29835027061433","0.20266863733443397"
DSP Nifty SDL Plus G-Sec Sep 2027 50:50 Index Fund,"Index Funds - Debt Oriented","Growth","89.6503","6.28","0.1","0","0","0","0","59.8408482737927","81.79794155736234","3.05252743158695"
JM Overnight Fund,"Overnight Fund","Growth","89.256053966","5.25","0","0","0","0","0","100","100","100"
Quantum Ethical Fund,"Thematic Fund","Growth","88.351311360024","0","7.65","0","92.11445108804853","40.37407212574193","0","16.34569165047526","22.660371626937803","7.88554891195149"
Canara Rob Dynamic Bond Fund,"Dynamic Bond Fund","Growth","87.9409","6.98","1.21","0","0","0","0","66.9193742615779","85.51129224285852","11.200135545576622"
ITI Arbitrage Fund,"Arbitrage Fund","Growth","87.5858","0","0.04","0","65.5812928579747","8.50514581130731","0","34.41870714202531","43.49963121875921","23.73158662705601"
SBI Nifty IT Index Fund,"Index Fund","Growth","86.5202","0","25.66","0","99.99942210027253","0","0","60.028640710493","77.66533133302973","0.0005778997274630271"
Quantum Dynamic Bond Fund,"Dynamic Bond Fund","Growth","86.1376","6.91","0.64","28.634881863437112","0","0","0","33.1817928523665","46.46611932535855","17.70887510216214"
Nippon India CRISIL-IBX AAA Financial Services - Jan 2028 Index Fund,"Index Funds - Debt Oriented","Growth","86.1165","7.65","0.34","95.55532028907655","0","0","0","31.07801542483424","43.19868877987183","4.444679710923402"
Mahindra Manulife Short Duration Fund,"Short Duration Fund","Growth","85.9575","7.64","0.34","82.36744903004391","0","0","0","17.72911031614461","29.39487537445831","5.653956897303903"
Union Short Duration Fund,"Short Duration Fund","Growth","85.86049999999999","7.32","0.3","78.13290162531086","0","0","0","34.6559826695629","57.481845551796305","8.650776550334559"
ICICI Pru Global Stable Equity Fund,"FoFs (Overseas)","Growth","85.69722059","0","0","0","0","0","0","99.99999999999997","99.99999999999997","0.386213859578484"
Edelweiss CRISIL-IBX AAA Bond NBFC-HFC-Jun 2027 Index Fund,"Index Funds - Debt Oriented","Growth","85.6948","7.61","0.17","91.35606827952223","0","0","0","26.952160457810763","38.68951208241342","8.643931720477791"
ICICI Pru Nifty 500 Index Fund,"Index Fund","Growth","85.5729760139999","0","6.33","0","99.82824482582433","10.348477302637242","0","15.71874746742403","21.13050269169291","0.17175517417531494"
LIC MF BSE Sensex Index Fund,"Index Fund","Growth","85.12540000000001","0","12.16","0","99.79009789570397","0","0","33.47927573883346","44.532544716841","0.2099021042960692"
LIC MF Healthcare Fund,"Sectoral Fund - Pharma & Health Care","Growth","84.5254","0","0.01","0","96.12163917591637","28.97637869800082","0","24.23922276617447","34.12205088647913","3.8783608240836442"
Mirae Asset Nifty 100 ESG Sector Leaders FoF,"FoFs (Domestic) - Equity Oriented","Growth","84.1648","0","10.3","0","0","0","0","100.02400053228904","100","0.0867345968861091"
HDFC Nifty Top 20 Equal Weight Index Fund,"Index Fund","Growth","83.9075","0","12.42","0","99.99725888627354","0","0","16.19056699341536","26.5779578702738","0.002741113726424993"
Union Children's Fund,"Solution Oriented - Children's Fund","Growth","83.41860000000001","0","5.29","0","0","27.542898106657262","0","12.1200787354379","18.53998988235238","4.222919109167501"
Aditya Birla SL US Treasury 1-3 Year Bonds ETFs Passive FOF,"FoFs (Overseas)","Growth","83.35979999999999","3.56","0","0","0","0","0","100.02855093222396","100.00000000000004","0.4990415044181973"
PGIM India Dynamic Bond Fund,"Dynamic Bond Fund","Growth","83.3172","7.01","0.68","33.4376335258506","0","0","0","46.0368327308167","61.09446788898332","18.48633895522169"
Quant Gilt Fund,"Gilt - Short & Mid Term Fund","Growth","83.20370000000001","6.95","0.78","0","0","0","0","46.251068161632304","62.9679930099263","12.597877257862361"
JM Short Duration Fund,"Short Duration Fund","Growth","83.072762103","7.29","0.36","74.7698131464403","0","0","0","27.30370090725669","39.37649076774674","4.27320069194113"
HDFC FMP-Sr 47-1269D-March 2023,"Fixed Maturity Plans","Growth","83.05149999999999","5.23","0","0","0","0","0","100.00502736321982","100.00000000000001","2.688921127853029"
Nippon India CRISIL-IBX AAA Financial Services - Dec 2026 Index Fund,"Index Funds - Debt Oriented","Growth","82.9487","7.19","0.04","94.88761248421073","0","0","0","25.215531037254088","36.60843715720571","5.112387515789223"
Groww Overnight Fund,"Overnight Fund","Growth","82.71562729499999","7.09","0","0","0","0","0","100","100","100.00000000000001"
ICICI Pru Retirement Fund-Pure Debt Plan,"Solution Oriented, Retirement Fund - Debt Oriented","Growth","82.678405289","7.6","0.51","54.93024423192539","0","0","0","27.654507391137862","39.98534981641614","6.196998830288701"
LIC MF Technology Fund,"Sectoral Fund - Technology","Growth","82.1823","0","0","0","82.16185236967084","8.96506912072308","0","35.85808623024664","45.37984456507056","17.838147630329132"
Bandhan Long Duration Fund,"Long Duration Fund","Growth","81.7797","7.47","2.36","0","0","0","0","85.79581364767034","97.01252713714467","7.944079003658074"
Invesco India Nifty G-sec Jul 2027 Index Fund,"Index Funds - Debt Oriented","Growth","81.5499","6.02","0.06","0","0","0","0","96.98460109425243","100.00000000000001","3.015398905747585"
PGIM India Corp Bond Fund,"Corporate Bond Fund","Growth","81.3723","7.36","0.61","72.80782280948185","0","0","0","24.475896588888318","36.77811736917842","14.01730072764315"
Groww Silver ETF FOF,"FoFs (Domestic) - Silver","Growth","80.783497497","0","26.17","0","0","0","0","100.24601128977753","99.99999999999999","0.736247445122973"
Mirae Asset Hang Seng TECH ETF FoF,"FoFs (Overseas)","Growth","80.3728","0","29.76","0","0","0","0","100.05797981406646","100","0.0960523958354067"
Nippon India FMP-XLIV-1-1743D,"Fixed Maturity Plans","Growth","79.20479999999999","0","0.03","0","0","0","0","80.6743540488589","86.02465781662706","2.2768159423965066"
Nippon India BSE Sensex Next 30 Index Fund,"Index Fund","Growth","79.089","0","1.61","0","100.14447868213014","0","0","15.6278304321065","24.53981192205864","-0.1444786821301723"
UTI Nifty500 Shariah Index Fund,"Index Fund","Growth","78.4471","0","1.38","0","100.21696149379646","14.479566484930611","0","15.47297478173189","21.57313654679395","-0.216961493796427"
Axis Nifty500 Quality 50 Index Fund,"Index Fund","Growth","77.8964","0","1.91","0","99.97548410452858","26.865208148258443","0","14.09275011425432","21.63344647506175","0.024515895471441007"
Groww Multi Asset Omni FOF,"FoFs (Domestic) - Hybrid","Growth","76.136607774","0","1.72","0","0","0","0","54.25310016780893","74.1339397252143","2.53370547414744"
Motilal Oswal Asset Allocation Passive FoF-Conservative,"FoFs (Domestic) - Hybrid","Growth","76.007","0","0.87","0","0","0","0","90.09657005275831","100.00000000000001","0.284052784611944"
Navi Liquid Fund,"Liquid Fund","Growth","75.931443","5.73","0","61.73538411485214","0","0","0","46.85402198928307","60.03646605267326","24.6176567459675"
Kotak NIFTY Midcap 50 Index Fund,"Index Fund","Growth","75.3764","0","0.75","0","99.92039948843403","0","0","13.674571881915291","19.865899671515212","0.0796005115659543"
DSP Nifty IT Index Fund,"Index Fund","Growth","75.2421","0","25.59","0","99.89925852680882","0","0","59.970149690133596","77.58940805745722","0.100741473191206"
Mirae Asset Global Electric & Autonomous Vehicles Equity Passive FOF,"FoFs (Overseas)","Growth","74.8589","0","4.63","0","0","0","0","99.08013609604211","100.00000000000009","0.9198639039579797"
UTI Nifty Alpha Low-Volatility 30 Index Fund,"Index Fund","Growth","74.5712","0","9.16","0","99.9793485957045","0","0","13.19128564378741","21.16983500332568","0.0206514042955038"
Tata Nifty G-Sec Dec 2026 Index Fund,"Index Funds - Debt Oriented","Growth","73.5591299253","5.88","0","0","0","0","0","97.57977017698845","100.0000000000001","5.569301770507989"
Samco Mid Cap Fund,"Mid Cap Fund","Growth","73.2964","0","2.27","0","99.13911187998319","4.91197384864741","0","14.6683875333577","22.53944259199632","0.860888120016809"
Quantum Multi Asset Active FoF,"FoFs (Domestic) - Hybrid","Growth","73.1057","0","4.44","0","0","0","0","71.2737868713257","99.0858195437521","0.9141804562479519"
Tata Nifty500 Multicap Infrastructure 50:30:20 Index Fund,"Index Fund","Growth","72.81629983709999","0","5.22","0","100.0061801587146","19.08048064936299","0","26.6105254501376","32.407304480990526","-0.006180158714561096"
TRUSTMF Arbitrage Fund,"Arbitrage Fund","Growth","72.6718","0","0.07","0","76.45372758071217","19.018518875272107","0","28.24066556766171","38.37416989808975","6.88533929254539"
Bajaj Finserv ELSS Tax Saver Fund,"Equity Linked Savings Scheme (ELSS)","Growth","71.231201","0","2.71","0","90.41176749403569","37.44989906527519","0","18.03103514910509","28.34607059475532","9.58823250596435"
Baroda BNP Paribas Income Plus Arbitrage Active FoF,"FoFs (Domestic) - Hybrid","Growth","70.66329999999999","0","0.19","0","0","0","0","99.94636536929357","100.00000000000004","3.743951952427923"
HSBC Asia Pacific (Ex Japan) DYF,"FoFs (Overseas)","Growth","70.6613","0","2.63","0","0","0","0","100.00000000000003","100.00000000000003","3.077922427127718"
Motilal Oswal Special Opportunities Fund,"Thematic Fund","Growth","69.7391","0","2.77","0","97.22250502229022","41.94806070052523","0","18.32200300835543","29.431122569691894","2.7774949777097797"
360 ONE ELSS Tax Saver Nifty 50 Index Fund,"Equity Linked Savings Scheme (ELSS)","Growth","69.7185915908739","0","9.93","0","99.40741746290816","0","0","27.652905473385417","36.91616379893853","0.5925825370918381"
Mirae Asset Nifty SDL June 2028 Index Fund,"Index Funds - Debt Oriented","Growth","69.0858","7","0.06","0","0","0","0","44.3499242970335","62.82029013198073","3.46091382020618"
Mirae Asset Nifty Metal ETF FOF,"FoFs (Domestic) - Equity Oriented","Growth","69.0639","0","2.79","0","0","0","0","100.83314148201877","99.99999999999994","0.009701160809048037"
DSP US Specific Debt Passive FoF,"FoFs (Overseas)","Growth","68.66","3.87","0","0","0","0","0","99.90094837585747","100","0.2431398785603921"
Zerodha Overnight Fund,"Overnight Fund","Growth","68.5898","5.33","0","0","0","0","0","101.4286019733325","99.99999999999996","96.71796541816126"
Groww Banking & Financial Services Fund,"Sectoral Fund - Banks & Financial Services","Growth","68.55847258099999","0","3.83","0","97.08483343231035","36.723958171987555","0","18.56765075237083","27.71847978023143","2.91516656768967"
Nippon India FMP-XLI-8-3654D,"Fixed Maturity Plans","Growth","68.415","0","0.65","0","0","0","0","61.82363508563053","68.45427833696074","1.001761971763252"
Tata Nifty Financial Services Index Fund,"Index Fund","Growth","68.1624738631","0","11.06","0","100.05681445332783","0.767431066323404","0","41.8290275926076","60.98663625896376","-0.0568144533277566"
Aditya Birla SL BSE 500 Momentum 50 Index Fund,"Index Fund","Growth","67.97149999999999","0","5.28","0","99.93482562544601","6.240703824396988","0","12.90025966765483","20.8897846891712","0.06517437455404096"
DSP Nifty Private Bank Index Fund,"Index Fund","Growth","67.9012","0","10.96","0","100.13843643411305","2.93249603836162","0","60.7744782124616","86.32012394479035","-0.13843643411309298"
ICICI Pru FMP-88-1303D-S,"Fixed Maturity Plans","Growth","67.80041501310001","0","0","0","0","0","0","81.40691638232498","89.76253210390172","5.09522323971751"
UTI Long Duration Fund,"Long Duration Fund","Growth","67.5586","7.25","3.59","0","0","0","0","53.1004194876744","81.2493154091411","18.1938346857395"
Bandhan Nifty Smallcap 250 Index Fund,"Index Fund","Growth","67.4508","0","10.61","0","100.02785214359947","89.98728633899009","0","4.064308516203379","6.5275257987508795","-0.02785214359953367"
Axis CRISIL IBX 50:50 Gilt Plus SDL June 2028 Index Fund,"Index Funds - Debt Oriented","Growth","67.3398","6.72","0.1","0","0","0","0","70.5996473576136","86.61158825550261","4.48213806702402"
Navi Nifty India Manufacturing Index Fund,"Index Fund","Growth","67.24137999999999","0","2.5","0","99.93211625334654","1.9480080666898638","0","14.098523737212659","23.11023508366549","0.0459332243836537"
Axis Nifty SDL Sep 2026 Debt Index Fund,"Index Funds - Debt Oriented","Growth","65.7911","5.69","0","0","0","0","0","67.117608612715","82.39856606744672","2.73543078015111"
Union Income Plus Arbitrage Active FOF,"FoFs (Domestic) - Hybrid","Growth","65.4944","7.16","0.46","0","0","0","0","96.7360568231788","100.00000000000003","3.263943176821223"
Sundaram Income Plus Arbitrage Active FoF,"FoFs (Domestic) - Hybrid","Growth","65.270828","0","0.06","0","0","0","0","74.0135097944611","92.61801540540122","0.2981456146550658"
Kotak Multi Asset Active FOF,"FoFs (Domestic) - Hybrid","Growth","64.8783","0","0.96","0","0","0","0","100.00000000000004","100.00000000000004","100.00000000000004"
UTI CRISIL SDL Maturity June 2027 Index Fund,"Index Funds - Debt Oriented","Growth","64.7696","6.28","0.05","0","0","0","0","46.133834391442804","61.785930436500976","3.24365134260518"
TRUSTMF FMP-SR-II,"Fixed Maturity Plans","Growth","64.4462","0","0","77.66034631754556","0","0","0","34.33168046114059","49.74513727465563","22.18576558174789"
Taurus ELSS Tax Saver Fund,"Equity Linked Savings Scheme (ELSS)","Growth","64.375","0","8.29","0","97.99561540870657","19.572234307592907","0","23.53078101590472","36.53289995288116","2.00438459129345"
Bank of India Conservative Hybrid Fund,"Conservative Hybrid Fund","Growth","64.37","6.92","0.96","39.007187705152596","22.24316999680173","1.4932430674683281","57.36605879013339","33.744875489114385","46.630103278309726","20.05870137740121"
UTI FTIF-XXXVI-I(1574D),"Fixed Maturity Plans","Growth","63.5586","0","0.06","0","0","0","0","99.99999999999997","99.99999999999997","0.423388809696876"
Sundaram LT Micro Cap Tax Adv Fund-Sr III,"Equity Linked Savings Scheme (ELSS)","Growth","63.44403348791","0","2.99","0","95.98626841726625","85.24473698439766","0","17.90066657265641","26.40251256803038","4.013731582733778"
Bank of India Midcap Tax Fund-Sr 1,"Equity Linked Savings Scheme (ELSS)","Growth","63.2284","0","2.08","0","98.90223380632754","15.431989422474715","0.0762315668275648","12.58959581453904","20.168943069886318","1.021534626844899"
Aditya Birla SL BSE 500 Quality 50 Index Fund,"Index Fund","Growth","62.4502","0","1.53","0","99.84445180523352","11.712090096058303","0","13.044584299436902","21.229811195760192","0.15554819476647896"
PGIM India Equity Savings Fund,"Equity Savings","Growth","62.27439999999999","7.05","1.31","5.10454554488899","19.80883005717544","0","18.44122460066649","62.1348690530612","71.86760876910543","50.38906445650232"
Motilal Oswal BSE Quality Index Fund,"Index Fund","Growth","61.1655","0","7.83","0","99.99084451202063","2.929919644243895","0","18.04187000841977","29.86520178858996","0.00915548797933476"
Mirae Asset Nifty 50 Index Fund,"Index Fund","Growth","61.0661","0","10.01","0","100.06042632491676","0","0","27.73551937981958","37.285826342275016","-0.060426324916770704"
PGIM India Global Select Real Estate Securities FoF,"FoFs (Overseas)","Growth","60.54600000000001","0","0","0","0","0","0","100","100","2.612889373369004"
Groww Value Fund,"Value Fund","Growth","59.58656561","0","5.58","0","91.46292798376517","33.46836721606331","0","16.727700483277232","26.287458890115072","8.53707201623484"
Kotak Nifty 50 Equal Weight Index Fund,"Index Fund","Growth","59.1126","0","4.35","0","99.90370352850542","0","0","7.0664715959197295","11.62670081531012","0.096296471494555"
ICICI Pru BSE 500 ETF FOF,"FoFs (Domestic) - Equity Oriented","Growth","58.900706936","0","8.33","0","0","0","0","100.0470165222806","99.99999999999999","0.048737846272690094"
DSP Nifty Bank Index Fund,"Index Fund","Growth","58.59479999999999","0","12.91","0","99.93617181046783","0","0","41.9129342535515","61.508700430754935","0.063828189532177"
Angel One Nifty Total Market Index Fund,"Index Fund","Growth","58.0232009759999","0","5.94","0","99.79434217348825","13.850196831305592","0","15.085078249337611","20.27958890938667","0.2056578265121196"
Kotak Quality Overseas Equity Omni FOF,"FoFs (Overseas)","Growth","58.0155","0","0","0","0","0","0","99.99999999999982","99.99999999999982","-1.7587395544191802"
UTI Nifty Midcap 150 Index Fund,"Index Fund","Growth","57.679899999999996","0","1.53","0","99.88850195272664","5.5471033925320485","0","7.52022601772185","10.92514673777564","0.111498047273402"
Tata BSE Quality Index Fund,"Index Fund","Growth","57.2175149808","0","2.86","0","100.02059687353417","2.9312702597496663","0","18.04307650107536","29.867253070558053","-0.0205968735341977"
Baroda BNP Paribas Nifty 50 Index Fund,"Index Fund","Growth","57.126400000000004","0","10.07","0","99.94065790947793","0","0","27.83161550526552","37.2470521510195","0.05934209052207038"
Quantum Multi Asset Allocation Fund,"Multi Asset Allocation Fund","Growth","56.8755","0","5.86","0","52.490935323615936","7.226305722087514","27.11165732457837","40.892099260832666","51.15292591862597","5.819434448266945"
SBI Nifty100 Low Volatility 30 Index Fund,"Index Fund","Growth","56.2622","0","8.32","0","99.96354673817201","0","0","12.35075919664893","20.01333335522719","0.036453261828017"
Quant Overnight Fund,"Overnight Fund","Growth","55.9234","4.95","0","0","0","0","0","99.99999999999999","99.99999999999999","99.99999999999999"
Motilal Oswal 5 Year G-Sec FoF,"FoFs (Domestic) - Debt Oriented","Growth","55.5809","0","2.46","0","0","0","0","100.40427556948524","100.00000000000003","0.36901165688213006"
Groww Nifty India Railways PSU Index Fund,"Index Fund","Growth","55.178022216","0","22.46","0","100.03853609851546","10.968184015927076","0","53.9219622416486","75.67932845895179","-0.0385360985153872"
ITI Liquid Fund,"Liquid Fund","Growth","54.643699999999995","5.99","0","70.88447524600275","0","0","0","37.444938757807364","55.63221377761752","10.58292172748182"
DSP FMP 264-60M & 17D,"Fixed Maturity Plans","Growth","54.1391","0","0","0","0","0","0","82.99639262566245","92.0329299896009","1.3132837450197712"
JM Dynamic Bond Fund,"Dynamic Bond Fund","Growth","53.15322482","6.94","0.33","59.105948145932246","0","0","0","31.4524405633231","46.341117641336","17.60468124500146"
Motilal Oswal BSE 1000 Index Fund,"Index Fund","Growth","52.3375","0","6.2","0","99.84134462511243","15.604663435846126","0","15.21093839743088","20.23730049461188","0.158655374887834"
Axis BSE Sensex Index Fund,"Index Fund","Growth","52.2393","0","11.94","0","99.5017907973499","0","0","33.31099574458311","44.31902035440752","0.4982092026501249"
Mahindra Manulife Dynamic Bond Fund,"Dynamic Bond Fund","Growth","52.231","7.54","0.35","66.11265340506594","0","0","0","28.830770998066278","47.980701116195355","12.02961539315733"
Shriram Balanced Advantage Fund,"Dynamic Asset Allocation Fund","Growth","51.8082","7.33","8.39","19.039843113638383","66.98514906906634","7.8431599630946485","22.891743005933428","22.66977042244278","32.19721974513687","10.058253326693457"
Taurus Large Cap Fund,"Large Cap Fund","Growth","51.2041","0","7","0","98.54308541698809","5.4091371589384405","0","23.33895137303459","34.06133493216364","1.45691458301191"
SBI FMP-1-3668D,"Fixed Maturity Plans","Growth","51.069300000000005","0","0.26","0","0","0","0","30.3129277276172","50.4532077001251","8.456548258934427"
Mirae Asset Nifty Total Market Index Fund,"Index Fund","Growth","50.218","0","5.96","0","99.7917081524552","13.900593412720538","0","15.076864869170421","20.268429646740213","0.208291847544706"
Groww Aggressive Hybrid Fund,"Aggressive Hybrid Fund","Growth","50.116632599000006","6.33","5.56","13.91304790126527","69.95409373074983","1.682322341459198","13.913047901265271","23.36319047547823","31.951397996200363","16.13285836798484"
Groww ELSS Tax Saver Fund,"Equity Linked Savings Scheme (ELSS)","Growth","49.772397492","0","12.44","0","99.00633502318338","0","0","18.40633897829114","25.086774867549707","0.993664976816705"
Shriram Aggressive Hybrid Fund,"Aggressive Hybrid Fund","Growth","48.9431","6.95","5.72","14.358101550576079","70.7584930255746","9.674499571951918","21.490465458869593","16.19308952640924","24.71380031097336","7.7457292243441795"
WOC ESG Best-In-Class Strategy Fund,"Thematic Fund","Growth","48.8428","0","10.02","0","88.80646548147926","11.58159917333554","2.151137795008338","22.759482882162608","33.22949743930127","6.70608910779071"
Tata Nifty Realty Index Fund,"Index Fund","Growth","48.3467445642","0","33.55","0","100.21191796205424","16.37855882826809","0","49.2374413511743","73.9501704246581","-0.2119179620542"
DSP 10Y G-Sec Fund,"Gilt - Long Term Fund","Growth","48.3321","7.1","1.63","0","0","0","0","100.00000000000001","100.00000000000001","1.931221693243212"
Helios Arbitrage Fund,"Arbitrage Fund","Growth","48.237700000000004","0","0","0","69.24500960866705","0","23.929208896775748","28.07140473115426","41.1275827827612","6.8257814945571695"
HDFC NIFTY SDL Plus G-Sec Jun 2027 40:60 Index Fund,"Index Funds - Debt Oriented","Growth","48.0414","6.07","0.02","0","0","0","0","74.0369764411529","90.8460203074848","3.57608229568664"
HSBC Medium to Long Duration Fund Fund,"Medium to Long Duration Fund","Growth","47.9283","7.34","0.85","44.95402507495572","0","0","0","31.72614092300376","46.19900977084524","8.065798286189981"
Axis Retirement Fund-Conservative Plan,"Solution Oriented, Retirement Fund - Debt Oriented","Growth","47.590201","7.3","4.12","0","0","0.0765220570621683","0","57.925406911507","65.85320927417831","2.583578131632133"
Invesco India Nifty G-sec Sep 2032 Index Fund,"Index Funds - Debt Oriented","Growth","47.52439999999999","7.04","1.03","0","0","0","0","97.2604221215364","99.99999999999999","2.7395778784636"
Nippon India Nifty 500 Quality 50 Index Fund,"Index Fund","Growth","47.309799999999996","0","2.65","0","99.94224143939718","27.339352598222405","0","14.341418367094931","22.01487723871643","0.0577585606028527"
Unifi Liquid Fund,"Liquid Fund","Growth","46.692762836","5.45","0","13.804988988178138","0","0","0","95.32427955912779","99.24880089398866","85.71846008693132"
LIC MF Conservative Hybrid Fund,"Conservative Hybrid Fund","Growth","46.5941","6.82","1.99","22.80460401638834","16.82380387216408","0.0167403169070762","74.29846268089732","33.113205319986804","52.48604437042454","8.481331327356898"
Quant Equity Savings Fund,"Equity Savings","Growth","46.3698368","0","0.88","0","79.80209238088156","6.246733221196064","0","29.34731053442054","45.49336692942602","1.01302232747992"
Franklin India Medium to Long Duration Fund,"Medium to Long Duration Fund","Growth","46.368975811","7.61","0.65","33.400078186169466","0","0","0","32.88969473934806","50.24115689756839","11.7301067488959"
Mirae Asset Corp Bond Fund,"Corporate Bond Fund","Growth","46.325500000000005","7.5","0.55","78.7341744827363","0","0","0","27.71259889261854","38.5297514327962","4.25618719711606"
DSP FMP 267-1172D,"Fixed Maturity Plans","Growth","46.316","0","0.46","0","0","0","0","99.90413679937816","100.14336298471369","0.095863200621815"
Mirae Asset BSE India Defence ETF FOF,"FoFs (Domestic) - Equity Oriented","Growth","46.0418","0","3.75","0","0","0","0","102.98055245450867","99.99999999999994","-1.0418793357340501"
Nippon India Nifty Realty Index Fund,"Index Fund","Growth","45.5713","0","31.6","0","100.64184584139858","16.44894833021084","0","49.4484440178055","74.2671333727082","-0.6418458413986001"
The Wealth Company Balanced Advantage Fund,"Balanced Advantage Fund","Growth","45.024322173","0","2.33","15.54422290491902","71.57411733190962","10.03316310380562","15.54422290491902","20.42818027700501","29.27605695284518","12.88165976317136"
Bank of India Arbitrage Fund,"Arbitrage Fund","Growth","44.9063","5.87","0.07","0","-0.29305464934764913","-0.050995071960939775","6.46034075396993","95.74380432144267","98.83668883875983","80.34017498658321"
HSBC Aggressive Hybrid Active FOF,"FoFs (Domestic) - Hybrid","Growth","44.684799999999996","0","1.99","0","0","0","0","74.2711168003438","93.36463405900889","1.67887066743054"
LIC MF Gilt Fund,"Gilt - Short & Mid Term Fund","Growth","44.5963","7.6","3.44","0","0","0","0","76.5859499554895","97.7143843771792","2.28561562282073"
Tata BSE Multicap Consumption 50:30:20 Index Fund,"Index Fund","Growth","44.2944304886","0","8.81","0","100.06878858372012","20.860636197542068","0","14.98788883109947","21.797774333016747","-0.06878858372011101"
Zerodha Nifty 50 Index Fund,"Index Fund","Growth","44.281000000000006","0","10.07","0","100.28169014084497","0","0","27.798271108130216","37.369587897756865","-0.28169014084507005"
Kotak Nifty Smallcap 250 Index Fund,"Index Fund","Growth","43.6271","0","7.37","0","100.02774608109567","89.98844219535805","0","4.0639740105582","6.526209021702569","-0.0277460810957313"
Bank of India Overnight Fund,"Overnight Fund","Growth","42.82020000000001","5.29","0","0","0","0","0","99.99999999999997","99.99999999999997","99.99999999999997"
Edelweiss Nifty LargeMidcap250 Plus 8-13 yr G-Sec 70:30 Index Fund,"Equity Savings","Growth","42.458","7.03","1.75","0","69.6349333458948","1.9697112440529447","29.4801921899289","34.9185077017288","39.229827123274795","0.8848744641763571"
Mahindra Manulife Asia Pacific REITs FOF,"FoFs (Overseas)","Growth","42.2142","0","0.72","0","0","0","0","100.09759749089172","100.00000000000003","2.4681268388362163"
Shriram ELSS Tax Saver Fund,"Equity Linked Savings Scheme (ELSS)","Growth","42.1304","0","15.65","0.02224631027496","96.48093905601495","17.047434804134326","0","18.23848480816919","26.64671768777957","3.56006394723699"
Groww Nifty Non-Cyclical Consumer Index Fund,"Index Fund","Growth","41.988781755","0","19.34","0","100.31340604918678","0.841193255048273","0","28.53883842098624","44.65310973392874","-0.313406049186768"
Bandhan Nifty Total Market Index Fund,"Index Fund","Growth","41.9645","0","7.4","0","100.11644835016209","13.956309250200999","0","15.125868315886231","20.33383762732685","-0.11644835016208359"
Mirae Asset Banking and PSU Fund,"Banking & PSU Fund","Growth","41.66310000000001","7.32","0.46","83.63299898471307","0","0","0","23.595459771356417","35.24677712412181","4.15283548271732"
Aditya Birla SL Aggressive Hybrid Omni FOF,"FoFs (Domestic) - Hybrid","Growth","40.999300000000005","0","4.36","0","0","0","0","44.5763708160871","69.4360635425482","0.669767532616411"
PGIM India Overnight Fund,"Overnight Fund","Growth","40.8329","5.35","0","0","0","0","0","99.99999999999999","99.99999999999999","95.49222762863154"
Nippon India Nifty Auto Index Fund,"Index Fund","Growth","40.8163","0","10.28","0","99.98014827903394","1.41830582673906","0","48.61145833591345","64.16333240119504","0.019851720966038156"
Groww Arbitrage Fund,"Arbitrage Fund","Growth","40.7688815","0","0.07","0","-0.44000379308907245","0","0","100.44171036431311","100.46125345626672","86.949602193526"
Aditya Birla SL Nifty SDL Sep 2027 Index Fund,"Index Funds - Debt Oriented","Growth","40.2703","6.41","0.05","0","0","0","0","56.1232471573343","81.2102219253395","4.345634375706171"
SBI FMP-54-1842D,"Fixed Maturity Plans","Growth","40.1301","0","0","0","0","0","0","78.83683320001694","89.34291217814058","6.38946825450223"
Arudha Equity Long-Short Fund,"Large Cap Fund","Growth","39.302972603","5.6","1.75","7.20498428024391","65.96450161873344","8.592990744261458","10.34749191981948","40.35973604255553","48.78335305413911","23.68800646144712"
Axis US Specific Treasury Dynamic Debt Passive FoF,"FoFs (Overseas)","Growth","39.064699999999995","4.33","0","0","0","0","0","100.00000000000006","100.00000000000006","1.6323893438321595"
The Wealth Company Small Cap Fund,"Small Cap Fund","Growth","38.804932976","0","3.94","0","90.95171630801597","63.60742978112378","0","13.17324659749705","18.38102776184472","7.679276386244974"
Bajaj Finserv Nifty 50 Index Fund,"Index Fund","Growth","38.150898000000005","0","9.83","0","99.95319376476046","0","0","27.703972907585438","37.243244589249564","0.0468062352395435"
Mirae Asset Nifty LargeMidcap 250 Index Fund,"Index Fund","Growth","37.992","0","4.58","0","100.13292272057267","2.837176247631082","0","11.10733838702885","15.15345335860181","-0.132922720572752"
ITI Banking & PSU Debt Fund,"Banking & PSU Fund","Growth","37.736999999999995","6.8","0.27","69.108144749743","0","0","0","36.9469675547251","52.84877283022055","20.34667843579785"
The Wealth Company Ethical Fund,"Thematic Fund","Growth","37.574340283","0","4.68","0","95.18666336021275","21.856570303419577","0","12.20219347689885","19.07805604838064","4.81333663978731"
ICICI Pru LT Wealth Enhancement Fund,"Equity Linked Savings Scheme (ELSS)","Growth","37.5215653511","0","11.12","0","95.69643394141431","14.845595986940086","0","25.97226397356129","39.529534179109554","4.156717174525563"
Groww Dynamic Term Fund,"Dynamic Bond Fund","Growth","37.519849368","6.93","0.58","53.432813104062994","0","0","0","63.72622906253716","78.05293189500998","19.640141714874204"
Motilal Oswal Developed Market Ex US ETFs Overseas Equity Passive FOF,"FoFs (Overseas)","Growth","37.333836575999996","0","0","0","0","0","0","100.01536563650096","100","0.8682840321638964"
Axis CRISIL-IBX AAA Bond NBFC-HFC - Jun 2027 Index Fund,"Index Funds - Debt Oriented","Growth","37.234","7.56","0.2","94.44773325455229","0","0","0","40.485429983348595","62.07567545791484","5.552266745447713"
Kotak Nifty Top 10 Equal Weight Index Fund,"Index Fund","Growth","37.1069","0","15.39","0","99.9582660308676","0","0","31.686902489353898","51.8585785204019","0.0417339691323199"
SBI FMP-6-3668D,"Fixed Maturity Plans","Growth","36.8951","0","0.27","0","0","0","0","55.8559266677689","67.05036712192134","5.561172079761274"
ICICI Pru Nifty EV & New Age Automotive ETF FOF,"FoFs (Domestic) - Equity Oriented","Growth","36.8575285623","0","8.99","0","0","0","0","99.99999999999996","99.99999999999996","0.032092662642862035"
Kotak Multi Factor Passive FOF,"FoFs (Domestic) - Equity Oriented","Growth","36.7568","0","2.63","0","0","0","0","103.8545248770296","100.00000000000004","10.014473512384141"
Baroda BNP Paribas Aqua FoF,"FoFs (Overseas)","Growth","36.7141","0","3.2","0","0","0","0","99.99999999999999","99.99999999999999","3.6680730291631822"
Sundaram LT Micro Cap Tax Adv Fund-Sr VI,"Equity Linked Savings Scheme (ELSS)","Growth","36.597471","0","3.34","0","95.94621639951369","83.97630728186238","0","18.89350493032829","27.11864949650358","4.053783600486283"
Axis Multi Factor Passive FoF,"FoFs (Domestic) - Equity Oriented","Growth","36.5877","0","8.85","0","0","0","0","72.5174443870481","100.09827073032736","4.870655985481455"
Motilal Oswal Nifty MidSmall IT and Telecom Index Fund,"Index Fund","Growth","36.5179","0","19.84","0","100.3053297150164","27.043997601176407","0","39.92453016192052","55.95091722141737","-0.305329715016471"
UTI Medium Duration Fund,"Medium Duration Fund","Growth","36.2809","7.35","0.46","38.077886711740874","0","0","0","46.0018908020473","62.588028411643535","16.7143042206781"
Aditya Birla SL BSE India Infrastructure Index Fund,"Index Fund","Growth","36.1803","0","5.83","0","99.832229141273","17.466687672573205","0","26.78501836634853","41.54857754081641","0.16777085872697994"
Kotak Nifty 100 Equal Weight Index Fund,"Index Fund","Growth","35.6489","0","2.61","0","100.04148332873739","0","0","3.94475283849078","6.35821933410865","-0.0414833287373961"
Axis CRISIL IBX 50:50 Gilt Plus SDL Sep 2027 Index Fund,"Index Funds - Debt Oriented","Growth","35.5824","6.24","0.07","0","0","0","0","84.01023539727503","89.68525169746837","5.05711531543685"
Groww Money Market Fund,"Money Market Fund","Growth","35.560720937","6.63","0.02","77.96772722667703","0","0","0","31.547268338217233","50.69880886537772","21.870392101381604"
Quantum Nifty 50 ETF FoF,"FoFs (Domestic) - Equity Oriented","Growth","34.986826961687505","0","9.8","0","0","0","0","100.00000000000011","100.00000000000011","-0.280534225173883"
Motilal Oswal Diversified Equity Flexicap Passive FoF,"FoFs (Domestic) - Equity Oriented","Growth","34.9454","0","2.82","0","0","0","0","98.0933112798823","99.99999999999997","1.90668872011767"
HDFC FMP-Sr 46-1876D-Mar 2022,"Fixed Maturity Plans","Growth","34.8831","6.06","0.02","0","0","0","0","78.4038689222001","84.02865571007159","4.27054934911175"
Groww Gilt Fund,"Gilt - Short & Mid Term Fund","Growth","34.790176798000005","7.26","2.71","0","0","0","0","93.2481464189195","101.80798021134564","6.751853581080503"
Axis BSE India Sector Leaders Index Fund,"Index Fund","Growth","34.3244","0","5.55","0","99.82446597755536","8.686013448159322","0","14.711639533393148","23.761758399272818","0.17553402244466398"
Aditya Birla SL CRISIL IBX Gilt April 2033 Index Fund,"Index Funds - Debt Oriented","Growth","34.2472","7.06","0.59","0","0","0","0","100","100","4.51990701232969"
Bajaj Finserv Equity Savings Fund,"Equity Savings","Growth","34.2361","0","0.16","0","24.55716334512402","5.470719503681776","0","75.44283665487605","81.22780924229109","54.20468452890374"
LIC MF Equity Savings Fund,"Equity Savings","Growth","33.9138","0","0.72","0","66.51805459724359","7.174660462702505","0","34.14716133255487","39.06846180610841","21.199924514504396"
Sundaram LT Tax Adv Fund-Sr III,"Equity Linked Savings Scheme (ELSS)","Growth","33.899191","0","3.07","0","95.86292295047366","81.39624944264453","0","18.07108715328807","27.42434430834225","4.1370770495263605"
JioBlackRock Large Cap Fund,"Large Cap Fund","Growth","33.798955971","0","4.64","0","99.68404554243736","5.32450837103994","0","23.48363927811928","33.43052804558475","0.31595445756263096"
Angel One Nifty Total Market Momentum Quality 50 Index Fund,"Index Fund","Growth","33.623219412","0","1.29","0","99.93384397036034","9.293814987522405","0","17.62619979181665","27.47279856462306","0.06615602963962908"
Sundaram Medium Duration Fund,"Medium Duration Fund","Growth","33.55653182934","7.39","0.43","48.778150207073814","0","0","0","43.17527351659256","54.98341274907276","7.6508766068167695"
Kotak Nifty India Tourism Index Fund,"Index Fund","Growth","33.1841","0","23.5","0","100.8850624244743","37.27236839329678","0","55.7941905912771","73.43547060188459","-0.8850624244743801"
Samco Arbitrage Fund,"Arbitrage Fund","Growth","33.0039","0","0","0","-0.29117770930100884","0","0","100.33632388899493","100.32359812022214","100.33995982293001"
Nippon India Nifty 500 Low Volatility 50 Index Fund,"Index Fund","Growth","32.9023","0","6.11","0","99.82981164639199","3.045380188017669","0","15.70437521906797","24.972725402061858","0.1701883536080534"
UTI Nifty SDL Plus AAA PSU Bond Apr 2028 75:25 Index Fund,"Index Funds - Debt Oriented","Growth","32.869099999999996","7.13","0.18","24.366045921549414","0","0","0","62.8283098715816","76.44626716277605","2.08371996799425"
Nippon India Nifty India Manufacturing Index Fund,"Index Fund","Growth","32.6653","0","2.48","0","99.98214249679263","1.9454841334779378","0","14.106283811028971","23.12425603470249","0.017857503207341197"
Bandhan Nifty 500 Momentum 50 Index Fund,"Index Fund","Growth","32.5765","0","15.81","0","100.00968293882605","6.777575574994058","0","14.78732599296227","24.002237953909173","-0.009682938826018507"
Bandhan Nifty 500 Value 50 Index Fund,"Index Fund","Growth","32.4092","0","3.06","0","100.26622895389444","9.732725023134561","0","17.38548620703537","28.47029571964067","-0.2662289538944187"
Kotak Nifty200 Value 30 Index Fund,"Index Fund","Growth","32.1907","0","5.85","0","100.12301689618428","1.08385341107835","0","17.30375543246963","28.49611844414691","-0.123016896184302"
Bajaj Finserv Gilt Fund,"Gilt - Short & Mid Term Fund","Growth","32.0521","6.51","1.41","0","0","0","0","73.61677091623561","99.18415178571432","10.613898353561435"
Angel One Gold ETF FOF,"FoFs - Gold","Growth","31.772509694","0","11.8","0","0","0","0","100.4480364106298","100","0.048403126313010025"
Navi Nifty Smallcap250 Momentum Quality 100 Index Fund,"Index Fund","Growth","31.292680999999998","0","7.67","0","100.20385277950462","79.57910669271195","0","11.060285949931869","17.16904026216226","-0.203852779504575"
Aditya Birla SL CRISIL-IBX AAA Financial Services Index-Sep 2027 Fund,"Index Funds - Debt Oriented","Growth","31.2137","7.53","0.23","91.54525386313459","0","0","0","38.270533607368456","53.55788992920753","8.454746136865339"
Kotak Nifty Alpha 50 Index Fund,"Index Fund","Growth","30.913400000000003","0","2.18","0","100.16497700026524","11.571357404879445","0","13.14349117211307","19.996506369406152","-0.164977000265257"
Edelweiss BSE Internet Economy Index Fund,"Index Fund","Growth","30.735300000000002","0","7.71","0","99.95900479253497","11.983614931365564","0","41.9771402914564","58.25614196054699","0.040995207465032046"
Kotak Nifty Midcap 150 Index Fund,"Index Fund","Growth","30.7211","0","1.54","0","101.34305086731918","5.623822063663085","0","8.73438776606306","12.30522344577505","-1.3430508673191999"
Motilal Oswal Nifty MidSmall Healthcare Index Fund,"Index Fund","Growth","30.593400000000003","0","0","0","100.0444540325691","25.615982532180173","0","25.95527139840619","39.22316578085469","-0.04445403256911601"
Sundaram LT Micro Cap Tax Adv Fund-Sr V,"Equity Linked Savings Scheme (ELSS)","Growth","30.563646","0","3.15","0","95.90530570681074","84.97764810615469","0","17.506401908554302","25.694605175577884","4.094694293189274"
Sundaram LT Micro Cap Tax Adv Fund-Sr IV,"Equity Linked Savings Scheme (ELSS)","Growth","30.39799456659","0","3.06","0","95.89668189919247","84.81625977608935","0","17.87338518951675","26.403377323169018","4.103318100807563"
Bandhan Nifty Midcap 150 Index Fund,"Index Fund","Growth","30.3209","0","1.52","0","108.34287477851548","6.015126437838591","0","14.65244983817702","18.4678016262829","-8.342874778515487"
ITI Dynamic Bond Fund,"Dynamic Bond Fund","Growth","30.2125","6.08","0.48","12.280047693418641","0","0","0","98.69447663190421","110.97452432532285","34.4954405763514"
Bandhan Nifty Next 50 Index Fund,"Index Fund","Growth","30.0817","0","3.47","0","100.6268978826881","0","0","10.61109596011736","17.31682991085318","-0.6268978826881146"
Baroda BNP Paribas NIFTY SDL Dec 2028 Index Fund,"Index Funds - Debt Oriented","Growth","29.8414","6.87","0.67","0","0","0","0","84.1277554002158","97.59093072040855","7.1079104867734095"
JM Medium to Long Duration Fund,"Medium to Long Duration Fund","Growth","29.813173238999997","7.13","0.72","23.19384939190035","0","0","0","58.2788113855364","80.17270690505586","4.67421901999031"
JioBlackRock Nifty 8-13 yr G-Sec Index Fund,"Index Funds - Debt Oriented","Growth","29.556077924","7.01","1.55","0","0","0","0","98.6247790148437","100.00000000000001","1.375220985156313"
SBI FMP-59-1618D,"Fixed Maturity Plans","Growth","29.474800000000002","0","0","0","0","0","0","99.7781761828071","99.99999999999997","13.973887589008065"
SBI FMP-34-3682D,"Fixed Maturity Plans","Growth","29.149299999999997","0","0.45","0","0","0","0","80.49352814647355","88.55512825350871","5.182971803782589"
Bandhan Nifty IT Index Fund,"Index Fund","Growth","28.947","0","34.95","0","100.09486865299853","0","0","60.08732153845381","77.74094102422761","-0.09486865299864605"
Capitalmind Multi Asset Allocation Fund,"Multi Asset Allocation Fund","Growth","28.625100000000003","5.7","0.03","15.623351534143108","42.75199038605977","0","22.41843696615907","31.83884073767427","40.51549164893746","23.09162238734536"
Angel One Nifty 50 Index Fund,"Index Fund","Growth","28.603663551999997","0","10.04","0","99.8328566026184","0","0","27.673488225215557","37.20202070363662","0.16714339738159187"
Bank of India Midcap Tax Fund-Sr 2,"Equity Linked Savings Scheme (ELSS)","Growth","27.914299999999997","0","4.69","0","95.99337842133255","12.533792395884797","0.151692058826306","15.52011178634709","23.656408045343973","3.854929519841131"
Aditya Birla SL FTP-TJ-1838D,"Fixed Maturity Plans","Growth","27.3459","0","0","0","0","0","0","92.25394377416553","96.8209742949947","2.814201588057925"
HDFC Income Plus Arbitrage Omni FOF,"FoFs (Domestic) - Hybrid","Growth","27.090100000000003","0","0.12","0","0","0","0","99.41986178670642","99.99999999999993","0.58013821329351"
Mahindra Manulife Overnight Fund,"Overnight Fund","Growth","27.085","5.38","0","0","0","0","0","97.81349246943381","99.55262494133524","92.71018389309228"
Bandhan BSE India Sector Leaders Index Fund,"Index Fund","Growth","27.0717","0","7.97","0","100.03730037366614","8.703922592681048","0","14.74233122581594","23.81047177361237","-0.037300373666194375"
Navi Nifty 500 Multicap 50:25:25 Index Fund,"Index Fund","Growth","26.661671000000002","0","6.39","0","98.63389282689741","24.761441246499537","0","10.82682702070699","14.55458286916826","1.36225085066874"
Motilal Oswal BSE Financials ex Bank 30 Index Fund,"Index Fund","Growth","26.6206","0","7.44","0","100.03590195502461","1.789549267273732","0","30.083227259375278","40.90211821534643","-0.035901955024641"
Aditya Birla SL Multi - Asset Passive FoF,"FoFs (Domestic) - Equity Oriented","Growth","26.6204","0","9.05","0","0","0","0","35.0408123700589","56.822451148829806","1.4640309652576788"
Aditya Birla SL Retirement Fund-50,"Solution Oriented, Retirement Fund - Debt Oriented","Growth","26.3975","0","0.84","7.71815512832655","0","4.579979164693623","0","55.81513400890235","67.23326072544748","29.9740505729709"
ICICI Pru Nifty Top 15 Equal Weight Index Fund,"Index Fund","Growth","25.5552280707","0","13.4","0","99.9752376668974","0","0","21.21483707756828","34.91027344901183","0.024762333102612"
Bajaj Finserv Nifty Next 50 Index Fund,"Index Fund","Growth","25.009301999999998","0","3.45","0","99.96358483009338","0","0","10.53882675922788","17.19857871982091","0.0364151699066042"
ICICI Pru Nifty200 Quality 30 Index Fund,"Index Fund","Growth","24.904324868099998","0","6.76","0","99.90312980485211","2.55618252400579","0","16.85249458569321","26.28700048956378","0.09687019514791695"
Groww BSE Power ETF FoF,"FoFs (Domestic) - Equity Oriented","Growth","24.776119268000002","0","2.78","0","0","0","0","100.00000000000004","100.00000000000004","0.290973102850338"
ICICI Pru Nifty Private Bank Index Fund,"Index Fund","Growth","24.757119194","0","10.86","0","99.82744682987853","2.9219877899821203","0","60.584997319216","86.05484278301368","0.17255317012146"
ITI Overnight Fund,"Overnight Fund","Growth","24.7077","5.27","0","0","0","0","0","100.00000000000001","100.00000000000001","100.00000000000001"
UTI Nifty India Manufacturing Index Fund,"Index Fund","Growth","24.6411","0","2.51","0","99.80430738793372","1.9458153679630419","0","14.07947413882706","23.07918382561136","0.195692612066181"
Edelweiss Gold ETF FoF,"FoFs - Gold","Growth","23.3414","0","1.64","0","0","0","0","101.25535323125696","100.00000000000036","-0.12953185498063666"
Samco Overnight Fund,"Overnight Fund","Growth","22.7412","5.27","0","0","0","0","0","100","100","100"
Sundaram LT Tax Adv Fund-Sr IV,"Equity Linked Savings Scheme (ELSS)","Growth","22.630892","0","2.89","0","96.11443486468417","78.853548115224","0","17.37705290592464","26.281643445634348","3.885565135315876"
Groww Nifty 50 Index Fund,"Index Fund","Growth","22.439904716","0","10.08","0","100.14275368547874","0","0","27.76408865746092","37.32207059697746","-0.142753685478706"
Navi Nifty IT Index Fund,"Index Fund","Growth","22.185253","0","34.71","0","98.97906201720798","0","0","59.4176478773133","76.8743997951483","1.02093798279205"
UTI Annual Interval Fund-I,"Debt - Interval Fund","Growth","21.8735","0","0","0","0","0","0","100","100","100"
PGIM India CRISIL IBX Gilt Index - Apr 2028 Fund,"Index Funds - Debt Oriented","Growth","21.726999999999997","6.08","0.03","0","0","0","0","96.39756984397289","99.99999999999994","3.6024301560270597"
Mirae Asset Income plus Arbitrage Active FOF,"FoFs (Domestic) - Hybrid","Growth","21.675500000000003","0","0.14","0","0","0","0","99.64614426426161","100.09826762935123","0.35385573573850626"
Motilal Oswal Multi Factor Passive FoF,"FoFs (Domestic) - Equity Oriented","Growth","21.383000000000003","0","2.65","0","0","0","0","75.0586914838891","100.00000000000004","0.691203292335032"
UTI BSE Housing Index Fund,"Index Fund","Growth","21.307199999999998","0","17.71","0","99.8920068451046","6.525694063699341","0","16.06730465699713","26.17006429746299","0.107993154895409"
DSP BSE Sensex Next 30 Index Fund,"Index Fund","Growth","21.2566","0","1.61","0","99.93460854511069","0","0","15.597038096402999","24.491687287713","0.06539145488930503"
Kotak Nifty G-Sec July 2033 Index Fund,"Index Funds - Debt Oriented","Growth","20.953200000000002","7.07","0.91","0","0","0","0","99.04596911211654","100.00000000000001","3.7025370826413138"
Aditya Birla SL CRISIL IBX Gilt Apr 2028 Index Fund,"Index Funds - Debt Oriented","Growth","20.5872","6.14","0.03","0","0","0","0","95.7716445169814","99.99999999999996","4.22835548301857"
Bandhan Multi-Asset Passive FOF,"FoFs (Domestic) - Hybrid","Growth","20.3807","7.42","4.78","0","0","0","0","87.6500995289262","98.91860597373504","3.697104548657917"
Kotak BSE Sensex Index Fund,"Index Fund","Growth","20.0979","0","12.16","0","100.78664935142478","0","0","33.7463118037208","44.89673050418204","-0.7866493514247721"
Mirae Asset Multi Factor Passive FOF,"FoFs (Domestic) - Equity Oriented","Growth","20.0801","0","1.9","0","0","0","0","56.18558874626811","82.36122590112501","0.23360939160355598"
Mirae Asset Long Duration Fund,"Long Duration Fund","Growth","19.909000000000002","7.61","3.59","0","0","0","0","90.2338441905257","97.0500655803566","6.042255018965131"
Baroda BNP Paribas Nifty200 Momentum 30 Index Fund,"Index Fund","Growth","19.878","0","20.29","0","99.65725359159298","0","0","17.04586100886069","26.8600897388879","0.3427464084070216"
Navi BSE Sensex Index Fund,"Index Fund","Growth","19.652852","0","12.17","0","99.86355669904802","0","0","33.43147345738921","44.47889293625162","0.136443300951943"
Motilal Oswal Nifty MidSmall India Consumption Index Fund,"Index Fund","Growth","19.5315","0","15.04","0","100.01814850663717","6.263827433628327","0","18.518390486725668","27.56455683075222","-0.0181485066371681"
Bandhan Nifty Bank Index Fund,"Index Fund","Growth","19.3092","0","12.93","0","100.15369440197725","0","0","42.0047978197083","61.64308175376338","-0.15369440197722367"
Mirae Asset Nifty India New Age Consumption ETF FoF,"FoFs (Domestic) - Equity Oriented","Growth","19.1606","0","12.88","0","0","0","0","100.00000000000004","100.00000000000004","0.438399632579356"
Sundaram Conservative Hybrid Fund,"Conservative Hybrid Fund","Growth","18.747246","5.78","3.04","0","19.904902290662914","0.505682182708636","25.9849956291631","80.57382199010043","84.87988645211445","53.63334084612723"
Mahindra Manulife Income Plus Arbitrage Active FOF,"FoFs (Domestic) - Hybrid","Growth","18.5983","0","0.12","0","0","0","0","98.659554905556","100.10538597613773","1.34044509444412"
DSP Nifty Healthcare Index Fund,"Index Fund","Growth","18.5869","0","0","0","99.44530825473858","1.870672355260964","0","35.09622368442293","50.18480757953185","0.5546917452614475"
Bandhan BSE Healthcare Index Fund,"Index Fund","Growth","18.0875","0","0","0","100.03153456569714","23.297862548352285","0","25.586183694238123","36.431797591035156","-0.03153456569715038"
Bandhan Aggressive Hybrid Passive FOF,"FoFs (Domestic) - Hybrid","Growth","17.8855","7.45","1.73","0","0","0","0","97.42263996251154","100.18677030322563","2.5773600374884587"
Capitalmind Arbitrage Fund,"Arbitrage Fund","Growth","17.5479","5.71","0.07","0","-0.3282444053134944","-0.023364619128218633","0.825169963357439","99.503074441956","100.3481898118863","88.0435835627055"
Choice Nifty 50 Index Fund,"Index Fund","Growth","17.511300000000002","0","3.65","0","99.73045976026904","0","0","27.645006367317137","37.164002672560024","0.269540239730917"
Kotak Nifty500 Momentum 50 Index Fund,"Index Fund","Growth","16.9161","0","2.34","0","100.61384698920483","6.808915966463895","0","14.87635630734684","24.14894302358756","-0.6138469892047609"
Aditya Birla SL Conservative Hybrid Active FOF,"FoFs (Domestic) - Hybrid","Growth","16.6909","0","1.11","0","0","0","0","81.75327460878047","90.11241501295741","0.8015372591421629"
Groww BSE Hospitals ETF FOF,"FoFs (Domestic) - Equity Oriented","Growth","16.426750225","0","0","0","0","0","0","100.00000000000031","100.00000000000031","-0.174648512986688"
Franklin India Long Duration Fund,"Long Duration Fund","Growth","15.788545162","7.54","1.24","0","0","0","0","72.21126955455159","99.4503778715185","11.257240540454"
Zerodha BSE SENSEX Index Fund,"Index Fund","Growth","15.5336","0","12.11","0","101.09182674975547","0","0","33.8401915846939","45.02690940928059","-1.0918267497553698"
Zerodha Nifty LargeMidcap250 Plus 8-13 yr G-Sec 70:30 Index Fund,"Index Funds - Debt Oriented","Growth","15.011099999999999","0","1.75","0","0","1.959883019898608","0","35.67493388226046","39.5220869889615","-0.5470962154672498"
Nippon India Inv-Qrtly-II,"Debt - Interval Fund","Growth","14.6546","0","0","0","0","0","0","99.99101378760412","100.00000000000009","37.695402988561085"
TRUSTMF Overnight Fund,"Overnight Fund","Growth","14.295499999999999","5.28","0","0","0","0","0","100.00000000000004","100.00000000000004","98.18680268989765"
Aditya Birla SL Retirement Fund-50 Plus-Debt Plan,"Solution Oriented, Retirement Fund - Debt Oriented","Growth","14.093599999999999","0","0.31","7.22810353635693","0","0","0","73.01541125049668","87.56882556621446","48.780297439972806"
Zerodha Nifty Short Duration G-Sec Index Fund,"Index Funds - Debt Oriented","Growth","14.055399999999999","6.43","0.52","0","0","0","0","96.2242269874923","99.99999999999994","3.7757730125076403"
Groww Nifty Capital Markets ETF FOF,"FoFs (Domestic) - Equity Oriented","Growth","14.017463716","0","0","0","0","0","0","100.00000000000033","100.00000000000033","-0.0467816013856697"
Kotak Nifty 200 Quality 30 Index Fund,"Index Fund","Growth","13.9978","0","6.73","0","99.88094715933659","2.55462332307808","0","16.84535035997819","26.27433534052244","0.119052840663438"
Groww Nifty Midcap 150 Index Fund,"Index Fund","Growth","13.823985465","0","1.54","0","100.01968200854141","5.541574931046845","0","7.54166971340923","10.95498118711309","-0.0196820085415215"
The Wealth Company Gold ETF FOF,"FoFs - Gold","Growth","13.730632866","0","6.92","0","0","0","0","99.99999999999996","99.99999999999996","2.077669309084854"
LIC MF Children’s Fund,"Solution Oriented - Children's Fund","Growth","13.5909","0","9.06","0","0","28.582783241277106","0","21.56473124073822","27.460595446584907","7.236966186178091"
Kotak BSE Housing Index Fund,"Index Fund","Growth","13.2947","0","17.63","0","100.03685679255645","6.53794369184712","0","16.09137475836235","26.20217078986363","-0.0368567925564323"
DSP Nifty 500 Index Fund,"Index Fund","Growth","13.2278","0","6.13","0","99.7792527857997","10.334295952463748","0","15.716143274013818","21.127473956364618","0.220747214200396"
DSP Nifty Midcap 150 Index Fund,"Index Fund","Growth","13.0023","0","1.52","0","100.00538366289042","5.54594187182268","0","7.5286680048914505","10.93575751982342","-0.005383662890411978"
Aditya Birla SL CRISIL IBX Gilt June 2027 Index Fund,"Index Funds - Debt Oriented","Growth","12.3049","6.03","0.08","0","0","0","0","100.00000000000001","100.00000000000001","6.94438800802933"
Groww Nifty India Internet ETF FOF,"FoFs (Domestic) - Equity Oriented","Growth","12.15687458","0","18.98","0","0","0","0","99.99999999999996","99.99999999999996","0.11244320988956"
Groww Nifty PSE ETF FOF,"FoFs (Domestic) - Equity Oriented","Growth","12.08279014","0","3.97","0","0","0","0","99.99999999999999","99.99999999999999","0.0530052655536729"
Choice Nifty Next 50 Index Fund,"Index Fund","Growth","11.5133","0","3.47","0","99.80804808352082","0","0","10.5243500994502","17.17752512311848","0.191951916479202"
Taurus Banking & Fin Serv Fund,"Sectoral Fund - Banks & Financial Services","Growth","11.421","0","8.41","0","94.83495315646611","19.458891515629112","0","37.95376937220905","52.78784694860341","5.16504684353384"
Axis CRISIL-IBX AAA Bond Financial Services - Sep 2027 Index Fund,"Index Funds - Debt Oriented","Growth","10.969801","7.47","0.26","93.64804280843772","0","0","0","27.486426370581057","45.77885649692793","6.351957191562271"
Mirae Asset Silver ETF FOF,"FoFs (Domestic) - Silver","Growth","10.4541","0","6.71","0","0","0","0","99.99999999999994","99.99999999999994","2.710898116528441"
DSP Nifty Smallcap 250 Index Fund,"Index Fund","Growth","10.356","0","4.34","0","100.47508690614129","90.38721514098101","0","4.08169177288528","6.55658555426805","-0.47508690614136695"
Bandhan Nifty 200 Quality 30 Index Fund,"Index Fund","Growth","10.1455","0","6.77","0","100.1511227968101","2.5627777476808697","0","16.88387026167365","26.33533083561904","-0.15112279681007212"
Angel One Silver ETF FOF,"FoFs (Domestic) - Silver","Growth","10.036792341","0","6.37","0","0","0","0","99.99999999999997","99.99999999999997","0.226003729372167"
Baroda BNP Paribas NIFTY Midcap 150 Index Fund,"Index Fund","Growth","9.697000000000001","0","1.55","0","99.76075074765387","5.494482829741157","0","7.48478911003403","10.888934722079","0.239249252346087"
Bandhan Nifty Alpha Low Volatility 30 Index Fund,"Index Fund","Growth","9.273200000000001","0","7.13","0","100.03787113943956","0","0","13.197187221797211","21.18149627476227","-0.037871139439573154"
Navi Nifty MidSmallcap 400 Index Fund,"Index Fund","Growth","9.123306","0","2.39","0","99.61618080112625","33.85690450369634","0","4.97316433319237","7.2281692623266105","0.383819198873742"
Taurus Infrastructure Fund,"Sectoral Fund - Infrastructure","Growth","9.008","0","12.74","0","98.89098579040848","31.8272646536412","0","25.54507104795733","35.40408525754881","1.10901420959147"
Groww Nifty Next 50 Index Fund,"Index Fund","Growth","8.698729686","0","3.48","0","99.90450596466552","0","0","10.5400467435562","17.19669640278094","0.095494035334483"
Zerodha Nifty MidSmallcap400 50:50 Index Fund,"Index Fund","Growth","7.8903","0","2.83","0","101.1904737335716","48.37844763823933","0","4.3827693497078695","6.223137016336514","-1.1904737335716498"
Groww Nifty 500 Momentum 50 ETF FOF,"FoFs (Domestic) - Equity Oriented","Growth","7.776974805999999","0","4.98","0","0","0","0","100","100","0.206573866325497"
Mirae Asset BSE Select IPO ETF FoF,"FoFs (Domestic) - Equity Oriented","Growth","7.5706","0","14.72","0","0","0","0","100.00000000000004","100.00000000000004","0.68026312313423"
Groww Nifty PSU Bank Index Fund,"Index Fund","Growth","6.868433594000001","0","10.85","0","100.535390034667","2.134687814818232","0","60.0768187029515","79.46209777390472","-0.535390034667051"
Groww Nifty 200 ETF FOF,"FoFs (Domestic) - Equity Oriented","Growth","6.670452689999999","0","6.74","0","0","0","0","99.99999999999999","99.99999999999999","0.434213483642892"
Mirae Asset BSE 200 Equal Weight ETF FoF,"FoFs (Domestic) - Equity Oriented","Growth","6.4666999999999994","0","2.9","0","0","0","0","100.00000000000003","100.00000000000003","0.7902021123602457"
Taurus Nifty 50 Index Fund,"Index Fund","Growth","6.4283","0","10.29","0","99.16774263802252","0","0","27.503383476191217","36.975561190361375","0.832257361977506"
Bandhan Conservative Hybrid Passive FOF,"FoFs (Domestic) - Hybrid","Growth","5.619400000000001","7.06","1.83","0","0","0","0","97.2793893727973","99.98042489192164","2.720610627202658"
Bandhan CRISIL-IBX 10:90 Gilt+SDL Index - Dec 2029 Fund,"Index Funds - Debt Oriented","Growth","0.38380000000000003","6.4","0.67","0","0","0","0","100.00000000000001","100.00000000000001","3.61348183844001"
Apex Hybrid Long-Short Fund,"Balanced Hybrid Fund","Growth","0","0","0.1","0","0","0","0","0","0","0"
Qsif Active Asset Allocator Long-Short Fund,"Multi Asset Allocation Fund","Growth","0","0","0.36","0","0","0","0","0","0","0"
Sapphire Equity Long-Short SIF,"Large Cap Fund","Growth","0","0","2.28","0","0","0","0","0","0","0"
WSIF Equity Long-Short Fund,"Large Cap Fund","Growth","0","0","1.36","0","0","0","0","0","0","0"
WSIF Equity Ex-Top 100 Long-Short Fund,"Mid Cap Fund","Growth","0","0","1.41","0","0","0","0","0","0","0"
Invesco India BSE Sensex Index Fund,"Index Fund","Growth","0","0","0","0","0","0","0","0","0","0"
Invesco India Nifty Bank Index Fund,"Index Fund","Growth","0","0","0.27","0","0","0","0","0","0","0"
Qsif Sector Rotation Long-Short Fund,"Thematic Fund","Growth","0","0","0","0","0","0","0","0","0","0"