Name,"Sub Category","Plan","AUM","Expense Ratio","Benchmark","Time since inception","NAV","AMC","Minimum Lumpsum","Lock-in","Fund Manager","Exit Load","SIP Investment","Minimum SIP"
Parag Parikh Flexi Cap Fund,"Flexi Cap Fund","Growth","128966.4832","0.53","NIFTY 500 - TRI","157","90.7862","PPFAS Asset Management Pvt. Ltd.","1000","0","Rajeev Thakkar,Rukun Tarachandani,Raj Mehta,Mansi Kariya","2","Allowed","3000"
HDFC Balanced Advantage Fund,"Balanced Advantage Fund","Growth","105377.6508","0.74","NIFTY 50 Hybrid Composite Debt 50:50 Index","161","550.005","HDFC Asset Management Company Limited","100","0","Gopal Agrawal,Srinivasan Ramamurthy,Arun Agarwal,Nandita Menezes","1","Allowed","100"
HDFC Mid Cap Fund,"Mid Cap Fund","Growth","94744.7175","0.72","Nifty Midcap 150 - TRI","161","220.391","HDFC Asset Management Company Limited","100","0","Chirag Setalvad","1","Allowed","100"
HDFC Flexi Cap Fund,"Flexi Cap Fund","Growth","91334.9081","0.67","NIFTY 500 - TRI","161","2128.669","HDFC Asset Management Company Limited","100","0","Amit Ganatra","1","Allowed","100"
ICICI Pru Multi-Asset Fund,"Multi Asset Allocation Fund","Growth","83547.3520274154","1.07","Gold-India","161","883.5287","ICICI Prudential Asset Management Company Limited","5000","0","Sankaran Naren,Ihab Dalwai,Manish Banthia,Gaurav Chikane","1","Allowed","100"
SBI Equity Hybrid Fund,"Aggressive Hybrid Fund","Growth","83353.4758","0.71","CRISIL Hybrid 35+65 - Aggressive Index","161","339.553","SBI Funds Management Limited","1000","0","R. Srinivasan,Rajeev Radhakrishnan,Mansi Sajeja","1","Allowed","5000"
ICICI Pru Large Cap Fund,"Large Cap Fund","Growth","75650.4301701308","1.2","NIFTY 100 - TRI","161","116.53","ICICI Prudential Asset Management Company Limited","100","0","Sankaran Naren,Vaibhav Dusad,Sharmila Dmello","1","Allowed","100"
SBI Liquid Fund,"Liquid Fund","Growth","74571.1212","0.2","Nifty Liquid Fund Index","161","4348.4249","SBI Funds Management Limited","500","0","Rajeev Radhakrishnan","0.0055","Allowed","12000"
HDFC Liquid Fund,"Liquid Fund","Growth","72872.5607","0.21","CRISIL Liquid Debt Index","161","5462.837","HDFC Asset Management Company Limited","100","0","Swapnil Jangam,Rohan Pillai","0.0055","Allowed","100"
Nippon India Small Cap Fund,"Small Cap Fund","Growth","72672.99160000001","0.65","Nifty Smallcap 250 - TRI","161","193.6539","Nippon Life India Asset Management Limited","0","0","Samir Rachh","1","Allowed","100"
Kotak Arbitrage Fund,"Arbitrage Fund","Growth","69951.2131","0.39","Nifty 50 Arbitrage","161","42.3274","Kotak Mahindra Asset Management Company Limited","100","0","Hiten Shah","0.25","Allowed","100"
ICICI Pru Balanced Advantage Fund,"Balanced Advantage Fund","Growth","66397.797033849","0.89","CRISIL Hybrid 50+50 - Moderate Index","161","84.36","ICICI Prudential Asset Management Company Limited","500","0","Rajat Chandak,Ihab Dalwai,Manish Banthia,Akhil Kakkar","1","Allowed","0"
ICICI Pru Value Fund,"Value Fund","Growth","59588.2980408276","1.21","NIFTY 500 - TRI","161","505.07","ICICI Prudential Asset Management Company Limited","1000","0","Sankaran Naren,Dharmesh Kakkad,Masoomi Jhurmarvala","1","Allowed","5000"
Kotak Midcap Fund,"Mid Cap Fund","Growth","55675.9831","0.41","Nifty Midcap 150 - TRI","161","161.99","Kotak Mahindra Asset Management Company Limited","100","0","Atul Bhole","1","Allowed","100"
Kotak Flexicap Fund,"Flexi Cap Fund","Growth","54838.6325","0.61","NIFTY 500 - TRI","161","93.757","Kotak Mahindra Asset Management Company Limited","100","0","Harsha Upadhyaya","1","Allowed","100"
ICICI Pru Liquid Fund,"Liquid Fund","Growth","54639.4076070732","0.2","CRISIL Liquid Debt Index","162","411.6243","ICICI Prudential Asset Management Company Limited","99","0","Darshil Dedhia,Nikhil Kabra","0.007","Allowed","0"
Nippon India Multi Cap Fund,"Multi Cap Fund","Growth","52634.0393","0.9","Nifty500 Multicap 50:25:25 - TRI","161","325.8853","Nippon Life India Asset Management Limited","100","0","Sailesh Raj Bhan,Kinjal Desai","1","Allowed","1500"
Nippon India Large Cap Fund,"Large Cap Fund","Growth","51690.282300000006","2.75","BSE 100 - TRI","161","98.3933","Nippon Life India Asset Management Limited","100","0","Sailesh Raj Bhan,Bhavik Dave","1","Allowed","100"
Axis Liquid Fund,"Liquid Fund","Growth","51643.210500999994","0.11","Nifty Liquid Fund Index","162","3094.943","Axis Asset Management Company Ltd.","100","0","Devang Shah,Aditya Pagaria,Sachin Jain","0.0065","Allowed","0"
ICICI Pru Equity & Debt Fund,"Aggressive Hybrid Fund","Growth","50367.7287578124","0.96","CRISIL Hybrid 35+65 - Aggressive Index","161","440.83","ICICI Prudential Asset Management Company Limited","5000","0","Sankaran Naren,Mittul Kalawadia,Manish Banthia,Akhil Kakkar","1","Allowed","100"
SBI Large Cap Fund,"Large Cap Fund","Growth","48925.6946","0.82","BSE 100 - TRI","161","100.8205","SBI Funds Management Limited","5000","0","Saurabh Pant","0.1","Allowed","5000"
SBI Contra Fund,"Contra Fund","Growth","47352.1726","0.73","BSE 500 - TRI","161","407.5742","SBI Funds Management Limited","5000","0","Dinesh Balachandran","0.1","Allowed","500"
SBI Focused Fund,"Focused Fund","Growth","46041.951100000006","0.8","BSE 500 - TRI","161","433.2767","SBI Funds Management Limited","5000","0","R. Srinivasan","0.25","Allowed","500"
Nippon India Growth Mid Cap Fund,"Mid Cap Fund","Growth","45820.331900000005","0.81","Nifty Midcap 150 - TRI","161","4825.3695","Nippon Life India Asset Management Limited","100","0","Rupesh Patel","1","Allowed","0"
Aditya Birla SL Liquid Fund,"Liquid Fund","Growth","43022.1784","0.18","Nifty Liquid Fund Index","161","449.3854","Aditya Birla Sun Life AMC Limited","100","0","Kaustubh Gupta,Sunaina da Cunha,Sanjay Pawar","0.006","Allowed","0"
SBI Arbitrage Opportunities Fund,"Arbitrage Fund","Growth","42847.284100000004","1.82","Nifty 50 Arbitrage","161","37.9788","SBI Funds Management Limited","5000","0","Neeraj Kumar,Ardhendu Bhattacharya","0.25","Allowed","1500"
Kotak Liquid Fund,"Liquid Fund","Growth","42388.801799999994","0.19","Nifty Liquid Fund Index","161","5619.4162","Kotak Mahindra Asset Management Company Limited","1000","0","Deepak Agrawal,Sunil Pandey","0.007","Allowed","500"
SBI Balanced Advantage Fund,"Balanced Advantage Fund","Growth","38487.8691","0.74","NIFTY 50 Hybrid Composite Debt 50:50 Index","58","16.3525","SBI Funds Management Limited","5000","0","Dinesh Balachandran,Mansi Sajeja,Rajeev Radhakrishnan","1","Allowed","3000"
SBI Large & Midcap Fund,"Large & Mid Cap Fund","Growth","38425.6375","0.95","NIFTY LargeMidcap 250 - TRI","161","686.1749","SBI Funds Management Limited","5000","0","Saurabh Pant","0.1","Allowed","1500"
Mirae Asset Large Cap Fund,"Large Cap Fund","Growth","38239.206","0.49","NIFTY 100 - TRI","161","122.255","Mirae Asset Investment Managers (India) Private Limited","5000","0","Gaurav Misra","1","Allowed","0"
Mirae Asset Large & Midcap Fund,"Large & Mid Cap Fund","Growth","38138.081600000005","0.5","NIFTY LargeMidcap 250 - TRI","161","171.08","Mirae Asset Investment Managers (India) Private Limited","5000","0","Neelesh Surana,Ankit Jain","1","Allowed","99"
HDFC Large Cap Fund,"Large Cap Fund","Growth","38121.2733","0.98","NIFTY 100 - TRI","161","1175.535","HDFC Asset Management Company Limited","100","0","Rahul Baijal","1","Allowed","1500"
Nippon India Liquid Fund,"Liquid Fund","Growth","37902.756499999996","0.2","Nifty Liquid Fund Index","161","6809.8415","Nippon Life India Asset Management Limited","1000","0","Vikash Agarwal","0.007","Allowed","100"
Tata Money Market Fund,"Money Market Fund","Growth","37476.465182824104","0.16","CRISIL Money Market Index","162","5077.5626","Tata Asset Management Private Limited","5000","0","Amit Somani","0","Allowed","0"
SBI Small Cap Fund,"Small Cap Fund","Growth","37140.7769","0.86","BSE 250 Small Cap - TRI","161","189.8661","SBI Funds Management Limited","0","0","R. Srinivasan","1","Allowed","0"
SBI Savings Fund,"Money Market Fund","Growth","36291.4092","0.26","CRISIL Money Market Index","161","46.8451","SBI Funds Management Limited","500","0","Rajeev Radhakrishnan","0","Allowed","1500"
ICICI Pru India Opp Fund,"Thematic Fund","Growth","36082.9508233983","0.73","NIFTY 500 - TRI","89","38.99","ICICI Prudential Asset Management Company Limited","5000","0","Sankaran Naren,Roshan Chutkey,Divya Jain","1","Allowed","5000"
Motilal Oswal Midcap Fund,"Mid Cap Fund","Growth","35734.975099999996","0.82","Nifty Midcap 150 - TRI","148","106.352","Motilal Oswal Asset Management Company Limited","500","0","Ajay Khandelwal,Ankit Agarwal,Varun Sharma,Rakesh Shetty","1","Allowed","1500"
HDFC Small Cap Fund,"Small Cap Fund","Growth","33724.283599999995","0.73","BSE 250 Small Cap - TRI","161","151.232","HDFC Asset Management Company Limited","100","0","Chirag Setalvad","1","Allowed","5000"
Kotak Money Market Fund,"Money Market Fund","Growth","33699.9326","0.16","CRISIL Money Market Index","162","4779.4583","Kotak Mahindra Asset Management Company Limited","100","0","Deepak Agrawal,Manu Sharma","0","Allowed","100"
ICICI Pru Corp Bond Fund,"Corporate Bond Fund","Growth","32682.460154389","0.36","NIFTY Corporate Bond Index","161","32.6188","ICICI Prudential Asset Management Company Limited","100","0","Manish Banthia,Ritesh Lunawat","0","Allowed","100"
ICICI Pru Equity-Arbitrage Fund,"Arbitrage Fund","Growth","32298.858054113203","1.7","Nifty 50 Arbitrage","161","38.8502","ICICI Prudential Asset Management Company Limited","5000","0","Archana Nair,Ajaykumar Solanki,Darshil Dedhia,Nikhil Kabra","0.25","Allowed","1000"
Axis Midcap Fund,"Mid Cap Fund","Growth","32276.3203","0.48","BSE 150 MidCap - TRI","161","136.33","Axis Asset Management Company Ltd.","100","0","Shreyash Devalkar,Nitin Arora,Krishnaa N","1","Allowed","100"
ICICI Pru Money Market Fund,"Money Market Fund","Growth","31749.7191023403","0.21","Nifty Money Market Index","162","404.8918","ICICI Prudential Asset Management Company Limited","500","0","Manish Banthia,Nikhil Kabra","0","Allowed","0"
HDFC Corp Bond Fund,"Corporate Bond Fund","Growth","31610.591200000003","0.38","NIFTY Corporate Bond Index","161","34.2431","HDFC Asset Management Company Limited","100","0","Anupam Joshi","0","Allowed","5000"
Axis ELSS Tax Saver Fund,"Equity Linked Savings Scheme (ELSS)","Growth","31566.108799999998","1.19","NIFTY 500 - TRI","161","104.6046","Axis Asset Management Company Ltd.","500","3","Shreyash Devalkar,Ashish Naik","0","Allowed","6000"
UTI Liquid Fund,"Liquid Fund","Growth","31183.9245","0.17","Nifty Liquid Fund Index","162","4561.0895","UTI Asset Management Company Private Limited","500","0","Amit Sharma","0.0045","Not allowed","0"
SBI ELSS Tax Saver Fund,"Equity Linked Savings Scheme (ELSS)","Growth","31093.895800000002","0.98","BSE 500 - TRI","161","459.7269","SBI Funds Management Limited","500","3","Milind Agrawal","0","Allowed","500"
Axis Large Cap Fund,"Large Cap Fund","Growth","30498.171299999998","0.65","BSE 100 - TRI","161","65.9","Axis Asset Management Company Ltd.","100","0","Shreyash Devalkar,Jayesh Sundar,Krishnaa N","1","Allowed","100"
Quant Small Cap Fund,"Small Cap Fund","Growth","30373.692400000004","1.13","Nifty Smallcap 250 - TRI","161","285.886","Quant Money Managers Limited","5000","0","Sandeep Tandon,Ankit Pande,Varun Pattani,Ayusha Kumbhat","1","Allowed","1000"
Kotak Large & Midcap Fund,"Large & Mid Cap Fund","Growth","30251.049300000002","0.57","NIFTY LargeMidcap 250 - TRI","161","389.668","Kotak Mahindra Asset Management Company Limited","100","0","Harsha Upadhyaya","1","Allowed","100"
Aditya Birla SL Money Manager Fund,"Money Market Fund","Growth","30074.137799999997","0.19","CRISIL Money Market Index","161","395.0612","Aditya Birla Sun Life AMC Limited","1000","0","Kaustubh Gupta,Mohit Sharma,Anuj Jain","0","Allowed","0"
HDFC Money Market Fund,"Money Market Fund","Growth","29823.8789","0.27","CRISIL Money Market Index","162","6147.5856","HDFC Asset Management Company Limited","100","0","Praveen Jain","0","Allowed","100"
ICICI Pru Large & Mid Cap Fund,"Large & Mid Cap Fund","Growth","29757.2282438275","1.19","NIFTY LargeMidcap 250 - TRI","161","1113.9","ICICI Prudential Asset Management Company Limited","5000","0","Ihab Dalwai","1","Allowed","100"
Aditya Birla SL Large Cap Fund,"Large Cap Fund","Growth","28969.9007","0.81","NIFTY 100 - TRI","161","553.93","Aditya Birla Sun Life AMC Limited","100","0","Harish krishnan","1","Allowed","0"
ICICI Pru Dynamic Asset Allocation Active FOF,"FoFs (Domestic) - Hybrid","Growth","28311.0398913611","0.33","CRISIL Hybrid 50+50 - Moderate Index","161","135.1116","ICICI Prudential Asset Management Company Limited","5000","0","Dharmesh Kakkad,Manish Banthia,Ritesh Lunawat,Sharmila Dmello","1","Allowed","1000"
HDFC Large and Mid Cap Fund,"Large & Mid Cap Fund","Growth","28255.3055","0.79","NIFTY LargeMidcap 250 - TRI","161","350.987","HDFC Asset Management Company Limited","100","0","Gopal Agrawal","1","Allowed","1500"
UTI Nifty 50 Index Fund,"Index Fund","Growth","27848.7398","0.26","NIFTY 50 - TRI","161","165.4971","UTI Asset Management Company Private Limited","1000","0","Sharwan Kumar Goyal,Ayush Jain","0","Allowed","1500"
ICICI Pru Savings Fund,"Low Duration Fund","Growth","27700.344816914803","0.42","NIFTY Low Duration Debt Index","161","580.7264","ICICI Prudential Asset Management Company Limited","100","0","Nikhil Kabra,Darshil Dedhia","0","Allowed","0"
Tata Liquid Fund,"Liquid Fund","Growth","27400.4015335589","0.2","CRISIL Liquid Debt Index","162","4391.4174","Tata Asset Management Private Limited","5000","0","Amit Somani,Harsh Dave","0.0065","Allowed","150"
Axis Small Cap Fund,"Small Cap Fund","Growth","27363.969399999998","0.65","Nifty Smallcap 250 - TRI","151","123.61","Axis Asset Management Company Ltd.","100","0","Tejas Sheth,Mayank Hyanki,Krishnaa N","1","Allowed","0"
Invesco India Arbitrage Fund,"Arbitrage Fund","Growth","27320.6963","0.34","Nifty 50 Arbitrage","161","36.5047","Invesco Asset Management Company Pvt Ltd.","1000","0","Deepak Gupta,Manish Kalani","0.5","Allowed","0"
SBI Overnight Fund,"Overnight Fund","Growth","27043.1983","0.1","CRISIL Liquid Overnight Index","161","4409.6449","SBI Funds Management Limited","5000","0","Ranjana Gupta","0","Allowed","12000"
HDFC Focused Fund,"Focused Fund","Growth","26182.1506","0.68","NIFTY 500 - TRI","161","250.823","HDFC Asset Management Company Limited","100","0","Amit Ganatra","1","Allowed","1500"
Aditya Birla SL Arbitrage Fund,"Arbitrage Fund","Growth","25678.5031","0.27","Nifty 50 Arbitrage - TRI","161","30.2655","Aditya Birla Sun Life AMC Limited","1000","0","Lovelish Solanki,Mohit Sharma,Krina Mehta","0.25","Allowed","0"
Bandhan Small Cap Fund,"Small Cap Fund","Growth","25345.789399999998","0.34","BSE 250 Small Cap - TRI","76","52.456","Bandhan AMC Limited","1000","0","Manish Gunwani,Kirthi Jain","1","Allowed","100"
Mirae Asset ELSS Tax Saver Fund,"Equity Linked Savings Scheme (ELSS)","Growth","25266.6735","0.56","NIFTY 500 - TRI","126","55.225","Mirae Asset Investment Managers (India) Private Limited","500","3","Neelesh Surana","0","Allowed","0"
Aditya Birla SL Corp Bond Fund,"Corporate Bond Fund","Growth","25167.8769","0.28","NIFTY Corporate Bond Index","161","118.3469","Aditya Birla Sun Life AMC Limited","100","0","Kaustubh Gupta","0","Allowed","0"
Canara Rob Large and Mid Cap Fund,"Large & Mid Cap Fund","Growth","24674.945099999997","0.51","NIFTY LargeMidcap 250 - TRI","161","281.63","Canara Robeco Asset Management Company Limited","5000","0","Amit Nadekar,Shridatta Bhandwaldar","1","Allowed","2000"
HDFC Arbitrage-WP,"Arbitrage Fund","Growth","24438.906899999998","0.4","Nifty 50 Arbitrage","147","21.298","HDFC Asset Management Company Limited","100","0","Arun Agarwal,Nandita Menezes,Anil Bamboli","0.25","Allowed","5000"
HDFC Arbitrage Fund,"Arbitrage Fund","Growth","24438.906899999998","0.4","Nifty 50 Arbitrage","162","33.761","HDFC Asset Management Company Limited","0","0","Arun Agarwal,Nandita Menezes,Anil Bamboli","0.25","Not allowed","5000"
HDFC Nifty 50 Index Fund,"Index Fund","Growth","23339.5619","0.26","NIFTY 50 - TRI","161","230.1326","HDFC Asset Management Company Limited","100","0","Arun Agarwal,Nandita Menezes","0.25","Allowed","100"
SBI Midcap Fund,"Mid Cap Fund","Growth","23247.3731","0.85","Nifty Midcap 150 - TRI","161","264.8092","SBI Funds Management Limited","5000","0","Bhavin Vithlani","0.1","Allowed","1500"
SBI Multicap Fund,"Multi Cap Fund","Growth","23118.938199999997","0.86","Nifty500 Multicap 50:25:25 - TRI","51","17.128","SBI Funds Management Limited","5000","0","R. Srinivasan,Saurabh Pant","0.25","Allowed","5000"
Aditya Birla SL Flexi Cap Fund,"Flexi Cap Fund","Growth","23018.34","0.72","NIFTY 500 - TRI","161","2059.54","Aditya Birla Sun Life AMC Limited","100","0","Harish krishnan,Dhaval Joshi","1","Allowed","0"
DSP Liquidity Fund,"Liquid Fund","Growth","22480.432099999998","0.1","CRISIL Liquid Debt Index","161","3978.4825","DSP Investment Managers Private Limited","100","0","Karan Mundhra,Shalini Vasanta,Kunal Khudania","0.007","Allowed","100"
SBI Flexicap Fund,"Flexi Cap Fund","Growth","22402.6797","1.49","BSE 500 - TRI","161","117.8103","SBI Funds Management Limited","1000","0","Anup Upadhyay","0.1","Allowed","5000"
HDFC Hybrid Equity Fund,"Aggressive Hybrid Fund","Growth","22297.0989","1.02","NIFTY 50 Hybrid Composite Debt 65:35 Index","161","119.796","HDFC Asset Management Company Limited","100","0","Anupam Joshi,Srinivasan Ramamurthy","1","Allowed","2500"
UTI Flexi Cap Fund,"Flexi Cap Fund","Growth","22167.580299999998","1.01","NIFTY 500 - TRI","161","318.2488","UTI Asset Management Company Private Limited","5000","0","Ajay Tyagi,Akash Shah,Kamal Gada","1","Allowed","1500"
Kotak Multicap Fund,"Multi Cap Fund","Growth","22095.325699999998","0.48","Nifty500 Multicap 50:25:25 - TRI","57","20.681","Kotak Mahindra Asset Management Company Limited","100","0","Devender Singhal,Abhishek Bisen","1","Allowed","100"
HDFC Low Duration Fund,"Low Duration Fund","Growth","21926.366800000003","0.5","NIFTY Low Duration Debt Index","161","65.929","HDFC Asset Management Company Limited","100","0","Anupam Joshi,Praveen Jain","0","Allowed","100"
SBI Corp Bond Fund,"Corporate Bond Fund","Growth","21910.5252","0.37","NIFTY Corporate Bond Index","88","16.5762","SBI Funds Management Limited","5000","0","Rajeev Radhakrishnan,Ardhendu Bhattacharya","0","Allowed","1500"
ICICI Pru Short Term Fund,"Short Duration Fund","Growth","21449.576588868098","0.45","Nifty Short Duration Debt Index","161","68.8375","ICICI Prudential Asset Management Company Limited","5000","0","Manish Banthia,Nikhil Kabra","0","Allowed","5000"
ICICI Pru Flexicap Fund,"Flexi Cap Fund","Growth","20936.0667981872","0.75","BSE 500 - TRI","59","19.57","ICICI Prudential Asset Management Company Limited","5000","0","Rajat Chandak","1","Allowed","100"
Tata Arbitrage Fund,"Arbitrage Fund","Growth","20686.3980218775","0.31","Nifty 50 Arbitrage","90","15.9901","Tata Asset Management Private Limited","5000","0","Sailesh Jain","0.25","Allowed","150"
Axis Money Market Fund,"Money Market Fund","Growth","20120.586201","0.17","Nifty Money Market Index","82","1523.6134","Axis Asset Management Company Ltd.","100","0","Devang Shah,Aditya Pagaria,Sachin Jain","0","Allowed","12000"
HDFC Multi Cap Fund,"Multi Cap Fund","Growth","19557.5716","0.78","Nifty500 Multicap 50:25:25 - TRI","54","19.07","HDFC Asset Management Company Limited","100","0","Amar Kalkundrikar","1","Allowed","2500"
DSP Midcap Fund,"Mid Cap Fund","Growth","19458.9686","0.6","Nifty Midcap 150 - TRI","161","167.535","DSP Investment Managers Private Limited","100","0","Vinit Sambre,Abhishek Ghosh","1","Allowed","100"
Nippon India Money Market Fund,"Money Market Fund","Growth","19419.682099999998","0.22","Nifty Money Market Index","161","4432.9872","Nippon Life India Asset Management Limited","500","0","Vikash Agarwal","0","Allowed","100"
Invesco India Contra Fund,"Contra Fund","Growth","19405.5947","0.49","BSE 500 - TRI","161","151.27","Invesco Asset Management Company Pvt Ltd.","1000","0","Taher Badshah","1","Allowed","0"
Aditya Birla SL Savings Fund,"Ultra Short Duration Fund","Growth","19347.8329","0.27","NIFTY Ultra Short Duration Debt Index","161","589.1089","Aditya Birla Sun Life AMC Limited","1000","0","Kaustubh Gupta,Sunaina da Cunha,Monika Gandhi","0","Allowed","1000"
UTI Money Market Fund,"Money Market Fund","Growth","19328.064","0.15","CRISIL Money Market Index","161","3290.3086","UTI Asset Management Company Private Limited","500","0","Amit Sharma,Anurag Mittal","0","Allowed","500"
Franklin India Flexi Cap Fund,"Flexi Cap Fund","Growth","19049.253716609","0.77","NIFTY 500 - TRI","161","1724.3597","Franklin Templeton Asset Management (India) Private Limited","5000","0","R. Janakiraman,Rajasa Kakulavarapu,Sandeep Manam","1","Allowed","500"
Mirae Asset Midcap Fund,"Mid Cap Fund","Growth","18387.6558","0.5","Nifty Midcap 150 - TRI","83","41.435","Mirae Asset Investment Managers (India) Private Limited","5000","0","Ankit Jain","1","Allowed","99"
DSP Small Cap Fund,"Small Cap Fund","Growth","17905.8173","0.64","BSE 250 Small Cap - TRI","161","223.421","DSP Investment Managers Private Limited","100","0","Vinit Sambre","1","Allowed","0"
HSBC Liquid Fund,"Liquid Fund","Growth","17559.1049","0.13","Nifty Liquid Fund Index","161","2771.5049","HSBC Global Asset Management (India) Private Limited","5000","0","Abhishek Iyer,Rahul Totla","0.0055","Allowed","0"
Kotak Small Cap Fund,"Small Cap Fund","Growth","17416.4813","0.6","Nifty Smallcap 250 - TRI","161","299.166","Kotak Mahindra Asset Management Company Limited","100","0","Harish Bihani","1","Allowed","100"
Bandhan Liquid Fund,"Liquid Fund","Growth","17384.5008","0.06","Nifty Liquid Fund Index","161","3359.365","Bandhan AMC Limited","100","0","Harshal Joshi,Brijesh Shah","0.007","Allowed","100"
DSP Large & Mid Cap Fund,"Large & Mid Cap Fund","Growth","17330.953700000002","0.53","NIFTY LargeMidcap 250 - TRI","161","675.892","DSP Investment Managers Private Limited","100","0","Rohit Singhania,Nilesh Aiya","1","Allowed","100"
ICICI Pru Multicap Fund,"Multi Cap Fund","Growth","16997.4162742692","0.92","Nifty500 Multicap 50:25:25 - TRI","161","930.25","ICICI Prudential Asset Management Company Limited","5000","0","Lalit Kumar","1","Allowed","100"
Kotak Corporate Bond Fund,"Corporate Bond Fund","Growth","16877.1674","0.37","NIFTY Corporate Bond Index","161","4092.0584","Kotak Mahindra Asset Management Company Limited","100","0","Deepak Agrawal,Manu Sharma","0","Allowed","100"
ICICI Pru Equity Savings Fund,"Equity Savings","Growth","16868.0810432676","1.1","NIFTY 50 Equity Savings Index","138","24.73","ICICI Prudential Asset Management Company Limited","5000","0","Dharmesh Kakkad,Archana Nair,Ajaykumar Solanki,Manish Banthia","0.25","Allowed","0"
Motilal Oswal Large & Midcap Fund,"Large & Mid Cap Fund","Growth","16776.5719","0.91","NIFTY LargeMidcap 250 - TRI","80","37.6671","Motilal Oswal Asset Management Company Limited","500","0","Ajay Khandelwal,Atul Mehra,Ankit Agarwal,Rakesh Shetty","1","Allowed","1500"
HDFC Ultra Short Term Fund,"Ultra Short Duration Fund","Growth","16753.1193","0.39","CRISIL Ultra Short Term Debt Index","93","16.3037","HDFC Asset Management Company Limited","100","0","Anil Bamboli,Praveen Jain","0","Allowed","5000"
ICICI Pru Nifty 50 Index Fund,"Index Fund","Growth","16563.0422910249","0.17","NIFTY 50 - TRI","161","248.8148","ICICI Prudential Asset Management Company Limited","100","0","Nishit Patel,Ajaykumar Solanki,Ashwini Shinde,Venus Ahuja","0","Allowed","100"
Invesco India Liquid Fund,"Liquid Fund","Growth","16549.148","0.13","Nifty Liquid Fund Index","161","3817.631","Invesco Asset Management Company Pvt Ltd.","1000","0","Kunal Jain,Krishna Cheemalapati","0.0065","Allowed","1500"
Canara Rob Large Cap Fund,"Large Cap Fund","Growth","16542.1891","0.45","BSE 100 - TRI","161","69.38","Canara Robeco Asset Management Company Limited","100","0","Shridatta Bhandwaldar,Vishal Mishra","1","Allowed","0"
Kotak Bond Short Term Fund,"Short Duration Fund","Growth","16486.945200000002","0.39","Nifty Short Duration Debt Index","161","59.7374","Kotak Mahindra Asset Management Company Limited","100","0","Deepak Agrawal,Abhishek Bisen","0","Allowed","100"
HDFC Floating Rate Debt Fund,"Floating Rate Fund","Growth","16431.784","0.31","CRISIL Short Duration Debt Index","161","53.4924","HDFC Asset Management Company Limited","100","0","Anil Bamboli","0","Allowed","1500"
HSBC Small Cap Fund,"Small Cap Fund","Growth","16393.5632","0.73","Nifty Smallcap 250 - TRI","145","91.328","HSBC Global Asset Management (India) Private Limited","5000","0","Venugopal Manghat","1","Allowed","500"
DSP ELSS Tax Saver Fund,"Equity Linked Savings Scheme (ELSS)","Growth","16336.5703","0.61","NIFTY 500 - TRI","161","150.269","DSP Investment Managers Private Limited","500","3","Rohit Singhania","0","Allowed","500"
Nippon India Arbitrage Fund,"Arbitrage Fund","Growth","16332.446100000001","2.11","Nifty 50 Arbitrage","161","30.3023","Nippon Life India Asset Management Limited","5000","0","Vikash Agarwal,Rohit Shah,Nemish Sheth","0.25","Allowed","1500"
Kotak Low Duration Fund,"Low Duration Fund","Growth","16258.953500000001","0.4","NIFTY Low Duration Debt Index","161","3840.198","Kotak Mahindra Asset Management Company Limited","100","0","Dharmesh Thakar,Deepak Agrawal","0","Allowed","100"
Kotak Balanced Advantage Fund,"Balanced Advantage Fund","Growth","16203.693200000002","0.59","NIFTY 50 Hybrid Composite Debt 50:50 Index","94","22.33","Kotak Mahindra Asset Management Company Limited","100","0","Rohit Tandon,Hiten Shah,Abhishek Bisen","1","Allowed","100"
SBI Multi Asset Allocation Fund,"Multi Asset Allocation Fund","Growth","16149.8256","1.12","Silver","159","74.0532","SBI Funds Management Limited","5000","0","Dinesh Balachandran,Mansi Sajeja,Vandna Soni","1","Allowed","5000"
ICICI Pru Focused Equity Fund,"Focused Fund","Growth","16008.9493307253","1.32","BSE 500 - TRI","161","103.81","ICICI Prudential Asset Management Company Limited","5000","0","Vaibhav Dusad","1","Allowed","5000"
ICICI Pru Ultra Short Term Fund Fund,"Ultra Short Duration Fund","Growth","15929.153257282","0.4","NIFTY Ultra Short Duration Debt Index","161","31.6328","ICICI Prudential Asset Management Company Limited","5000","0","Manish Banthia,Ritesh Lunawat","0","Allowed","1000"
Edelweiss Mid Cap Fund,"Mid Cap Fund","Growth","15910.6865","0.6","Nifty Midcap 150 - TRI","161","124.376","Edelweiss Asset Management Limited","100","0","Trideep Bhattacharya,Dhruv Bhatia,Raj Koradia","1","Allowed","100"
ICICI Pru Business Cycle Fund,"Thematic Fund","Growth","15813.4420730681","0.67","NIFTY 500 - TRI","65","25.7","ICICI Prudential Asset Management Company Limited","5000","0","Manish Banthia,Manan Tijoriwala,Divya Jain","1","Allowed","0"
SBI Gold,"FoFs - Gold","Growth","15691.063","0.25","Gold-London Bullion Market association (LBMA)","161","48.1241","SBI Funds Management Limited","5000","0","Viral Chhadva","1","Allowed","5000"
LIC MF Liquid Fund,"Liquid Fund","Growth","15638.278","0.13","CRISIL Liquid Debt Index","161","5050.2305","LIC Mutual Fund Asset Management Limited","5000","0","Rahul Singh,Aakash Dhulia","0.0065","Allowed","200"
Axis Large & Mid Cap Fund,"Large & Mid Cap Fund","Growth","15581.5084","0.88","NIFTY LargeMidcap 250 - TRI","92","36.71","Axis Asset Management Company Ltd.","100","0","Shreyash Devalkar,Hitesh Das,Krishnaa N","1","Allowed","100"
HDFC ELSS Tax saver,"Equity Linked Savings Scheme (ELSS)","Growth","15559.489399999999","1.11","NIFTY 500 - TRI","161","1431.965","HDFC Asset Management Company Limited","500","3","Amar Kalkundrikar","0","Allowed","500"
HDFC Short Term Debt Fund,"Short Duration Fund","Growth","15462.916000000001","0.39","CRISIL Short Duration Debt Index","161","34.4706","HDFC Asset Management Company Limited","100","0","Anil Bamboli","0","Allowed","100"
Edelweiss Liquid Fund,"Liquid Fund","Growth","15091.276899999999","0.12","CRISIL Liquid Debt Index","162","3596.1376","Edelweiss Asset Management Limited","1000","0","Rahul Dedhia,Hetul Raval","0.0045","Allowed","1000"
Kotak Savings Fund,"Ultra Short Duration Fund","Growth","14989.4186","0.36","NIFTY Ultra Short Duration Debt Index","161","47.3759","Kotak Mahindra Asset Management Company Limited","100","0","Deepak Agrawal,Manu Sharma","0","Allowed","100"
Nippon India Multi Asset Allocation Fund,"Multi Asset Allocation Fund","Growth","14737.5844","0.54","Gold-India","70","26.4133","Nippon Life India Asset Management Limited","5000","0","Vinay Sharma,Vikram Dhawan,Sushil Budhia","1","Allowed","100"
Edelweiss Arbitrage Fund,"Arbitrage Fund","Growth","14413.9423","2.69","Nifty 50 Arbitrage","144","21.9751","Edelweiss Asset Management Limited","100","0","Bhavesh Jain,Hetul Raval,Rahul Dedhia,Amit Vora","0.25","Allowed","100"
Bandhan Large & Mid Cap Fund,"Large & Mid Cap Fund","Growth","14108.573600000002","0.44","NIFTY LargeMidcap 250 - TRI","161","162.493","Bandhan AMC Limited","1000","0","Manish Gunwani,Rahul Agarwal","1","Allowed","100"
ICICI Pru All Seasons Bond Fund,"Dynamic Bond Fund","Growth","14001.8805840436","0.63","NIFTY Composite Debt Index","161","41.345","ICICI Prudential Asset Management Company Limited","5000","0","Manish Banthia,Nikhil Kabra","0.25","Allowed","100"
ICICI Pru ELSS Tax Saver Fund,"Equity Linked Savings Scheme (ELSS)","Growth","13911.4119346127","1.09","NIFTY 500 - TRI","161","998.31","ICICI Prudential Asset Management Company Limited","500","3","Mittul Kalawadia,Priyanka Khandelwal","0","Allowed","500"
Franklin India Small Cap Fund,"Small Cap Fund","Growth","13850.248106426001","0.79","Nifty Smallcap 250","161","191.6776","Franklin Templeton Asset Management (India) Private Limited","5000","0","R. Janakiraman,Akhil Kalluri,Sandeep Manam","1","Allowed","0"
SBI Short Term Debt Fund,"Short Duration Fund","Growth","13746.2789","0.41","CRISIL Short Duration Debt Index","161","35.5466","SBI Funds Management Limited","5000","0","Mansi Sajeja","0","Allowed","1000"
Mirae Asset Liquid Fund,"Liquid Fund","Growth","13590.292","0.08","Nifty Liquid Fund Index","161","2937.2987","Mirae Asset Investment Managers (India) Private Limited","5000","0","Pranavi Kulkarni","0.005","Allowed","99"
Bandhan Corp Bond Fund,"Corporate Bond Fund","Growth","13499.013500000001","0.28","NIFTY Corporate Bond Index","125","20.6087","Bandhan AMC Limited","1000","0","Suyash Choudhary,Gautam Kaul","0","Allowed","0"
SBI Low Duration Fund,"Low Duration Fund","Growth","13458.4254","0.43","CRISIL Low Duration Debt Index","161","3815.4359","SBI Funds Management Limited","5000","0","Sudhir Agarwal","0","Allowed","5000"
Kotak Multi Asset Allocation Fund,"Multi Asset Allocation Fund","Growth","13447.427099999999","0.44","Nifty Short Duration Debt Index","33","16.38","Kotak Mahindra Asset Management Company Limited","100","0","Devender Singhal,Abhishek Bisen,Hiten Shah,Jeetu Valechha Sonar","1","Allowed","0"
Aditya Birla SL Floating Rate Fund,"Floating Rate Fund","Growth","13441.024099999999","0.21","NIFTY Low Duration Debt Index","161","376.0793","Aditya Birla Sun Life AMC Limited","1000","0","Kaustubh Gupta,Harshil Suvarnkar","0","Allowed","0"
Bandhan Money Market Fund,"Money Market Fund","Growth","13437.1124","0.09","Nifty Money Market Index","161","46.0561","Bandhan AMC Limited","100","0","Brijesh Shah,Gautam Kaul","0","Allowed","100"
Nippon India ELSS Tax Saver Fund,"Equity Linked Savings Scheme (ELSS)","Growth","13421.5445","1.19","NIFTY 500 - TRI","161","141.8719","Nippon Life India Asset Management Limited","500","3","Rupesh Patel,Ritesh Rathod","0","Allowed","500"
HSBC Midcap Fund,"Mid Cap Fund","Growth","13386.5777","2.53","Nifty Midcap 150 - TRI","161","496.4905","HSBC Global Asset Management (India) Private Limited","5000","0","Cheenu Gupta","1","Allowed","0"
Sundaram Mid Cap Fund,"Mid Cap Fund","Growth","13378.006402","0.88","Nifty Midcap 150 - TRI","161","1575.4855","Sundaram Asset Management Company Limited","100","0","S. Bharath","1","Allowed","1000"
HSBC Value Fund,"Value Fund","Growth","13371.206299999998","0.74","NIFTY 500 - TRI","161","124.6185","HSBC Global Asset Management (India) Private Limited","5000","0","Venugopal Manghat","1","Allowed","0"
SBI Nifty Index Fund,"Index Fund","Growth","13367.6103","0.23","NIFTY 50 - TRI","161","219.9543","SBI Funds Management Limited","5000","0","Viral Chhadva","0.2","Allowed","500"
Canara Rob Small Cap Fund,"Small Cap Fund","Growth","13275.996299999999","0.45","Nifty Smallcap 250 - TRI","88","42.61","Canara Robeco Asset Management Company Limited","5000","0","Pranav Gokhale,Shridatta Bhandwaldar","1","Allowed","1000"
Aditya Birla SL Low Duration Fund,"Low Duration Fund","Growth","13267.308700000001","0.36","NIFTY Low Duration Debt Index","161","764.9412","Aditya Birla Sun Life AMC Limited","100","0","Kaustubh Gupta,Mohit Sharma","0","Allowed","0"
Aditya Birla SL ELSS Tax Saver Fund,"Equity Linked Savings Scheme (ELSS)","Growth","13117.287900000001","0.83","NIFTY 500 - TRI","161","66.71","Aditya Birla Sun Life AMC Limited","500","3","Dhaval Shah","0","Allowed","0"
Canara Rob Flexi Cap Fund,"Flexi Cap Fund","Growth","13082.7301","0.5","BSE 500 - TRI","161","372.85","Canara Robeco Asset Management Company Limited","5000","0","Shridatta Bhandwaldar,Pranav Gokhale","1","Allowed","1000"
ICICI Pru Technology Fund,"Sectoral Fund - Technology","Growth","13067.5861384383","1.41","BSE TECk Index - TRI","161","190.81","ICICI Prudential Asset Management Company Limited","5000","0","Vaibhav Dusad","1","Allowed","0"
Edelweiss Balanced Advantage Fund,"Dynamic Asset Allocation Fund","Growth","12906.312","0.96","NIFTY 50 Hybrid Composite Debt 50:50 Index","161","58.94","Edelweiss Asset Management Limited","100","0","Bhavesh Jain,Bharat Lahoti,Rahul Dedhia,Kedar Karnik","1","Allowed","100"
Motilal Oswal Flexi Cap Fund,"Flexi Cap Fund","Growth","12770.0816","1.07","NIFTY 500 - TRI","146","62.0396","Motilal Oswal Asset Management Company Limited","500","0","Ajay Khandelwal,Atul Mehra,Ankit Agarwal,Varun Sharma","1","Allowed","6000"
Axis Flexi Cap Fund,"Flexi Cap Fund","Growth","12545.5796","0.63","NIFTY 500 - TRI","103","28.71","Axis Asset Management Company Ltd.","100","0","Sachin Relekar,Krishnaa N","1","Allowed","100"
Axis Banking & PSU Debt Fund,"Banking & PSU Fund","Growth","12530.683903000001","0.36","NIFTY Banking and PSU Debt Index","161","2824.0299","Axis Asset Management Company Ltd.","5000","0","Aditya Pagaria,Hardik Shah","0","Allowed","0"
Quant ELSS Tax Saver Fund,"Equity Linked Savings Scheme (ELSS)","Growth","12505.6922","0.79","NIFTY 500 - TRI","161","435.445","Quant Money Managers Limited","500","3","Sandeep Tandon,Ankit Pande,Varun Pattani,Ayusha Kumbhat","0","Allowed","0"
Bandhan Banking and PSU Fund,"Banking & PSU Fund","Growth","12107.7228","0.3","NIFTY Banking and PSU Debt Index","159","26.3488","Bandhan AMC Limited","1000","0","Suyash Choudhary,Gautam Kaul","0","Allowed","0"
Franklin India Mid Cap Fund,"Mid Cap Fund","Growth","12102.388694313","0.85","Nifty Midcap 150 - TRI","161","3024.8903","Franklin Templeton Asset Management (India) Private Limited","5000","0","R. Janakiraman,Akhil Kalluri,Sandeep Manam","1","Allowed","500"
UTI Large Cap Fund,"Large Cap Fund","Growth","12052.6005","1.17","BSE 100 - TRI","161","283.1895","UTI Asset Management Company Private Limited","100","0","Karthikraj Lakshmanan","1","Allowed","1500"
SBI Ultra Short Duration Fund,"Ultra Short Duration Fund","Growth","11847.06","0.35","CRISIL Ultra Short Term Debt Index","161","6404.9069","SBI Funds Management Limited","5000","0","Sudhir Agarwal","0","Allowed","1500"
DSP Flexi Cap Fund,"Flexi Cap Fund","Growth","11769.1045","0.57","NIFTY 500 - TRI","161","110.2","DSP Investment Managers Private Limited","100","0","Bhavin Gandhi","1","Allowed","100"
Invesco India Midcap Fund,"Mid Cap Fund","Growth","11767.2978","0.5","BSE 150 MidCap - TRI","161","220.8","Invesco Asset Management Company Pvt Ltd.","100","0","Aditya Khemani","1","Allowed","0"
UTI Mid Cap Fund,"Mid Cap Fund","Growth","11679.708999999999","1.28","Nifty Midcap 150 - TRI","161","337.3317","UTI Asset Management Company Private Limited","5000","0","Vishal Chopda","1","Allowed","500"
DSP Aggressive Hybrid Fund,"Aggressive Hybrid Fund","Growth","11581.7504","0.55","CRISIL Hybrid 35+65 - Aggressive Index","161","388.04","DSP Investment Managers Private Limited","100","0","Abhishek Singh,Shantanu Godambe","1","Allowed","100"
HDFC Gold ETF FoF,"FoFs - Gold","Growth","11464.353200000001","0.2","Gold-India","161","49.1352","HDFC Asset Management Company Limited","100","0","Arun Agarwal,Nandita Menezes","1","Allowed","100"
Baroda BNP Paribas Liquid Fund,"Liquid Fund","Growth","11412.028400000001","0.14","CRISIL Liquid Debt Index","161","3206.4215","Baroda BNP Paribas Asset Management India Pvt. Ltd.","5000","0","Vikram Pamnani,Gurvinder Singh Wasan","0.006","Allowed","500"
Axis Overnight Fund,"Overnight Fund","Growth","11375.8507","0.1","Nifty 1D Rate Index","87","1435.6656","Axis Asset Management Company Ltd.","100","0","Sachin Jain,Hardik Satra","0","Allowed","0"
ICICI Pru Overnight Fund,"Overnight Fund","Growth","11368.8641297623","0.11","CRISIL Liquid Overnight Index","91","1461.4608","ICICI Prudential Asset Management Company Limited","100","0","Nikhil Kabra,Darshil Dedhia","0","Allowed","500"
ICICI Pru Overnight fund-Direct Plan-Unclaimed Redemption IDCW Transitory Scheme,"Overnight Fund","Growth","11368.8641297623","0","CRISIL Liquid Overnight Index","55","1289.4864","ICICI Prudential Asset Management Company Limited","0","0","Nikhil Kabra,Darshil Dedhia","0","Not allowed","500"
ICICI Pru Overnight fund-Direct Plan-Unclaimed IDCW Transitory Scheme,"Overnight Fund","Growth","11368.8641297623","0","CRISIL Liquid Overnight Index","55","1289.4725","ICICI Prudential Asset Management Company Limited","0","0","Nikhil Kabra,Darshil Dedhia","0","Not allowed","500"
ICICI Pru Overnight fund-Direct Plan-Unclaimed Redemption Stable Scheme,"Overnight Fund","Growth","11368.8641297623","0","CRISIL Liquid Overnight Index","55","1000","ICICI Prudential Asset Management Company Limited","0","0","Nikhil Kabra,Darshil Dedhia","0","Not allowed","500"
ICICI Pru Overnight fund-Direct Plan-Unclaimed IDCW Stable Scheme,"Overnight Fund","Growth","11368.8641297623","0","CRISIL Liquid Overnight Index","55","1000","ICICI Prudential Asset Management Company Limited","0","0","Nikhil Kabra,Darshil Dedhia","0","Not allowed","500"
Tata Small Cap Fund,"Small Cap Fund","Growth","11329.8500372201","0.4","Nifty Smallcap 250 - TRI","91","39.5552","Tata Asset Management Private Limited","5000","0","Chandraprakash Padiyar,Jeetendra Khatri","0.5","Allowed","1500"
Nippon India Ultra Short Duration Fund,"Ultra Short Duration Fund","Growth","11082.725","0.39","CRISIL Ultra Short Term Debt Index","161","4700.9787","Nippon Life India Asset Management Limited","100","0","Vivek Sharma","0","Allowed","1500"
Invesco India Smallcap Fund,"Small Cap Fund","Growth","11038.229599999999","0.4","BSE 250 Small Cap - TRI","92","47.22","Invesco Asset Management Company Pvt Ltd.","100","0","Taher Badshah,Aditya Khemani","1","Allowed","0"
Canara Rob Equity Hybrid Fund,"Aggressive Hybrid Fund","Growth","11023.7947","0.53","CRISIL Hybrid 35+65 - Aggressive Index","161","405.74","Canara Robeco Asset Management Company Limited","5000","0","Ennettee Fernandes,Shridatta Bhandwaldar,Avnish Jain,Suman Prasad","1","Allowed","0"
UTI Arbitrage Fund,"Arbitrage Fund","Growth","10857.5896","1.81","Nifty 50 Arbitrage","161","39.3909","UTI Asset Management Company Private Limited","5000","0","Sharwan Kumar Goyal,Amit Sharma","0.25","Allowed","0"
Axis Focused Fund,"Focused Fund","Growth","10793.671299999998","0.75","NIFTY 500 - TRI","161","59.35","Axis Asset Management Company Ltd.","100","0","Sachin Relekar,Krishnaa N","1","Allowed","100"
Franklin India Focused Equity Fund,"Focused Fund","Growth","10716.014299308","0.85","NIFTY 500 - TRI","161","112.8273","Franklin Templeton Asset Management (India) Private Limited","5000","0","Ajay Argal,Venkatesh Sanjeevi,Sandeep Manam","1","Allowed","0"
Kotak Large Cap Fund,"Large Cap Fund","Growth","10599.2871","0.65","NIFTY 100 - TRI","161","633.842","Kotak Mahindra Asset Management Company Limited","100","0","Rohit Tandon","1","Allowed","100"
ICICI Pru Banking & Fin Serv Fund,"Sectoral Fund - Banks & Financial Services","Growth","10588.9819776125","1.44","Nifty Financial Services - TRI","161","143","ICICI Prudential Asset Management Company Limited","5000","0","Antariksha Banerjee","1","Allowed","100"
SBI Banking & Financial Services Fund,"Sectoral Fund - Banks & Financial Services","Growth","10374.9465","1.05","Nifty Financial Services - TRI","136","47.5421","SBI Funds Management Limited","5000","0","Milind Agrawal","0.5","Allowed","1000"
HDFC Children's Fund(Lock in),"Solution Oriented - Children's Fund","Growth","10151.9277","0.95","NIFTY 50 Hybrid Composite Debt 65:35 Index","161","310.669","HDFC Asset Management Company Limited","100","5","Chirag Setalvad,Anil Bamboli","0","Allowed","100"
Bandhan Value Fund,"Value Fund","Growth","9907.497","0.59","BSE 500 - TRI","161","163.74","Bandhan AMC Limited","1000","0","Daylynn Pinto","1","Allowed","0"
DSP Savings Fund,"Money Market Fund","Growth","9809.9028","0.15","CRISIL Money Market Index","161","57.1614","DSP Investment Managers Private Limited","100","0","Karan Mundhra,Shalini Vasanta","0","Allowed","100"
Invesco India Large & Mid Cap Fund,"Large & Mid Cap Fund","Growth","9761.1495","0.54","NIFTY LargeMidcap 250 - TRI","161","118.86","Invesco Asset Management Company Pvt Ltd.","100","0","Aditya Khemani","1","Allowed","300"
SBI Conservative Hybrid Fund,"Conservative Hybrid Fund","Growth","9754.0069","1.07","NIFTY 50 Hybrid Composite Debt 15:85 Index","161","82.3859","SBI Funds Management Limited","5000","0","Saurabh Pant,Mansi Sajeja","1","Allowed","1500"
Axis Arbitrage Fund,"Arbitrage Fund","Growth","9717.7455","1.82","Nifty 50 Arbitrage","142","21.4572","Axis Asset Management Company Ltd.","500","0","Devang Shah,Sachin Jain","0.25","Allowed","0"
PGIM India Midcap Fund,"Mid Cap Fund","Growth","9680.9829","0.79","Nifty Midcap 150 - TRI","150","74.01","PGIM India Asset Management Private Limited","5000","0","Sharma Vivek,Utsav Mehta,Vinay Paharia,Puneet Pal","0.5","Allowed","1000"
Axis Multicap Fund,"Multi Cap Fund","Growth","9656.660100000001","1.06","Nifty500 Multicap 50:25:25 - TRI","54","18.78","Axis Asset Management Company Ltd.","100","0","Shreyash Devalkar,Nitin Arora,Hitesh Das","1","Allowed","100"
Kotak Equity Savings Fund,"Equity Savings","Growth","9467.9681","0.68","NIFTY 50 Equity Savings Index - TRI","140","29.8736","Kotak Mahindra Asset Management Company Limited","100","0","Devender Singhal,Hiten Shah,Abhishek Bisen","1","Allowed","100"
UTI Value Fund,"Value Fund","Growth","9433.0008","1.52","NIFTY 500 - TRI","161","176.4819","UTI Asset Management Company Private Limited","5000","0","Amit Premchandani","1","Allowed","500"
HDFC Overnight Fund,"Overnight Fund","Growth","9431.494200000001","0.13","CRISIL Liquid Overnight Index","162","4020.2786","HDFC Asset Management Company Limited","100","0","Swapnil Jangam,Rohan Pillai","0","Allowed","100"
Nippon India Low Duration Fund,"Low Duration Fund","Growth","9416.7233","0.37","CRISIL Low Duration Debt Index","161","4181.0082","Nippon Life India Asset Management Limited","500","0","Vivek Sharma","0","Allowed","100"
Mirae Asset Aggressive Hybrid Fund,"Aggressive Hybrid Fund","Growth","9363.4768","0.39","CRISIL Hybrid 35+65 - Aggressive Index","131","38.23","Mirae Asset Investment Managers (India) Private Limited","5000","0","Harshad Borawake,Vrijesh Kasera,Basant Bafna","1","Allowed","0"
Nippon India Flexi Cap Fund,"Flexi Cap Fund","Growth","9306.7178","0.53","NIFTY 500 - TRI","58","17.1197","Nippon Life India Asset Management Limited","500","0","Meenakshi Dawar,Dhrumil Shah","1","Allowed","0"
BHARAT Bond FOF - April 2030,"FoFs (Domestic) - Debt Oriented","Growth","9302.8853","0.02","NIFTY BHARAT Bond Index - April 2030","78","15.6007","Edelweiss Asset Management Limited","100","0","Hetul Raval,Rahul Dedhia","0.1","Allowed","100"
HDFC Manufacturing Fund,"Thematic Fund","Growth","9255.0898","0.77","Nifty India Manufacturing - TRI","25","11.393","HDFC Asset Management Company Limited","100","0","Rakesh Sethia","1","Allowed","1500"
DSP Multi Asset Allocation Fund,"Multi Asset Allocation Fund","Growth","9241.131","0.28","NIFTY Composite Debt Index","33","16.6615","DSP Investment Managers Private Limited","100","0","Aparna Karnik,Shantanu Godambe,Ravi Gehani","1","Allowed","0"
Tata Digital India Fund,"Sectoral Fund - Technology","Growth","9238.5819503102","0.56","NIFTY IT - TRI","126","45.9207","Tata Asset Management Private Limited","5000","0","Meeta Shetty,Hasmukh Vishariya","0.25","Allowed","100"
Tata Balanced Adv Fund,"Balanced Advantage Fund","Growth","9128.0415042268","0.5","CRISIL Hybrid 50+50 - Moderate Index","89","22.9341","Tata Asset Management Private Limited","5000","0","Rahul Singh (Tata),Sailesh Jain,Akhil Mittal","0.5","Allowed","150"
HDFC Defence Fund,"Thematic Fund","Growth","9123.605300000001","0.78","Nifty India Defence - TRI","36","28.079","HDFC Asset Management Company Limited","0","0","Rahul Baijal,Priya Ranjan","1","Allowed","0"
ICICI Pru Banking & PSU Debt Fund,"Banking & PSU Fund","Growth","9109.4248418844","0.39","NIFTY Banking and PSU Debt Index","159","35.506","ICICI Prudential Asset Management Company Limited","500","0","Manish Banthia,Rohit Lakhotia","0","Allowed","100"
ICICI Pru Gilt Fund,"Gilt - Short & Mid Term Fund","Growth","9061.5471531461","0.58","Nifty All Duration G-Sec Index","161","113.1361","ICICI Prudential Asset Management Company Limited","5000","0","Manish Banthia,Raunak Surana","0","Allowed","0"
SBI Gilt Fund,"Gilt - Short & Mid Term Fund","Growth","9047.169","0.47","Nifty All Duration G-Sec Index","161","71.1496","SBI Funds Management Limited","5000","0","Sudhir Agarwal","0","Allowed","1000"
Nippon India Balanced Advantage Fund,"Balanced Advantage Fund","Growth","9031.579","0.89","CRISIL Hybrid 50+50 - Moderate Index","161","202.599","Nippon Life India Asset Management Limited","100","0","Sushil Budhia,Bhavik Dave","1","Allowed","1500"
ICICI Pru Aggressive Hybrid Active FOF,"FoFs (Domestic) - Hybrid","Growth","8977.234899948999","0.39","CRISIL Hybrid 35+65 - Aggressive Index","158","235.3772","ICICI Prudential Asset Management Company Limited","5000","0","Sankaran Naren,Dharmesh Kakkad,Manish Banthia,Ritesh Lunawat","1","Allowed","5000"
Axis Short Duration Fund,"Short Duration Fund","Growth","8955.23180100001","0.39","Nifty Short Duration Debt Index","161","35.3088","Axis Asset Management Company Ltd.","100","0","Devang Shah,Aditya Pagaria","0","Allowed","0"
Nippon India Value Fund,"Value Fund","Growth","8918.800500000001","1.07","NIFTY 500 - TRI","161","242.1562","Nippon Life India Asset Management Limited","500","0","Dhrumil Shah,Meenakshi Dawar","1","Allowed","5000"
SBI Energy Opportunities Fund,"Sectoral Fund - Energy & Power","Growth","8918.381800000001","0.79","NIFTY ENERGY - TRI","28","11.359","SBI Funds Management Limited","5000","0","Raj Gandhi","1","Allowed","5000"
ICICI Pru Nifty Next 50 Index Fund,"Index Fund","Growth","8900.2735285287","0.26","NIFTY NEXT 50 - TRI","161","64.4302","ICICI Prudential Asset Management Company Limited","100","0","Nishit Patel,Ajaykumar Solanki,Ashwini Shinde,Venus Ahuja","0","Allowed","100"
Axis Corp Bond Fund,"Corporate Bond Fund","Growth","8888.230601","0.37","NIFTY Corporate Bond Index","107","18.8437","Axis Asset Management Company Ltd.","100","0","Devang Shah,Hardik Shah","0","Allowed","12000"
ICICI Pru Energy Opportunities Fund,"Sectoral Fund - Energy & Power","Growth","8851.2874574402","1.38","NIFTY ENERGY - TRI","23","11.75","ICICI Prudential Asset Management Company Limited","5000","0","Nitya Mishra","1","Allowed","100"
Aditya Birla SL Banking & PSU Debt Fund,"Banking & PSU Fund","Growth","8805.1425","0.33","NIFTY Banking and PSU Debt Index","161","394.2098","Aditya Birla Sun Life AMC Limited","1000","0","Kaustubh Gupta,Harshil Suvarnkar","0","Allowed","1000"
ICICI Pru Nifty PSU Bond Plus SDL Sep 2027 40:60 Index Fund,"Index Funds - Debt Oriented","Growth","8760.1949504148","0.17","Nifty PSU Bond Plus SDL Sep 2027 40:60 Index","57","13.0838","ICICI Prudential Asset Management Company Limited","1000","0","Darshil Dedhia,Rohit Lakhotia","0","Not allowed","0"
ICICI Pru Smallcap Fund,"Small Cap Fund","Growth","8741.2985119064","0.82","Nifty Smallcap 250 - TRI","161","95.93","ICICI Prudential Asset Management Company Limited","5000","0","Rajat Chandak,Aatur Shah,Sakshat Goel,Gaurav Jain","1","Allowed","0"
Kotak Aggressive Hybrid Fund,"Aggressive Hybrid Fund","Growth","8641.944300000001","0.52","NIFTY 50 Hybrid Composite Debt 65:35 Index","139","74.485","Kotak Mahindra Asset Management Company Limited","100","0","Atul Bhole,Abhishek Bisen","1","Allowed","100"
Tata Value Fund,"Value Fund","Growth","8591.5437155051","0.82","NIFTY 500 - TRI","161","384.8997","Tata Asset Management Private Limited","5000","0","Sonam Udasi","0.5","Allowed","0"
Aditya Birla SL Balanced Advantage Fund,"Balanced Advantage Fund","Growth","8539.877199999999","0.6","CRISIL Hybrid 50+50 - Moderate Index","161","123.95","Aditya Birla Sun Life AMC Limited","100","0","Harish krishnan,Lovelish Solanki,Mohit Sharma,Rohit Karan","0.25","Allowed","0"
Franklin India Opportunities Fund,"Thematic Fund","Growth","8534.740956581","0.49","NIFTY 500","161","271.5094","Franklin Templeton Asset Management (India) Private Limited","5000","0","R. Janakiraman,Kiran Sebastian,Sandeep Manam","1","Allowed","500"
HDFC BSE Sensex Index Fund,"Index Fund","Growth","8511.618","0.21","BSE SENSEX - TRI","162","716.6761","HDFC Asset Management Company Limited","100","0","Arun Agarwal,Nandita Menezes","0.25","Allowed","100"
SBI CPSE Bond Plus SDL Sep 2026 50:50 Index Fund,"Index Funds - Debt Oriented","Growth","8465.5975","0.21","Nifty CPSE Bond Plus SDL Sep 2026 50:50 Index","53","12.9797","SBI Funds Management Limited","5000","0","Ranjana Gupta","0.15","Allowed","0"
SBI Dividend Yield Fund,"Dividend Yield Fund","Growth","8409.501","0.83","NIFTY 500 - TRI","39","15.4215","SBI Funds Management Limited","5000","0","Nidhi Chawla","1","Allowed","5000"
UTI Nifty200 Momentum 30 Index Fund,"Index Fund","Growth","8397.3446","0.46","Nifty200 Momentum 30 - TRI","63","20.8826","UTI Asset Management Company Private Limited","1000","0","Sharwan Kumar Goyal,Ayush Jain","0","Allowed","0"
Bandhan Short Duration Fund,"Short Duration Fund","Growth","8376.106600000001","0.29","Nifty Short Duration Debt Index","161","63.9536","Bandhan AMC Limited","1000","0","Suyash Choudhary","0","Allowed","100"
Nippon India Focused Fund,"Focused Fund","Growth","8343.4385","1.13","BSE 500 - TRI","161","131.4012","Nippon Life India Asset Management Limited","5000","0","Vinay Sharma,Rishit Parikh","1","Allowed","5000"
ICICI Pru Infrastructure Fund,"Sectoral Fund - Infrastructure","Growth","8311.0789602912","1.18","BSE India Infrastructure Index - TRI","161","213.74","ICICI Prudential Asset Management Company Limited","5000","0","Ihab Dalwai","1","Allowed","0"
Nippon India Corp Bond Fund,"Corporate Bond Fund","Growth","8245.506300000001","0.37","NIFTY Corporate Bond Index","161","65.3796","Nippon Life India Asset Management Limited","1000","0","Vivek Sharma,Kinjal Desai","0","Allowed","100"
Union Liquid Fund,"Liquid Fund","Growth","8162.687900000001","0.06","CRISIL Liquid Debt Index","161","2683.7068","Union Asset Management Company Pvt. Ltd.","5000","0","Devesh Thacker,Parijat Agrawal","0.006","Allowed","0"
WOC Flexi Cap Fund,"Flexi Cap Fund","Growth","7906.7493000000095","0.61","BSE 500 - TRI","46","17.803","WhiteOak Capital Asset Management Limited","500","0","Ramesh Mantri,Piyush Baranwal,Trupti Agrawal,Dheeresh Pathak","0","Allowed","0"
Quant Mid Cap Fund,"Mid Cap Fund","Growth","7904.7065","1.81","Nifty Midcap 150 - TRI","161","244.7199","Quant Money Managers Limited","5000","0","Sandeep Tandon,Ankit Pande,Varun Pattani,Ayusha Kumbhat","0.5","Allowed","0"
Nippon India Pharma Fund,"Sectoral Fund - Pharma & Health Care","Growth","7898.2417000000005","1.48","BSE Health Care - TRI","161","613.84","Nippon Life India Asset Management Limited","5000","0","Sailesh Raj Bhan","1","Allowed","0"
Bandhan Arbitrage Fund,"Arbitrage Fund","Growth","7895.2878","0.29","Nifty 50 Arbitrage","161","37.0499","Bandhan AMC Limited","100","0","Kapil Kankonkar,Harshal Joshi","0.25","Allowed","100"
Canara Rob ELSS Tax Saver,"Equity Linked Savings Scheme (ELSS)","Growth","7809.6371","0.56","BSE 500 - TRI","161","193.9","Canara Robeco Asset Management Company Limited","500","3","Vishal Mishra,Shridatta Bhandwaldar","0","Allowed","1000"
Tata Large & Mid Cap Fund,"Large & Mid Cap Fund","Growth","7802.209956030901","0.7","NIFTY LargeMidcap 250 - TRI","161","548.5136","Tata Asset Management Private Limited","5000","0","Chandraprakash Padiyar,Kapil Malhotra","0.5","Allowed","100"
Aditya Birla SL Nifty SDL Plus PSU Bond Sep 2026 60:40 Index Fund,"Index Funds - Debt Oriented","Growth","7783.0906","0.18","Nifty SDL Plus PSU Bond Sep 2026 60:40 Index","57","13.0833","Aditya Birla Sun Life AMC Limited","500","0","Mohit Sharma","0","Allowed","0"
Nippon India Power & Infra Fund,"Sectoral Fund - Energy & Power","Growth","7707.3394","0.96","Nifty Infrastructure - TRI","161","410.0316","Nippon Life India Asset Management Limited","5000","0","Rahul Modi,Kinjal Desai","1","Allowed","100"
Kotak Income Plus Arbitrage Omni FOF,"FoFs (Domestic) - Hybrid","Growth","7699.4364000000005","0.07","NIFTY Composite Debt Index","43","12.9094","Kotak Mahindra Asset Management Company Limited","100","0","Abhishek Bisen","0","Allowed","100"
Sundaram Aggressive Hybrid Fund,"Aggressive Hybrid Fund","Growth","7653.48504178857","0.71","CRISIL Hybrid 35+65 - Aggressive Index","161","180.0523","Sundaram Asset Management Company Limited","100","0","S. Bharath,Clyton Richard Fernandes,Sandeep Agarwal,Dwijendra Srivastava","1","Allowed","1000"
Nippon India Floater Fund,"Floating Rate Fund","Growth","7536.972299999999","0.35","Nifty Short Duration Debt Index","161","49.626","Nippon Life India Asset Management Limited","5000","0","Vikash Agarwal","0","Allowed","5000"
ICICI Pru Floating Interest Fund,"Floating Rate Fund","Growth","7491.8729696972005","0.3","Nifty Short Duration Debt Index","161","488.5965","ICICI Prudential Asset Management Company Limited","500","0","Ritesh Lunawat,Darshil Dedhia","0","Allowed","0"
Nippon India Banking & Financial Services Fund,"Sectoral Fund - Banks & Financial Services","Growth","7469.766500000001","1.16","Nifty Financial Services - TRI","161","679.5799","Nippon Life India Asset Management Limited","5000","0","Vinay Sharma,Bhavik Dave","1","Allowed","1500"
Quant Multi Cap Fund,"Multi Cap Fund","Growth","7466.0029","0.74","Nifty500 Multicap 50:25:25 - TRI","161","694.0018","Quant Money Managers Limited","5000","0","Sandeep Tandon,Ankit Pande,Varun Pattani,Ayusha Kumbhat","1","Allowed","1000"
HDFC Value Fund,"Value Fund","Growth","7324.3021","0.98","NIFTY 500 - TRI","161","828.07","HDFC Asset Management Company Limited","100","0","Anand Laddha","1","Allowed","5000"
Nippon India Nivesh Lakshya Long Duration Fund,"Long Duration Fund","Growth","7302.883199999999","0.33","CRISIL Long Duration Debt Index","95","18.0597","Nippon Life India Asset Management Limited","5000","0","Pranay Sinha,Kinjal Desai","1","Allowed","5000"
Nippon India Short Duration Fund,"Short Duration Fund","Growth","7295.130300000001","0.37","CRISIL Short Duration Debt Index","161","59.8644","Nippon Life India Asset Management Limited","100","0","Sushil Budhia,Vivek Sharma","0","Allowed","5000"
Franklin India Large Cap Fund,"Large Cap Fund","Growth","7235.573504467","0.95","NIFTY 100","161","1086.0352","Franklin Templeton Asset Management (India) Private Limited","5000","0","Venkatesh Sanjeevi,Ajay Argal,Sandeep Manam","1","Allowed","500"
DSP Large Cap Fund,"Large Cap Fund","Growth","7192.0077","0.72","NIFTY 100 - TRI","161","495.447","DSP Investment Managers Private Limited","100","0","Anish Tawakley","1","Allowed","0"
Nippon India Gold Savings Fund,"FoFs - Gold","Growth","7178.7114","0.05","Gold-India","161","62.753","Nippon Life India Asset Management Limited","100","0","Himanshu Mange","1","Allowed","5000"
Aditya Birla SL Focused Fund,"Focused Fund","Growth","7131.9962","0.77","NIFTY 500 - TRI","161","159.2597","Aditya Birla Sun Life AMC Limited","1000","0","Kunal Sangoi","1","Allowed","0"
WOC Multi Asset Allocation Fund,"Multi Asset Allocation Fund","Growth","7118.264300000001","0.62","MCX iCOMDEX Composite Index","37","16.075","WhiteOak Capital Asset Management Limited","500","0","Ramesh Mantri,Piyush Baranwal,Dheeresh Pathak,Ashish Agarwal","0","Allowed","100"
Sundaram Liquid Fund,"Liquid Fund","Growth","7085.78281311636","0.14","Nifty Liquid Fund Index","161","2457.8771","Sundaram Asset Management Company Limited","1000","0","Dwijendra Srivastava,Sandeep Agarwal,Yash Sanghvi","0.006","Allowed","0"
Nippon India Vision Large & Mid Cap Fund,"Large & Mid Cap Fund","Growth","7080.9085","1.14","NIFTY LargeMidcap 250 - TRI","161","1566.7964","Nippon Life India Asset Management Limited","5000","0","Aishwarya Agarwal","1","Allowed","100"
Aditya Birla SL Equity Hybrid '95 Fund,"Aggressive Hybrid Fund","Growth","6999.404100000001","0.92","CRISIL Hybrid 35+65 - Aggressive Index","161","1664.72","Aditya Birla Sun Life AMC Limited","100","0","Harshil Suvarnkar,Chanchal Khandelwal","1","Allowed","100"
Bajaj Finserv Flexi Cap Fund,"Flexi Cap Fund","Growth","6952.818504999999","0.47","BSE 500 - TRI","34","15.173","Bajaj Finserv Asset Management Limited","500","0","Nimesh Chandan,Sorbh Gupta,Siddharth Chaudhary","1","Allowed","600"
UTI Multi Asset Allocation Fund,"Multi Asset Allocation Fund","Growth","6864.594799999991","1.19","Silver","161","87.1844","UTI Asset Management Company Private Limited","5000","0","Sharwan Kumar Goyal,Jaydeep Bhowal","1","Allowed","0"
Bandhan ELSS Tax Saver Fund,"Equity Linked Savings Scheme (ELSS)","Growth","6835.3113","0.59","BSE 500 - TRI","161","172.69","Bandhan AMC Limited","500","3","Daylynn Pinto","0","Allowed","0"
ICICI Pru Innovation Fund,"Thematic Fund","Growth","6799.19521088511","1.77","NIFTY 500 - TRI","38","19.1","ICICI Prudential Asset Management Company Limited","5000","0","Vaibhav Dusad","1","Allowed","100"
Helios Flexi Cap Fund,"Flexi Cap Fund","Growth","6762.7252","0.52","NIFTY 500 - TRI","31","15.11","Helios Capital Asset Management (India) Private Limited","5000","0","Alok Bahl,Pratik Singh","1","Allowed","0"
HDFC Credit Risk Debt Fund,"Credit Risk Fund","Growth","6743.0972","1.01","NIFTY Credit Risk Bond Index","147","27.4344","HDFC Asset Management Company Limited","100","0","Praveen Jain,Bhavyesh Divecha","1","Allowed","100"
Kotak Nifty SDL Apr 2027 Top 12 Equal Weight Index Fund,"Index Funds - Debt Oriented","Growth","6742.3722","0.2","Nifty SDL Apr 2027 Top 12 Equal Weight Index","52","13.002","Kotak Mahindra Asset Management Company Limited","100","0","Abhishek Bisen","0.15","Allowed","100"
HDFC Retirement Savings Fund-Equity Plan,"Solution Oriented, Retirement Fund - Equity Oriented","Growth","6733.063","0.81","NIFTY 500 - TRI","124","53.927","HDFC Asset Management Company Limited","100","5","Srinivasan Ramamurthy,Anupam Joshi,Nandita Menezes,Arun Agarwal","0","Allowed","5000"
Kotak Gold Fund,"FoFs - Gold","Growth","6693.2323","0.11","Gold-India","161","63.5677","Kotak Mahindra Asset Management Company Limited","100","0","Abhishek Bisen,Jeetu Valechha Sonar","1","Allowed","100"
SBI PSU Fund,"Thematic Fund","Growth","6669.4452","0.85","BSE PSU - TRI","161","38.5766","SBI Funds Management Limited","5000","0","Rohit Shimpi","0.5","Allowed","1500"
ICICI Pru Pharma Healthcare & Diagnostics (P.H.D) Fund,"Sectoral Fund - Pharma & Health Care","Growth","6668.953472744","1.62","BSE Health Care - TRI","95","45.56","ICICI Prudential Asset Management Company Limited","5000","0","Dharmesh Kakkad","1","Allowed","5000"
Bandhan Flexi Cap Fund,"Flexi Cap Fund","Growth","6651.136600000001","0.9","BSE 500 - TRI","161","223.276","Bandhan AMC Limited","1000","0","Manish Gunwani,Viraj Kulkarni","1","Allowed","100"
Aditya Birla SL Multi-Cap Fund,"Multi Cap Fund","Growth","6640.6224","0.68","Nifty500 Multicap 50:25:25 - TRI","61","20.9","Aditya Birla Sun Life AMC Limited","500","0","Abhinav Khandelwal,Harshil Suvarnkar","1","Allowed","0"
ICICI Pru Manufacturing Fund,"Thematic Fund","Growth","6613.5880368596","0.78","Nifty India Manufacturing - TRI","92","40.61","ICICI Prudential Asset Management Company Limited","5000","0","Roshan Chutkey","1","Allowed","0"
Mirae Asset Focused Fund,"Focused Fund","Growth","6596.392199999999","0.55","NIFTY 500 - TRI","85","25.45","Mirae Asset Investment Managers (India) Private Limited","5000","0","Gaurav Misra","1","Allowed","0"
Quant Flexi Cap Fund,"Flexi Cap Fund","Growth","6593.522099999999","0.82","NIFTY 500 - TRI","161","115.836","Quant Money Managers Limited","5000","0","Sandeep Tandon,Ankit Pande,Varun Pattani,Ayusha Kumbhat","1","Allowed","0"
Sundaram Large and Mid Cap Fund,"Large & Mid Cap Fund","Growth","6574.822746999999","0.78","NIFTY LargeMidcap 250 - TRI","161","95.0651","Sundaram Asset Management Company Limited","100","0","Madanagopal Ramu","1","Allowed","0"
ICICI Pru Midcap Fund,"Mid Cap Fund","Growth","6568.768261341701","1.02","Nifty Midcap 150 - TRI","161","380.27","ICICI Prudential Asset Management Company Limited","0","0","Lalit Kumar","1","Allowed","5000"
360 ONE Focused Fund,"Focused Fund","Growth","6537.101563567329","0.88","BSE 500 - TRI","140","52.0093","360 ONE Asset Management Limited","1000","0","Mayur Patel,Ashish Ongari","0","Allowed","0"
UTI Aggressive Hybrid Fund,"Aggressive Hybrid Fund","Growth","6524.128199999999","1.23","CRISIL Hybrid 35+65 - Aggressive Index","161","429.0339","UTI Asset Management Company Private Limited","1000","0","V. Srivatsa,Jaydeep Bhowal","1","Allowed","500"
DSP Arbitrage Fund,"Arbitrage Fund","Growth","6511.6235","0.3","Nifty 50 Arbitrage","101","16.509","DSP Investment Managers Private Limited","100","0","Kaivalya Nadkarni,Karan Mundhra","0.25","Allowed","100"
Aditya Birla SL Short Term Fund,"Short Duration Fund","Growth","6500.818","0.31","Nifty Short Duration Debt Index","161","53.7208","Aditya Birla Sun Life AMC Limited","1000","0","Kaustubh Gupta,Mohit Sharma","0","Allowed","0"
ICICI Pru Dividend Yield Equity Fund,"Dividend Yield Fund","Growth","6457.995881192899","0.61","NIFTY 500 - TRI","145","58.82","ICICI Prudential Asset Management Company Limited","5000","0","Mittul Kalawadia","1","Allowed","5000"
ICICI Pru Gold ETF FOF,"FoFs - Gold","Growth","6451.8922994257","0.16","Gold-India","161","50.3082","ICICI Prudential Asset Management Company Limited","100","0","Manish Banthia,Nishit Patel,Ashwini Shinde,Venus Ahuja","1","Allowed","100"
Mahindra Manulife Multi Cap Fund,"Multi Cap Fund","Growth","6438.6017","0.4","Nifty500 Multicap 50:25:25 - TRI","109","42.6466","Mahindra Manulife Investment Management Private Limited","1000","0","Vishal Jajoo,Fatema Pacha","1","Allowed","500"
SBI Medium Duration Fund,"Medium Duration Fund","Growth","6410.4615","0.72","NIFTY Medium Duration Debt Index","161","57.7116","SBI Funds Management Limited","5000","0","Lokesh Mallya,Mohit Jain","1","Allowed","500"
Aditya Birla SL Value Fund,"Value Fund","Growth","6387.7773","0.87","NIFTY 500 - TRI","161","147.3473","Aditya Birla Sun Life AMC Limited","1000","0","Kunal Sangoi","1","Allowed","100"
Aditya Birla SL Midcap Fund,"Mid Cap Fund","Growth","6290.406899999999","0.88","Nifty Midcap 150 - TRI","161","896.06","Aditya Birla Sun Life AMC Limited","1000","0","Vishal Gajwani","1","Allowed","0"
ICICI Pru Silver ETF FOF,"FoFs (Domestic) - Silver","Growth","6276.931653075199","0.18","Silver","52","40.476","ICICI Prudential Asset Management Company Limited","100","0","Manish Banthia,Nishit Patel,Ashwini Shinde,Venus Ahuja","1","Allowed","0"
Motilal Oswal Small Cap Fund,"Small Cap Fund","Growth","6206.0739","0.97","Nifty Smallcap 250 - TRI","30","14.928","Motilal Oswal Asset Management Company Limited","500","0","Ajay Khandelwal,Bhalchandra Shinde,Rakesh Shetty","1","Allowed","500"
Nippon India Overnight Fund,"Overnight Fund","Growth","6199.2522","0.15","CRISIL Liquid Overnight Index","90","145.694","Nippon Life India Asset Management Limited","100","0","Vikash Agarwal","0","Allowed","5000"
Bandhan Low Duration Fund,"Low Duration Fund","Growth","6120.9349","0.28","NIFTY Low Duration Debt Index","161","41.5089","Bandhan AMC Limited","100","0","Harshal Joshi","0","Allowed","0"
SBI Children's Fund-Investment Plan,"Solution Oriented - Children's Fund","Growth","6114.0985","2.28","CRISIL Hybrid 35+65 - Aggressive Index","69","49.4517","SBI Funds Management Limited","5000","0","R. Srinivasan,Lokesh Mallya","3","Allowed","5000"
Kotak ELSS Tax Saver Fund,"Equity Linked Savings Scheme (ELSS)","Growth","6112.4262","0.68","NIFTY 500 - TRI","161","130.459","Kotak Mahindra Asset Management Company Limited","500","3","Harsha Upadhyaya","0","Allowed","100"
Aditya Birla SL Overnight Fund,"Overnight Fund","Growth","6107.629599999999","0.07","CRISIL Liquid Overnight Index","91","1466.7879","Aditya Birla Sun Life AMC Limited","100","0","Kaustubh Gupta","0","Not allowed","0"
Franklin India ELSS Tax Saver Fund,"Equity Linked Savings Scheme (ELSS)","Growth","6106.171866953","0.91","NIFTY 500","161","1536.7092","Franklin Templeton Asset Management (India) Private Limited","500","3","R. Janakiraman,Rajasa Kakulavarapu","0","Allowed","0"
Axis Treasury Advantage Fund,"Low Duration Fund","Growth","6083.828401000001","0.36","NIFTY Low Duration Debt Index","161","3416.7116","Axis Asset Management Company Ltd.","100","0","Devang Shah,Aditya Pagaria","0","Allowed","100"
Aditya Birla SL PSU Equity Fund,"Thematic Fund","Growth","6043.9936","0.56","BSE PSU - TRI","78","39.81","Aditya Birla Sun Life AMC Limited","500","0","Dhaval Gala","1","Allowed","0"
JioBlackRock Liquid Fund,"Liquid Fund","Growth","5997.188014353001","0.09","Nifty Liquid Fund Index","11","1054.7262","Jio BlackRock Asset Management Pvt. Ltd.","500","0","Vikrant Mehta,Siddharth Deb,Arun Ramachandran","0.007","Allowed","0"
Aditya Birla SL Consumption Fund,"Sectoral Fund - Consumption","Growth","5996.2674","0.71","Nifty India Consumption - TRI","161","228.6","Aditya Birla Sun Life AMC Limited","1000","0","Chanchal Khandelwal","1","Allowed","100"
HSBC Corporate Bond Fund,"Corporate Bond Fund","Growth","5991.8973","0.3","NIFTY Corporate Bond Index","161","80.9647","HSBC Global Asset Management (India) Private Limited","5000","0","Mohd Asif Rizwi,Shriram Ramanathan","0","Allowed","1500"
Motilal Oswal Nasdaq 100 FOF,"FoFs (Overseas)","Growth","5987.3457","0.19","Nasdaq-100","91","69.0502","Motilal Oswal Asset Management Company Limited","0","0","Swapnil P Mayekar,Dishant Mehta,Rakesh Shetty","1","Not allowed","0"
HSBC Money Market Fund,"Money Market Fund","Growth","5970.361999999999","0.14","Nifty Money Market Index","161","29.1649","HSBC Global Asset Management (India) Private Limited","5000","0","Mahesh Chhabria,Abhishek Iyer","0","Allowed","500"
SBI MNC Fund,"Thematic Fund - MNC","Growth","5958.1919","1.18","NIFTY MNC - TRI","161","415.419","SBI Funds Management Limited","5000","0","Tanmaya Desai","1","Allowed","1000"
Edelweiss Small Cap Fund,"Small Cap Fund","Growth","5952.0114","0.82","Nifty Smallcap 250 - TRI","88","49.619","Edelweiss Asset Management Limited","100","0","Dhruv Bhatia,Trideep Bhattacharya,Raj Koradia","1","Allowed","100"
Invesco India Money Market Fund,"Money Market Fund","Growth","5938.3835","0.13","Nifty Money Market Index","161","3319.3991","Invesco Asset Management Company Pvt Ltd.","1000","0","Krishna Cheemalapati,Vikas Garg","0","Allowed","0"
Aditya Birla SL Multi Asset Allocation Fund,"Multi Asset Allocation Fund","Growth","5935.5948","0.51","Gold-India","41","17.3062","Aditya Birla Sun Life AMC Limited","500","0","Dhaval Gala,Bhupesh Bameta,Sachin Wankhede","1","Allowed","100"
Axis Ultra Short Duration Fund,"Ultra Short Duration Fund","Growth","5916.366199","0.39","NIFTY Ultra Short Duration Debt Index","93","16.5008","Axis Asset Management Company Ltd.","100","0","Sachin Jain,Hardik Shah","0","Allowed","100"
HDFC Multi-Asset Allocation Fund,"Multi Asset Allocation Fund","Growth","5887.053000000001","0.79","Silver","161","83.144","HDFC Asset Management Company Limited","100","0","Srinivasan Ramamurthy,Anil Bamboli,Arun Agarwal,Nandita Menezes","1","Allowed","1500"
ICICI Pru Credit Risk Fund,"Credit Risk Fund","Growth","5833.8254263044","0.76","CRISIL Credit Risk Debt Index","161","37.4396","ICICI Prudential Asset Management Company Limited","100","0","Manish Banthia,Akhil Kakkar","1","Allowed","100"
Bandhan CRISIL IBX Gilt June 2027 Index Fund,"Index Funds - Debt Oriented","Growth","5796.2283","0.17","CRISIL IBX Gilt Index - June 2027","63","13.6609","Bandhan AMC Limited","1000","0","Harshal Joshi,Gautam Kaul","0","Allowed","0"
PGIM India Flexi Cap Fund,"Flexi Cap Fund","Growth","5792.967","0.56","NIFTY 500 - TRI","135","41.4","PGIM India Asset Management Private Limited","5000","0","Anandha Padmanabhan Anjeneyan,Sharma Vivek,Vinay Paharia,Puneet Pal","0.5","Allowed","1000"
DSP India T.I.G.E.R Fund,"Sectoral Fund - Infrastructure","Growth","5788.6301","0.71","BSE India Infrastructure Index - TRI","161","382.579","DSP Investment Managers Private Limited","100","0","Rohit Singhania","1","Allowed","100"
HDFC Multi-Asset Active FOF,"FoFs (Domestic) - Hybrid","Growth","5780.4952","0.14","NIFTY Composite Debt Index","61","20.131","HDFC Asset Management Company Limited","100","0","Srinivasan Ramamurthy,Anil Bamboli,Bhagyesh Kagalkar","1","Allowed","1500"
UTI Overnight Fund,"Overnight Fund","Growth","5730.4961","0.12","CRISIL Liquid Overnight Index","161","3712.3989","UTI Asset Management Company Private Limited","500","0","Jaydeep Bhowal","0","Allowed","500"
HDFC Equity Savings Fund,"Equity Savings","Growth","5718.178100000001","0.94","NIFTY 50 Equity Savings Index - TRI","161","74.862","HDFC Asset Management Company Limited","100","0","Srinivasan Ramamurthy,Anil Bamboli,Arun Agarwal,Nandita Menezes","1","Allowed","100"
Tata Ultra Short Term Fund,"Ultra Short Duration Fund","Growth","5712.9408744136","0.29","CRISIL Ultra Short Term Debt Index","89","15.7517","Tata Asset Management Private Limited","5000","0","Amit Somani,Dhawal Joshi","0","Allowed","150"
SBI Equity Savings Fund,"Equity Savings","Growth","5699.993100000001","1.99","NIFTY 50 Equity Savings Index","133","26.9623","SBI Funds Management Limited","1000","0","Nidhi Chawla,Mohit Jain,Neeraj Kumar,Vandna Soni","0.1","Allowed","5000"
HDFC Dividend Yield Fund,"Dividend Yield Fund","Growth","5687.1649","0.76","NIFTY 500 - TRI","66","25.866","HDFC Asset Management Company Limited","100","0","Gopal Agrawal","1","Allowed","1500"
Aditya Birla SL Large & Mid Cap Fund,"Large & Mid Cap Fund","Growth","5648.269","0.93","NIFTY LargeMidcap 250 - TRI","161","1000.37","Aditya Birla Sun Life AMC Limited","1000","0","Vishal Gajwani","1","Allowed","100"
Parag Parikh ELSS Tax Saver Fund,"Equity Linked Savings Scheme (ELSS)","Growth","5617.029200000001","0.54","NIFTY 500 - TRI","83","31.5286","PPFAS Asset Management Pvt. Ltd.","500","3","Rajeev Thakkar,Raunak Onkar,Rukun Tarachandani,Raj Mehta","0","Allowed","1000"
Tata Mid Cap Fund,"Mid Cap Fund","Growth","5604.354641423899","0.68","Nifty Midcap 150 - TRI","161","512.277","Tata Asset Management Private Limited","5000","0","Satish Chandra Mishra","0.5","Allowed","100"
UTI Nifty Next 50 Index Fund,"Index Fund","Growth","5550.7645999999995","0.4","NIFTY NEXT 50 - TRI","96","25.703","UTI Asset Management Company Private Limited","1000","0","Sharwan Kumar Goyal,Ayush Jain","0","Allowed","500"
UTI Corporate Bond Fund,"Corporate Bond Fund","Growth","5542.9236","0.32","NIFTY Corporate Bond Index","94","17.4157","UTI Asset Management Company Private Limited","500","0","Anurag Mittal","0","Allowed","0"
Bajaj Finserv Liquid Fund,"Liquid Fund","Growth","5514.8034","0.07","Nifty Liquid Fund Index","35","1214.0429","Bajaj Finserv Asset Management Limited","100","0","Siddharth Chaudhary,Nimesh Chandan,Chirag Shah","0.0045","Allowed","1000"
Invesco India Corporate Bond Fund,"Corporate Bond Fund","Growth","5493.5373","0.21","NIFTY Corporate Bond Index","161","3523.724","Invesco Asset Management Company Pvt Ltd.","1000","0","Vikas Garg,Krishna Cheemalapati","0","Allowed","300"
ICICI Pru Medium Term Bond Fund,"Medium Duration Fund","Growth","5458.2606779231","0.75","NIFTY Medium Duration Debt Index","161","52.0558","ICICI Prudential Asset Management Company Limited","5000","0","Manish Banthia,Akhil Kakkar","1","Allowed","1000"
LIC MF Money Market Fund,"Money Market Fund","Growth","5439.1972","0.16","Nifty Money Market Index","46","1269.995","LIC Mutual Fund Asset Management Limited","5000","0","Rahul Singh,Pratik Shroff","0","Allowed","0"
HSBC Aggressive Hybrid Fund,"Aggressive Hybrid Fund","Growth","5423.9834","0.82","NIFTY 50 Hybrid Composite Debt 65:35 Index","161","64.3115","HSBC Global Asset Management (India) Private Limited","5000","0","Gautam Bhupal,Shriram Ramanathan,Mohd Asif Rizwi,Mayank Chaturvedi","1","Allowed","1500"
HSBC Flexi Cap Fund,"Flexi Cap Fund","Growth","5405.1151","1.49","NIFTY 500 - TRI","161","247.1438","HSBC Global Asset Management (India) Private Limited","5000","0","Abhishek Gupta","1","Allowed","0"
HDFC Banking and PSU Debt Fund,"Banking & PSU Fund","Growth","5316.4264","0.35","NIFTY Banking and PSU Debt Index","147","24.7905","HDFC Asset Management Company Limited","100","0","Anil Bamboli","0","Allowed","1500"
WOC Mid Cap Fund,"Mid Cap Fund","Growth","5293.0446999999995","0.72","BSE 150 MidCap - TRI","45","21.776","WhiteOak Capital Asset Management Limited","500","0","Ramesh Mantri,Piyush Baranwal,Trupti Agrawal,Dheeresh Pathak","0","Allowed","500"
Parag Parikh Liquid Fund,"Liquid Fund","Growth","5259.8375","0.09","CRISIL Liquid Debt Index","97","1538.44","PPFAS Asset Management Pvt. Ltd.","5000","0","Tejas Soman,Mansi Kariya,Aishwarya Dhar","0.0065","Allowed","0"
Quant Multi Asset Allocation Fund,"Multi Asset Allocation Fund","Growth","5257.4138","1.34","NIFTY 500 - TRI","161","178.9641","Quant Money Managers Limited","5000","0","Sandeep Tandon,Ankit Pande,Sameer Kate,Varun Pattani","1","Allowed","0"
Aditya Birla SL Small Cap Fund,"Small Cap Fund","Growth","5253.4961","0.79","BSE 250 Small Cap - TRI","161","103.2945","Aditya Birla Sun Life AMC Limited","1000","0","Abhinav Khandelwal,Dhaval Joshi","1","Allowed","0"
UTI Large & Mid Cap Fund,"Large & Mid Cap Fund","Growth","5233.9692","0.98","NIFTY LargeMidcap 250 - TRI","161","194.8463","UTI Asset Management Company Private Limited","5000","0","V. Srivatsa","1","Allowed","1500"
Axis India Manufacturing Fund,"Thematic Fund","Growth","5206.2477","0.61","Nifty India Manufacturing - TRI","30","15.26","Axis Asset Management Company Ltd.","500","0","Nitin Arora","1","Allowed","0"
Nippon India Banking and PSU Fund,"Banking & PSU Fund","Growth","5163.9923","0.4","CRISIL Banking and PSU Debt Index","133","22.2695","Nippon Life India Asset Management Limited","5000","0","Pranay Sinha,Vivek Sharma","0","Allowed","0"
Kotak Contra Fund,"Contra Fund","Growth","5153.8569","0.62","NIFTY 500 - TRI","161","174.969","Kotak Mahindra Asset Management Company Limited","100","0","Shibani Kurian","1","Allowed","100"
Kotak Banking and PSU Debt Fund,"Banking & PSU Fund","Growth","5129.3323","0.4","CRISIL Banking and PSU Debt Index","161","70.8421","Kotak Mahindra Asset Management Company Limited","100","0","Deepak Agrawal,Dharmesh Thakar","0","Allowed","100"
Invesco India Focused Fund,"Focused Fund","Growth","5128.2183","0.5","BSE 500 - TRI","69","28.42","Invesco Asset Management Company Pvt Ltd.","1000","0","Taher Badshah,Hiten Jain","1","Allowed","100"
DSP Low Duration Fund,"Low Duration Fund","Growth","5108.0513","0.25","NIFTY Low Duration Debt Index","135","21.4972","DSP Investment Managers Private Limited","100","0","Karan Mundhra,Shalini Vasanta","0","Allowed","100"
SBI Automotive Opportunities Fund,"Sectoral Fund - Auto","Growth","5074.9901","0.86","NIFTY AUTO - TRI","24","11.5326","SBI Funds Management Limited","5000","0","Tanmaya Desai","1","Allowed","1000"
Kotak Overnight Fund,"Overnight Fund","Growth","5066.8514000000005","0.07","Nifty 1D Rate Index","89","1447.0211","Kotak Mahindra Asset Management Company Limited","1000","0","Deepak Agrawal,Sunil Pandey","0","Allowed","500"
JM Flexicap Fund,"Flexi Cap Fund","Growth","5040.5071378190005","1.36","BSE 500 - TRI","161","107.6398","JM Financial Asset Management Private Limited","1000","0","Satish Ramanathan,Asit Bhandarkar,Deepak Gupta.,Ruchi Fozdar","1","Allowed","250"
Mirae Asset Multicap Fund,"Multi Cap Fund","Growth","4954.253","0.39","Nifty500 Multicap 50:25:25 - TRI","34","14.643","Mirae Asset Investment Managers (India) Private Limited","5000","0","Ankit Jain","1","Allowed","0"
UTI ULIP 10Y,"Dynamic Asset Allocation Fund","Growth","4923.1344","0.98","NIFTY 50 Hybrid Composite Debt 50:50 Index","161","44.2711","UTI Asset Management Company Private Limited","0","0","Anurag Mittal,Ajay Tyagi,Akash Shah,Kamal Gada","0","Not allowed","0"
UTI ULIP,"Dynamic Asset Allocation Fund","Growth","4923.1344","0.98","NIFTY 50 Hybrid Composite Debt 50:50 Index","161","44.2711","UTI Asset Management Company Private Limited","0","0","Anurag Mittal,Ajay Tyagi,Akash Shah,Kamal Gada","2","Not allowed","0"
HSBC Large & Mid Cap Fund,"Large & Mid Cap Fund","Growth","4877.4160999999995","1.99","NIFTY LargeMidcap 250 - TRI","87","31.0954","HSBC Global Asset Management (India) Private Limited","5000","0","Cheenu Gupta","1","Allowed","500"
Canara Rob Liquid-Unclaimed Redemption and Dividend Plan,"Liquid Fund","Growth","4858.3375","0.08","CRISIL Liquid Debt Index","122","1820.1295","Canara Robeco Asset Management Company Limited","0","0","Bhupesh Kalyani,Avnish Jain","0.0065","Not allowed","0"
Canara Rob Liquid Fund,"Liquid Fund","Growth","4858.3375","0.07","CRISIL Liquid Debt Index","161","3335.2653","Canara Robeco Asset Management Company Limited","5000","0","Bhupesh Kalyani,Avnish Jain","0.0065","Allowed","0"
Franklin India Multi Cap Fund,"Multi Cap Fund","Growth","4826.295597988","0.44","Nifty500 Multicap 50:25:25 - TRI","23","10.3951","Franklin Templeton Asset Management (India) Private Limited","5000","0","R. Janakiraman,Kiran Sebastian,Akhil Kalluri,Sandeep Manam","1","Allowed","500"
Invesco India Flexi Cap Fund,"Flexi Cap Fund","Growth","4815.8225","0.51","BSE 500 - TRI","52","19.14","Invesco Asset Management Company Pvt Ltd.","100","0","Taher Badshah","1","Allowed","100"
SBI ESG Exclusionary Strategy Fund,"Thematic Fund","Growth","4810.3789","1.31","NIFTY100 ESG - TRI","161","252.1021","SBI Funds Management Limited","1000","0","Rohit Shimpi","1","Allowed","1500"
SBI Infrastructure Fund,"Sectoral Fund - Infrastructure","Growth","4804.6861","1.04","Nifty Infrastructure - TRI","161","55.0575","SBI Funds Management Limited","5000","0","Bhavin Vithlani","0.5","Allowed","1000"
HSBC Multi Cap Fund,"Multi Cap Fund","Growth","4799.9462","0.96","Nifty500 Multicap 50:25:25 - TRI","41","19.7999","HSBC Global Asset Management (India) Private Limited","5000","0","Venugopal Manghat,Mahesh Chhabria","1","Allowed","0"
Baroda BNP Paribas Balanced Advantage Fund,"Balanced Advantage Fund","Growth","4755.7709","0.63","NIFTY 50 Hybrid Composite Debt 50:50 Index","91","27.8243","Baroda BNP Paribas Asset Management India Pvt. Ltd.","5000","0","Sanjay Chawla,Neeraj Saxena,Gurvinder Singh Wasan","1","Allowed","1500"
Motilal Oswal Nifty India Defence Index Fund,"Index Fund","Growth","4690.2166","0.5","Nifty India Defence - TRI","23","11.7867","Motilal Oswal Asset Management Company Limited","500","0","Swapnil P Mayekar,Dishant Mehta,Rakesh Shetty","1","Allowed","100"
Mahindra Manulife Mid Cap Fund,"Mid Cap Fund","Growth","4687.6675","0.42","Nifty Midcap 150 - TRI","101","39.9823","Mahindra Manulife Investment Management Private Limited","1000","0","Kirti Dalvi,Neelesh Dhamnaskar,Krishna Sanghavi","1","Allowed","0"
Canara Rob Multi Cap Fund,"Multi Cap Fund","Growth","4679.3207","0.44","Nifty500 Multicap 50:25:25 - TRI","35","14.77","Canara Robeco Asset Management Company Limited","5000","0","Shridatta Bhandwaldar,Vishal Mishra","1","Allowed","0"
Tata Multi Asset Allocation Fund,"Multi Asset Allocation Fund","Growth","4668.595693114","0.46","CRISIL Short Term Bond Index","75","27.6471","Tata Asset Management Private Limited","5000","0","Rahul Singh (Tata),Sailesh Jain,Murthy Nagarajan,Tapan Patel","0.5","Allowed","100"
Motilal Oswal ELSS Tax Saver Fund,"Equity Linked Savings Scheme (ELSS)","Growth","4658.5171","0.82","NIFTY 500 - TRI","137","61.2367","Motilal Oswal Asset Management Company Limited","500","3","Ajay Khandelwal,Atul Mehra,Ankit Agarwal,Rakesh Shetty","0","Allowed","1500"
UTI Retirement Fund,"Solution Oriented, Retirement Fund - Debt Oriented","Growth","4629.5697","1.09","CRISIL Short Term Debt Hybrid 60+40 Index","161","53.5359","UTI Asset Management Company Private Limited","500","5","V. Srivatsa,Anurag Mittal","1","Allowed","500"
Sundaram Services Fund,"Sectoral Fund - Service Industry","Growth","4624.4673379999995","0.74","Nifty Services Sector - TRI","93","36.8627","Sundaram Asset Management Company Limited","100","0","Rohit Seksaria,Shalav Saket","1","Allowed","750"
BHARAT Bond FOF - April 2031,"FoFs (Domestic) - Debt Oriented","Growth","4580.5908","0.02","NIFTY BHARAT Bond Index - April 2031","71","13.8575","Edelweiss Asset Management Limited","100","0","Hetul Raval,Rahul Dedhia","0.1","Allowed","100"
Edelweiss Large & Mid Cap Fund,"Large & Mid Cap Fund","Growth","4531.148","0.52","NIFTY LargeMidcap 250 - TRI","161","103.414","Edelweiss Asset Management Limited","100","0","Sumanta Khan,Trideep Bhattacharya,Raj Koradia","1","Allowed","100"
Tata ELSS Fund,"Equity Linked Savings Scheme (ELSS)","Growth","4519.0854053689","0.75","NIFTY 500 - TRI","140","51.7294","Tata Asset Management Private Limited","500","3","Sailesh Jain","0","Allowed","500"
SBI Innovative Opportunities Fund,"Thematic Fund","Growth","4503.5808","0.94","NIFTY 500 - TRI","22","9.2348","SBI Funds Management Limited","5000","0","Vivek Gedda","1","Allowed","500"
Mahindra Manulife Small Cap Fund,"Small Cap Fund","Growth","4461.5185","0.43","BSE 250 Small Cap - TRI","42","20.7735","Mahindra Manulife Investment Management Private Limited","1000","0","Vishal Jajoo,Neelesh Dhamnaskar,Krishna Sanghavi","1","Allowed","500"
Bandhan Ultra Short Duration Fund,"Ultra Short Duration Fund","Growth","4458.3591","0.24","NIFTY Ultra Short Duration Debt Index","95","16.233","Bandhan AMC Limited","100","0","Harshal Joshi","0","Allowed","100"
Canara Rob Mid Cap Fund,"Mid Cap Fund","Growth","4451.5878","0.53","BSE 150 MidCap - TRI","42","18.33","Canara Robeco Asset Management Company Limited","5000","0","Pranav Gokhale,Shridatta Bhandwaldar","1","Allowed","0"
HDFC Silver ETF FoF,"FoFs (Domestic) - Silver","Growth","4433.9847","0.21","Silver","44","43.6789","HDFC Asset Management Company Limited","100","0","Arun Agarwal,Nandita Menezes","1","Allowed","1500"
Franklin U.S. Opportunities Equity Active FOF,"FoFs (Overseas)","Growth","4408.228748177","0.5","Russell 3000 Growth Index","161","104.5549","Franklin Templeton Asset Management (India) Private Limited","5000","0","Sandeep Manam","1","Allowed","0"
Nippon India Silver ETF FOF,"FoFs (Domestic) - Silver","Growth","4380.298400000001","0.22","Silver","52","40.2818","Nippon Life India Asset Management Limited","100","0","Jitendra Tolani","1","Allowed","100"
Tata Overnight Fund,"Overnight Fund","Growth","4376.1912941488","0.05","CRISIL Liquid Overnight Index","87","1431.6903","Tata Asset Management Private Limited","5000","0","Amit Somani","0","Allowed","150"
HDFC Banking & Financial Services Fund,"Sectoral Fund - Banks & Financial Services","Growth","4369.8865000000005","0.82","Nifty Financial Services - TRI","59","18.117","HDFC Asset Management Company Limited","100","0","Anand Laddha","1","Allowed","1500"
Motilal Oswal S&P 500 Index Fund,"Index Fund","Growth","4365.1023","0.58","S&P 500 - TRI","74","33.1818","Motilal Oswal Asset Management Company Limited","0","0","Swapnil P Mayekar,Dishant Mehta,Rakesh Shetty","1","Not allowed","0"
BHARAT Bond ETF FOF - April 2032,"FoFs (Domestic) - Debt Oriented","Growth","4364.6574","0.03","NIFTY BHARAT Bond Index - April 2032","54","12.9797","Edelweiss Asset Management Limited","100","0","Hetul Raval,Rahul Dedhia","0.1","Allowed","100"
UTI Children's Hybrid Fund-Scholarship-Direct plan,"Solution Oriented - Children's Fund","Growth","4329.9662","1.45","CRISIL Short Term Debt Hybrid 60+40 Index","161","40.4055","UTI Asset Management Company Private Limited","0","0","Sachin Trivedi,Anurag Mittal","0","Not allowed","500"
UTI Children's Hybrid Fund,"Solution Oriented - Children's Fund","Growth","4329.9662","1.45","CRISIL Short Term Debt Hybrid 60+40 Index","161","40.4055","UTI Asset Management Company Private Limited","1000","0","Sachin Trivedi,Anurag Mittal","0","Allowed","500"
SBI Healthcare Opp Fund,"Sectoral Fund - Pharma & Health Care","Growth","4323.2853000000005","0.92","BSE Health Care - TRI","161","539.6701","SBI Funds Management Limited","5000","0","Tanmaya Desai","0.5","Allowed","5000"
Franklin India Money Market Fund,"Money Market Fund","Growth","4309.4510721139995","0.12","Nifty Money Market Index","161","54.6768","Franklin Templeton Asset Management (India) Private Limited","10000","0","Rohan Maru,Chandni Gupta,Rahul Goswami","0","Allowed","500"
SBI Technology Opp Fund,"Sectoral Fund - Technology","Growth","4240.4042","0.92","BSE TECk Index - TRI","161","215.7276","SBI Funds Management Limited","5000","0","Vivek Gedda","0.5","Allowed","500"
HSBC Overnight Fund,"Overnight Fund","Growth","4223.1575","0.08","Nifty 1D Rate Index","85","1419.266","HSBC Global Asset Management (India) Private Limited","5000","0","Abhishek Iyer,Rahul Totla","0","Allowed","500"
Kotak US Specific Equity Passive FOF,"FoFs (Overseas)","Growth","4214.6084","0.24","Nasdaq-100 - TRI","64","28.765","Kotak Mahindra Asset Management Company Limited","0","0","Arjun Khanna,Abhishek Bisen","0","Not allowed","0"
DSP Ultra Short Fund,"Ultra Short Duration Fund","Growth","4166.767199999999","0.25","CRISIL Ultra Short Term Debt Index","161","3907.89","DSP Investment Managers Private Limited","100","0","Shalini Vasanta,Karan Mundhra","0","Allowed","0"
UTI Small Cap Fund,"Small Cap Fund","Growth","4163.6796","0.68","Nifty Smallcap 250 - TRI","66","28.142","UTI Asset Management Company Private Limited","5000","0","Nitin Jain","1","Allowed","0"
UTI Ultra Short Duration Fund,"Ultra Short Duration Fund","Growth","4126.0427","0.35","NIFTY Ultra Short Duration Debt Index","161","4797.9714","UTI Asset Management Company Private Limited","500","0","Abhishek Sonthalia","0","Allowed","500"
Mirae Asset Small Cap Fund,"Small Cap Fund","Growth","4123.4249","0.33","Nifty Smallcap 250 - TRI","17","11.76","Mirae Asset Investment Managers (India) Private Limited","5000","0","Varun Goel,Siddharth Srivastava","1","Allowed","0"
Bajaj Finserv Money Market Fund,"Money Market Fund","Growth","4116.5821000000005","0.1","Nifty Money Market Index","35","1223.9949","Bajaj Finserv Asset Management Limited","1000","0","Siddharth Chaudhary,Nimesh Chandan","0","Allowed","0"
Kotak Focused Fund,"Focused Fund","Growth","4081.4945000000002","0.59","NIFTY 500 - TRI","83","28.678","Kotak Mahindra Asset Management Company Limited","100","0","Shibani Kurian","1","Allowed","100"
HSBC Banking and PSU Debt Fund,"Banking & PSU Fund","Growth","4019.3797999999997","0.24","NIFTY Banking and PSU Debt Index","161","26.5067","HSBC Global Asset Management (India) Private Limited","5000","0","Mahesh Chhabria,Mohd Asif Rizwi","0","Allowed","500"
Mirae Asset Great Consumer Fund,"Sectoral Fund - Consumption","Growth","4018.2688","0.42","Nifty India Consumption - TRI","161","104.407","Mirae Asset Investment Managers (India) Private Limited","5000","0","Siddhant Chhabria","1","Allowed","0"
Mirae Asset Money Market Fund,"Money Market Fund","Growth","4016.0566999999996","0.08","Nifty Money Market Index","58","1346.3812","Mirae Asset Investment Managers (India) Private Limited","5000","0","Pranavi Kulkarni","0","Allowed","99"
Invesco India Multicap Fund,"Multi Cap Fund","Growth","3995.4009","0.62","Nifty500 Multicap 50:25:25 - TRI","161","146.72","Invesco Asset Management Company Pvt Ltd.","1000","0","Taher Badshah,Manish Poddar","1","Allowed","0"
Motilal Oswal Multi Cap Fund,"Multi Cap Fund","Growth","3993.9108","2.08","Nifty500 Multicap 50:25:25 - TRI","24","12.8312","Motilal Oswal Asset Management Company Limited","500","0","Atul Mehra,Sandeep Jain,Bhalchandra Shinde,Rakesh Shetty","1","Allowed","0"
Nippon India Dynamic Bond Fund,"Dynamic Bond Fund","Growth","3975.7202","0.35","NIFTY Composite Debt Index","161","41.2712","Nippon Life India Asset Management Limited","5000","0","Pranay Sinha,Vivek Sharma,Kinjal Desai","0","Allowed","1500"
Mirae Asset Flexi Cap Fund,"Flexi Cap Fund","Growth","3959.6763","0.42","NIFTY 500 - TRI","40","16.394","Mirae Asset Investment Managers (India) Private Limited","5000","0","Varun Goel","1","Allowed","0"
Nippon India Aggressive Hybrid Fund,"Aggressive Hybrid Fund","Growth","3958.2052000000003","1.29","CRISIL Hybrid 35+65 - Aggressive Index","161","117.352","Nippon Life India Asset Management Limited","500","0","Meenakshi Dawar,Sushil Budhia","1","Allowed","100"
HSBC ELSS Tax saver Fund,"Equity Linked Savings Scheme (ELSS)","Growth","3938.6013000000003","1.28","NIFTY 500 - TRI","161","146.3744","HSBC Global Asset Management (India) Private Limited","500","3","Abhishek Gupta","0","Allowed","500"
Navi Nifty 50 Index Fund,"Index Fund","Growth","3919.793444","0.06","NIFTY 50 - TRI","59","15.5245","Navi AMC Limited","100","0","Ashutosh Shirwaikar","0","Allowed","100"
Abakkus Flexi Cap Fund,"Flexi Cap Fund","Growth","3901.185","0.53","BSE 500 - TRI","6","10.259","Abakkus Investment Managers Pvt. Ltd.","500","0","Sanjay Doshi,Abhishek Srinivas","1","Allowed","500"
Edelweiss US Technology Equity FOF,"FoFs (Overseas)","Growth","3897.3331","1.48","Russell 1000 Equal Weighted Technology Index","75","40.8338","Edelweiss Asset Management Limited","0","0","Bhavesh Jain,Bharat Lahoti","1","Allowed","0"
HSBC Short Duration Fund,"Short Duration Fund","Growth","3869.8199","0.36","Nifty Short Duration Debt Index","161","29.1736","HSBC Global Asset Management (India) Private Limited","5000","0","Shriram Ramanathan,Mohd Asif Rizwi","0","Allowed","500"
Axis Greater China Equity FoF,"FoFs (Overseas)","Growth","3858.8551","0.4","MSCI Golden Dragon Index (Total Return Net)","64","12.64","Axis Asset Management Company Ltd.","0","0","Krishnaa N","1","Not allowed","0"
SBI Silver ETF FOF,"FoFs (Domestic) - Silver","Growth","3849.9663","0.33","Silver","23","28.2208","SBI Funds Management Limited","5000","0","Viral Chhadva","1","Allowed","500"
SBI Dynamic Bond Fund,"Dynamic Bond Fund","Growth","3825.5546000000004","0.62","CRISIL Dynamic Bond Index","161","40.426","SBI Funds Management Limited","5000","0","Sudhir Agarwal","0.25","Allowed","3000"
Baroda BNP Paribas Money Market Fund,"Money Market Fund","Growth","3813.2778999999996","0.14","CRISIL Money Market Index","84","1475.0049","Baroda BNP Paribas Asset Management India Pvt. Ltd.","5000","0","Vikram Pamnani,Gurvinder Singh Wasan","0","Allowed","500"
UTI Transportation & Logistics Fund,"Thematic Fund","Growth","3810.9251","1.38","Nifty Transportation & Logistics - TRI","161","311.8428","UTI Asset Management Company Private Limited","5000","0","Sachin Trivedi","1","Allowed","500"
Aditya Birla SL Digital India Fund,"Sectoral Fund - Technology","Growth","3798.7853999999998","0.77","BSE TECk Index - TRI","161","165.19","Aditya Birla Sun Life AMC Limited","1000","0","Kunal Sangoi","1","Allowed","0"
ICICI Pru Commodities Fund,"Thematic Fund","Growth","3789.0617706188","0.92","NIFTY COMMODITIES - TRI","80","51.78","ICICI Prudential Asset Management Company Limited","5000","0","Lalit Kumar","1","Allowed","100"
Axis Balanced Advantage Fund,"Balanced Advantage Fund","Growth","3763.9754","0.59","NIFTY 50 Hybrid Composite Debt 50:50 Index","106","23.47","Axis Asset Management Company Ltd.","100","0","Jayesh Sundar,Devang Shah,Hardik Shah","1","Allowed","100"
Altiva Hybrid Long-Short Fund,"Balanced Hybrid Fund","Growth","3761.2089","1.56","NIFTY 50 Hybrid Composite Debt 50:50 Index","8","10.6118","Edelweiss Asset Management Limited - SIF","1000000","0","Bhavesh Jain,Bharat Lahoti,Dhawal Dalal,Kedar Karnik","0.5","Allowed","1000"
UTI Dividend Yield Fund,"Dividend Yield Fund","Growth","3750.4971","1.85","NIFTY 500 - TRI","161","188.1579","UTI Asset Management Company Private Limited","5000","0","Amit Premchandani","1","Allowed","0"
SBI Banking and PSU Fund,"Banking & PSU Fund","Growth","3747.8907","0.42","NIFTY Banking and PSU Debt Index","161","3441.1163","SBI Funds Management Limited","5000","0","Ardhendu Bhattacharya","0","Allowed","1000"
HDFC Medium Term Debt Fund,"Medium Duration Fund","Growth","3746.2909999999997","0.69","NIFTY Medium Duration Debt Index","161","63.9594","HDFC Asset Management Company Limited","100","0","Bhavyesh Divecha,Praveen Jain,Anil Bamboli","0","Allowed","1500"
Tata Ethical Fund,"Thematic Fund","Growth","3703.8356954901997","0.72","Nifty500 Shariah - TRI","161","414.9868","Tata Asset Management Private Limited","5000","0","Abhinav Sharma","0.5","Allowed","1500"
Nippon India Index Fund-Nifty 50 Plan,"Index Fund","Growth","3663.3602","0.17","NIFTY 50 - TRI","161","43.4098","Nippon Life India Asset Management Limited","100","0","Himanshu Mange","0","Allowed","100"
DSP Dynamic Asset Allocation Fund,"Dynamic Asset Allocation Fund","Growth","3661.2606","0.55","CRISIL Hybrid 50+50 - Moderate Index","148","32.402","DSP Investment Managers Private Limited","100","0","Rohit Singhania,Preethi R S,Shantanu Godambe,Kaivalya Nadkarni","1","Allowed","100"
Franklin India Liquid Fund-Super,"Liquid Fund","Growth","3635.4415933220002","0.12","Nifty Liquid Fund Index","162","4180.7238","Franklin Templeton Asset Management (India) Private Limited","10000","0","Pallab Roy,Rohan Maru","0.006","Allowed","0"
Tata Flexi Cap Fund,"Flexi Cap Fund","Growth","3633.286898017","0.59","NIFTY 500 - TRI","93","26.1353","Tata Asset Management Private Limited","5000","0","Anand Sharma,Aditya Bagul","0.5","Allowed","100"
Bandhan CRISIL IBX Gilt April 2028 Index Fund,"Index Funds - Debt Oriented","Growth","3630.24","0.17","CRISIL IBX Gilt Index - April 2028","63","13.7419","Bandhan AMC Limited","1000","0","Harshal Joshi,Gautam Kaul","0","Allowed","0"
Tata Aggressive Hybrid Fund,"Aggressive Hybrid Fund","Growth","3608.2292566970996","0.98","CRISIL Hybrid 35+65 - Aggressive Index","161","477.0752","Tata Asset Management Private Limited","5000","0","Satish Chandra Mishra,Murthy Nagarajan","0.5","Allowed","0"
ICICI Pru US Bluechip Equity Fund,"Thematic Fund - Global","Growth","3607.424506023","1.14","S&P 500","161","83.88","ICICI Prudential Asset Management Company Limited","0","0","Ritesh Lunawat,Sharmila Dmello,Nitya Mishra","1","Not allowed","0"
Sundaram Small Cap Fund,"Small Cap Fund","Growth","3562.9142000751904","0.85","Nifty Smallcap 250 - TRI","161","304.9911","Sundaram Asset Management Company Limited","100","0","Rohit Seksaria","1","Allowed","0"
DSP Equity Savings Fund,"Equity Savings","Growth","3541.4099","0.59","NIFTY 50 Equity Savings Index - TRI","123","24.901","DSP Investment Managers Private Limited","100","0","Abhishek Singh,Kaivalya Nadkarni,Shantanu Godambe","0","Allowed","100"
Aditya Birla SL Banking & Financial Services Fund,"Sectoral Fund - Banks & Financial Services","Growth","3541.0872","0.89","Nifty Financial Services - TRI","150","67.57","Aditya Birla Sun Life AMC Limited","1000","0","Dhaval Gala","1","Allowed","0"
Kotak Pioneer Fund,"Thematic Fund","Growth","3495.2981","0.52","NIFTY 500 - TRI","80","36.245","Kotak Mahindra Asset Management Company Limited","100","0","Harish Bihani","0.5","Allowed","100"
Magnum Hybrid Long Short Fund,"Balanced Hybrid Fund","Growth","3461.982","1.28","NIFTY 50 Hybrid Composite Debt 50:50 Index","8","10.2995","SBI Funds Management Limited - SIF","1000000","0","Gaurav Mehta","0.5","Allowed","0"
Mirae Asset Arbitrage Fund,"Arbitrage Fund","Growth","3460.7540000000004","0.13","Nifty 50 Arbitrage","72","14.279","Mirae Asset Investment Managers (India) Private Limited","5000","0","Jignesh Rao,Jigar Shethia,Krishnpal Yadav","0.25","Allowed","99"
UTI ELSS Tax Saver Fund,"Equity Linked Savings Scheme (ELSS)","Growth","3437.8678000000004","1.2","NIFTY 500 - TRI","161","219.5072","UTI Asset Management Company Private Limited","500","3","Amit Premchandani","0","Allowed","500"
HDFC Long Duration Debt Fund,"Long Duration Fund","Growth","3435.9258","0.28","NIFTY Long Duration Debt Index","41","12.1502","HDFC Asset Management Company Limited","100","0","Anupam Joshi","0","Allowed","100"
NJ Balanced Advantage Fund,"Balanced Advantage Fund","Growth","3435.232504","0.77","NIFTY 50 Hybrid Composite Debt 50:50 Index","56","14.21","NJ Asset Management Private Limited","500","0","Viral Shah,Dhaval Patel","0","Allowed","0"
Kotak Nifty SDL Apr 2032 Top 12 Equal Weight Index Fund,"Index Funds - Debt Oriented","Growth","3427.7308000000003","0.2","Nifty SDL Apr 2032 Top 12 Equal Weight Index","52","13.0543","Kotak Mahindra Asset Management Company Limited","100","0","Abhishek Bisen","0","Allowed","0"
WOC Multi Cap Fund,"Multi Cap Fund","Growth","3421.3639000000003","0.85","Nifty500 Multicap 50:25:25 - TRI","33","15.719","WhiteOak Capital Asset Management Limited","500","0","Ramesh Mantri,Piyush Baranwal,Trupti Agrawal,Dheeresh Pathak","0","Allowed","500"
Motilal Oswal Nifty Midcap 150 Index Fund,"Index Fund","Growth","3408.0978999999998","0.32","Nifty Midcap 150 - TRI","81","40.6703","Motilal Oswal Asset Management Company Limited","500","0","Swapnil P Mayekar,Dishant Mehta,Rakesh Shetty","1","Allowed","1500"
Franklin India Large & Mid Cap Fund,"Large & Mid Cap Fund","Growth","3399.218213682","1.12","NIFTY LargeMidcap 250 - TRI","161","201.7064","Franklin Templeton Asset Management (India) Private Limited","5000","0","Venkatesh Sanjeevi,R. Janakiraman,Sandeep Manam","1","Allowed","500"
DSP Banking & PSU Debt Fund,"Banking & PSU Fund","Growth","3387.7908","0.28","NIFTY Banking and PSU Debt Index","153","25.5981","DSP Investment Managers Private Limited","100","0","Shantanu Godambe,Sandeep Yadav","0","Allowed","0"
Aditya Birla SL MNC Fund,"Thematic Fund - MNC","Growth","3352.8921","1.1","NIFTY MNC - TRI","161","1406.46","Aditya Birla Sun Life AMC Limited","1000","0","Chanchal Khandelwal","1","Allowed","100"
Parag Parikh Conservative Hybrid Fund,"Conservative Hybrid Fund","Growth","3344.4903000000004","0.24","CRISIL Hybrid 85+15 - Conservative Index","61","15.7129","PPFAS Asset Management Pvt. Ltd.","5000","0","Rajeev Thakkar,Raunak Onkar,Rukun Tarachandani,Raj Mehta","1","Allowed","0"
Mirae Asset Multi Asset Allocation Fund,"Multi Asset Allocation Fund","Growth","3341.5981","0.33","Silver","29","13.813","Mirae Asset Investment Managers (India) Private Limited","5000","0","Harshad Borawake,Basant Bafna,Siddharth Srivastava,Ritesh Patel","1","Allowed","99"
Kotak Floating Rate Fund,"Floating Rate Fund","Growth","3329.3034000000002","0.24","Nifty Short Duration Debt Index","85","1623.9555","Kotak Mahindra Asset Management Company Limited","100","0","Deepak Agrawal,Manu Sharma","0","Allowed","100"
Edelweiss Flexi Cap Fund,"Flexi Cap Fund","Growth","3320.4741999999997","0.52","NIFTY 500 - TRI","136","44.126","Edelweiss Asset Management Limited","100","0","Trideep Bhattacharya,Ashwani Agarwalla,Raj Koradia","1","Allowed","100"
Edelweiss Aggressive Hybrid Fund,"Aggressive Hybrid Fund","Growth","3308.903","0.5","CRISIL Hybrid 35+65 - Aggressive Index","161","73.66","Edelweiss Asset Management Limited","100","0","Bhavesh Jain,Bharat Lahoti,Rahul Dedhia,Kedar Karnik","1","Allowed","0"
Aditya Birla SL Nifty SDL Apr 2027 Index Fund,"Index Funds - Debt Oriented","Growth","3289.0602000000003","0.18","Nifty SDL Apr 2027 Index","53","13.0958","Aditya Birla Sun Life AMC Limited","500","0","Bhupesh Bameta,Harshil Suvarnkar","0","Allowed","0"
ICICI Pru Regular Savings Fund,"Conservative Hybrid Fund","Growth","3288.9413907945","0.95","NIFTY 50 Hybrid Composite Debt 15:85 Index","161","85.9738","ICICI Prudential Asset Management Company Limited","5000","0","Manish Banthia,Akhil Kakkar,Roshan Chutkey","1","Allowed","5000"
Sundaram Multi Asset Allocation Fund,"Multi Asset Allocation Fund","Growth","3276.66795","0.46","NIFTY 500 - TRI","29","13.5824","Sundaram Asset Management Company Limited","100","0","Rohit Seksaria,Clyton Richard Fernandes,Dwijendra Srivastava,Sandeep Agarwal","1","Allowed","0"
HDFC Hybrid Debt Fund,"Conservative Hybrid Fund","Growth","3261.0712","1.17","NIFTY 50 Hybrid Composite Debt 15:85 Index","161","87.5698","HDFC Asset Management Company Limited","100","0","Anupam Joshi,Srinivasan Ramamurthy","1","Allowed","2500"
Quant Large & Mid Cap Fund,"Large & Mid Cap Fund","Growth","3249.4649","0.73","NIFTY LargeMidcap 250 - TRI","161","132.7636","Quant Money Managers Limited","5000","0","Sandeep Tandon,Ankit Pande,Varun Pattani,Ayusha Kumbhat","1","Allowed","0"
DSP Short Term Fund,"Short Duration Fund","Growth","3245.4344","0.3","CRISIL Short Duration Debt Index","161","52.5336","DSP Investment Managers Private Limited","100","0","Karan Mundhra,Shantanu Godambe","0","Allowed","100"
Bandhan Multi Asset Allocation Fund,"Multi Asset Allocation Fund","Growth","3240.2929","0.36","Silver","29","14.5094","Bandhan AMC Limited","1000","0","Viraj Kulkarni,Daylynn Pinto,Kapil Kankonkar,Gautam Kaul","0.5","Allowed","100"
Aditya Birla SL CRISIL-IBX Financial Services 3 to 6 Months Debt Index Fund,"Index Funds - Debt Oriented","Growth","3232.2718","0.11","CRISIL-IBX Financial Services 3 to 6 Months Debt Index","18","11.0241","Aditya Birla Sun Life AMC Limited","1000","0","Harshil Suvarnkar,Sanjay Pawar","0","Allowed","1000"
Franklin Build India Fund,"Sectoral Fund - Infrastructure","Growth","3213.952361822","0.83","BSE India Infrastructure Index","161","166.7234","Franklin Templeton Asset Management (India) Private Limited","5000","0","Ajay Argal,Kiran Sebastian,Sandeep Manam","1","Allowed","0"
Motilal Oswal Large Cap Fund,"Large Cap Fund","Growth","3170.7534","0.79","NIFTY 100 - TRI","28","13.5273","Motilal Oswal Asset Management Company Limited","500","0","Ajay Khandelwal,Atul Mehra,Rakesh Shetty","1","Allowed","0"
SBI Quant Fund,"Thematic Fund","Growth","3146.2065999999995","0.88","NIFTY 200 - TRI","18","9.7579","SBI Funds Management Limited","5000","0","Sukanya Ghosh","0.5","Allowed","0"
Edelweiss Greater China Equity Off-shore Fund,"FoFs (Overseas)","Growth","3143.4411","1.49","MSCI Golden Dragon Index (Total Return Net)","161","74.265","Edelweiss Asset Management Limited","0","0","Bhavesh Jain,Bharat Lahoti","1","Allowed","0"
DSP Healthcare Fund,"Sectoral Fund - Pharma & Health Care","Growth","3142.3571","0.52","BSE Health Care - TRI","91","45.585","DSP Investment Managers Private Limited","100","0","Chirag Dagli","0.5","Allowed","100"
Tata ST Bond Fund,"Short Duration Fund","Growth","3141.8457967230997","0.34","CRISIL Short Duration Debt Index","161","55.0977","Tata Asset Management Private Limited","5000","0","Amit Somani","0","Allowed","500"
HSBC Ultra Short Duration Fund,"Ultra Short Duration Fund","Growth","3117.8071","0.22","NIFTY Ultra Short Duration Debt Index","77","1446.4222","HSBC Global Asset Management (India) Private Limited","5000","0","Mahesh Chhabria,Rahul Totla","0","Allowed","1500"
Tata Corp Bond Fund,"Corporate Bond Fund","Growth","3115.6172254489","0.31","CRISIL Corporate Bond Index","54","13.0705","Tata Asset Management Private Limited","5000","0","Puja Kasat","0","Allowed","0"
Quant Large Cap Fund,"Large Cap Fund","Growth","3112.325","1.06","NIFTY 100 - TRI","46","15.8537","Quant Money Managers Limited","5000","0","Sandeep Tandon,Ankit Pande,Varun Pattani,Ayusha Kumbhat","1","Allowed","1000"
UTI Low Duration Fund,"Low Duration Fund","Growth","3108.335","0.32","NIFTY Low Duration Debt Index","161","3791.8818","UTI Asset Management Company Private Limited","20000","0","Anurag Mittal","0","Allowed","0"
Aditya Birla SL Medium Term Plan,"Medium Duration Fund","Growth","3097.7547999999997","0.71","CRISIL Medium Duration Debt Index","161","46.4695","Aditya Birla Sun Life AMC Limited","1000","0","Sunaina da Cunha,Mohit Sharma","1","Allowed","0"
Quant Infrastructure Fund,"Sectoral Fund - Infrastructure","Growth","3072.9257000000002","1.1","Nifty Infrastructure - TRI","161","43.7091","Quant Money Managers Limited","5000","0","Sandeep Tandon,Ankit Pande,Varun Pattani,Ayusha Kumbhat","0.5","Allowed","1000"
ICICI Pru Bharat Consumption Fund,"Sectoral Fund - Consumption","Growth","3064.8798716902","1.58","Nifty India Consumption - TRI","86","25.67","ICICI Prudential Asset Management Company Limited","5000","0","Priyanka Khandelwal","1","Allowed","0"
Kotak Business Cycle Fund,"Thematic Fund","Growth","3064.2785","0.63","NIFTY 500 - TRI","45","16.857","Kotak Mahindra Asset Management Company Limited","100","0","Harish Bihani,Abhishek Bisen","0.5","Allowed","100"
Nippon India Retirement Fund-Wealth Creation,"Solution Oriented, Retirement Fund - Equity Oriented","Growth","3055.8208","2.22","BSE 500 - TRI","136","31.4947","Nippon Life India Asset Management Limited","500","5","Pranay Sinha,Ritesh Rathod,Kinjal Desai,Amber Singhania","0","Allowed","5000"
Tata Banking & Financial Services Fund,"Sectoral Fund - Banks & Financial Services","Growth","3043.1782723971996","0.56","Nifty Financial Services - TRI","126","49.5528","Tata Asset Management Private Limited","5000","0","Kapil Malhotra","0.25","Allowed","150"
Nippon India Nifty Smallcap 250 Index Fund,"Index Fund","Growth","3031.6202000000003","0.52","Nifty Smallcap 250 - TRI","68","33.0239","Nippon Life India Asset Management Limited","100","0","Himanshu Mange","0","Allowed","0"
JioBlackRock Flexi Cap Fund,"Flexi Cap Fund","Growth","3030.8168437229997","0.44","NIFTY 500 - TRI","8","9.6485","Jio BlackRock Asset Management Pvt. Ltd.","500","0","Tanvi Kacheria,Sahil Chaudhary","0","Allowed","0"
SBI Retirement Benefit Fund-Aggressive Plan,"Solution Oriented, Retirement Fund - Equity Oriented","Growth","3013.3531","0.93","BSE 500 - TRI","64","20.4229","SBI Funds Management Limited","5000","5","Rohit Shimpi,Ardhendu Bhattacharya","0","Allowed","1000"
Nippon India Nifty AAA CPSE Bond Plus SDL - Apr 2027 Maturity 60:40 Index Fund,"Index Funds - Debt Oriented","Growth","2989.3083","0.15","Nifty AAA CPSE Bond Plus SDL Apr 2027 60:40 Index","51","12.8839","Nippon Life India Asset Management Limited","1000","0","Vivek Sharma","0","Allowed","100"
ICICI Pru Equity Minimum Variance Fund,"Thematic Fund","Growth","2984.562971887","0.98","NIFTY 50 - TRI","18","10.56","ICICI Prudential Asset Management Company Limited","5000","0","Aatur Shah,Nitya Mishra","1","Allowed","100"
Motilal Oswal Nifty 500 Index Fund,"Index Fund","Growth","2970.7431","0.17","NIFTY 500 - TRI","81","26.2661","Motilal Oswal Asset Management Company Limited","500","0","Swapnil P Mayekar,Dishant Mehta,Rakesh Shetty","1","Allowed","6000"
LIC MF Large & Midcap Fund,"Large & Mid Cap Fund","Growth","2958.4924","2.31","NIFTY LargeMidcap 250 - TRI","136","42.8989","LIC Mutual Fund Asset Management Limited","5000","0","Sudhanshu Asthana,Dikshit Mittal","1","Allowed","200"
Edelweiss Gold and Silver ETF FoF,"FoFs - Gold","Growth","2945.8628999999996","0.2","Gold-India","45","37.345","Edelweiss Asset Management Limited","100","0","Bhavesh Jain,Bharat Lahoti","0.1","Allowed","100"
Axis Gold Fund,"FoFs - Gold","Growth","2941.9494","0.18","Gold-India","161","49.6394","Axis Asset Management Company Ltd.","100","0","Aditya Pagaria,Pratik Tibrewal","1","Allowed","12000"
Mirae Asset Healthcare Fund,"Sectoral Fund - Pharma & Health Care","Growth","2939.2311","0.45","BSE Health Care - TRI","95","48.356","Mirae Asset Investment Managers (India) Private Limited","5000","0","Vrijesh Kasera,Tanmay Mehta","1","Allowed","0"
ITI Small Cap Fund,"Small Cap Fund","Growth","2936.5071000000003","0.54","Nifty Smallcap 250 - TRI","76","33.2675","ITI Asset Management Limited","5000","0","Dhimant Shah,Alok Ranjan","0.5","Allowed","500"
SBI Consumption Opp Fund,"Sectoral Fund - Consumption","Growth","2932.5099","1.53","Nifty India Consumption - TRI","161","325.16","SBI Funds Management Limited","5000","0","Ashit Desai","0.1","Allowed","1000"
ICICI Pru Bharat 22 FOF,"FoFs (Domestic) - Equity Oriented","Growth","2923.66058297","0.1","BSE Bharat 22 Index","96","35.1683","ICICI Prudential Asset Management Company Limited","5000","0","Nishit Patel,Ashwini Shinde,Ajaykumar Solanki,Venus Ahuja","0","Allowed","0"
JioBlackRock Money Market Fund,"Money Market Fund","Growth","2923.212867196","0.13","Nifty Money Market Index","11","1049.7879","Jio BlackRock Asset Management Pvt. Ltd.","500","0","Vikrant Mehta,Siddharth Deb,Arun Ramachandran","0","Allowed","500"
Old Bridge Focused Fund,"Focused Fund","Growth","2905.6984","0.81","BSE 500 - TRI","29","12.91","Old Bridge Asset Management Private Limited","5000","0","Tarang Agrawal,Kenneth Andrade","1","Allowed","2500"
Kotak Debt Hybrid Fund,"Conservative Hybrid Fund","Growth","2902.1334","0.52","CRISIL Hybrid 85+15 - Conservative Index","161","67.9475","Kotak Mahindra Asset Management Company Limited","100","0","Shibani Kurian,Abhishek Bisen","1","Allowed","100"
DSP Corp Bond Fund,"Corporate Bond Fund","Growth","2894.5908","0.25","CRISIL Corporate Bond Index","93","17.0598","DSP Investment Managers Private Limited","100","0","Shantanu Godambe,Vivekanand Ramakrishnan","0","Allowed","100"
ICICI Pru Income plus Arbitrage Omni FOF,"FoFs (Domestic) - Hybrid","Growth","2890.0186229532997","0.05","Nifty 50 Arbitrage - TRI","158","70.2489","ICICI Prudential Asset Management Company Limited","5000","0","Manish Banthia,Ritesh Lunawat","0","Allowed","1000"
Sundaram Large Cap Fund,"Large Cap Fund","Growth","2889.3237664641997","0.71","NIFTY 100 - TRI","68","21.6877","Sundaram Asset Management Company Limited","100","0","Ashwin Jain","1","Allowed","0"
UTI Balanced Advantage Fund,"Dynamic Asset Allocation Fund","Growth","2877.6501000000003","1.49","NIFTY 50 Hybrid Composite Debt 50:50 Index","34","12.6884","UTI Asset Management Company Private Limited","5000","0","Sachin Trivedi,Anurag Mittal","1","Allowed","0"
Baroda BNP Paribas Multi Cap Fund,"Multi Cap Fund","Growth","2860.9176","0.76","Nifty500 Multicap 50:25:25 - TRI","161","323.7095","Baroda BNP Paribas Asset Management India Pvt. Ltd.","5000","0","Sanjay Chawla,Kirtan Mehta","1","Allowed","500"
Tata Multicap Fund,"Multi Cap Fund","Growth","2853.9455948340997","0.5","Nifty500 Multicap 50:25:25 - TRI","40","15.4605","Tata Asset Management Private Limited","5000","0","Meeta Shetty,Murthy Nagarajan,Hasmukh Vishariya","0.5","Allowed","150"
Edelweiss Multi Cap Fund,"Multi Cap Fund","Growth","2846.758","0.6","Nifty500 Multicap 50:25:25 - TRI","32","15.7193","Edelweiss Asset Management Limited","100","0","Trideep Bhattacharya,Sumanta Khan,Raj Koradia,Amit Vora","1","Allowed","0"
HSBC Multi Asset Allocation Fund,"Multi Asset Allocation Fund","Growth","2844.3259000000003","1.18","Silver","28","14.0349","HSBC Global Asset Management (India) Private Limited","5000","0","Cheenu Gupta,Mahesh Chhabria,Mohd Asif Rizwi,Praveen Ayathan","1","Allowed","0"
JM Liquid Fund,"Liquid Fund","Growth","2835.050253765","0.16","CRISIL Liquid Debt Index","161","75.8961","JM Financial Asset Management Private Limited","1000","0","Killol Pandya,Ruchi Fozdar,Jayant Dhoot","0.0065","Allowed","0"
Sundaram Multi Cap Fund,"Multi Cap Fund","Growth","2806.7063460574504","0.93","Nifty500 Multicap 50:25:25 - TRI","161","409.0726","Sundaram Asset Management Company Limited","100","0","Rohit Seksaria","1","Allowed","100"
Franklin India Balanced Advantage Fund,"Dynamic Asset Allocation Fund","Growth","2788.55494864","0.46","NIFTY 50 Hybrid Composite Debt 50:50 Index","45","14.8812","Franklin Templeton Asset Management (India) Private Limited","5000","0","Rajasa Kakulavarapu,Venkatesh Sanjeevi,Chandni Gupta,Anuj Tagra","1","Allowed","0"
ICICI Pru NASDAQ 100 Index Fund,"Index Fund","Growth","2773.1963012779997","0.43","Nasdaq-100","56","24.694","ICICI Prudential Asset Management Company Limited","0","0","Sharmila Dmello,Nitya Mishra","0","Not allowed","0"
Franklin India Multi Asset Allocation Fund,"Multi Asset Allocation Fund","Growth","2764.5771861420003","0.3","Nifty Short Duration Debt Index","11","10.9456","Franklin Templeton Asset Management (India) Private Limited","5000","0","R. Janakiraman,Rajasa Kakulavarapu,Rohan Maru,Pallab Roy","0.5","Allowed","500"
DSP Multicap Fund,"Multi Cap Fund","Growth","2730.9008000000003","0.47","Nifty500 Multicap 50:25:25 - TRI","29","12.136","DSP Investment Managers Private Limited","100","0","Chirag Dagli","1","Allowed","0"
Canara Rob Focused Fund,"Focused Fund","Growth","2725.4082","0.48","BSE 500 - TRI","61","20.36","Canara Robeco Asset Management Company Limited","5000","0","Shridatta Bhandwaldar,Amit Kadam","1","Allowed","0"
Parag Parikh Dynamic Asset Allocation Fund,"Dynamic Asset Allocation Fund","Growth","2709.3059000000003","0.23","CRISIL Hybrid 50+50 - Moderate Index","28","11.6303","PPFAS Asset Management Pvt. Ltd.","5000","0","Rajeev Thakkar,Raunak Onkar,Rukun Tarachandani,Raj Mehta","1","Allowed","0"
ICICI Pru Bond Fund,"Medium to Long Duration Fund","Growth","2700.1880733228","0.54","CRISIL Medium to Long Term Debt Index","161","43.6152","ICICI Prudential Asset Management Company Limited","5000","0","Manish Banthia,Ritesh Lunawat","0","Allowed","5000"
UTI Short Duration Fund,"Short Duration Fund","Growth","2696.9234","0.47","CRISIL Short Duration Debt Index","161","35.1447","UTI Asset Management Company Private Limited","500","0","Abhishek Sonthalia","0","Allowed","500"
Mahindra Manulife Large & Mid Cap Fund,"Large & Mid Cap Fund","Growth","2688.1293","0.44","NIFTY LargeMidcap 250 - TRI","78","29.417","Mahindra Manulife Investment Management Private Limited","1000","0","Neelesh Dhamnaskar,Kirti Dalvi","1","Allowed","500"
Tata Large Cap Fund,"Large Cap Fund","Growth","2687.5774197392","1.02","NIFTY 100 - TRI","161","568.7782","Tata Asset Management Private Limited","5000","0","Abhinav Sharma,Hasmukh Vishariya","0.5","Allowed","150"
UTI MNC Fund,"Thematic Fund - MNC","Growth","2662.1304","1.38","NIFTY MNC - TRI","161","429.0924","UTI Asset Management Company Private Limited","5000","0","Karthikraj Lakshmanan","1","Allowed","500"
Motilal Oswal Gold and Silver Passive FoF,"FoFs - Gold","Growth","2652.4195","0.2","Silver","44","33.2719","Motilal Oswal Asset Management Company Limited","500","0","Swapnil P Mayekar,Rakesh Shetty","0","Allowed","500"
Bandhan Nifty 50 Index Fund,"Index Fund","Growth","2652.0794","0.08","NIFTY 50 - TRI","161","52.656","Bandhan AMC Limited","1000","0","Abhishek Jain,Mayuresh Nagvekar","0","Allowed","100"
Axis Consumption Fund,"Sectoral Fund - Consumption","Growth","2639.452899","0.58","Nifty India Consumption - TRI","21","8.99","Axis Asset Management Company Ltd.","100","0","Hitesh Das,Krishnaa N","1","Allowed","0"
HDFC Innovation Fund,"Thematic Fund","Growth","2621.1952","0.75","NIFTY 500 - TRI","11","10.411","HDFC Asset Management Company Limited","100","0","Amit Sinha,Dhruv Muchhal","1","Allowed","0"
SBI CRISIL IBX Gilt Index - June 2036 Fund,"Index Funds - Debt Oriented","Growth","2616.4105","0.28","CRISIL IBX Gilt Index - June 2036","44","13.1507","SBI Funds Management Limited","5000","0","Ranjana Gupta","0.15","Allowed","0"
HDFC Business Cycle Fund,"Thematic Fund","Growth","2603.9575","0.95","NIFTY 500 - TRI","43","14.671","HDFC Asset Management Company Limited","100","0","Rahul Baijal","1","Allowed","1500"
ICICI Pru Transportation and Logistics Fund,"Thematic Fund","Growth","2593.5342673222","0.93","Nifty Transportation & Logistics - TRI","44","20.37","ICICI Prudential Asset Management Company Limited","5000","0","Rajat Chandak,Priyanka Khandelwal","1","Allowed","100"
Edelweiss Multi Asset Allocation Fund,"Multi Asset Allocation Fund","Growth","2591.8997","1.77","CRISIL Short Term Bond Index","36","12.3318","Edelweiss Asset Management Limited","100","0","Bhavesh Jain,Bharat Lahoti,Rahul Dedhia,Kedar Karnik","0.25","Allowed","0"
Tata India Consumer Fund,"Sectoral Fund - Consumption","Growth","2590.643963953","0.8","Nifty India Consumption - TRI","126","51.2192","Tata Asset Management Private Limited","5000","0","Sonam Udasi,Aditya Bagul","0.25","Allowed","0"
Baroda BNP Paribas Large Cap Fund,"Large Cap Fund","Growth","2578.6728","0.67","NIFTY 100 - TRI","161","251.4576","Baroda BNP Paribas Asset Management India Pvt. Ltd.","5000","0","Jitendra Sriram,Kushant Arora","1","Allowed","1500"
Bandhan Multi Cap Fund,"Multi Cap Fund","Growth","2551.6677","0.47","Nifty500 Multicap 50:25:25 - TRI","54","18.019","Bandhan AMC Limited","1000","0","Daylynn Pinto,Harshal Joshi","1","Allowed","0"
NJ Flexi Cap Fund,"Flexi Cap Fund","Growth","2536.008467","0.61","NIFTY 500 - TRI","33","13.27","NJ Asset Management Private Limited","500","0","Dhaval Patel,Viral Shah","0","Allowed","0"
HSBC Arbitrage Fund,"Arbitrage Fund","Growth","2532.4467999999997","1.7","Nifty 50 Arbitrage","144","21.4569","HSBC Global Asset Management (India) Private Limited","5000","0","Praveen Ayathan,Mahesh Chhabria,Mohd Asif Rizwi","0.25","Allowed","500"
DSP Nifty 50 Equal Weight Index Fund,"Index Fund","Growth","2522.5117999999998","0.35","NIFTY50 Equal Weight - TRI","104","26.9093","DSP Investment Managers Private Limited","100","0","Anil Ghelani,Diipesh Shah,Neha Rathi","0","Allowed","100"
DSP Focused Fund,"Focused Fund","Growth","2489.7638","0.77","NIFTY 500 - TRI","161","58.621","DSP Investment Managers Private Limited","100","0","Bhavin Gandhi","1","Allowed","100"
Tata Treasury Advantage Fund,"Low Duration Fund","Growth","2460.2902987951","0.25","CRISIL Low Duration Debt Index","161","4249.9961","Tata Asset Management Private Limited","5000","0","Akhil Mittal","0","Allowed","150"
Kotak Multi Asset Omni FOF,"FoFs (Domestic) - Hybrid","Growth","2451.3195","0.36","Silver","161","272.59","Kotak Mahindra Asset Management Company Limited","100","0","Devender Singhal,Abhishek Bisen","1","Allowed","100"
Nippon India Innovation Fund,"Thematic Fund","Growth","2445.9545000000003","1.24","NIFTY 500 - TRI","34","14.2235","Nippon Life India Asset Management Limited","500","0","Vinay Sharma,Rishit Parikh","1","Allowed","0"
Nippon India Consumption Fund,"Sectoral Fund - Consumption","Growth","2442.8641000000002","0.69","Nifty India Consumption - TRI","161","206.6745","Nippon Life India Asset Management Limited","5000","0","Kinjal Desai","1","Allowed","1500"
Kotak Gilt Fund-PF&Trust,"Gilt - Short & Mid Term Fund","Growth","2441.6095","0.47","Nifty All Duration G-Sec Index","161","110.7043","Kotak Mahindra Asset Management Company Limited","100","0","Abhishek Bisen","0","Allowed","100"
Kotak Gilt Fund,"Gilt - Short & Mid Term Fund","Growth","2441.6095","0.47","Nifty All Duration G-Sec Index","161","108.0849","Kotak Mahindra Asset Management Company Limited","100","0","Abhishek Bisen","0","Allowed","100"
Motilal Oswal Arbitrage Fund,"Arbitrage Fund","Growth","2432.9865","0.57","Nifty 50 Arbitrage - TRI","18","11.0367","Motilal Oswal Asset Management Company Limited","500","0","Vishal Ashar,Atul Mehra,Rakesh Shetty","0.25","Allowed","500"
Kotak Dynamic Bond Fund,"Dynamic Bond Fund","Growth","2432.3675","0.59","NIFTY Composite Debt Index","161","42.0599","Kotak Mahindra Asset Management Company Limited","100","0","Deepak Agrawal,Abhishek Bisen","0","Allowed","100"
ICICI Pru Housing Opp Fund,"Thematic Fund","Growth","2423.5338616079","1.13","Nifty Housing - TRI","50","17.79","ICICI Prudential Asset Management Company Limited","5000","0","Sanket Gaidhani","1","Allowed","100"
HDFC Infrastructure Fund,"Sectoral Fund - Infrastructure","Growth","2416.4764","1.1","BSE India Infrastructure Index - TRI","161","51.452","HDFC Asset Management Company Limited","100","0","Ashish Shah","1","Allowed","100"
HSBC Infrastructure Fund,"Sectoral Fund - Infrastructure","Growth","2412.9341","0.98","Nifty Infrastructure - TRI","161","55.8784","HSBC Global Asset Management (India) Private Limited","5000","0","Venugopal Manghat,Gautam Bhupal","1","Allowed","0"
Kotak Manufacture in India Fund,"Thematic Fund","Growth","2400.8889","0.6","Nifty India Manufacturing - TRI","52","21.502","Kotak Mahindra Asset Management Company Limited","100","0","Harsha Upadhyaya,Abhishek Bisen","0.5","Allowed","0"
HDFC Income Plus Arbitrage Active FOF,"FoFs (Domestic) - Hybrid","Growth","2389.9431","0.02","Nifty 50 Arbitrage - TRI","161","44.6458","HDFC Asset Management Company Limited","100","0","Anil Bamboli","0","Allowed","100"
Baroda BNP Paribas Mid Cap Fund,"Mid Cap Fund","Growth","2389.1825","0.49","Nifty Midcap 150 - TRI","161","131.1406","Baroda BNP Paribas Asset Management India Pvt. Ltd.","5000","0","Rohan Korde,Himanshu Singh","1","Allowed","500"
Kotak Infra & Eco Reform Fund,"Sectoral Fund - Infrastructure","Growth","2373.0153","0.73","Nifty Infrastructure - TRI","161","78.409","Kotak Mahindra Asset Management Company Limited","100","0","Nalin Rasik Bhatt,Arjun Khanna","0.5","Allowed","100"
Mirae Asset NYSE FANG+ETF FoF,"FoFs (Overseas)","Growth","2370.4853","0.03","NYSE FANG+ TRI","61","41.186","Mirae Asset Investment Managers (India) Private Limited","0","0","Ekta Gala,Akshay Udeshi","0.5","Not allowed","0"
Tata Business Cycle Fund,"Thematic Fund","Growth","2366.3371213190003","0.59","NIFTY 500 - TRI","58","19.9295","Tata Asset Management Private Limited","5000","0","Rahul Singh (Tata),Murthy Nagarajan,Hasmukh Vishariya,Sailesh Jain","0.5","Allowed","1500"
Motilal Oswal Nifty Microcap 250 Index Fund,"Index Fund","Growth","2344.6372","0.57","Nifty Microcap 250 - TRI","35","16.7908","Motilal Oswal Asset Management Company Limited","0","0","Swapnil P Mayekar,Dishant Mehta,Rakesh Shetty","1","Not allowed","0"
DSP Natural Res & New Energy Fund,"Sectoral Fund - Energy & Power","Growth","2342.6034","0.73","MSCI World Energy 30% Buffer 10/40 Net Total Return","161","125.261","DSP Investment Managers Private Limited","100","0","Rohit Singhania","0","Allowed","100"
Nippon India Nifty Midcap 150 Index Fund,"Index Fund","Growth","2336.7986","0.34","Nifty Midcap 150 - TRI","64","25.9624","Nippon Life India Asset Management Limited","100","0","Himanshu Mange","0","Allowed","1500"
SBI Dynamic Asset Allocation Active FoF,"FoFs (Domestic) - Hybrid","Growth","2322.3683","0.37","NIFTY 50 Hybrid Composite Debt 50:50 Index","9","10.0226","SBI Funds Management Limited","5000","0","Nidhi Chawla,Ardhendu Bhattacharya","1","Allowed","500"
Mirae Asset Low Duration Fund,"Low Duration Fund","Growth","2313.7443","0.16","NIFTY Low Duration Debt Index","161","2587.0843","Mirae Asset Investment Managers (India) Private Limited","5000","0","Basant Bafna","0","Allowed","0"
HDFC Diversified Equity All Cap Active FOF,"FoFs (Domestic) - Equity Oriented","Growth","2311.3048","0.29","NIFTY 500 - TRI","9","9.7139","HDFC Asset Management Company Limited","100","0","Srinivasan Ramamurthy","1","Allowed","100"
SBI Quality Fund,"Thematic Fund","Growth","2306.4283","0.82","NIFTY200 Quality 30 - TRI","4","10.0049","SBI Funds Management Limited","5000","0","Anup Upadhyay","1","Allowed","0"
Franklin India Aggressive Hybrid Fund,"Aggressive Hybrid Fund","Growth","2305.633418427","0.79","CRISIL Hybrid 35+65 - Aggressive Index","161","298.7927","Franklin Templeton Asset Management (India) Private Limited","5000","0","Rajasa Kakulavarapu,Ajay Argal,Chandni Gupta,Anuj Tagra","1","Allowed","500"
Bajaj Finserv Large and Mid Cap Fund,"Large & Mid Cap Fund","Growth","2303.998904","2.09","NIFTY LargeMidcap 250 - TRI","28","12.215","Bajaj Finserv Asset Management Limited","500","0","Nimesh Chandan,Sorbh Gupta,Siddharth Chaudhary","1","Allowed","1000"
Union Flexi Cap Fund,"Flexi Cap Fund","Growth","2294.0675","0.8","BSE 500 - TRI","161","55.34","Union Asset Management Company Pvt. Ltd.","1000","0","Sanjay Bembalkar,Vinod Malviya","1","Allowed","500"
Invesco India ELSS Tax Saver Fund,"Equity Linked Savings Scheme (ELSS)","Growth","2292.7197","0.76","BSE 500 - TRI","161","139","Invesco Asset Management Company Pvt Ltd.","500","3","Deepesh Kashyap","0","Allowed","0"
HDFC Gilt Fund,"Gilt - Short & Mid Term Fund","Growth","2271.8568","0.49","Nifty All Duration G-Sec Index","161","58.7245","HDFC Asset Management Company Limited","100","0","Anil Bamboli","0","Allowed","5000"
Mahindra Manulife Aggressive Hybrid Fund,"Aggressive Hybrid Fund","Growth","2264.2928","0.42","CRISIL Hybrid 35+65 - Aggressive Index","83","29.502","Mahindra Manulife Investment Management Private Limited","1000","0","Fatema Pacha,Kirti Dalvi,Rahul Pal,Amit Garg","1","Allowed","500"
ICICI Pru Constant Maturity Gilt Fund,"Gilt - Long Term Fund","Growth","2256.2997385738","0.28","CRISIL 10 Year Gilt Index","141","25.7992","ICICI Prudential Asset Management Company Limited","500","0","Manish Banthia,Raunak Surana","0","Allowed","5000"
Edelweiss Money Market Fund,"Money Market Fund","Growth","2251.0575","0.07","CRISIL Money Market Index","161","33.0455","Edelweiss Asset Management Limited","100","0","Rahul Dedhia,Hetul Raval","0","Allowed","100"
Nippon India Multi-Asset Omni FoF,"FoFs (Domestic) - Hybrid","Growth","2236.4241","0.09","Silver","64","24.668","Nippon Life India Asset Management Limited","5000","0","Sushil Budhia,Shirish Guthe,Vikram Dhawan","1","Allowed","0"
Axis Multi Asset Allocation Fund,"Multi Asset Allocation Fund","Growth","2228.778","1.44","Silver","161","51.2956","Axis Asset Management Company Ltd.","100","0","Ashish Naik,Devang Shah,Hardik Shah,Aditya Pagaria","1","Allowed","0"
UTI Focused Fund,"Focused Fund","Growth","2213.674","1.28","NIFTY 500 - TRI","58","15.6949","UTI Asset Management Company Private Limited","5000","0","Vishal Chopda","1","Allowed","500"
Bandhan Balanced Advantage Fund,"Balanced Advantage Fund","Growth","2208.746","0.63","NIFTY 50 Hybrid Composite Debt 50:50 Index","140","28.548","Bandhan AMC Limited","1000","0","Manish Gunwani,Vishal Biraia,Brijesh Shah","0.5","Allowed","100"
Mahindra Manulife Focused Fund,"Focused Fund","Growth","2207.7885","0.4","NIFTY 500 - TRI","67","29.3348","Mahindra Manulife Investment Management Private Limited","1000","0","Krishna Sanghavi,Fatema Pacha","1","Allowed","500"
WOC Large & Mid Cap Fund,"Large & Mid Cap Fund","Growth","2180.3175","0.79","BSE 250 LargeMidCap Index - TRI","30","13.714","WhiteOak Capital Asset Management Limited","500","0","Ramesh Mantri,Trupti Agrawal,Piyush Baranwal,Dheeresh Pathak","0","Allowed","100"
Edelweiss Nifty PSU Bond Plus SDL Apr 2027 50:50 Index Fund,"Index Funds - Debt Oriented","Growth","2172.4209","0.25","Nifty PSU Bond Plus SDL Apr 2027 50:50 Index","56","13.1245","Edelweiss Asset Management Limited","100","0","Dhawal Dalal,Hetul Raval","0.15","Allowed","100"
ICICI Pru Quality Fund,"Thematic Fund","Growth","2169.9339751591997","1.75","NIFTY200 Quality 30 - TRI","13","10.14","ICICI Prudential Asset Management Company Limited","5000","0","Ihab Dalwai,Masoomi Jhurmarvala","1","Allowed","0"
HDFC CRISIL-IBX Financial Services 3-6 Months Debt Index Fund,"Index Funds - Debt Oriented","Growth","2162.5","0.08","CRISIL-IBX Financial Services 3 to 6 Months Debt Index","13","10.7082","HDFC Asset Management Company Limited","100","0","Anupam Joshi","0","Allowed","0"
UTI Infrastructure Fund,"Sectoral Fund - Infrastructure","Growth","2162.3879","1.97","Nifty Infrastructure - TRI","161","150.5565","UTI Asset Management Company Private Limited","5000","0","Sachin Trivedi,Deepesh Agarwal","1","Allowed","1500"
WOC Balanced Advantage Fund,"Balanced Advantage Fund","Growth","2152.3658","1.04","CRISIL Hybrid 50+50 - Moderate Index","40","14.856","WhiteOak Capital Asset Management Limited","500","0","Ramesh Mantri,Trupti Agrawal,Piyush Baranwal,Dheeresh Pathak","0","Allowed","500"
Templeton India Value Fund,"Value Fund","Growth","2150.007447028","0.78","NIFTY 500 - TRI","161","772.0442","Franklin Templeton Asset Management (India) Private Limited","5000","0","Ajay Argal,Rajasa Kakulavarapu","1","Allowed","0"
BHARAT Bond ETF FOF - April 2033,"FoFs (Domestic) - Debt Oriented","Growth","2147.8927","0.03","NIFTY BHARAT Bond Index - April 2033","42","12.7185","Edelweiss Asset Management Limited","100","0","Hetul Raval,Rahul Dedhia","0.1","Allowed","0"
Franklin India Dividend Yield Fund,"Dividend Yield Fund","Growth","2141.435079105","1.11","NIFTY 500 - TRI","161","149.17","Franklin Templeton Asset Management (India) Private Limited","5000","0","Rajasa Kakulavarapu,Ajay Argal,Sandeep Manam","1","Allowed","0"
SBI Credit Risk Fund,"Credit Risk Fund","Growth","2134.1606","0.89","NIFTY Credit Risk Bond Index","161","52.1094","SBI Funds Management Limited","5000","0","Lokesh Mallya","3","Allowed","1500"
Axis Income Plus Arbitrage Active FOF,"FoFs (Domestic) - Hybrid","Growth","2117.734999","0.08","Nifty 50 Arbitrage - TRI","77","15.345","Axis Asset Management Company Ltd.","100","0","Devang Shah,Hardik Shah,Anagha Darade","0","Allowed","0"
DSP Overnight Fund,"Overnight Fund","Growth","2115.5108","0.06","CRISIL Liquid Overnight Index","89","1452.743","DSP Investment Managers Private Limited","100","0","Karan Mundhra,Shalini Vasanta,Shantanu Godambe","0","Allowed","100"
Bandhan Midcap Fund,"Mid Cap Fund","Growth","2108.5492","0.5","BSE 150 MidCap - TRI","46","18.861","Bandhan AMC Limited","1000","0","Ritu Modi,Harshal Joshi","1","Allowed","0"
ICICI Pru Rural Opportunities Fund,"Thematic Fund","Growth","2104.389012432","0.96","Nifty Rural - TRI","17","10.94","ICICI Prudential Asset Management Company Limited","5000","0","Priyanka Khandelwal","1","Allowed","100"
Motilal Oswal BSE Enhanced Value Index Fund,"Index Fund","Growth","2101.8668","0.65","BSE Enhanced Value Index - TRI","46","27.9943","Motilal Oswal Asset Management Company Limited","500","0","Swapnil P Mayekar,Dishant Mehta,Rakesh Shetty","1","Allowed","500"
Tata Retirement Sav Fund - Prog Plan,"Solution Oriented, Retirement Fund - Equity Oriented","Growth","2086.411758367","0.65","NIFTY 500 - TRI","161","81.603","Tata Asset Management Private Limited","5000","5","Sonam Udasi,Murthy Nagarajan","1","Allowed","150"
Tata Infrastructure Fund,"Sectoral Fund - Infrastructure","Growth","2084.204611956","1.21","BSE India Infrastructure Index - TRI","161","191.4716","Tata Asset Management Private Limited","5000","0","Abhinav Sharma","0.25","Allowed","0"
Axis Strategic Bond Fund,"Medium Duration Fund","Growth","2075.630702","0.71","NIFTY Medium Duration Debt Index","161","32.3238","Axis Asset Management Company Ltd.","100","0","Devang Shah,Akhil Thakker,Sachin Jain","1","Allowed","12000"
Mirae Asset Balanced Advantage Fund,"Dynamic Asset Allocation Fund","Growth","2067.5148","0.61","NIFTY 50 Hybrid Composite Debt 50:50 Index","46","15.046","Mirae Asset Investment Managers (India) Private Limited","5000","0","Harshad Borawake,Basant Bafna","1","Allowed","0"
Axis Business Cycles Fund,"Thematic Fund","Growth","2065.0517","1.99","NIFTY 500 - TRI","40","16.88","Axis Asset Management Company Ltd.","100","0","Ashish Naik","1","Allowed","1000"
Bandhan Dynamic Bond Fund,"Dynamic Bond Fund","Growth","2061.4644","0.63","NIFTY Composite Debt Index","161","38.7716","Bandhan AMC Limited","1000","0","Suyash Choudhary","0","Allowed","0"
Parag Parikh Arbitrage Fund,"Arbitrage Fund","Growth","2059.0186","0.19","Nifty 50 Arbitrage - TRI","31","11.8986","PPFAS Asset Management Pvt. Ltd.","1000","0","Rajeev Thakkar,Raunak Onkar,Rukun Tarachandani,Raj Mehta","0.25","Allowed","1000"
Bandhan Focused Fund,"Focused Fund","Growth","2057.5334","0.64","BSE 500 - TRI","161","103.105","Bandhan AMC Limited","1000","0","Manish Gunwani,Kirthi Jain,Rahul Agarwal","1","Allowed","0"
Bank of India Flexi Cap Fund,"Flexi Cap Fund","Growth","2033.6125","0.52","BSE 500 - TRI","72","39.06","Bank of India Investment Managers Private Limited","5000","0","Alok Singh","1","Allowed","0"
SBI Nifty Next 50 Index Fund,"Index Fund","Growth","2028.5035999999998","0.33","NIFTY NEXT 50 - TRI","61","19.2029","SBI Funds Management Limited","5000","0","Viral Chhadva","0.25","Allowed","1500"
Quant Aggressive Hybrid Fund,"Aggressive Hybrid Fund","Growth","2024.4798999999998","0.79","NIFTY 50 Hybrid Composite Debt 65:35 Index","161","495.9838","Quant Money Managers Limited","5000","0","Sandeep Tandon,Ankit Pande,Varun Pattani,Ayusha Kumbhat","1","Allowed","1000"
SBI Medium to Long Duration Fund,"Medium to Long Duration Fund","Growth","2024.1069","0.78","CRISIL Medium to Long Term Debt Index","161","78.0191","SBI Funds Management Limited","5000","0","Mohit Jain","1","Allowed","5000"
Bandhan Large Cap Fund,"Large Cap Fund","Growth","2007.2695999999999","0.76","BSE 100 - TRI","161","86.881","Bandhan AMC Limited","1000","0","Manish Gunwani,Prateek Poddar","0.5","Allowed","0"
Sundaram Flexi Cap Fund,"Flexi Cap Fund","Growth","2003.889645","0.71","NIFTY 500 - TRI","45","14.7967","Sundaram Asset Management Company Limited","100","0","S. Bharath,Dwijendra Srivastava,Shalav Saket","1","Allowed","0"
HDFC NIFTY Next 50 Index Fund,"Index Fund","Growth","1993.7098999999998","0.29","NIFTY NEXT 50 - TRI","55","16.3747","HDFC Asset Management Company Limited","100","0","Arun Agarwal,Nandita Menezes","0","Allowed","1500"
Axis CRISIL IBX SDL May 2027 Index Fund,"Index Funds - Debt Oriented","Growth","1993.3715","0.15","CRISIL IBX SDL Index - May 2027","52","12.983","Axis Asset Management Company Ltd.","5000","0","Hardik Shah,Aditya Pagaria","0","Allowed","0"
Union Small Cap Fund,"Small Cap Fund","Growth","1979.6271","0.8","BSE 250 Small Cap - TRI","144","59.31","Union Asset Management Company Pvt. Ltd.","1000","0","Pratik Dharmshi,Gaurav Chopra","1","Allowed","0"
HDFC Pharma and Healthcare Fund,"Sectoral Fund - Pharma & Health Care","Growth","1976.8614000000002","0.87","BSE Health Care - TRI","32","20.091","HDFC Asset Management Company Limited","100","0","Nikhil Mathur","1","Allowed","100"
Mirae Asset Banking and Financial Services Fund,"Sectoral Fund - Banks & Financial Services","Growth","1975.3842000000002","0.52","Nifty Financial Services - TRI","66","22.175","Mirae Asset Investment Managers (India) Private Limited","5000","0","Abhijith Vara","1","Allowed","0"
Axis Nifty 100 Index Fund,"Index Fund","Growth","1975.1694","0.21","NIFTY 100 - TRI","80","21.9371","Axis Asset Management Company Ltd.","100","0","Nandik Mallik,Rohit Gautam","0","Allowed","100"
ICICI Pru PSU Equity Fund,"Thematic Fund","Growth","1975.0302937201","1.1","BSE PSU - TRI","45","23.11","ICICI Prudential Asset Management Company Limited","5000","0","Antariksha Banerjee","1","Allowed","100"
Sundaram Money Market Fund,"Money Market Fund","Growth","1955.82557655923","0.19","Nifty Money Market Index","93","15.9016","Sundaram Asset Management Company Limited","1000","0","Sandeep Agarwal,Dwijendra Srivastava","0","Allowed","1000"
HSBC CRISIL IBX 50:50 Gilt Plus SDL Apr 2028 Index Fund,"Index Funds - Debt Oriented","Growth","1946.1632","0.22","CRISIL IBX 50:50 Gilt Plus SDL Index - April 2028","51","13.0769","HSBC Global Asset Management (India) Private Limited","5000","0","Mahesh Chhabria,Mohd Asif Rizwi","0","Allowed","1000"
Bandhan Aggressive Hybrid Fund,"Aggressive Hybrid Fund","Growth","1919.1082999999999","0.51","CRISIL Hybrid 35+65 - Aggressive Index","114","30.237","Bandhan AMC Limited","1000","0","Prateek Poddar,Harshal Joshi","1","Allowed","100"
ICICI Pru Active Momentum Fund,"Thematic Fund","Growth","1917.992598411","1.78","NIFTY 500 - TRI","11","10.75","ICICI Prudential Asset Management Company Limited","5000","0","Manasvi Shah,Sharmila Dmello","1","Allowed","0"
Bajaj Finserv Small Cap Fund,"Small Cap Fund","Growth","1902.772201","0.52","BSE 250 Small Cap - TRI","11","10.012","Bajaj Finserv Asset Management Limited","500","0","Nimesh Chandan,Sorbh Gupta,Siddharth Chaudhary","1","Allowed","500"
Canara Rob Consumption Fund,"Sectoral Fund - Consumption","Growth","1901.1632","0.7","Nifty India Consumption - TRI","161","118.73","Canara Robeco Asset Management Company Limited","5000","0","Ennettee Fernandes,Shridatta Bhandwaldar","1","Allowed","1000"
SBI CRISIL IBX Gilt Index - Apr 2029 Fund,"Index Funds - Debt Oriented","Growth","1896.7395000000001","0.21","CRISIL IBX Gilt Index - April 2029","44","13.115","SBI Funds Management Limited","5000","0","Ranjana Gupta","0.15","Allowed","0"
Tata Retirement Sav Fund - Mod Plan,"Solution Oriented, Retirement Fund - Equity Oriented","Growth","1887.732897672","0.72","CRISIL Hybrid 25+75 - Aggressive Index","161","78.8863","Tata Asset Management Private Limited","5000","5","Sonam Udasi,Murthy Nagarajan","1","Allowed","0"
Kotak Bond Fund,"Medium to Long Duration Fund","Growth","1882.0495999999998","0.69","CRISIL Medium to Long Term Debt Index","161","87.8125","Kotak Mahindra Asset Management Company Limited","100","0","Abhishek Bisen","0","Allowed","100"
ICICI Pru Retirement Fund-Pure Equity Plan,"Solution Oriented, Retirement Fund - Equity Oriented","Growth","1868.8960842691001","0.71","NIFTY 500 - TRI","88","37.91","ICICI Prudential Asset Management Company Limited","5000","5","Sanket Gaidhani,Darshil Dedhia,Rohit Lakhotia","0","Allowed","100"
Aditya Birla SL Quant Fund,"Thematic Fund","Growth","1867.5317000000002","0.61","NIFTY 200 - TRI","24","10.14","Aditya Birla Sun Life AMC Limited","500","0","Harish krishnan,Kartikeya Singh","0.5","Allowed","0"
Axis Global Equity Alpha FoF,"FoFs (Overseas)","Growth","1859.1912","0.69","MSCI World","69","25.5927","Axis Asset Management Company Ltd.","0","0","Krishnaa N","1","Not allowed","1000"
Bandhan Gilt Fund,"Gilt - Short & Mid Term Fund","Growth","1852.6579000000002","0.45","CRISIL Dynamic Gilt Index","161","39.3494","Bandhan AMC Limited","1000","0","Suyash Choudhary","0","Allowed","0"
LIC MF Banking & PSU Fund,"Banking & PSU Fund","Growth","1847.9448000000002","0.27","NIFTY Banking and PSU Debt Index","161","38.9779","LIC Mutual Fund Asset Management Limited","5000","0","Pratik Shroff,Rahul Singh","0","Allowed","1000"
Kotak Medium Term Fund,"Medium Duration Fund","Growth","1840.372","0.67","CRISIL Medium Duration Debt Index","147","26.6701","Kotak Mahindra Asset Management Company Limited","100","0","Deepak Agrawal,Vihag Mishra","0","Allowed","100"
SBI Income Plus Arbitrage Active FOF,"FoFs (Domestic) - Hybrid","Growth","1834.2806","0.11","NIFTY Composite Debt Index","13","10.5267","SBI Funds Management Limited","5000","0","Ardhendu Bhattacharya","0","Allowed","1000"
ICICI Pru BSE Sensex Index Fund,"Index Fund","Growth","1833.8263400359","0.17","BSE SENSEX - TRI","105","25.0136","ICICI Prudential Asset Management Company Limited","100","0","Nishit Patel,Ajaykumar Solanki,Ashwini Shinde,Venus Ahuja","0","Allowed","100"
Mirae Asset Equity Savings Fund,"Equity Savings","Growth","1831.5672","0.31","NIFTY 50 Equity Savings Index","90","22.393","Mirae Asset Investment Managers (India) Private Limited","5000","0","Harshad Borawake,Vrijesh Kasera,Bharti Sawant,Basant Bafna","1","Allowed","0"
DSP Banking & Financial Services Fund,"Sectoral Fund - Banks & Financial Services","Growth","1828.3248999999998","0.52","Nifty Financial Services - TRI","30","14.474","DSP Investment Managers Private Limited","100","0","Preethi R S","0.5","Allowed","100"
Bandhan Innovation Fund,"Thematic Fund","Growth","1799.9619","0.47","NIFTY 500 - TRI","26","13.865","Bandhan AMC Limited","1000","0","Manish Gunwani,Prateek Poddar,Brijesh Shah","0.5","Allowed","0"
Kotak MNC Fund,"Thematic Fund - MNC","Growth","1791.7764000000002","0.65","NIFTY MNC - TRI","20","12.059","Kotak Mahindra Asset Management Company Limited","100","0","Harsha Upadhyaya,Dhananjay Tikariha,Abhishek Bisen","0.5","Allowed","100"
360 ONE Flexicap Fund,"Flexi Cap Fund","Growth","1787.1290564024","1.07","BSE 500 - TRI","36","15.471","360 ONE Asset Management Limited","1000","0","Mayur Patel,Ashish Ongari","1","Allowed","1000"
HSBC Large Cap Fund,"Large Cap Fund","Growth","1783.5979","1.2","NIFTY 100 - TRI","161","507.643","HSBC Global Asset Management (India) Private Limited","5000","0","Neelotpal Sahai","1","Allowed","500"
Bank of India Small Cap Fund,"Small Cap Fund","Growth","1770.4415","0.49","Nifty Smallcap 250 - TRI","90","55.43","Bank of India Investment Managers Private Limited","5000","0","Alok Singh,Nav Bhardwaj","1","Allowed","0"
Aditya Birla SL Income Fund,"Medium to Long Duration Fund","Growth","1761.4814000000001","0.59","CRISIL Medium to Long Term Debt Index","161","136.6163","Aditya Birla Sun Life AMC Limited","1000","0","Bhupesh Bameta","0","Allowed","0"
Quant Value Fund,"Value Fund","Growth","1756.4507","1.2","NIFTY 500 - TRI","55","23.3","Quant Money Managers Limited","5000","0","Sandeep Tandon,Ankit Pande,Varun Pattani,Ayusha Kumbhat","1","Allowed","1000"
Tata Focused Fund,"Focused Fund","Growth","1745.4056142568998","0.72","NIFTY 500 - TRI","78","25.1877","Tata Asset Management Private Limited","5000","0","Anand Sharma,Hasmukh Vishariya","0.5","Allowed","0"
Bank of India Liquid Fund,"Liquid Fund","Growth","1734.9398999999999","0.07","CRISIL Liquid Debt Index","161","3203.7091","Bank of India Investment Managers Private Limited","5000","0","Mithraem Bharucha","0.005","Not allowed","0"
Aditya Birla SL Gold Fund,"FoFs - Gold","Growth","1731.6301","0.18","Gold-India","161","47.4631","Aditya Birla Sun Life AMC Limited","100","0","Priya Sridhar","1","Allowed","1000"
HDFC NIFTY50 Equal Weight Index Fund,"Index Fund","Growth","1729.6992","0.4","NIFTY50 Equal Weight - TRI","58","18.2596","HDFC Asset Management Company Limited","100","0","Arun Agarwal,Nandita Menezes","0","Allowed","100"
Invesco India Largecap Fund,"Large Cap Fund","Growth","1721.89","0.68","NIFTY 100 - TRI","161","81.56","Invesco Asset Management Company Pvt Ltd.","1000","0","Hiten Jain","0","Allowed","100"
Baroda BNP Paribas Large & Mid Cap Fund,"Large & Mid Cap Fund","Growth","1717.7235999999998","0.72","BSE 250 LargeMidCap Index - TRI","69","28.9149","Baroda BNP Paribas Asset Management India Pvt. Ltd.","5000","0","Sanjay Chawla,Kirtan Mehta","1","Allowed","500"
ICICI Pru MNC Fund,"Thematic Fund - MNC","Growth","1714.7729138852","1.12","NIFTY MNC - TRI","84","31.92","ICICI Prudential Asset Management Company Limited","5000","0","Roshan Chutkey","1","Allowed","100"
DSP World Gold Mining Overseas Equity Omni FoF,"FoFs - Gold","Growth","1709.6787","1.54","FTSE Gold Mines","161","60.924","DSP Investment Managers Private Limited","0","0","Kaivalya Nadkarni","0","Not allowed","0"
Union Midcap Fund,"Mid Cap Fund","Growth","1705.4107999999999","0.64","BSE 150 MidCap - TRI","75","53.79","Union Asset Management Company Pvt. Ltd.","1000","0","Gaurav Chopra,Pratik Dharmshi","1","Allowed","0"
UTI Multi Cap Fund,"Multi Cap Fund","Growth","1699.8756","0.67","Nifty500 Multicap 50:25:25 - TRI","13","10.1817","UTI Asset Management Company Private Limited","1000","0","Karthikraj Lakshmanan","1","Allowed","500"
Axis CRISIL-IBX AAA Bond NBFC - Jun 2027 Index Fund,"Index Funds - Debt Oriented","Growth","1694.2317","0.15","CRISIL IBX AAA NBFC Index - Jun 2027","21","11.2671","Axis Asset Management Company Ltd.","5000","0","Aditya Pagaria","0","Allowed","0"
PGIM India Global Equity Opp FoF,"FoFs (Overseas)","Growth","1693.7223000000001","1.38","MSCI AC World Index","161","59.34","PGIM India Asset Management Private Limited","0","0","Anandha Padmanabhan Anjeneyan,Sharma Vivek","0.5","Allowed","1000"
LIC MF Low Duration Fund,"Low Duration Fund","Growth","1692.2179999999998","0.27","CRISIL Low Duration Debt Index","161","45.1463","LIC Mutual Fund Asset Management Limited","5000","0","Rahul Singh,Pratik Shroff","0","Allowed","0"
HSBC Consumption Fund,"Sectoral Fund - Consumption","Growth","1691.5987","0.93","Nifty India Consumption - TRI","34","14.4468","HSBC Global Asset Management (India) Private Limited","5000","0","Anish Goenka","1","Allowed","0"
Invesco India Low Duration Fund,"Low Duration Fund","Growth","1689.9397","0.27","NIFTY Low Duration Debt Index","161","4142.7856","Invesco Asset Management Company Pvt Ltd.","1000","0","Krishna Cheemalapati,Vikas Garg","0","Allowed","100"
Aditya Birla SL Business Cycle Fund,"Thematic Fund","Growth","1687.2820000000002","0.95","BSE 500 - TRI","54","15.6","Aditya Birla Sun Life AMC Limited","500","0","Pavas Pethia,Harish krishnan","1","Allowed","100"
Kotak Consumption Fund,"Sectoral Fund - Consumption","Growth","1686.7775","0.57","Nifty India Consumption - TRI","31","13.807","Kotak Mahindra Asset Management Company Limited","100","0","Devender Singhal,Abhishek Bisen","0.5","Allowed","100"
Bandhan Nifty100 Low Volatility 30 Index Fund,"Index Fund","Growth","1683.8514000000002","0.3","Nifty100 Low Volatility 30 - TRI","44","15.3726","Bandhan AMC Limited","1000","0","Abhishek Jain,Mayuresh Nagvekar","0","Allowed","100"
HSBC Focused Fund,"Focused Fund","Growth","1678.4677","0.93","NIFTY 500 - TRI","71","27.6747","HSBC Global Asset Management (India) Private Limited","5000","0","Neelotpal Sahai,Sonal Gupta,Mayank Chaturvedi","1","Allowed","1500"
ICICI Pru FMCG Fund,"Sectoral Fund - Consumption","Growth","1676.2523707399","1.68","NIFTY FMCG - TRI","161","471.48","ICICI Prudential Asset Management Company Limited","5000","0","Nitya Mishra","1","Allowed","0"
Bajaj Finserv Multi Asset Allocation Fund,"Multi Asset Allocation Fund","Growth","1676.249401","0.43","Nifty Short Duration Debt Index","24","12.4141","Bajaj Finserv Asset Management Limited","500","0","Anup Kulkarni,Sabyasachi Mukerji,Siddharth Chaudhary,Cheragh Sidhwa","1","Allowed","0"
HDFC Transportation and Logistics Fund,"Thematic Fund","Growth","1674.3978","0.92","Nifty Transportation & Logistics - TRI","34","17.304","HDFC Asset Management Company Limited","100","0","Priya Ranjan","1","Allowed","5000"
Nippon India Gilt Fund-DMDO,"Gilt - Short & Mid Term Fund","Growth","1673.8976","0.55","Nifty All Duration G-Sec Index","155","43.0501","Nippon Life India Asset Management Limited","5000","0","Pranay Sinha,Kinjal Desai","0.25","Allowed","0"
Nippon India Gilt Fund,"Gilt - Short & Mid Term Fund","Growth","1673.8976","0.55","Nifty All Duration G-Sec Index","161","42.9341","Nippon Life India Asset Management Limited","5000","0","Pranay Sinha,Kinjal Desai","0.25","Allowed","0"
Invesco India Financial Services Fund,"Sectoral Fund - Banks & Financial Services","Growth","1673.1314000000002","0.69","Nifty Financial Services - TRI","161","170.17","Invesco Asset Management Company Pvt Ltd.","1000","0","Hiten Jain,Haresh Kapoor","1","Allowed","100"
Sundaram Balanced Advantage Fund,"Dynamic Asset Allocation Fund","Growth","1658.391739","0.66","NIFTY 50 Hybrid Composite Debt 50:50 Index","161","40.7825","Sundaram Asset Management Company Limited","100","0","S. Bharath,Clyton Richard Fernandes,Dwijendra Srivastava","1","Allowed","1000"
DSP Nifty SDL Plus G-Sec Jun 2028 30:70 Index Fund,"Index Funds - Debt Oriented","Growth","1656.8298000000002","0.14","Nifty SDL Plus G-Sec Jun 2028 70:30 Index","51","13.0956","DSP Investment Managers Private Limited","100","0","Shantanu Godambe","0","Allowed","100"
TRUSTMF Small Cap Fund,"Small Cap Fund","Growth","1656.4601","0.4","Nifty Smallcap 250 - TRI","19","11.98","Trust Asset Management Private Limited","1000","0","Mihir Vora,Saurabh Kataria,Aakash Manghani","1","Allowed","0"
UTI Conservative Hybrid Fund,"Conservative Hybrid Fund","Growth","1652.1926","1.4","NIFTY 50 Hybrid Composite Debt 15:85 Index","161","75.0469","UTI Asset Management Company Private Limited","5000","0","Amit Premchandani,Jaydeep Bhowal","1","Allowed","0"
UTI Quant Fund,"Thematic Fund","Growth","1643.6742000000002","0.46","BSE 200 - TRI","17","10.338","UTI Asset Management Company Private Limited","1000","0","Sharwan Kumar Goyal","1","Allowed","1500"
SBI Constant Maturity 10 Year Gilt Fund,"Gilt - Long Term Fund","Growth","1643.3976","0.31","Nifty 10 yr Benchmark G-Sec","161","67.2782","SBI Funds Management Limited","5000","0","Sudhir Agarwal","0","Allowed","3000"
Tata NIFTY 50 Index Fund,"Index Fund","Growth","1634.682307878","0.18","NIFTY 50 - TRI","161","159.9782","Tata Asset Management Private Limited","5000","0","Nitin Sharma,Rakesh Prajapati","0.25","Allowed","150"
LIC MF Multi Cap Fund,"Multi Cap Fund","Growth","1632.3596","1.75","Nifty500 Multicap 50:25:25 - TRI","44","18.1","LIC Mutual Fund Asset Management Limited","5000","0","Dikshit Mittal","1","Allowed","150"
HDFC Developed World Overseas Equity Passive FOF,"FoFs (Overseas)","Growth","1623.1621","0.21","MSCI World","56","21.447","HDFC Asset Management Company Limited","0","0","Arun Agarwal,Nandita Menezes","1","Not allowed","0"
Aditya Birla SL Conglomerate Fund,"Thematic Fund","Growth","1622.5086","0.63","BSE Select Business Groups Index - TRI","18","10.65","Aditya Birla Sun Life AMC Limited","100","0","Harish krishnan,Kunal Sangoi","0.5","Allowed","0"
HDFC Retirement Savings Fund-Hybrid-Equity Plan,"Solution Oriented, Retirement Fund - Equity Oriented","Growth","1616.2244","1.01","NIFTY 50 Hybrid Composite Debt 65:35 Index","124","41.622","HDFC Asset Management Company Limited","100","5","Srinivasan Ramamurthy,Anupam Joshi,Nandita Menezes,Arun Agarwal","0","Allowed","5000"
Sundaram Fin Serv Opp Fund,"Sectoral Fund - Banks & Financial Services","Growth","1612.718378","0.79","Nifty Financial Services - TRI","161","117.2285","Sundaram Asset Management Company Limited","100","0","Rohit Seksaria","0.5","Allowed","0"
Canara Rob Manufacturing Fund,"Thematic Fund","Growth","1608.6659","0.68","Nifty India Manufacturing - TRI","27","13.59","Canara Robeco Asset Management Company Limited","5000","0","Pranav Gokhale,Shridatta Bhandwaldar","1","Allowed","1000"
Bandhan Income Plus Arbitrage Active FOF,"FoFs (Domestic) - Hybrid","Growth","1600.8057999999999","0.03","Nifty 50 Arbitrage - TRI","161","48.0809","Bandhan AMC Limited","1000","0","Harshal Joshi","0","Allowed","100"
Edelweiss Nifty Midcap150 Momentum 50 Index Fund,"Index Fund","Growth","1585.7122","0.5","Nifty Midcap150 Momentum 50 - TRI","43","18.4355","Edelweiss Asset Management Limited","100","0","Bhavesh Jain,Bharat Lahoti,Manasi Jalgaonkar","0.5","Allowed","100"
SBI Retirement Benefit Fund-Aggressive Hybrid Plan,"Solution Oriented, Retirement Fund - Equity Oriented","Growth","1581.777","1.07","CRISIL Hybrid 35+65 - Aggressive Index","64","19.7604","SBI Funds Management Limited","5000","5","Rohit Shimpi,Ardhendu Bhattacharya","0","Allowed","1000"
Sundaram Business Cycle Fund,"Thematic Fund","Growth","1576.415044","0.61","NIFTY 500 - TRI","24","10.6689","Sundaram Asset Management Company Limited","100","0","Madanagopal Ramu,Dwijendra Srivastava,Sandeep Agarwal,Shalav Saket","1","Allowed","1000"
Aditya Birla SL CRISIL-IBX Financial Services 9-12 Months Debt Index Fund,"Index Funds - Debt Oriented","Growth","1576.0983999999999","0.13","CRISIL-IBX Financial Services 9-12 Months Debt Index","15","10.7821","Aditya Birla Sun Life AMC Limited","1000","0","Sanjay Pawar,Mohit Sharma","0","Allowed","0"
SBI Long Duration Fund,"Long Duration Fund","Growth","1569.8996","0.32","CRISIL Long Duration Debt Index","42","12.4332","SBI Funds Management Limited","5000","0","Ardhendu Bhattacharya","0","Allowed","1500"
Quant Quantamental Fund,"Thematic Fund","Growth","1569.1317000000001","0","NIFTY 200 - TRI","62","26.4598","Quant Money Managers Limited","5000","0","Sandeep Tandon,Ankit Pande,Sameer Kate,Varun Pattani","1","Allowed","1000"
Franklin India Technology Fund,"Sectoral Fund - Technology","Growth","1556.240837394","0.96","BSE TECk Index - TRI","161","501.2281","Franklin Templeton Asset Management (India) Private Limited","5000","0","R. Janakiraman,Venkatesh Sanjeevi,Sandeep Manam","1","Allowed","500"
SBI Nifty Smallcap 250 Index Fund,"Index Fund","Growth","1549.0042999999998","0.43","Nifty Smallcap 250 - TRI","44","18.1678","SBI Funds Management Limited","5000","0","Viral Chhadva","0.25","Allowed","500"
Kotak Global Emerging Market Overseas Equity Omni FOF,"FoFs (Overseas)","Growth","1540.2767000000001","0.78","MSCI Emerging Market Index","161","42.493","Kotak Mahindra Asset Management Company Limited","0","0","Arjun Khanna","1","Not allowed","100"
PGIM India Small Cap Fund,"Small Cap Fund","Growth","1539.3352","1.11","Nifty Smallcap 250 - TRI","59","17.77","PGIM India Asset Management Private Limited","5000","0","Utsav Mehta,Sharma Vivek,Vinay Paharia,Puneet Pal","0.5","Allowed","0"
WOC Special Opp Fund,"Thematic Fund","Growth","1538.5810000000001","0","BSE 500 - TRI","24","13.639","WhiteOak Capital Asset Management Limited","500","0","Ramesh Mantri,Dheeresh Pathak,Trupti Agrawal,Piyush Baranwal","0","Allowed","0"
iSIF Equity Ex-Top 100 Long-Short Fund,"Mid Cap Fund","Growth","1535.221174325","0.55","NIFTY 500 - TRI","4","9.94","ICICI Prudential Asset Management Company Ltd. - SIF","1000000","0","Sankaran Naren,Manan Tijoriwala,Divya Jain","1","Allowed","10000"
Axis Value Fund,"Value Fund","Growth","1523.4623000000001","1.04","NIFTY 500 - TRI","57","19.99","Axis Asset Management Company Ltd.","100","0","Nitin Arora,Krishnaa N","1","Allowed","100"
UTI Floater Fund,"Floating Rate Fund","Growth","1521.3057999999999","0.43","CRISIL Short Duration Debt Index","92","1645.1327","UTI Asset Management Company Private Limited","500","0","Pankaj Pathak","0","Allowed","1500"
Invesco India PSU Equity Fund,"Thematic Fund","Growth","1520.1529999999998","0.77","BSE PSU - TRI","161","78.44","Invesco Asset Management Company Pvt Ltd.","1000","0","Sagar Gandhi,Hiten Jain","1","Allowed","100"
SBI CRISIL IBX SDL Index - Sep 2027 Fund,"Index Funds - Debt Oriented","Growth","1518.4025","0.24","CRISIL IBX SDL Index - September 2027","44","12.9921","SBI Funds Management Limited","5000","0","Ranjana Gupta","0.15","Allowed","0"
Aditya Birla SL Dynamic Bond Fund,"Dynamic Bond Fund","Growth","1504.1691","0.55","NIFTY Composite Debt Index","161","51.3443","Aditya Birla Sun Life AMC Limited","1000","0","Mohit Sharma,Bhupesh Bameta","0.5","Allowed","0"
Bandhan Infrastructure Fund,"Sectoral Fund - Infrastructure","Growth","1501.9054","0.73","BSE India Infrastructure Index - TRI","161","56.39","Bandhan AMC Limited","1000","0","Vishal Biraia","0.5","Allowed","0"
Edelweiss Business Cycle Fund,"Thematic Fund","Growth","1498.4686","0.59","NIFTY 500 - TRI","23","9.0276","Edelweiss Asset Management Limited","100","0","Bhavesh Jain,Bharat Lahoti,Amit Vora","1","Allowed","100"
Bajaj Finserv Large Cap Fund,"Large Cap Fund","Growth","1483.499301","0.52","NIFTY 100 - TRI","22","9.918","Bajaj Finserv Asset Management Limited","500","0","Nimesh Chandan,Sorbh Gupta,Siddharth Chaudhary","1","Allowed","0"
DSP Income Plus Arbitrage Omni FoF,"FoFs (Domestic) - Hybrid","Growth","1482.1688000000001","0.41","NIFTY Composite Debt Index","142","23.3195","DSP Investment Managers Private Limited","100","0","Kaivalya Nadkarni,Shantanu Godambe","0","Allowed","0"
Aditya Birla SL Regular Savings Fund,"Conservative Hybrid Fund","Growth","1479.2756","0.82","CRISIL Hybrid 85+15 - Conservative Index","161","77.0929","Aditya Birla Sun Life AMC Limited","1000","0","Mohit Sharma,Harshil Suvarnkar","1","Allowed","0"
Aditya Birla SL Regular Savings Fund(Payment),"Conservative Hybrid Fund","Growth","1479.2756","0.82","CRISIL Hybrid 85+15 - Conservative Index","161","77.0929","Aditya Birla Sun Life AMC Limited","1000","0","Mohit Sharma,Harshil Suvarnkar","1","Allowed","0"
Aditya Birla SL Dividend Yield Fund,"Dividend Yield Fund","Growth","1475.1729","1.14","NIFTY 500 - TRI","161","503.73","Aditya Birla Sun Life AMC Limited","1000","0","Pavas Pethia","1","Allowed","0"
DSP Value Fund,"Value Fund","Growth","1469.2078","0.81","NIFTY 500 - TRI","66","24.334","DSP Investment Managers Private Limited","100","0","Abhishek Singh,Kaivalya Nadkarni","1","Allowed","0"
ICICI Pru Passive Multi-Asset FoF,"FoFs (Domestic) - Hybrid","Growth","1468.692425469","0.08","CRISIL Hybrid 50+50 - Moderate Index","53","16.7399","ICICI Prudential Asset Management Company Limited","0","0","Manish Banthia,Ritesh Lunawat,Nishit Patel,Sharmila Dmello","1","Not allowed","0"
Invesco India Infrastructure Fund,"Sectoral Fund - Infrastructure","Growth","1456.9376000000002","0.75","BSE India Infrastructure Index - TRI","161","78.48","Invesco Asset Management Company Pvt Ltd.","1000","0","Sagar Gandhi","1","Allowed","100"
Aditya Birla SL Transportation and Logistics Fund,"Thematic Fund","Growth","1454.7826","0.74","Nifty Transportation & Logistics - TRI","31","14.87","Aditya Birla Sun Life AMC Limited","500","0","Dhaval Shah","1","Allowed","100"
Sundaram Ultra Short Duration Fund,"Ultra Short Duration Fund","Growth","1454.242176","0.22","NIFTY Ultra Short Duration Debt Index","161","3087.6837","Sundaram Asset Management Company Limited","1000","0","Sandeep Agarwal,Dwijendra Srivastava","0","Allowed","0"
Motilal Oswal Business Cycle Fund,"Thematic Fund","Growth","1454.0564000000002","0.98","NIFTY 500 - TRI","22","11.279","Motilal Oswal Asset Management Company Limited","500","0","Atul Mehra,Ankit Agarwal,Varun Sharma,Rakesh Shetty","1","Allowed","0"
Axis Aggressive Hybrid Fund,"Aggressive Hybrid Fund","Growth","1451.4486","1.17","CRISIL Hybrid 35+65 - Aggressive Index","94","22.03","Axis Asset Management Company Ltd.","500","0","Jayesh Sundar,Devang Shah,Aditya Pagaria,Krishnaa N","1","Allowed","12000"
ICICI Pru Nifty SDL Sep 2027 Index Fund,"Index Funds - Debt Oriented","Growth","1449.12061201","0.16","Nifty SDL Sep 2027 Index","51","12.9884","ICICI Prudential Asset Management Company Limited","1000","0","Darshil Dedhia,Rohit Lakhotia","0","Not allowed","0"
HSBC Balanced Advantage Fund,"Balanced Advantage Fund","Growth","1447.6933","0.81","NIFTY 50 Hybrid Composite Debt 50:50 Index","161","49.9683","HSBC Global Asset Management (India) Private Limited","5000","0","Neelotpal Sahai,Prakriti Banka,Praveen Ayathan,Mahesh Chhabria","1","Allowed","500"
Kotak Banking & Financial Services Fund,"Sectoral Fund - Banks & Financial Services","Growth","1446.7798","0.7","Nifty Financial Services - TRI","40","16.068","Kotak Mahindra Asset Management Company Limited","100","0","Shibani Kurian,Abhishek Bisen","0.5","Allowed","100"
Axis Services Opportunities Fund,"Sectoral Fund - Service Industry","Growth","1442.831803","0.7","Nifty Services Sector - TRI","11","9.44","Axis Asset Management Company Ltd.","100","0","Sachin Relekar,Krishnaa N","1","Allowed","6000"
Kotak Active Momentum Fund,"Thematic Fund","Growth","1441.8264000000001","0.8","NIFTY 500 - TRI","10","10.433","Kotak Mahindra Asset Management Company Limited","5000","0","Rohit Tandon,Abhishek Bisen","0.5","Allowed","100"
Edelweiss Large Cap Fund,"Large Cap Fund","Growth","1439.0281","0.67","NIFTY 100 - TRI","161","93.34","Edelweiss Asset Management Limited","100","0","Bharat Lahoti,Bhavesh Jain","1","Allowed","100"
Kotak Special Opportunities Fund,"Thematic Fund","Growth","1428.9064","0.79","NIFTY 500 - TRI","24","10.403","Kotak Mahindra Asset Management Company Limited","100","0","Devender Singhal,Abhishek Bisen","0.5","Allowed","100"
Sundaram Consumption Fund,"Sectoral Fund - Consumption","Growth","1427.616489","1.26","Nifty India Consumption - TRI","161","97.3711","Sundaram Asset Management Company Limited","100","0","Anuj Bansal,Rohit Seksaria,Shalav Saket","0.5","Allowed","0"
Mirae Asset Ultra Short Duration Fund,"Ultra Short Duration Fund","Growth","1419.7329","0.15","NIFTY Ultra Short Duration Debt Index","68","1395.4579","Mirae Asset Investment Managers (India) Private Limited","5000","0","Basant Bafna","0","Allowed","0"
Zerodha Nifty LargeMidcap 250 Index Fund,"Index Fund","Growth","1410.1801999999998","0.27","NIFTY LargeMidcap 250 - TRI","31","13.9884","Zerodha Asset Management Private Limited","100","0","Kedarnath Mirajkar","0","Allowed","500"
Baroda BNP Paribas Multi Asset Fund,"Multi Asset Allocation Fund","Growth","1408.4605","0.76","Gold-India","42","16.9036","Baroda BNP Paribas Asset Management India Pvt. Ltd.","5000","0","Jitendra Sriram,Vikram Pamnani","1","Allowed","500"
Mahindra Manulife Flexi Cap Fund,"Flexi Cap Fund","Growth","1406.7131","0.44","NIFTY 500 - TRI","58","16.746","Mahindra Manulife Investment Management Private Limited","1000","0","Fatema Pacha,Neelesh Dhamnaskar","1","Allowed","500"
Aditya Birla SL Nifty 50 Index Fund,"Index Fund","Growth","1406.5444","0.15","NIFTY 50 - TRI","161","245.6097","Aditya Birla Sun Life AMC Limited","100","0","Priya Sridhar","0","Allowed","0"
Bank of India ELSS Tax Saver,"Equity Linked Savings Scheme (ELSS)","Growth","1402.5914000000002","0.78","BSE 500 - TRI","161","187.85","Bank of India Investment Managers Private Limited","500","3","Alok Singh","0","Allowed","0"
PGIM India Emerging Markets Equity FoF,"FoFs (Overseas)","Growth","1389.7744","1.29","MSCI Emerging Market Index","161","27.15","PGIM India Asset Management Private Limited","0","0","Anandha Padmanabhan Anjeneyan,Sharma Vivek","0.5","Allowed","1000"
Mirae Asset Overnight Fund,"Overnight Fund","Growth","1389.2739000000001","0.07","Nifty 1D Rate Index","80","1390.9133","Mirae Asset Investment Managers (India) Private Limited","5000","0","Krishnpal Yadav","0","Allowed","0"
Helios Mid Cap Fund,"Mid Cap Fund","Growth","1381.7311","0.62","Nifty Midcap 150 - TRI","15","13.01","Helios Capital Asset Management (India) Private Limited","5000","0","Alok Bahl,Pratik Singh","1","Allowed","0"
Aditya Birla SL G-Sec Fund,"Gilt - Short & Mid Term Fund","Growth","1378.4737","0.42","Nifty All Duration G-Sec Index","161","85.7148","Aditya Birla Sun Life AMC Limited","1000","0","Bhupesh Bameta","0","Allowed","0"
Aditya Birla SL G-Sec Fund,"Gilt - Short & Mid Term Fund","Growth","1378.4737","0.42","Nifty All Duration G-Sec Index","161","85.7148","Aditya Birla Sun Life AMC Limited","1000","0","Bhupesh Bameta","0","Allowed","0"
Axis Multi-Asset Active FoF,"FoFs (Domestic) - Hybrid","Growth","1374.4226999999998","0.06","NIFTY Composite Debt Index","6","10.4206","Axis Asset Management Company Ltd.","100","0","Devang Shah,Aditya Pagaria,Shreyash Devalkar,Mayank Hyanki","1","Allowed","0"
ICICI Pru Exports & Services Fund,"Sectoral Fund - Service Industry","Growth","1365.6523287019","1.6","BSE 500 - TRI","161","176.55","ICICI Prudential Asset Management Company Limited","5000","0","Sankaran Naren,Sri Sharma","1","Allowed","0"
ITI Multi Cap Fund,"Multi Cap Fund","Growth","1364.6357999999998","0.62","Nifty500 Multicap 50:25:25 - TRI","85","27.9244","ITI Asset Management Limited","1000","0","Dhimant Shah,Alok Ranjan","0.5","Allowed","500"
Tata Gold ETF FoF,"FoFs - Gold","Growth","1364.1889649101001","0.28","Gold-India","29","24.1625","Tata Asset Management Private Limited","5000","0","Tapan Patel,Nitin Sharma,Rakesh Prajapati","0.5","Allowed","0"
Tata India Innovation Fund,"Thematic Fund","Growth","1363.2954187632","0.68","NIFTY 500 - TRI","19","9.602","Tata Asset Management Private Limited","5000","0","Meeta Shetty,Hasmukh Vishariya","0.5","Allowed","150"
Aditya Birla SL CRISIL IBX 60:40 SDL + AAA PSU - Apr 2027 Index Fund,"Index Funds - Debt Oriented","Growth","1362.6047","0.18","CRISIL IBX 60:40 SDL + AAA PSU Index - April 2027","51","12.9063","Aditya Birla Sun Life AMC Limited","500","0","Mohit Sharma","0","Allowed","0"
ITI Mid Cap Fund,"Mid Cap Fund","Growth","1358.0471","0.56","Nifty Midcap 150 - TRI","63","24.4763","ITI Asset Management Limited","5000","0","Alok Ranjan,Dhimant Shah","0.5","Allowed","0"
Aditya Birla SL Credit Risk Fund,"Credit Risk Fund","Growth","1353.3064000000002","0.67","CRISIL Credit Risk Debt Index","134","27.1566","Aditya Birla Sun Life AMC Limited","100","0","Sunaina da Cunha,Mohit Sharma","1","Allowed","100"
ICICI Pru Nifty 100 Low Volatility 30 ETF FOF,"FoFs (Domestic) - Equity Oriented","Growth","1352.8011421618","0.09","Nifty100 Low Volatility 30 - TRI","62","17.9092","ICICI Prudential Asset Management Company Limited","1000","0","Nishit Patel,Ashwini Shinde,Venus Ahuja","0","Allowed","100"
LIC MF Large Cap Fund,"Large Cap Fund","Growth","1352.1067","2.44","NIFTY 100 - TRI","161","59.0552","LIC Mutual Fund Asset Management Limited","5000","0","Sumit Bhatnagar,Mahesh Bendre","1","Allowed","0"
ICICI Pru ESG Exclusionary Strategy Fund,"Thematic Fund","Growth","1350.7549125188002","0.99","NIFTY100 ESG - TRI","68","22.19","ICICI Prudential Asset Management Company Limited","5000","0","Mittul Kalawadia","1","Allowed","0"
UTI Banking and Financial Services Fund,"Sectoral Fund - Banks & Financial Services","Growth","1350.2907","3.42","Nifty Financial Services - TRI","161","212.8332","UTI Asset Management Company Private Limited","5000","0","Amit Premchandani,Bhavesh Kanani","1","Allowed","0"
Nippon India Credit Risk Fund,"Credit Risk Fund","Growth","1343.4345","0.96","CRISIL Credit Risk Debt Index","161","41","Nippon Life India Asset Management Limited","500","0","Sushil Budhia,Kinjal Desai","1","Allowed","100"
Tata Resources & Energy Fund,"Sectoral Fund - Energy & Power","Growth","1343.333169455","0.57","NIFTY COMMODITIES - TRI","126","57.7801","Tata Asset Management Private Limited","5000","0","Satish Chandra Mishra","0.25","Allowed","150"
UTI Gold ETF FoF,"FoFs - Gold","Growth","1333.0447","0.16","Gold-India","44","30.2989","UTI Asset Management Company Private Limited","5000","0","Sharwan Kumar Goyal,Ayush Jain","1","Allowed","1500"
Motilal Oswal Focused Fund,"Focused Fund","Growth","1331.8995000000002","2.87","NIFTY 500 - TRI","157","53.2539","Motilal Oswal Asset Management Company Limited","500","0","Atul Mehra,Ankit Agarwal,Varun Sharma,Rakesh Shetty","1","Allowed","6000"
Union Multicap Fund,"Multi Cap Fund","Growth","1329.1604","0.82","Nifty500 Multicap 50:25:25 - TRI","42","16.91","Union Asset Management Company Pvt. Ltd.","1000","0","Harshad Patwardhan,Sanjay Bembalkar","1","Allowed","500"
Nippon India Nifty Alpha Low Volatility 30 Index Fund,"Index Fund","Growth","1328.6654999999998","0.35","NIFTY Alpha Low-Volatility 30 - TRI","46","15.4522","Nippon Life India Asset Management Limited","1000","0","Jitendra Tolani","0","Allowed","0"
HDFC Technology Fund,"Sectoral Fund - Technology","Growth","1328.4770999999998","0.98","BSE TECk Index - TRI","33","11.356","HDFC Asset Management Company Limited","100","0","Balakumar B","1","Allowed","100"
Sundaram Value Fund,"Value Fund","Growth","1323.0391200000001","1.64","NIFTY 500 - TRI","161","219.7352","Sundaram Asset Management Company Limited","100","0","S. Bharath,Siddarth Mohta,Sandeep Agarwal,Shalav Saket","1","Allowed","750"
Quant Momentum Fund,"Thematic Fund","Growth","1318.9129","1.41","NIFTY 500 - TRI","31","15.2867","Quant Money Managers Limited","5000","0","Sandeep Tandon,Ankit Pande,Sameer Kate,Varun Pattani","1","Allowed","0"
Edelweiss Equity Savings Fund,"Equity Savings","Growth","1313.1794","1.16","NIFTY 50 Equity Savings Index","140","29.3582","Edelweiss Asset Management Limited","100","0","Bhavesh Jain,Bharat Lahoti,Rahul Dedhia,Kedar Karnik","0.25","Allowed","100"
Mahindra Manulife Business Cycle Fund,"Thematic Fund","Growth","1306.3953","0.48","NIFTY 500 - TRI","33","15.8973","Mahindra Manulife Investment Management Private Limited","1000","0","Krishna Sanghavi,Vishal Jajoo,Renjith Sivaram","1","Allowed","500"
Mirae Asset Gold Silver Passive FoF,"FoFs - Gold","Growth","1306.3553","0.08","Silver","10","18.289","Mirae Asset Investment Managers (India) Private Limited","5000","0","Ritesh Patel","0.05","Allowed","0"
DSP Global Innovation Overseas Equity Omni FoF,"FoFs (Overseas)","Growth","1306.0213","1.08","MSCI ACWI Net TRI","52","21.6437","DSP Investment Managers Private Limited","0","0","Kaivalya Nadkarni","0","Not allowed","0"
Baroda BNP Paribas India Consumption Fund,"Sectoral Fund - Consumption","Growth","1301.4157","0.6","Nifty India Consumption - TRI","93","32.5983","Baroda BNP Paribas Asset Management India Pvt. Ltd.","5000","0","Sanjay Chawla,Himanshu Singh","1","Allowed","0"
Sundaram ELSS Tax Saver Fund,"Equity Linked Savings Scheme (ELSS)","Growth","1296.12718102","1.64","NIFTY 500 - TRI","161","518.3006","Sundaram Asset Management Company Limited","500","3","S. Bharath,Rohit Seksaria","0","Allowed","0"
Bandhan Medium Duration Fund,"Medium Duration Fund","Growth","1294.2637","0.55","NIFTY Medium Duration Debt Index","161","51.73","Bandhan AMC Limited","1000","0","Suyash Choudhary","0","Allowed","100"
ITI Flexi Cap Fund,"Flexi Cap Fund","Growth","1290.3286","0.63","NIFTY 500 - TRI","40","18.9301","ITI Asset Management Limited","5000","0","Dhimant Shah,Nilay Dalal","0.5","Allowed","0"
Franklin India Corp Debt Fund-A,"Corporate Bond Fund","Growth","1283.404421377","0.21","NIFTY Corporate Bond Index","161","113.475","Franklin Templeton Asset Management (India) Private Limited","10000","0","Anuj Tagra,Chandni Gupta,Rahul Goswami","0","Allowed","0"
Bank of India Mid & Small Cap Equity & Debt Fund,"Aggressive Hybrid Fund","Growth","1281.951","0.69","Nifty MidSmallcap 400 - TRI","119","44.29","Bank of India Investment Managers Private Limited","5000","0","Alok Singh","1","Allowed","0"
DSP Gilt Fund,"Gilt - Short & Mid Term Fund","Growth","1278.9206","0.49","CRISIL Dynamic Gilt Index","161","101.8716","DSP Investment Managers Private Limited","100","0","Shantanu Godambe,Sandeep Yadav","0","Allowed","100"
Canara Rob Multi Asset Allocation Fund,"Multi Asset Allocation Fund","Growth","1271.2161","0.54","Silver","13","11.03","Canara Robeco Asset Management Company Limited","5000","0","Amit Kadam,Ennettee Fernandes,Bhupesh Kalyani,Avnish Jain","1","Allowed","1000"
Canara Rob Value Fund,"Value Fund","Growth","1267.4917","0.62","BSE 500 - TRI","57","18.87","Canara Robeco Asset Management Company Limited","5000","0","Vishal Mishra,Silky Jain","1","Allowed","1000"
ICICI Pru Children's Fund,"Solution Oriented - Children's Fund","Growth","1266.3145178706","2.05","NIFTY 50 Hybrid Composite Debt 65:35 Index","161","361.12","ICICI Prudential Asset Management Company Limited","5000","0","Aatur Shah,Darshil Dedhia,Rohit Lakhotia","0","Allowed","100"
Quant Liquid Plan,"Liquid Fund","Growth","1266.3058","0.3","CRISIL Liquid Debt Index","161","44.5957","Quant Money Managers Limited","5000","0","Sanjeev Sharma,Haroonvardhan Sirohi","0.0055","Allowed","3000"
DSP NIFTY Next 50 Index Fund,"Index Fund","Growth","1261.0303999999999","0.24","NIFTY NEXT 50 - TRI","88","27.4337","DSP Investment Managers Private Limited","100","0","Anil Ghelani,Diipesh Shah,Neha Rathi","0","Allowed","100"
Baroda BNP Paribas Arbitrage Fund,"Arbitrage Fund","Growth","1255.4115","0.25","Nifty 50 Arbitrage","114","17.9101","Baroda BNP Paribas Asset Management India Pvt. Ltd.","5000","0","Neeraj Saxena,Meenakshi Gururaj,Vikram Pamnani","0.25","Allowed","500"
Bajaj Finserv Multi Cap Fund,"Multi Cap Fund","Growth","1251.030604","0.57","Nifty500 Multicap 50:25:25 - TRI","16","11.667","Bajaj Finserv Asset Management Limited","500","0","Nimesh Chandan,Sorbh Gupta,Siddharth Chaudhary","1","Allowed","0"
WOC Arbitrage Fund,"Arbitrage Fund","Growth","1245.5734","0.38","Nifty 50 Arbitrage - TRI","21","11.262","WhiteOak Capital Asset Management Limited","500","0","Ramesh Mantri,Ashish Agarwal,Piyush Baranwal,Bhavin Patadia","0.25","Allowed","100"
SBI US Specific Equity Active FoF,"FoFs (Overseas)","Growth","1242.6228999999998","0.92","S&P 500","63","25.7847","SBI Funds Management Limited","0","0","Rohit Shimpi","1","Not allowed","0"
Union Balanced Advantage Fund,"Balanced Advantage Fund","Growth","1241.3718","0.89","NIFTY 50 Hybrid Composite Debt 50:50 Index","102","21.57","Union Asset Management Company Pvt. Ltd.","1000","0","Sanjay Bembalkar,Gaurav Chopra,Parijat Agrawal,Vishal Thakker","1","Allowed","500"
Tata India Pharma & Healthcare Fund,"Sectoral Fund - Pharma & Health Care","Growth","1229.4218153961","0.72","BSE Health Care - TRI","126","37.3771","Tata Asset Management Private Limited","5000","0","Rajat Srivastava","0.25","Allowed","0"
Bajaj Finserv Balanced Advantage Fund,"Balanced Advantage Fund","Growth","1228.803196","0.48","NIFTY 50 Hybrid Composite Debt 50:50 Index","30","11.614","Bajaj Finserv Asset Management Limited","500","0","Nimesh Chandan,Sorbh Gupta,Siddharth Chaudhary","1","Allowed","500"
UTI Banking & PSU Fund,"Banking & PSU Fund","Growth","1206.4258","0.21","NIFTY Banking and PSU Debt Index","148","23.4089","UTI Asset Management Company Private Limited","500","0","Anurag Mittal","0","Allowed","500"
Navi Nifty Next 50 Index Fund,"Index Fund","Growth","1192.9254429999999","0.15","NIFTY NEXT 50 - TRI","53","16.4949","Navi AMC Limited","100","0","Ashutosh Shirwaikar","0","Allowed","100"
Aditya Birla SL Silver ETF FOF,"FoFs (Domestic) - Silver","Growth","1189.1665","0.27","Silver","52","41.0556","Aditya Birla Sun Life AMC Limited","100","0","Priya Sridhar","0.5","Allowed","0"
Franklin India Dynamic Asset Allocation Active FOFs,"FoFs (Domestic) - Hybrid","Growth","1181.185865106","0.97","CRISIL Hybrid 50+50 - Moderate Index","161","184.3349","Franklin Templeton Asset Management (India) Private Limited","5000","0","Rajasa Kakulavarapu,Venkatesh Sanjeevi,Chandni Gupta","1","Allowed","500"
Navi Nasdaq100 US Specific Equity Passive FOF,"FoFs (Overseas)","Growth","1179.091645","0.16","Nasdaq-100","51","25.3047","Navi AMC Limited","0","0","Ashutosh Shirwaikar","0","Not allowed","0"
Aditya Birla SL Infrastructure Fund,"Sectoral Fund - Infrastructure","Growth","1168.6306","1.15","Nifty Infrastructure - TRI","161","111.98","Aditya Birla Sun Life AMC Limited","1000","0","Jonas Bhutta","1","Allowed","100"
Canara Rob Balanced Advantage Fund,"Balanced Advantage Fund","Growth","1165.3403","0.71","CRISIL Hybrid 50+50 - Moderate Index","22","10.17","Canara Robeco Asset Management Company Limited","5000","0","Ennettee Fernandes,Pranav Gokhale,Suman Prasad,Amit Kadam","1","Allowed","0"
WOC Large Cap Fund,"Large Cap Fund","Growth","1163.5677","1.03","BSE 100 - TRI","42","15.135","WhiteOak Capital Asset Management Limited","500","0","Ramesh Mantri,Trupti Agrawal,Piyush Baranwal,Dheeresh Pathak","0","Allowed","100"
JM Midcap Fund,"Mid Cap Fund","Growth","1161.709069945","0.79","Nifty Midcap 150 - TRI","43","20.9458","JM Financial Asset Management Private Limited","1000","0","Satish Ramanathan,Asit Bhandarkar,Deepak Gupta.,Ruchi Fozdar","1","Allowed","250"
Axis Silver FoF,"FoFs (Domestic) - Silver","Growth","1160.5016","0.09","Silver","45","45.2273","Axis Asset Management Company Ltd.","5000","0","Aditya Pagaria,Pratik Tibrewal","0.25","Allowed","12000"
Aditya Birla SL Mfg. Equity Fund,"Thematic Fund","Growth","1157.6338","1.1","BSE India Manufacturing Index - TRI","136","39.61","Aditya Birla Sun Life AMC Limited","1000","0","Dhaval Joshi","1","Allowed","100"
ICICI Pru Retirement Fund-Hybrid Aggressive Plan,"Solution Oriented, Retirement Fund - Equity Oriented","Growth","1156.5549189202","0.89","CRISIL Hybrid 35+65 - Aggressive Index","88","30.38","ICICI Prudential Asset Management Company Limited","5000","5","Manasvi Shah,Darshil Dedhia,Rohit Lakhotia","0","Allowed","5000"
Unifi Dynamic Asset Allocation Fund,"Dynamic Asset Allocation Fund","Growth","1150.255211001","1.43","CRISIL Hybrid 50+50 - Moderate Index","15","10.9319","Unifi Asset Management Pvt. Ltd.","5000","0","Saravanan V N,Aejas Lakhani,Karthik Srinivas","1.5","Allowed","0"
HSBC Business Cycles Fund,"Thematic Fund","Growth","1149.1152","1.39","NIFTY 500 - TRI","142","45.6611","HSBC Global Asset Management (India) Private Limited","5000","0","Gautam Bhupal","1","Allowed","0"
DSP Nifty Top 10 Equal Weight Index Fund,"Index Fund","Growth","1147.6349","0.21","Nifty Top 10 Equal Weight - TRI","21","8.904","DSP Investment Managers Private Limited","100","0","Anil Ghelani,Diipesh Shah,Neha Rathi","0","Allowed","100"
Baroda BNP Paribas Aggressive Hybrid Fund,"Aggressive Hybrid Fund","Growth","1145.5697","0.51","CRISIL Hybrid 35+65 - Aggressive Index","110","31.9026","Baroda BNP Paribas Asset Management India Pvt. Ltd.","5000","0","Jitendra Sriram,Gurvinder Singh Wasan","1","Allowed","500"
UTI Healthcare Fund,"Sectoral Fund - Pharma & Health Care","Growth","1143.575","1.36","BSE Health Care - TRI","161","352.6471","UTI Asset Management Company Private Limited","5000","0","Kamal Gada","1","Allowed","1500"
DSP Business Cycle Fund,"Thematic Fund","Growth","1142.9267","0.59","NIFTY 500 - TRI","18","10.266","DSP Investment Managers Private Limited","100","0","Anish Tawakley,Sandeep Yadav","0.5","Allowed","100"
Canara Rob Savings Fund,"Low Duration Fund","Growth","1139.5447","0.18","CRISIL Low Duration Debt Index","161","45.5364","Canara Robeco Asset Management Company Limited","5000","0","Bhupesh Kalyani,Avnish Jain","0","Allowed","2000"
Nippon India Taiwan Equity Fund,"Thematic Fund - Global","Growth","1138.6694","0.88","Taiwan Capitalization Weighted Stock Index","54","35.3989","Nippon Life India Asset Management Limited","0","0","Kinjal Desai,Amber Singhania","1","Not allowed","0"
Motilal Oswal Nifty Smallcap 250 Index Fund,"Index Fund","Growth","1117.0271","0.4","Nifty Smallcap 250 - TRI","81","37.3135","Motilal Oswal Asset Management Company Limited","500","0","Swapnil P Mayekar,Dishant Mehta,Rakesh Shetty","1","Allowed","0"
Bandhan Business Cycle Fund,"Thematic Fund","Growth","1108.4288000000001","0.53","NIFTY 500 - TRI","21","9.617","Bandhan AMC Limited","1000","0","Vishal Biraia,Ritika Behera,Harshal Joshi,Gaurav Satra","0.5","Allowed","100"
Union Innovation & Opp Fund,"Thematic Fund","Growth","1105.1492","0.68","NIFTY 500 - TRI","33","14.41","Union Asset Management Company Pvt. Ltd.","1000","0","Gaurav Chopra,Sanjay Bembalkar","1","Allowed","500"
HDFC Nifty G-Sec Dec 2026 Index Fund,"Index Funds - Debt Oriented","Growth","1100.6468","0.2","Nifty G-sec Dec 2026 Index","43","12.8186","HDFC Asset Management Company Limited","100","0","Anupam Joshi,Sankalp Baid","0","Allowed","2500"
Kotak CRISIL-IBX Financial Services 9 to 12 Months Debt Index Fund,"Index Funds - Debt Oriented","Growth","1100.5339","0.12","CRISIL-IBX Financial Services 9-12 Months Debt Index","9","10.3506","Kotak Mahindra Asset Management Company Limited","100","0","Manu Sharma","0","Allowed","100"
UTI Children's Equity Fund-Scholarship,"Solution Oriented - Children's Fund","Growth","1096.0537","1.19","NIFTY 500 - TRI","161","88.4066","UTI Asset Management Company Private Limited","0","0","Sachin Trivedi","0","Not allowed","500"
UTI Children's Equity Fund,"Solution Oriented - Children's Fund","Growth","1096.0537","1.19","NIFTY 500 - TRI","161","88.4066","UTI Asset Management Company Private Limited","1000","0","Sachin Trivedi","0","Allowed","500"
Aditya Birla SL Equity Savings Fund,"Equity Savings","Growth","1087.3711","0.45","NIFTY 50 Equity Savings Index - TRI","139","25.4","Aditya Birla Sun Life AMC Limited","1000","0","Lovelish Solanki,Atul Penkar,Harshil Suvarnkar,Rohit Karan","0.25","Allowed","0"
Baroda BNP Paribas Flexi Cap Fund,"Flexi Cap Fund","Growth","1086.8002999999999","0.86","NIFTY 500 - TRI","46","16.253","Baroda BNP Paribas Asset Management India Pvt. Ltd.","5000","0","Sanjay Chawla,Kirtan Mehta","1","Allowed","500"
HDFC Housing Opp Fund,"Thematic Fund","Growth","1086.2417","1.25","Nifty Housing - TRI","102","23.115","HDFC Asset Management Company Limited","100","0","Srinivasan Ramamurthy","1","Allowed","100"
HSBC India Export Opportunities Fund,"Thematic Fund","Growth","1086.1831","0.85","NIFTY 500 - TRI","21","10.4477","HSBC Global Asset Management (India) Private Limited","5000","0","Abhishek Gupta,Siddharth Vora,Mayank Chaturvedi","1","Allowed","0"
DSP NIFTY 50 Index Fund,"Index Fund","Growth","1085.2589","0.15","NIFTY 50 - TRI","88","23.2195","DSP Investment Managers Private Limited","100","0","Anil Ghelani,Diipesh Shah,Neha Rathi","0","Allowed","0"
TRUSTMF Flexi Cap Fund,"Flexi Cap Fund","Growth","1081.3157","0.56","NIFTY 500 - TRI","26","11.62","Trust Asset Management Private Limited","1000","0","Mihir Vora,Saurabh Kataria,Aakash Manghani","1","Allowed","0"
SBI Comma Fund,"Thematic Fund","Growth","1081.0245","1.62","NIFTY COMMODITIES - TRI","161","127.1036","SBI Funds Management Limited","5000","0","Dinesh Balachandran","0.5","Allowed","5000"
Sundaram Equity Savings Fund,"Equity Savings","Growth","1079.019654","0.75","NIFTY 50 Equity Savings Index","161","82.2298","Sundaram Asset Management Company Limited","100","0","Clyton Richard Fernandes,Rohit Seksaria,Dwijendra Srivastava","0.5","Allowed","100"
Aditya Birla SL Income Plus Arbitrage Active FOF,"FoFs (Domestic) - Debt Oriented","Growth","1074.8567","0.05","CRISIL Short Term Bond Index","161","41.2362","Aditya Birla Sun Life AMC Limited","100","0","Kaustubh Gupta,Harshil Suvarnkar","0","Allowed","0"
Bank of India Multi Cap Fund,"Multi Cap Fund","Growth","1074.3857","0.78","Nifty500 Multicap 50:25:25 - TRI","39","19.4","Bank of India Investment Managers Private Limited","5000","0","Nitin Gosar","1","Allowed","0"
Invesco India Ultra Short Duration Fund,"Ultra Short Duration Fund","Growth","1073.2742","0.21","NIFTY Ultra Short Duration Debt Index","161","3038.4279","Invesco Asset Management Company Pvt Ltd.","1000","0","Krishna Cheemalapati,Vikas Garg","0","Allowed","1000"
Axis Dynamic Bond Fund,"Dynamic Bond Fund","Growth","1073.086801","0.33","NIFTY Composite Debt Index","161","33.6662","Axis Asset Management Company Ltd.","5000","0","Devang Shah,Hardik Shah","0","Allowed","1000"
Axis ESG Integration Strategy Fund,"Thematic Fund","Growth","1072.2227","1.35","NIFTY100 ESG - TRI","76","21.94","Axis Asset Management Company Ltd.","100","0","Vishal Agarwal,Krishnaa N","1","Allowed","0"
Kotak Nifty Next 50 Index Fund,"Index Fund","Growth","1066.5586","0.1","NIFTY NEXT 50 - TRI","63","20.2925","Kotak Mahindra Asset Management Company Limited","100","0","Satish Dondapati,Jeetu Valechha Sonar","0","Allowed","100"
Tata Silver ETF FoF,"FoFs (Domestic) - Silver","Growth","1066.4073107999","0.22","Silver","29","34.6301","Tata Asset Management Private Limited","5000","0","Tapan Patel,Nitin Sharma,Rakesh Prajapati","0.5","Allowed","0"
Baroda BNP Paribas Small Cap Fund,"Small Cap Fund","Growth","1066.1616000000001","0.81","Nifty Smallcap 250 - TRI","32","13.8274","Baroda BNP Paribas Asset Management India Pvt. Ltd.","5000","0","Sanjay Chawla,Himanshu Singh","1","Allowed","500"
Tata Gilt Securities Fund,"Gilt - Short & Mid Term Fund","Growth","1060.8214060318999","0.28","CRISIL Dynamic Gilt Index","161","87.2193","Tata Asset Management Private Limited","5000","0","Akhil Mittal","0","Allowed","1500"
HSBC Low Duration Fund,"Low Duration Fund","Growth","1057.9681","0.41","NIFTY Low Duration Debt Index","161","31.8668","HSBC Global Asset Management (India) Private Limited","5000","0","Shriram Ramanathan,Mohd Asif Rizwi","0","Allowed","1500"
Baroda BNP Paribas Value Fund,"Value Fund","Growth","1056.3788","0.99","NIFTY 500 - TRI","36","14.1692","Baroda BNP Paribas Asset Management India Pvt. Ltd.","5000","0","Jitendra Sriram,Himanshu Singh","1","Allowed","250"
DSP US Specific Equity Omni FoF,"FoFs (Overseas)","Growth","1055.3111999999999","1.37","Russell 1000 Index","161","104.0889","DSP Investment Managers Private Limited","0","0","Kaivalya Nadkarni","0","Not allowed","0"
360 ONE Liquid Fund,"Liquid Fund","Growth","1047.6465884491","0.23","CRISIL Liquid Debt Index","151","2130.7782","360 ONE Asset Management Limited","5000","0","Milan Mody,Viral Mehta","0.0065","Allowed","1000"
LIC MF Infra Fund,"Sectoral Fund - Infrastructure","Growth","1046.6526","0.83","Nifty Infrastructure - TRI","161","60.2688","LIC Mutual Fund Asset Management Limited","5000","0","Mahesh Bendre,Sumit Bhatnagar","1","Allowed","200"
Aditya Birla SL Bal Bhavishya Yojna,"Solution Oriented - Children's Fund","Growth","1043.9857000000002","0.82","NIFTY 500 - TRI","88","22.35","Aditya Birla Sun Life AMC Limited","1000","5","Harshil Suvarnkar,Chanchal Khandelwal","0","Allowed","0"
Tata Dividend Yield Fund,"Dividend Yield Fund","Growth","1043.8897718659","0.65","NIFTY 500 - TRI","61","20.6803","Tata Asset Management Private Limited","5000","0","Sailesh Jain,Murthy Nagarajan,Hasmukh Vishariya","0.5","Allowed","150"
SBI Nifty Midcap 150 Index Fund,"Index Fund","Growth","1042.1381","0.47","Nifty Midcap 150 - TRI","44","19.5367","SBI Funds Management Limited","5000","0","Viral Chhadva","0.25","Allowed","5000"
Axis Innovation Fund,"Thematic Fund","Growth","1039.281201","1.18","NIFTY 500 - TRI","66","20.11","Axis Asset Management Company Ltd.","100","0","Ashish Naik,Krishnaa N","1","Allowed","0"
Kotak Gold Silver Passive FOF,"FoFs - Gold","Growth","1039.2682","0.19","Silver","8","16.659","Kotak Mahindra Asset Management Company Limited","100","0","Rohit Tandon,Abhishek Bisen","0","Allowed","100"
ICICI Pru Nifty Midcap 150 Index Fund,"Index Fund","Growth","1036.0203463933","0.14","Nifty Midcap 150 - TRI","54","20.0581","ICICI Prudential Asset Management Company Limited","100","0","Nishit Patel,Ajaykumar Solanki,Ashwini Shinde,Venus Ahuja","0","Allowed","100"
Aditya Birla SL Special Opp Fund,"Thematic Fund","Growth","1030.2154","0.99","BSE 500 - TRI","68","28.24","Aditya Birla Sun Life AMC Limited","500","0","Dhaval Gala","1","Allowed","100"
Motilal Oswal Consumption Fund,"Sectoral Fund - Consumption","Growth","1028.6112","0.55","Nifty India Consumption - TRI","8","9.3358","Motilal Oswal Asset Management Company Limited","500","0","Varun Sharma,Aliasgar Shakir,Rakesh Shetty","1","Allowed","500"
Invesco India Balanced Advantage Fund,"Dynamic Asset Allocation Fund","Growth","1024.2767","0.69","NIFTY 50 Hybrid Composite Debt 50:50 Index","161","61.37","Invesco Asset Management Company Pvt Ltd.","1000","0","Amey Sathe,Manish Kalani,Krishna Cheemalapati","0.25","Allowed","100"
Mahindra Manulife Multi Asset Allocation Fund,"Multi Asset Allocation Fund","Growth","1020.6451","0.26","Gold-India","27","13.9024","Mahindra Manulife Investment Management Private Limited","1000","0","Renjith Sivaram,Rahul Pal,Kush Sonigara","0.5","Allowed","0"
Sundaram Focused Fund,"Focused Fund","Growth","1019.952124","1.29","NIFTY 500 - TRI","161","171.6311","Sundaram Asset Management Company Limited","300","0","Ashwin Jain","0.25","Allowed","0"
Quantum Value Fund,"Value Fund","Growth","1018.4114","1.09","BSE 500 - TRI","243","122.74","Quantum Asset Management Company Private Limited","500","0","George Thomas,Christy Mathai","2","Allowed","0"
Axis Momentum Fund,"Thematic Fund","Growth","1018.1587","0.85","NIFTY 500 - TRI","18","8.97","Axis Asset Management Company Ltd.","100","0","Nandik Mallik","1","Allowed","0"
Motilal Oswal Liquid Fund,"Liquid Fund","Growth","1016.6546000000001","0.2","CRISIL Liquid Debt Index","90","14.6584","Motilal Oswal Asset Management Company Limited","500","0","Rakesh Shetty","0.005","Allowed","1500"
Invesco India Business Cycle Fund,"Thematic Fund","Growth","1015.655","0.58","NIFTY 500 - TRI","16","13.03","Invesco Asset Management Company Pvt Ltd.","100","0","Aditya Khemani","0.5","Allowed","0"
Mahindra Manulife Liquid Fund,"Liquid Fund","Growth","1012.3222000000001","0.13","CRISIL Liquid Debt Index","119","1811.8115","Mahindra Manulife Investment Management Private Limited","1000","0","Rahul Pal,Amit Garg","0.0045","Not allowed","0"
Edelweiss Focused Fund,"Focused Fund","Growth","1011.9883","0.72","NIFTY 500 - TRI","46","17.215","Edelweiss Asset Management Limited","100","0","Trideep Bhattacharya,Sumanta Khan,Raj Koradia","1","Allowed","0"
HDFC Consumption Fund,"Thematic Fund","Growth","997.3871","1.07","Nifty India Consumption - TRI","35","13.513","HDFC Asset Management Company Limited","100","0","Amit Sinha","1","Allowed","1500"
LIC MF ELSS Tax Saver,"Equity Linked Savings Scheme (ELSS)","Growth","993.7661","1.04","NIFTY 500 - TRI","161","161.213","LIC Mutual Fund Asset Management Limited","500","3","Sumit Bhatnagar","0","Allowed","1000"
Sundaram Infra Advantage Fund,"Sectoral Fund - Infrastructure","Growth","990.19569011189","1.7","Nifty Infrastructure - TRI","161","108.87","Sundaram Asset Management Company Limited","100","0","Siddarth Mohta","0.5","Allowed","0"
Mirae Asset Diversified Equity Allocator Passive FOF,"FoFs (Domestic) - Equity Oriented","Growth","988.7933","0.04","NIFTY 200 - TRI","69","24.546","Mirae Asset Investment Managers (India) Private Limited","5000","0","Siddharth Srivastava","0.05","Allowed","99"
Edelweiss Recently Listed IPO Fund,"Thematic Fund","Growth","984.0872","0.99","India Recent 100 IPO Index","100","30.2942","Edelweiss Asset Management Limited","100","0","Bhavesh Jain,Bharat Lahoti","2","Allowed","100"
Nippon India Nifty 500 Momentum 50 Index Fund,"Index Fund","Growth","983.4802000000001","0.28","Nifty500 Momentum 50 - TRI","21","8.2038","Nippon Life India Asset Management Limited","1000","0","Jitendra Tolani","0","Allowed","0"
Kotak Nifty 50 Index Fund,"Index Fund","Growth","980.6852","0.07","NIFTY 50 - TRI","60","15.624","Kotak Mahindra Asset Management Company Limited","100","0","Satish Dondapati,Abhishek Bisen,Jeetu Valechha Sonar","0","Allowed","100"
LIC MF Flexi Cap Fund,"Flexi Cap Fund","Growth","973.2846000000001","2.39","NIFTY 500 - TRI","161","106.5312","LIC Mutual Fund Asset Management Limited","5000","0","Sudhanshu Asthana","1","Allowed","1000"
Axis Nifty 50 Index Fund,"Index Fund","Growth","972.0652","0.21","NIFTY 50 - TRI","54","14.3023","Axis Asset Management Company Ltd.","100","0","Nandik Mallik,Rohit Gautam","0","Allowed","12000"
Quant Business Cycle Fund,"Thematic Fund","Growth","964.6781","1.93","NIFTY 500 - TRI","37","16.7876","Quant Money Managers Limited","5000","0","Sandeep Tandon,Ankit Pande,Varun Pattani,Ayusha Kumbhat","1","Allowed","0"
Tata Nifty Midcap 150 Momentum 50 Index Fund,"Index Fund","Growth","963.633793458","0.44","Nifty Midcap150 Momentum 50 - TRI","44","18.4102","Tata Asset Management Private Limited","5000","0","Nitin Sharma,Rakesh Prajapati","0.25","Allowed","150"
Bandhan Financial Services Fund,"Sectoral Fund - Banks & Financial Services","Growth","956.248","0.54","Nifty Financial Services - TRI","35","14.761","Bandhan AMC Limited","1000","0","Ritu Modi,Harshvardhan Agrawal,Harshal Joshi","0.5","Allowed","0"
Bajaj Finserv Arbitrage Fund,"Arbitrage Fund","Growth","953.997692999999","0.3","Nifty 50 Arbitrage - TRI","33","12.01","Bajaj Finserv Asset Management Limited","500","0","Ilesh Savla,Siddharth Chaudhary","0.25","Allowed","500"
SBI Nifty50 Equal Weight Index Fund,"Index Fund","Growth","952.4691","0.47","NIFTY50 Equal Weight - TRI","29","12.025","SBI Funds Management Limited","5000","0","Viral Chhadva","0.25","Allowed","3000"
Nippon India Conservative Hybrid Fund,"Conservative Hybrid Fund","Growth","951.13","1.1","CRISIL Hybrid 85+15 - Conservative Index","161","67.1632","Nippon Life India Asset Management Limited","5000","0","Sushil Budhia,Dhrumil Shah","1","Allowed","0"
Invesco India Multi Asset Allocation Fund,"Multi Asset Allocation Fund","Growth","949.8782000000001","0.38","CRISIL 10 Year Gilt Index","18","12.53","Invesco Asset Management Company Pvt Ltd.","100","0","Taher Badshah,Amey Sathe,Krishna Cheemalapati","1","Allowed","100"
Kotak Silver ETF FoF,"FoFs (Domestic) - Silver","Growth","944.9031","0.24","Silver","39","35.2271","Kotak Mahindra Asset Management Company Limited","100","0","Jeetu Valechha Sonar,Abhishek Bisen","0.5","Allowed","100"
Helios Small Cap Fund,"Small Cap Fund","Growth","932.4276","0.69","Nifty Smallcap 250 - TRI","7","10.13","Helios Capital Asset Management (India) Private Limited","5000","0","Alok Bahl,Pratik Singh","1","Allowed","1000"
Union Large & Midcap Fund,"Large & Mid Cap Fund","Growth","919.59","0.83","NIFTY LargeMidcap 250 - TRI","78","27.49","Union Asset Management Company Pvt. Ltd.","1000","0","Vinod Malviya,Pratik Dharmshi","1","Allowed","0"
Nippon India Index Fund-BSE Sensex Plan,"Index Fund","Growth","916.1839","0.21","BSE SENSEX - TRI","161","40.7465","Nippon Life India Asset Management Limited","5000","0","Himanshu Mange","0","Allowed","1500"
Navi Total Stock Market US Specific Equity Passive FoF,"FoFs (Overseas)","Growth","913.425239","0.06","CRSP US Total Market Index","52","22.3807","Navi AMC Limited","0","0","Ashutosh Shirwaikar","0","Not allowed","0"
Nippon India Nifty 50 Value 20 Index Fund,"Index Fund","Growth","912.2425999999999","0.25","Nifty50 Value 20 - TRI","64","17.8535","Nippon Life India Asset Management Limited","5000","0","Jitendra Tolani","0","Allowed","100"
HSBC Equity Savings Fund,"Equity Savings","Growth","904.5047","4.68","NIFTY 50 Equity Savings Index","161","39.8622","HSBC Global Asset Management (India) Private Limited","5000","0","Cheenu Gupta,Mahesh Chhabria,Mohd Asif Rizwi,Praveen Ayathan","0.5","Allowed","0"
Quant Dynamic Asset Allocation Fund,"Dynamic Asset Allocation Fund","Growth","901.3244","1.03","NIFTY 50 Hybrid Composite Debt 50:50 Index","38","17.1943","Quant Money Managers Limited","5000","0","Sandeep Tandon,Ankit Pande,Sameer Kate,Varun Pattani","1","Allowed","1000"
Aditya Birla SL Pharma & Healthcare Fund,"Sectoral Fund - Pharma & Health Care","Growth","900.8728","0.86","BSE Health Care - TRI","83","37.39","Aditya Birla Sun Life AMC Limited","1000","0","Dhaval Shah","1","Allowed","0"
Edelweiss CRISIL IBX 50:50 Gilt Plus SDL April 2037 Index Fund,"Index Funds - Debt Oriented","Growth","898.0664","0.18","CRISIL IBX 50:50 Gilt Plus SDL Index - April 2037","44","13.0629","Edelweiss Asset Management Limited","100","0","Dhawal Dalal,Hetul Raval","0.1","Allowed","100"
HDFC NIFTY G-Sec Jun 2036 Index Fund,"Index Funds - Debt Oriented","Growth","893.6144","0.2","Nifty G-Sec Jun 2036 Index","39","12.7687","HDFC Asset Management Company Limited","100","0","Anupam Joshi,Sankalp Baid","0","Allowed","100"
TRUSTMF Liquid Fund,"Liquid Fund","Growth","892.9971","0.09","CRISIL Liquid Debt Index","62","1346.5225","Trust Asset Management Private Limited","1000","0","Jalpan Shah,Shradhanjali Panda","0.0055","Allowed","1000"
Mahindra Manulife ELSS Tax Saver Fund,"Equity Linked Savings Scheme (ELSS)","Growth","888.5214","0.64","NIFTY 500 - TRI","116","31.6123","Mahindra Manulife Investment Management Private Limited","500","3","Fatema Pacha,Neelesh Dhamnaskar","0","Allowed","0"
Union Multi Asset Allocation Fund,"Multi Asset Allocation Fund","Growth","888.1239999999999","0.86","Silver","21","12.12","Union Asset Management Company Pvt. Ltd.","1000","0","Sanjay Bembalkar,Vinod Malviya,Anindya Sarkar","1","Allowed","0"
Mahindra Manulife Balanced Advantage Fund,"Balanced Advantage Fund","Growth","886.9989999999999","0.58","NIFTY 50 Hybrid Composite Debt 50:50 Index","54","15.4766","Mahindra Manulife Investment Management Private Limited","1000","0","Neelesh Dhamnaskar,Fatema Pacha,Rahul Pal,Amit Garg","1","Allowed","0"
Baroda BNP Paribas ELSS Tax Saver Fund,"Equity Linked Savings Scheme (ELSS)","Growth","886.9853999999999","0.93","NIFTY 500 - TRI","161","108.5019","Baroda BNP Paribas Asset Management India Pvt. Ltd.","500","3","Sanjay Chawla,Yash Mehta","0","Allowed","500"
Baroda BNP Paribas Manufacturing Fund,"Thematic Fund","Growth","884.8211","1.19","Nifty India Manufacturing - TRI","24","11.1211","Baroda BNP Paribas Asset Management India Pvt. Ltd.","1000","0","Jitendra Sriram,Kushant Arora","1","Allowed","0"
Invesco India Short Duration Fund,"Short Duration Fund","Growth","883.319","0.27","Nifty Short Duration Debt Index","161","4096.8081","Invesco Asset Management Company Pvt Ltd.","1000","0","Vikas Garg,Gaurav Jakhotia","0","Allowed","0"
Axis Children's Fund-Compulsory Lock in,"Solution Oriented - Children's Fund","Growth","881.9413000000001","1.63","NIFTY 50 Hybrid Composite Debt 65:35 Index","126","28.8642","Axis Asset Management Company Ltd.","5000","5","Jayesh Sundar,Devang Shah,Hardik Shah,Krishnaa N","0","Allowed","100"
Axis Children's Fund-No Lock in,"Solution Oriented - Children's Fund","Growth","881.9413000000001","1.63","NIFTY 50 Hybrid Composite Debt 65:35 Index","126","29.4162","Axis Asset Management Company Ltd.","0","0","Jayesh Sundar,Devang Shah,Hardik Shah,Krishnaa N","3","Not allowed","100"
360 ONE Quant Fund,"Thematic Fund","Growth","879.564072608789","0.72","BSE 200 - TRI","55","19.4044","360 ONE Asset Management Limited","1000","0","Ashish Ongari","1","Allowed","1000"
Union Money Market Fund,"Money Market Fund","Growth","876.6352","0.14","CRISIL Money Market Index","58","1336.5005","Union Asset Management Company Pvt. Ltd.","5000","0","Parijat Agrawal,Devesh Thacker","0","Allowed","0"
Baroda BNP Paribas Innovation Fund,"Thematic Fund","Growth","869.7294999999999","0.89","NIFTY 500 - TRI","27","13.2143","Baroda BNP Paribas Asset Management India Pvt. Ltd.","5000","0","Sanjay Chawla,Ankeet Pandya","0","Allowed","500"
Motilal Oswal Nifty 50 Index Fund,"Index Fund","Growth","869.7186","0.19","NIFTY 50 - TRI","78","20.5211","Motilal Oswal Asset Management Company Limited","500","0","Swapnil P Mayekar,Dishant Mehta,Rakesh Shetty","0","Allowed","500"
Baroda BNP Paribas Overnight Fund,"Overnight Fund","Growth","867.3246","0.05","CRISIL Liquid Overnight Index","86","1424.5888","Baroda BNP Paribas Asset Management India Pvt. Ltd.","5000","0","Vikram Pamnani,Gurvinder Singh Wasan","0","Allowed","500"
Axis Equity Savings Fund,"Equity Savings","Growth","865.8851","1","NIFTY 50 Equity Savings Index","130","25.57","Axis Asset Management Company Ltd.","500","0","Mayank Hyanki,Devang Shah,Hardik Shah,Krishnaa N","1","Allowed","0"
Sundaram Multi-Factor Fund,"Thematic Fund","Growth","865.54253548299","0.67","BSE 200 - TRI","11","10.0107","Sundaram Asset Management Company Limited","100","0","Rohit Seksaria,S. Bharath,Dwijendra Srivastava,Sandeep Agarwal","1","Allowed","100"
Canara Rob Infrastructure Fund,"Sectoral Fund - Infrastructure","Growth","864.253","0.85","BSE India Infrastructure Index - TRI","161","191.18","Canara Robeco Asset Management Company Limited","5000","0","Vishal Mishra,Shridatta Bhandwaldar","1","Allowed","0"
Canara Rob Conservative Hybrid Fund,"Conservative Hybrid Fund","Growth","863.5721000000001","0.55","CRISIL Hybrid 85+15 - Conservative Index","161","111.8839","Canara Robeco Asset Management Company Limited","5000","0","Avnish Jain,Amit Kadam,Suman Prasad","1","Allowed","0"
LIC MF Multi Asset Allocation Fund,"Multi Asset Allocation Fund","Growth","860.0953999999999","2.5","NIFTY Composite Debt Index","16","12.2701","LIC Mutual Fund Asset Management Limited","5000","0","Sumit Bhatnagar,Pratik Shroff","1","Allowed","200"
Franklin India Arbitrage Fund,"Arbitrage Fund","Growth","855.9959705729999","0.23","Nifty 50 Arbitrage - TRI","19","11.0688","Franklin Templeton Asset Management (India) Private Limited","5000","0","Mukesh Jain,Rajasa Kakulavarapu,Pallab Roy,Rohan Maru","1","Allowed","100"
Sundaram Dividend Yield Fund,"Dividend Yield Fund","Growth","855.64514403","1.13","NIFTY 500 - TRI","161","144.4982","Sundaram Asset Management Company Limited","5000","0","Siddarth Mohta","1","Allowed","0"
Nippon India Equity Savings Fund,"Equity Savings","Growth","853.2191","0.49","NIFTY 50 Equity Savings Index","133","18.0155","Nippon Life India Asset Management Limited","5000","0","Sushil Budhia,Dhrumil Shah,Herin Visaria","1","Allowed","100"
ICICI Pru Long Term Bond Fund,"Long Duration Fund","Growth","850.3804954479","0.43","CRISIL Long Duration Debt Index","161","98.1048","ICICI Prudential Asset Management Company Limited","5000","0","Manish Banthia,Raunak Surana","0","Allowed","0"
Aditya Birla SL Nifty India Defence Index Fund,"Index Fund","Growth","847.2179","0.28","Nifty India Defence - TRI","22","12.8641","Aditya Birla Sun Life AMC Limited","500","0","Priya Sridhar","0.05","Allowed","0"
Motilal Oswal Nifty 200 Momentum 30 Index Fund,"Index Fund","Growth","840.3616999999999","0.34","Nifty200 Momentum 30 - TRI","52","15.0422","Motilal Oswal Asset Management Company Limited","500","0","Swapnil P Mayekar,Dishant Mehta,Rakesh Shetty","1","Allowed","500"
PGIM India Balanced Advantage Fund,"Dynamic Asset Allocation Fund","Growth","829.6129","0.7","CRISIL Hybrid 50+50 - Moderate Index","64","16.12","PGIM India Asset Management Private Limited","5000","0","Utsav Mehta,Anandha Padmanabhan Anjeneyan,Vinay Paharia,Puneet Pal","0.5","Allowed","1000"
ICICI Pru Nifty SDL Dec 2028 Index Fund,"Index Funds - Debt Oriented","Growth","828.4345367641","0.17","Nifty SDL Dec 2028 Index","44","13.0695","ICICI Prudential Asset Management Company Limited","1000","0","Darshil Dedhia,Rohit Lakhotia","0","Not allowed","0"
Kotak Rural Opportunities Fund,"Thematic Fund","Growth","827.7509","0.7","Nifty Rural - TRI","7","9.614","Kotak Mahindra Asset Management Company Limited","1000","0","Arjun Khanna,Abhishek Bisen","0.5","Allowed","100"
HDFC Income Fund,"Medium to Long Duration Fund","Growth","826.3164","0.85","CRISIL Medium to Long Term Debt Index","161","65.3739","HDFC Asset Management Company Limited","100","0","Anupam Joshi","0","Allowed","1500"
JM Value Fund,"Value Fund","Growth","825.6609050210001","1.81","BSE 500 - TRI","161","102.0795","JM Financial Asset Management Private Limited","1000","0","Satish Ramanathan,Asit Bhandarkar,Deepak Gupta.,Ruchi Fozdar","1","Allowed","250"
ICICI Pru Conglomerate Fund,"Thematic Fund","Growth","824.005765209","1.21","BSE Select Business Groups Index - TRI","8","9.95","ICICI Prudential Asset Management Company Limited","1000","0","Lalit Kumar","1","Allowed","5000"
Helios Large & Mid Cap Fund,"Large & Mid Cap Fund","Growth","823.5307","0.74","NIFTY LargeMidcap 250 - TRI","20","11.11","Helios Capital Asset Management (India) Private Limited","5000","0","Alok Bahl,Pratik Singh","1","Allowed","1000"
Axis Quant Fund,"Thematic Fund","Growth","822.9861999999999","0.92","BSE 200 - TRI","59","16.52","Axis Asset Management Company Ltd.","100","0","Nandik Mallik,Krishnaa N","1","Allowed","0"
ICICI Pru Nifty G-Sec Dec 2030 Index Fund,"Index Funds - Debt Oriented","Growth","814.8857837232999","0.17","Nifty G-Sec Dec 2030 Index","44","13.127","ICICI Prudential Asset Management Company Limited","1000","0","Darshil Dedhia,Rohit Lakhotia","0","Not allowed","0"
Quant Focused Fund,"Focused Fund","Growth","813.0152","1.82","NIFTY 500 - TRI","161","97.7055","Quant Money Managers Limited","5000","0","Sandeep Tandon,Ankit Pande,Varun Pattani,Ayusha Kumbhat","1","Allowed","1000"
Baroda BNP Paribas Conservative Hybrid Fund,"Conservative Hybrid Fund","Growth","790.5944000000001","0.47","CRISIL Hybrid 85+15 - Conservative Index","161","56.1652","Baroda BNP Paribas Asset Management India Pvt. Ltd.","1000","0","Sanjay Chawla,Ankeet Pandya,Prashant Pimple,Gurvinder Singh Wasan","1","Allowed","0"
UTI Equity Savings Fund,"Equity Savings","Growth","788.0525","0.76","Crisil Equity Savings Index","94","19.9784","UTI Asset Management Company Private Limited","5000","0","V. Srivatsa,Anurag Mittal","1","Allowed","0"
DSP Quant Fund,"Thematic Fund","Growth","784.7394","0.47","BSE 200 - TRI","84","22.039","DSP Investment Managers Private Limited","100","0","Aparna Karnik","0","Allowed","100"
PGIM India Large and Mid Cap Fund,"Large & Mid Cap Fund","Growth","783.7365","0.68","NIFTY LargeMidcap 250 - TRI","28","12.48","PGIM India Asset Management Private Limited","5000","0","Vinay Paharia,Anandha Padmanabhan Anjeneyan,Utsav Mehta,Puneet Pal","0.5","Allowed","1000"
Nippon India Nifty G-Sec Jun 2036 Maturity Index Fund,"Index Funds - Debt Oriented","Growth","782.3627","0.2","Nifty G-Sec Jun 2036 Index","42","12.8742","Nippon Life India Asset Management Limited","1000","0","Vivek Sharma","0","Allowed","0"
LIC MF Gold ETF FoF,"FoFs - Gold","Growth","779.4869","0.37","Gold-India","161","42.8237","LIC Mutual Fund Asset Management Limited","5000","0","Sumit Bhatnagar","1","Allowed","1000"
Mahindra Manulife Value Fund,"Value Fund","Growth","777.0700999999999","0.45","NIFTY 500 - TRI","15","12.2806","Mahindra Manulife Investment Management Private Limited","1000","0","Krishna Sanghavi,Vishal Jajoo","0.5","Allowed","500"
Kotak Global Innovation Overseas Equity Omni FOF,"FoFs (Overseas)","Growth","776.1714999999999","0.5","MSCI AC World Index","59","15.3555","Kotak Mahindra Asset Management Company Limited","0","0","Arjun Khanna","1","Not allowed","100"
Union ELSS Tax Saver Fund,"Equity Linked Savings Scheme (ELSS)","Growth","772.0947","1.21","BSE 500 - TRI","161","68.31","Union Asset Management Company Pvt. Ltd.","500","3","Vinod Malviya,Sanjay Bembalkar","0","Allowed","0"
DSP Multi Asset Omni FoF,"FoFs (Domestic) - Hybrid","Growth","769.2905000000001","0.43","NIFTY Composite Debt Index","4","9.8556","DSP Investment Managers Private Limited","100","0","Anil Ghelani,Diipesh Shah,Neha Rathi","1","Allowed","0"
DSP Strategic Bond Fund,"Dynamic Bond Fund","Growth","762.694","0.45","CRISIL Dynamic Bond Index","161","3585.5765","DSP Investment Managers Private Limited","100","0","Sandeep Yadav,Shantanu Godambe,Kunal Khudania","0","Allowed","100"
HDFC CRISIL-IBX Financial Services 9-12 Months Debt Index Fund,"Index Funds - Debt Oriented","Growth","762.6489999999999","0.32","CRISIL-IBX Financial Services 9-12 Months Debt Index","3","10.0974","HDFC Asset Management Company Limited","100","0","Anupam Joshi,Praveen Jain","0","Allowed","0"
Invesco India Aggressive Hybrid Fund,"Aggressive Hybrid Fund","Growth","762.4397","0.68","CRISIL Hybrid 35+65 - Aggressive Index","96","23.3585","Invesco Asset Management Company Pvt Ltd.","1000","0","Hiten Jain,Amey Sathe,Krishna Cheemalapati","1","Allowed","100"
Kotak Credit Risk Fund,"Credit Risk Fund","Growth","761.1708","0.8","CRISIL Credit Risk Debt Index","161","35.1578","Kotak Mahindra Asset Management Company Limited","100","0","Vihag Mishra,Deepak Agrawal","1","Allowed","100"
Motilal Oswal Nifty 500 Momentum 50 Index Fund,"Index Fund","Growth","756.2908","0.5","Nifty500 Momentum 50 - TRI","21","8.1664","Motilal Oswal Asset Management Company Limited","500","0","Swapnil P Mayekar,Dishant Mehta,Rakesh Shetty","1","Allowed","6000"
Bank of India Mfg & Infra Fund,"Sectoral Fund - Infrastructure","Growth","755.2632000000001","0.68","BSE India Infrastructure Index - TRI","161","74.31","Bank of India Investment Managers Private Limited","5000","0","Nitin Gosar","1","Allowed","0"
JioBlackRock Overnight Fund,"Overnight Fund","Growth","754.75185101","0.06","Nifty 1D Rate Index","11","1047.2479","Jio BlackRock Asset Management Pvt. Ltd.","500","0","Vikrant Mehta,Siddharth Deb,Arun Ramachandran","0","Allowed","0"
Quant BFSI Fund,"Sectoral Fund - Banks & Financial Services","Growth","753.0211999999999","0.93","Nifty Financial Services - TRI","36","19.93","Quant Money Managers Limited","5000","0","Sandeep Tandon,Ankit Pande,Varun Pattani,Ayusha Kumbhat","1","Allowed","0"
Kotak ESG Exclusionary Strategy Fund,"Thematic Fund","Growth","752.3838000000001","0.9","NIFTY100 ESG - TRI","66","17.57","Kotak Mahindra Asset Management Company Limited","100","0","Mandar Pawar","0.5","Allowed","100"
LIC MF Manufacturing Fund,"Thematic Fund","Growth","750.9299000000001","0.92","Nifty India Manufacturing - TRI","20","11.0681","LIC Mutual Fund Asset Management Limited","5000","0","Mahesh Bendre","1","Allowed","150"
Nippon India US Equity Opp Fund,"Thematic Fund - Global","Growth","749.1016000000001","1.31","S&P 500 - TRI","131","45.2181","Nippon Life India Asset Management Limited","0","0","Kinjal Desai","1","Not allowed","0"
Baroda BNP Paribas Gilt Fund,"Gilt - Short & Mid Term Fund","Growth","748.4516","0.13","CRISIL Dynamic Gilt Index","161","46.9245","Baroda BNP Paribas Asset Management India Pvt. Ltd.","5000","0","Gurvinder Singh Wasan,Prashant Pimple","0","Allowed","0"
HSBC Financial Services Fund,"Sectoral Fund - Banks & Financial Services","Growth","746.8573","1.29","BSE Financial Services - TRI","16","12.1946","HSBC Global Asset Management (India) Private Limited","5000","0","Gautam Bhupal,Mayank Chaturvedi","1","Allowed","500"
Kotak Services Fund,"Sectoral Fund - Service Industry","Growth","743.7269","0.92","Nifty Services Sector - TRI","4","9.944","Kotak Mahindra Asset Management Company Limited","1000","0","Rohit Tandon,Abhishek Bisen","0.5","Allowed","100"
ICICI Pru Nifty Alpha Low - Volatility 30 ETF FOF,"FoFs (Domestic) - Equity Oriented","Growth","742.6860106688999","0.09","NIFTY Alpha Low-Volatility 30 - TRI","57","14.4911","ICICI Prudential Asset Management Company Limited","1000","0","Nishit Patel,Ashwini Shinde,Venus Ahuja","0","Allowed","100"
UTI Innovation Fund,"Thematic Fund","Growth","739.7284","0.99","NIFTY 500 - TRI","32","10.8922","UTI Asset Management Company Private Limited","5000","0","Nitin Jain","1","Allowed","500"
Nippon India Nifty Next 50 Junior BeES FoF,"FoFs (Domestic) - Equity Oriented","Growth","736.2222","0.13","NIFTY NEXT 50","87","26.1118","Nippon Life India Asset Management Limited","100","0","Himanshu Mange","0","Allowed","5000"
360 ONE Balanced Hybrid Fund,"Balanced Hybrid Fund","Growth","734.468141836611","0.79","NIFTY 50 Hybrid Composite Debt 50:50 Index","33","13.1624","360 ONE Asset Management Limited","1000","0","Mayur Patel,Ashish Ongari,Milan Mody,Viral Mehta","1","Allowed","1000"
Motilal Oswal Balanced Advantage Fund,"Dynamic Asset Allocation Fund","Growth","734.3827","1.13","CRISIL Hybrid 50+50 - Moderate Index","117","20.1521","Motilal Oswal Asset Management Company Limited","500","0","Atul Mehra,Sandeep Jain,Ankit Agarwal,Varun Sharma","1","Allowed","500"
HSBC Medium Duration Fund,"Medium Duration Fund","Growth","732.3031","0.44","NIFTY Medium Duration Debt Index","136","23.2707","HSBC Global Asset Management (India) Private Limited","5000","0","Shriram Ramanathan","0","Allowed","0"
Franklin India NSE Nifty 50 Index Fund,"Index Fund","Growth","729.605899172","0.25","NIFTY 50","161","201.2209","Franklin Templeton Asset Management (India) Private Limited","5000","0","Shyam Sundar Sriram","0","Allowed","0"
Nippon India CRISIL-IBX Financial Services 9-12 Months Debt Index Fund,"Index Funds - Debt Oriented","Growth","725.4288","0.1","CRISIL-IBX Financial Services 9-12 Months Debt Index","3","10.1068","Nippon Life India Asset Management Limited","1000","0","Vikash Agarwal","0","Allowed","1500"
UTI Nifty 500 Value 50 Index Fund,"Index Fund","Growth","722.2859","0.64","NIFTY500 Value 50 - TRI","37","22.7966","UTI Asset Management Company Private Limited","1000","0","Sharwan Kumar Goyal,Ayush Jain","0","Allowed","500"
Mirae Asset S&P 500 Top 50 ETF FoF,"FoFs (Overseas)","Growth","721.5264","0.02","S&P 500 Top 50 TRI","57","29.316","Mirae Asset Investment Managers (India) Private Limited","0","0","Ekta Gala,Akshay Udeshi","0.5","Not allowed","0"
Bank of India Mid Cap Fund,"Mid Cap Fund","Growth","719.7755999999999","1.12","Nifty Midcap 150 - TRI","10","10.26","Bank of India Investment Managers Private Limited","5000","0","Alok Singh","1","Allowed","0"
ICICI Pru Nifty Bank Index Fund,"Index Fund","Growth","716.9275601457","0.13","NIFTY BANK - TRI","51","15.4094","ICICI Prudential Asset Management Company Limited","1000","0","Nishit Patel,Ashwini Shinde,Ajaykumar Solanki,Venus Ahuja","0","Allowed","1000"
DSP Silver ETF FoF,"FoFs (Domestic) - Silver","Growth","712.8725","0.54","Silver","13","27.5113","DSP Investment Managers Private Limited","100","0","Anil Ghelani,Diipesh Shah,Neha Rathi","0","Allowed","0"
Baroda BNP Paribas Energy Opportunities Fund,"Sectoral Fund - Energy & Power","Growth","712.4069999999999","1.06","NIFTY ENERGY - TRI","16","12.5431","Baroda BNP Paribas Asset Management India Pvt. Ltd.","1000","0","Sanjay Chawla,Kirtan Mehta","1","Allowed","1500"
Union Aggressive Hybrid Fund,"Aggressive Hybrid Fund","Growth","707.0666","1.02","CRISIL Hybrid 35+65 - Aggressive Index","66","18.83","Union Asset Management Company Pvt. Ltd.","1000","0","Sanjay Bembalkar,Vinod Malviya,Parijat Agrawal","1","Allowed","0"
ICICI Pru Diversified Equity All Cap Active FOF,"FoFs (Domestic) - Equity Oriented","Growth","704.350897878","0.18","NIFTY 500 - TRI","3","10.4362","ICICI Prudential Asset Management Company Limited","100","0","Dharmesh Kakkad,Sharmila Dmello","1","Allowed","0"
Parag Parikh Large Cap Fund,"Large Cap Fund","Growth","702.3245","0.14","NIFTY 100 - TRI","4","9.3645","PPFAS Asset Management Pvt. Ltd.","1000","0","Rajeev Thakkar,Raj Mehta,Rukun Tarachandani,Tejas Soman","0","Allowed","0"
SBI Nifty 500 Index Fund,"Index Fund","Growth","701.909","0.31","NIFTY 500 - TRI","21","9.3814","SBI Funds Management Limited","5000","0","Viral Chhadva","0.25","Allowed","1000"
Mahindra Manulife Large Cap Fund,"Large Cap Fund","Growth","700.9276","0.63","NIFTY 100 - TRI","87","24.4872","Mahindra Manulife Investment Management Private Limited","1000","0","Fatema Pacha,Kirti Dalvi","1","Allowed","1500"
Axis Retirement Fund-Aggressive Plan,"Solution Oriented, Retirement Fund - Equity Oriented","Growth","700.7171000000001","1.21","CRISIL Hybrid 25+75 - Aggressive Index","78","19.46","Axis Asset Management Company Ltd.","5000","5","Jayesh Sundar,Devang Shah,Hardik Shah,Krishnaa N","0","Allowed","100"
PGIM India ELSS Tax Saver Fund,"Equity Linked Savings Scheme (ELSS)","Growth","700.0421000000001","0.88","NIFTY 500 - TRI","126","37.73","PGIM India Asset Management Private Limited","500","3","Sharma Vivek,Utsav Mehta,Vinay Paharia,Akhil Dhar","0","Allowed","500"
SBI Floating Rate Debt Fund,"Floating Rate Fund","Growth","696.9104","0.41","Nifty Short Duration Debt Index","68","14.132","SBI Funds Management Limited","5000","0","Ardhendu Bhattacharya,Rajeev Radhakrishnan","0.1","Allowed","5000"
JioBlackRock Low Duration Fund,"Low Duration Fund","Growth","686.5539528630001","0.18","NIFTY Low Duration Debt Index","5","1017.8428","Jio BlackRock Asset Management Pvt. Ltd.","500","0","Vikrant Mehta,Siddharth Deb,Arun Ramachandran","0","Allowed","0"
LIC MF Balanced Advantage Fund,"Balanced Advantage Fund","Growth","681.0327000000001","0.91","NIFTY 50 Hybrid Composite Debt 50:50 Index","55","14.1013","LIC Mutual Fund Asset Management Limited","5000","0","Sudhanshu Asthana,Rahul Singh","1","Allowed","1000"
Motilal Oswal Manufacturing Fund,"Thematic Fund","Growth","679.3231","1.05","Nifty India Manufacturing - TRI","22","11.3131","Motilal Oswal Asset Management Company Limited","500","0","Ajay Khandelwal,Atul Mehra,Bhalchandra Shinde,Rakesh Shetty","1","Allowed","100"
JM Small Cap Fund,"Small Cap Fund","Growth","677.430037172","0.96","Nifty Smallcap 250 - TRI","24","10.4576","JM Financial Asset Management Private Limited","1000","0","Asit Bhandarkar,Satish Ramanathan,Deepak Gupta.,Ruchi Fozdar","1","Allowed","100"
ICICI Pru Nifty Smallcap 250 Index Fund,"Index Fund","Growth","676.9261818377","0.26","Nifty Smallcap 250 - TRI","55","17.1004","ICICI Prudential Asset Management Company Limited","100","0","Nishit Patel,Ajaykumar Solanki,Ashwini Shinde,Venus Ahuja","0","Allowed","100"
Mahindra Manulife Manufacturing Fund,"Thematic Fund","Growth","674.967","0.73","Nifty India Manufacturing - TRI","24","10.3726","Mahindra Manulife Investment Management Private Limited","1000","0","Renjith Sivaram,Navin Matta","0.5","Allowed","0"
UTI India Consumer Fund,"Sectoral Fund - Consumption","Growth","673.8107000000001","1.67","Nifty India Consumption - TRI","161","59.2669","UTI Asset Management Company Private Limited","5000","0","Vishal Chopda,Vicky Punjabi","1","Allowed","500"
Bandhan Multi-Factor Fund,"Thematic Fund","Growth","672.5989999999999","0.65","BSE 200 - TRI","11","9.953","Bandhan AMC Limited","1000","0","Rishi Sharma,Nilesh Saha,Brijesh Shah","0.5","Allowed","100"
iSIF Hybrid Long-Short Fund,"Balanced Hybrid Fund","Growth","672.018927596","0.74","CRISIL Hybrid 50+50 - Moderate Index","4","9.847","ICICI Prudential Asset Management Company Ltd. - SIF","1000000","0","Rajat Chandak,Ayush Shah,Manish Bandi,Akhil Kakkar","1","Allowed","10000"
Quant Manufacturing Fund,"Thematic Fund","Growth","669.3308999999999","0.96","Nifty India Manufacturing - TRI","34","16.1585","Quant Money Managers Limited","5000","0","Sandeep Tandon,Ankit Pande,Varun Pattani,Ayusha Kumbhat","1","Allowed","0"
HDFC Nifty G-Sec Jun 2027 Index Fund,"Index Funds - Debt Oriented","Growth","662.5696","0.2","Nifty G-Sec Jun 2027 Index","42","12.781","HDFC Asset Management Company Limited","100","0","Anupam Joshi,Sankalp Baid","0","Allowed","2500"
LIC MF Dividend Yield Fund,"Dividend Yield Fund","Growth","661.2813000000001","1.05","NIFTY 500 - TRI","90","33.7041","LIC Mutual Fund Asset Management Limited","5000","0","Dikshit Mittal","1","Allowed","0"
LIC MF Small Cap Fund,"Small Cap Fund","Growth","660.0498","1.47","Nifty Smallcap 250 - TRI","108","35.227","LIC Mutual Fund Asset Management Limited","5000","0","Dikshit Mittal,Mahesh Bendre","1","Allowed","150"
Axis Global Innovation FoF,"FoFs (Overseas)","Growth","656.0581","0.74","MSCI ACWI Net TRI","61","19.34","Axis Asset Management Company Ltd.","0","0","Krishnaa N","1","Not allowed","0"
Baroda BNP Paribas Focused Fund,"Focused Fund","Growth","655.3717999999999","0.52","NIFTY 500 - TRI","104","23.8775","Baroda BNP Paribas Asset Management India Pvt. Ltd.","5000","0","Sanjay Chawla,Kirtan Mehta","1","Allowed","0"
Motilal Oswal Digital India Fund,"Sectoral Fund - Technology","Growth","654.7366000000001","1.31","BSE TECk Index - TRI","19","8.816","Motilal Oswal Asset Management Company Limited","500","0","Varun Sharma,Atul Mehra,Rakesh Shetty","1","Allowed","0"
Bandhan Transportation and Logistics Fund,"Thematic Fund","Growth","652.8033","0.73","Nifty Transportation & Logistics - TRI","44","19.531","Bandhan AMC Limited","1000","0","Daylynn Pinto,Harshal Joshi","0.5","Allowed","100"
JM Aggressive Hybrid Fund,"Aggressive Hybrid Fund","Growth","651.983846654","1.44","CRISIL Hybrid 35+65 - Aggressive Index","161","132.0516","JM Financial Asset Management Private Limited","1000","0","Asit Bhandarkar,Satish Ramanathan,Deepak Gupta.,Ruchi Fozdar","1","Allowed","0"
Baroda BNP Paribas Ultra Short Duration Fund,"Ultra Short Duration Fund","Growth","650.5758999999999","0.28","CRISIL Ultra Short Term Debt Index","96","1647.2135","Baroda BNP Paribas Asset Management India Pvt. Ltd.","5000","0","Vikram Pamnani,Gurvinder Singh Wasan","0","Allowed","0"
Axis Nifty Midcap 50 Index Fund,"Index Fund","Growth","649.6127","0.33","Nifty Midcap 50 - TRI","51","21.2529","Axis Asset Management Company Ltd.","100","0","Nandik Mallik,Rohit Gautam","0.25","Allowed","0"
Samco Active Momentum Fund,"Thematic Fund","Growth","646.6076","0.99","NIFTY 500 - TRI","35","13.9","Samco Asset Management Pvt. Ltd.","5000","0","Umeshkumar Mehta,Nirali Bhansali,Dhawal Ghanshyam Dhanani,Komal Grover","1","Allowed","3000"
Baroda BNP Paribas Dividend Yield Fund,"Dividend Yield Fund","Growth","644.9634","1.01","NIFTY 500 - TRI","21","9.6915","Baroda BNP Paribas Asset Management India Pvt. Ltd.","1000","0","Jitendra Sriram,Himanshu Singh","1","Allowed","500"
ITI Large & Mid Cap Fund,"Large & Mid Cap Fund","Growth","644.8711","0.72","NIFTY LargeMidcap 250 - TRI","21","9.6175","ITI Asset Management Limited","5000","0","Alok Ranjan,Nilay Dalal","0.5","Allowed","500"
Tata Nifty Capital Markets Index Fund,"Index Fund","Growth","644.1352375182","0.47","Nifty Capital Markets Index - TRI","20","15.2367","Tata Asset Management Private Limited","5000","0","Nitin Sharma,Rakesh Prajapati","0.25","Allowed","0"
HDFC NIFTY Smallcap 250 Index Fund,"Index Fund","Growth","643.8434","0.28","Nifty Smallcap 250 - TRI","38","18.1542","HDFC Asset Management Company Limited","100","0","Arun Agarwal,Nandita Menezes","0","Allowed","2500"
Tata Nifty SDL Plus AAA PSU Bond Dec 2027 60:40 Index Fund,"Index Funds - Debt Oriented","Growth","641.6462629121","0.22","Nifty SDL Plus AAA PSU Bond Dec 2027 60: 40 Index - TRI","51","13.0729","Tata Asset Management Private Limited","5000","0","Amit Somani","0","Allowed","1500"
Motilal Oswal Nifty Bank Index Fund,"Index Fund","Growth","640.0383999999999","0.29","NIFTY BANK - TRI","81","19.8614","Motilal Oswal Asset Management Company Limited","500","0","Swapnil P Mayekar,Dishant Mehta,Rakesh Shetty","1","Allowed","500"
HDFC Nifty G-Sec Jul 2031 Index Fund,"Index Funds - Debt Oriented","Growth","638.4673","0.16","Nifty G-Sec July 2031 Index","43","12.9657","HDFC Asset Management Company Limited","100","0","Anupam Joshi,Sankalp Baid","0","Allowed","100"
Bajaj Finserv Low Duration Fund,"Low Duration Fund","Growth","634.8753","0.19","NIFTY Low Duration Debt Index","4","1011.268","Bajaj Finserv Asset Management Limited","5000","0","Nimesh Chandan,Siddharth Chaudhary","0","Allowed","1000"
Baroda BNP Paribas ESG Best-in-class Strategy Fund,"Thematic Fund","Growth","634.6192","0.6","NIFTY100 ESG - TRI","3","10.2271","Baroda BNP Paribas Asset Management India Pvt. Ltd.","1000","0","Jitendra Sriram,Kushant Arora","1","Allowed","0"
Franklin India Equity Savings Fund,"Equity Savings","Growth","633.175217257","0.31","NIFTY 50 Equity Savings Index","94","18.3793","Franklin Templeton Asset Management (India) Private Limited","5000","0","Rajasa Kakulavarapu,Venkatesh Sanjeevi,Anuj Tagra,Rohan Maru","0","Allowed","0"
Bandhan Overnight Fund,"Overnight Fund","Growth","632.3068","0.04","Nifty 1D Rate Index","89","1446.4193","Bandhan AMC Limited","1000","0","Brijesh Shah","0","Allowed","100"
Sundaram Overnight Fund,"Overnight Fund","Growth","623.73891117861","0.07","Nifty 1D Rate Index","87","1440.3686","Sundaram Asset Management Company Limited","5000","0","Sandeep Agarwal,Dwijendra Srivastava,Yash Sanghvi","0","Allowed","1000"
Edelweiss Technology Fund,"Sectoral Fund - Technology","Growth","622.9055999999999","0.73","BSE TECk Index - TRI","27","12.1728","Edelweiss Asset Management Limited","100","0","Sumanta Khan,Trideep Bhattacharya,Raj Koradia,Amit Vora","1","Allowed","100"
Baroda BNP Paribas Business Conglomerates Fund,"Thematic Fund","Growth","621.8154","0.69","Nifty Conglomerate 50 - TRI","9","9.8204","Baroda BNP Paribas Asset Management India Pvt. Ltd.","1000","0","Jitendra Sriram,Kushant Arora","1","Allowed","500"
Nippon India Income Plus Arbitrage Active FoF,"FoFs (Domestic) - Hybrid","Growth","621.7951","0.07","Nifty 50 Arbitrage","12","10.4536","Nippon Life India Asset Management Limited","500","0","Sushil Budhia,Vikash Agarwal","0","Allowed","1500"
SBI FMP-67-1467D,"Fixed Maturity Plans","Growth","621.6843","0","CRISIL Medium to Long Term Debt Index","47","13.0166","SBI Funds Management Limited","0","0","Ranjana Gupta","0","Not allowed","0"
Sundaram Corp Bond Fund,"Corporate Bond Fund","Growth","616.1745642014499","0.32","NIFTY Corporate Bond Index","157","43.0264","Sundaram Asset Management Company Limited","5000","0","Dwijendra Srivastava,Sandeep Agarwal","0","Allowed","1000"
Axis Nifty Smallcap 50 Index Fund,"Index Fund","Growth","615.4585","0.27","Nifty Smallcap 50 - TRI","51","18.7169","Axis Asset Management Company Ltd.","100","0","Nandik Mallik,Rohit Gautam","0","Allowed","0"
HDFC Nifty G-Sec Sep 2032 Index Fund,"Index Funds - Debt Oriented","Growth","612.8336","0.19","Nifty G-Sec Sep 2032 Index","42","12.8342","HDFC Asset Management Company Limited","100","0","Anupam Joshi,Sankalp Baid","0","Allowed","1500"
Aditya Birla SL CRISIL IBX Gilt Apr 2029 Index Fund,"Index Funds - Debt Oriented","Growth","612.4336","0.19","CRISIL IBX Gilt Index - April 2029","44","13.1625","Aditya Birla Sun Life AMC Limited","500","0","Harshil Suvarnkar,Sanjay Godambe","0","Allowed","0"
HDFC NIFTY200 Momentum 30 Index Fund,"Index Fund","Growth","609.1827","0.36","Nifty200 Momentum 30 - TRI","28","10.1028","HDFC Asset Management Company Limited","100","0","Arun Agarwal,Nandita Menezes","0","Allowed","0"
WOC Quality Equity Fund,"Thematic Fund","Growth","604.4909","0.73","BSE Quality Index - TRI","17","9.987","WhiteOak Capital Asset Management Limited","500","0","Ramesh Mantri,Dheeresh Pathak,Piyush Baranwal","0","Allowed","100"
WOC Pharma and Healthcare Fund,"Sectoral Fund - Pharma & Health Care","Growth","602.9331","0.86","BSE Health Care - TRI","28","15.758","WhiteOak Capital Asset Management Limited","500","0","Ramesh Mantri,Dheeresh Pathak,Piyush Baranwal,Ashish Agarwal","0","Allowed","500"
UTI Silver ETF FoF,"FoFs (Domestic) - Silver","Growth","596.5873","0.12","Silver","38","33.7808","UTI Asset Management Company Private Limited","100","0","Sharwan Kumar Goyal,Ayush Jain","1","Allowed","500"
360 ONE Dynamic Bond Fund,"Dynamic Bond Fund","Growth","594.880683867849","0.34","CRISIL Dynamic Bond Index","156","24.7871","360 ONE Asset Management Limited","10000","0","Milan Mody,Viral Mehta","0","Allowed","1500"
WOC Banking & Financial Services Fund,"Sectoral Fund - Banks & Financial Services","Growth","591.5836","0.79","Nifty Financial Services - TRI","28","12.79","WhiteOak Capital Asset Management Limited","500","0","Trupti Agrawal,Ramesh Mantri,Piyush Baranwal,Dheeresh Pathak","0","Allowed","0"
HDFC Dynamic Debt Fund,"Dynamic Bond Fund","Growth","587.8441","0.74","NIFTY Composite Debt Index","161","100.2811","HDFC Asset Management Company Limited","100","0","Anil Bamboli","0","Allowed","100"
WOC Ultra Short Duration Fund,"Ultra Short Duration Fund","Growth","586.0298","0.61","CRISIL Ultra Short Term Debt Index","84","1482.8474","WhiteOak Capital Asset Management Limited","500","0","Piyush Baranwal","0","Allowed","1500"
PGIM India Liquid Fund,"Liquid Fund","Growth","584.302","0.12","CRISIL Liquid Debt Index","161","362.9722","PGIM India Asset Management Private Limited","5000","0","Puneet Pal,Akhil Dhar","0.005","Allowed","1000"
Invesco India Manufacturing Fund,"Thematic Fund","Growth","583.9662999999999","0.75","Nifty India Manufacturing - TRI","22","10.69","Invesco Asset Management Company Pvt Ltd.","1000","0","Nikhil Kale","0.5","Allowed","0"
HDFC NIFTY Midcap 150 Index Fund,"Index Fund","Growth","583.5165000000001","0.27","Nifty Midcap 150 - TRI","38","19.1534","HDFC Asset Management Company Limited","100","0","Arun Agarwal,Nandita Menezes","0","Allowed","5000"
Union Low Duration Fund,"Low Duration Fund","Growth","575.5417","0.21","NIFTY Low Duration Debt Index","11","10.436","Union Asset Management Company Pvt. Ltd.","1000","0","Anindya Sarkar,Devesh Thacker","0","Allowed","500"
Mirae Asset Short Duration Fund,"Short Duration Fund","Growth","574.7904","0.18","CRISIL Short Duration Debt Index","99","17.3378","Mirae Asset Investment Managers (India) Private Limited","5000","0","Basant Bafna","0","Allowed","99"
Canara Rob Banking & Financial Services Fund,"Sectoral Fund - Banks & Financial Services","Growth","569.0791","0.65","Nifty Financial Services - TRI","3","10.36","Canara Robeco Asset Management Company Limited","5000","0","Amit Kadam,Shridatta Bhandwaldar","1","Allowed","0"
WOC Liquid Fund,"Liquid Fund","Growth","567.8032","0.23","CRISIL Liquid Debt Index","89","1488.923","WhiteOak Capital Asset Management Limited","500","0","Piyush Baranwal","0.0055","Allowed","500"
Aditya Birla SL ESG Integration Strategy Fund,"Thematic Fund","Growth","565.9608999999999","1.2","NIFTY100 ESG - TRI","66","18.44","Aditya Birla Sun Life AMC Limited","500","0","Jonas Bhutta","1","Allowed","0"
The Wealth Company Liquid Fund,"Liquid Fund","Growth","564.307158251","0.08","Nifty Liquid Fund Index","8","1038.5984","Wealth Company Asset Management Holdings Pvt. Ltd.","1000","0","Umesh Sharma,Neeraj Jain,Varun Nanavati","0.0065","Allowed","0"
Mahindra Manulife Low Duration Fund,"Low Duration Fund","Growth","560.9698999999999","0.29","CRISIL Low Duration Debt Index","112","1847.1176","Mahindra Manulife Investment Management Private Limited","1000","0","Rahul Pal,Amit Garg","0","Allowed","500"
Baroda BNP Paribas Business Cycle Fund,"Thematic Fund","Growth","560.8941","0.83","BSE 500 - TRI","57","16.6346","Baroda BNP Paribas Asset Management India Pvt. Ltd.","5000","0","Jitendra Sriram,Kushant Arora","1","Allowed","0"
Navi Nifty Bank Index Fund,"Index Fund","Growth","557.326325","0.15","NIFTY BANK - TRI","52","14.0809","Navi AMC Limited","100","0","Ashutosh Shirwaikar","0","Allowed","100"
HSBC Income Plus Arbitrage Active FOF,"FoFs (Domestic) - Hybrid","Growth","552.7366999999999","0.15","Nifty 50 Arbitrage - TRI","146","23.6292","HSBC Global Asset Management (India) Private Limited","5000","0","Mohd Asif Rizwi,Mahesh Chhabria","0","Allowed","500"
Bandhan Nifty Alpha 50 Index Fund,"Index Fund","Growth","549.9907","0.3","Nifty Alpha 50 - TRI","31","13.6959","Bandhan AMC Limited","1000","0","Abhishek Jain,Mayuresh Nagvekar","0","Allowed","0"
Axis Gold and Silver Passive FoF,"FoFs - Gold","Growth","549.5833","0.15","Silver","6","11.8987","Axis Asset Management Company Ltd.","100","0","Pratik Tibrewal,Aditya Pagaria","0.25","Allowed","100"
Invesco India - Invesco Global Consumer Trends FoF,"FoFs (Overseas)","Growth","549.4872","0.48","MSCI World Consumer Discretionary Index - Net Dividend","66","14.1822","Invesco Asset Management Company Pvt Ltd.","0","0","Sagar Gandhi","1","Not allowed","0"
UTI Gilt Fund,"Gilt - Short & Mid Term Fund","Growth","548.3706999999999","0.67","CRISIL Dynamic Gilt Index","161","67.1979","UTI Asset Management Company Private Limited","500","0","Pankaj Pathak","0","Allowed","500"
Bajaj Finserv Consumption Fund,"Sectoral Fund - Consumption","Growth","547.578499","0.66","Nifty India Consumption - TRI","19","8.896","Bajaj Finserv Asset Management Limited","500","0","Sayan Das Sharma,Kishore Agarwal,Siddharth Chaudhary","1","Allowed","0"
ICICI Pru Nifty 200 Momentum 30 Index Fund,"Index Fund","Growth","545.5993270317999","0.27","Nifty200 Momentum 30 - TRI","46","16.4034","ICICI Prudential Asset Management Company Limited","5000","0","Nishit Patel,Ashwini Shinde,Venus Ahuja","0","Allowed","5000"
PGIM India Large Cap Fund,"Large Cap Fund","Growth","544.3855","0.89","NIFTY 100 - TRI","161","385.14","PGIM India Asset Management Private Limited","5000","0","Anandha Padmanabhan Anjeneyan,Sharma Vivek,Vinay Paharia,Akhil Dhar","0.5","Allowed","1000"
Franklin India Multi-Factor Fund,"Thematic Fund","Growth","539.631703445","0.71","BSE 200 - TRI","7","9.4541","Franklin Templeton Asset Management (India) Private Limited","5000","0","Arihant Jain,Mukesh Jain","0.5","Allowed","0"
Kotak CRISIL-IBX AAA Financial Services Index - Sep 2027 Fund,"Index Funds - Debt Oriented","Growth","536.9931","0.18","CRISIL IBX AAA Financial Services Index - Sep 2027","21","11.2942","Kotak Mahindra Asset Management Company Limited","100","0","Abhishek Bisen","0.25","Allowed","0"
UTI Nifty200 Quality 30 Index Fund,"Index Fund","Growth","534.4245","0.57","NIFTY200 Quality 30 - TRI","21","8.8268","UTI Asset Management Company Private Limited","1000","0","Sharwan Kumar Goyal,Ayush Jain","0","Allowed","0"
Mahindra Manulife Equity Savings Fund,"Equity Savings","Growth","531.1519999999999","0.69","NIFTY 50 Equity Savings Index - TRI","112","24.8141","Mahindra Manulife Investment Management Private Limited","1000","0","Renjith Sivaram,Navin Matta,Rahul Pal,Kush Sonigara","1","Allowed","0"
Baroda BNP Paribas Health and Wellness Fund,"Sectoral Fund - Pharma & Health Care","Growth","530.2123","0.62","BSE Health Care - TRI","12","10.2075","Baroda BNP Paribas Asset Management India Pvt. Ltd.","1000","0","Sanjay Chawla,Rohan Korde","1","Allowed","0"
LIC MF Overnight Fund,"Overnight Fund","Growth","529.759","0.13","Nifty 1D Rate Index","83","1405.9163","LIC Mutual Fund Asset Management Limited","5000","0","Rahul Singh,Aakash Dhulia","0","Allowed","150"
Invesco India Consumption Fund,"Sectoral Fund - Consumption","Growth","529.4935","0.72","Nifty India Consumption - TRI","8","9.55","Invesco Asset Management Company Pvt Ltd.","1000","0","Manish Poddar","0.5","Allowed","300"
Quantum Liquid Fund,"Liquid Fund","Growth","529.1551000000001","0.15","CRISIL Liquid Debt Index","242","37.0171","Quantum Asset Management Company Private Limited","5000","0","Sneha Pandey,Mayur Chauhan","0.0055","Allowed","500"
HDFC MNC Fund,"Thematic Fund - MNC","Growth","528.1182","1.25","NIFTY MNC - TRI","39","13.671","HDFC Asset Management Company Limited","100","0","Nikhil Mathur","1","Allowed","2500"
Franklin India Overnight Fund,"Overnight Fund","Growth","527.068146589","0.06","Nifty 1D Rate Index","85","1414.7994","Franklin Templeton Asset Management (India) Private Limited","5000","0","Pallab Roy,Rohan Maru","0","Allowed","0"
Kotak Nifty 200 Momentum 30 Index Fund,"Index Fund","Growth","526.4328","0.2","Nifty200 Momentum 30 - TRI","36","14.392","Kotak Mahindra Asset Management Company Limited","100","0","Satish Dondapati,Abhishek Bisen,Jeetu Valechha Sonar","0","Allowed","0"
Kotak Technology Fund,"Sectoral Fund - Technology","Growth","525.8368","0.93","BSE TECk Index - TRI","27","10.042","Kotak Mahindra Asset Management Company Limited","100","0","Shibani Kurian,Abhishek Bisen","0.5","Allowed","100"
Kotak Nifty SDL Plus AAA PSU Bond Jul 2028 60:40 Index Fund,"Index Funds - Debt Oriented","Growth","523.5315","0.21","Nifty SDL Plus AAA PSU Bond Jul 2028 60:40 Index","44","12.9628","Kotak Mahindra Asset Management Company Limited","100","0","Abhishek Bisen","0","Allowed","100"
Franklin Asian Equity Fund,"Thematic Fund - Global","Growth","520.567277988","1.39","NIFTY 500 - TRI","161","47.1764","Franklin Templeton Asset Management (India) Private Limited","5000","0","Shyam Sundar Sriram,Sandeep Manam","1","Allowed","0"
Union Corporate Bond Fund,"Corporate Bond Fund","Growth","513.7808","0.34","CRISIL Corporate Bond Index","97","16.1225","Union Asset Management Company Pvt. Ltd.","1000","0","Parijat Agrawal,Anindya Sarkar,Shrenuj Parekh","0","Allowed","500"
LIC MF Aggressive Hybrid Fund,"Aggressive Hybrid Fund","Growth","508.75199999999995","1.32","CRISIL Hybrid 35+65 - Aggressive Index","161","220.1293","LIC Mutual Fund Asset Management Limited","5000","0","Sumit Bhatnagar,Pratik Shroff","1","Allowed","150"
Union Business Cycle Fund,"Thematic Fund","Growth","507.1741","0.99","NIFTY 500 - TRI","27","11.53","Union Asset Management Company Pvt. Ltd.","1000","0","Harshad Patwardhan,Pratik Dharmshi","1","Allowed","100"
Mirae Asset Gold ETF FoF,"FoFs - Gold","Growth","507.0714","0.07","Gold-India","20","19.832","Mirae Asset Investment Managers (India) Private Limited","5000","0","Ritesh Patel,Akshay Udeshi","0.05","Allowed","0"
Kotak Quant Fund,"Thematic Fund","Growth","506.82489999999996","1.18","NIFTY 200 - TRI","34","15.023","Kotak Mahindra Asset Management Company Limited","5000","0","Harsha Upadhyaya,Rohit Tandon,Abhishek Bisen","0.5","Allowed","100"
Quantum Gold Saving Fund,"FoFs - Gold","Growth","504.9125","0.04","Gold-India","181","60.4824","Quantum Asset Management Company Private Limited","500","0","Chirag Mehta","0","Allowed","0"
Mahindra Manulife Consumption Fund,"Sectoral Fund - Consumption","Growth","503.73269999999997","0.63","Nifty India Consumption - TRI","91","23.895","Mahindra Manulife Investment Management Private Limited","1000","0","Navin Matta,Fatema Pacha","1","Allowed","1500"
Quant PSU Fund,"Thematic Fund","Growth","501.75370000000004","1.88","NIFTY PSE - TRI","28","11.0658","Quant Money Managers Limited","5000","0","Sandeep Tandon,Ankit Pande,Varun Pattani,Ayusha Kumbhat","1","Allowed","1000"
HDFC FMP-Sr 46-1861D-Mar 2022,"Fixed Maturity Plans","Growth","498.9097","0","NIFTY Medium to Long Duration Debt Index","51","13.1215","HDFC Asset Management Company Limited","0","0","Anupam Joshi","0","Not allowed","0"
Canara Rob Ultra Short Term Fund,"Ultra Short Duration Fund","Growth","497.5473","0.3","CRISIL Ultra Short Term Debt Index","161","4258.7969","Canara Robeco Asset Management Company Limited","500","0","Bhupesh Kalyani,Avnish Jain","0","Allowed","0"
Franklin India Retirement Fund,"Solution Oriented, Retirement Fund - Debt Oriented","Growth","496.83305492","1.24","CRISIL Short Term Debt Hybrid 60+40 Index","161","235.7175","Franklin Templeton Asset Management (India) Private Limited","0","5","Anuj Tagra,Pallab Roy,Rajasa Kakulavarapu,Ajay Argal","3","Not allowed","0"
Kotak Healthcare Fund,"Sectoral Fund - Pharma & Health Care","Growth","496","0.82","Nifty Healthcare Index - TRI","30","15.732","Kotak Mahindra Asset Management Company Limited","100","0","Dhananjay Tikariha,Abhishek Bisen","0.5","Allowed","100"
ITI Focused Fund,"Focused Fund","Growth","492.6106","0.67","NIFTY 500 - TRI","36","16.8127","ITI Asset Management Limited","5000","0","Dhimant Shah,Alok Ranjan","0.5","Allowed","500"
DSP Gold ETF FoF,"FoFs - Gold","Growth","485.9965","0.59","Gold-India","31","24.8028","DSP Investment Managers Private Limited","100","0","Anil Ghelani,Diipesh Shah,Neha Rathi","0","Allowed","0"
Edelweiss Consumption Fund,"Sectoral Fund - Consumption","Growth","484.6525","0.83","Nifty India Consumption - TRI","16","10.8545","Edelweiss Asset Management Limited","100","0","Dhruv Bhatia,Trideep Bhattacharya,Amit Vora","1","Allowed","0"
Qsif Equity Long-Short Fund,"Large Cap Fund","Growth","483.57379999999995","0","NIFTY 500 - TRI","8","10.216","Quant Money Managers Limited - SIF","1000000","0","Sandeep Tandon,Sameer Kate,Ankit Pande,Sanjeev Sharma","1","Allowed","0"
Bank of India Money Market Fund,"Money Market Fund","Growth","483.0658","0.14","CRISIL Money Market Index","16","10.9085","Bank of India Investment Managers Private Limited","5000","0","Mithraem Bharucha","0","Allowed","0"
ICICI Pru FMP-85-10Y-I,"Fixed Maturity Plans","Growth","482.7849751719","0","CRISIL Composite Bond Index","87","17.606","ICICI Prudential Asset Management Company Limited","0","0","Darshil Dedhia,Rohit Lakhotia","0","Not allowed","0"
Invesco India Gold ETF FoF,"FoFs - Gold","Growth","479.26199999999994","0.09","Gold-India","161","45.5814","Invesco Asset Management Company Pvt Ltd.","1000","0","Abhisek Bahinipati","1","Allowed","1500"
Edelweiss Multi Asset Omni FoF,"FoFs (Domestic) - Hybrid","Growth","478.76300000000003","0.16","CRISIL Composite Bond Index","9","11.483","Edelweiss Asset Management Limited","100","0","Bhavesh Jain,Bharat Lahoti","1","Allowed","0"
Edelweiss Low Duration Fund,"Low Duration Fund","Growth","478.74550000000005","0.25","CRISIL Low Duration Debt Index","15","1078.6748","Edelweiss Asset Management Limited","100","0","Hetul Raval,Kedar Karnik","0","Allowed","100"
Mirae Asset Nifty SDL Jun 2027 Index Fund,"Index Funds - Debt Oriented","Growth","477.3643","0.19","Nifty SDL Jun 2027 Index","51","12.9962","Mirae Asset Investment Managers (India) Private Limited","5000","0","Pranavi Kulkarni","0","Allowed","0"
JioBlackRock Arbitrage Fund,"Arbitrage Fund","Growth","476.875345606","0.2","Nifty 50 Arbitrage - TRI","6","10.2938","Jio BlackRock Asset Management Pvt. Ltd.","500","0","Anand Shah,Arun Ramachandran,Siddharth Deb,Haresh Mehta","0.25","Allowed","500"
Edelweiss Nifty500 Multicap Momentum Quality 50 Index Fund,"Index Fund","Growth","476.4768","0.39","Nifty500 Multicap Momentum Quality 50 - TRI","20","9.3259","Edelweiss Asset Management Limited","100","0","Bhavesh Jain,Bharat Lahoti,Manasi Jalgaonkar","0.1","Allowed","100"
HSBC Credit Risk Fund,"Credit Risk Fund","Growth","475.03860000000003","0.95","NIFTY Credit Risk Bond Index","161","36.7133","HSBC Global Asset Management (India) Private Limited","5000","0","Shriram Ramanathan","1","Allowed","1000"
Axis Nifty Next 50 Index Fund,"Index Fund","Growth","474.7179","0.15","NIFTY NEXT 50 - TRI","53","17.1871","Axis Asset Management Company Ltd.","100","0","Nandik Mallik,Rohit Gautam","0","Allowed","100"
Franklin India Banking & PSU Debt Fund,"Banking & PSU Fund","Growth","472.913289642","0.17","NIFTY Banking and PSU Debt Index","146","24.6953","Franklin Templeton Asset Management (India) Private Limited","5000","0","Chandni Gupta,Anuj Tagra,Sandeep Manam","0","Allowed","500"
LIC MF Consumption Fund,"Sectoral Fund - Consumption","Growth","472.3179","2.8","Nifty India Consumption - TRI","7","9.4202","LIC Mutual Fund Asset Management Limited","5000","0","Sumit Bhatnagar","1","Allowed","0"
Bank of India Large & Mid Cap Fund,"Large & Mid Cap Fund","Growth","468.3011","1.02","BSE 250 LargeMidCap Index - TRI","161","104.3","Bank of India Investment Managers Private Limited","5000","0","Nitin Gosar","1","Allowed","0"
UTI BSE Low Volatility Index Fund,"Index Fund","Growth","467.4088","0.47","BSE Low Volatility Index - TRI","51","16.1858","UTI Asset Management Company Private Limited","1000","0","Sharwan Kumar Goyal,Ayush Jain","0","Allowed","1500"
Edelweiss Banking and PSU Debt Fund,"Banking & PSU Fund","Growth","465.9653","0.39","CRISIL Banking and PSU Debt Index","153","26.42","Edelweiss Asset Management Limited","100","0","Dhawal Dalal,Kedar Karnik","0","Allowed","100"
Motilal Oswal Nifty Capital Market Index Fund,"Index Fund","Growth","461.3641","0.91","Nifty Capital Markets Index - TRI","18","13.3079","Motilal Oswal Asset Management Company Limited","500","0","Swapnil P Mayekar,Rakesh Shetty","1","Allowed","1500"
HDFC Nifty500 Multicap 50:25:25 Index Fund,"Index Fund","Growth","459.9565","0.26","Nifty500 Multicap 50:25:25 - TRI","22","9.7262","HDFC Asset Management Company Limited","100","0","Arun Agarwal,Nandita Menezes","0","Allowed","0"
HSBC Global Emerging Markets Fund,"FoFs (Overseas)","Growth","456.398","0.5","MSCI Emerging Market Index","161","37.7689","HSBC Global Asset Management (India) Private Limited","0","0","Sonal Gupta","1","Not allowed","0"
Abakkus Small Cap Fund,"Small Cap Fund","Growth","453.37655700000005","1.03","Nifty Smallcap 250 - TRI","3","10.996","Abakkus Investment Managers Pvt. Ltd.","500","0","Sanjay Doshi,Abhishek Srinivas","1","Allowed","500"
Motilal Oswal Nifty Next 50 Index Fund,"Index Fund","Growth","451.25809999999996","0.31","NIFTY NEXT 50 - TRI","78","24.8779","Motilal Oswal Asset Management Company Limited","500","0","Swapnil P Mayekar,Dishant Mehta,Rakesh Shetty","1","Allowed","500"
WOC ELSS Tax Saver Fund,"Equity Linked Savings Scheme (ELSS)","Growth","450.4508","1","BSE 500 - TRI","44","17.799","WhiteOak Capital Asset Management Limited","500","3","Ramesh Mantri,Piyush Baranwal,Trupti Agrawal,Dheeresh Pathak","0","Allowed","0"
Kotak Transportation & Logistics Fund,"Thematic Fund","Growth","448.2087","0.85","Nifty Transportation & Logistics - TRI","18","10.917","Kotak Mahindra Asset Management Company Limited","100","0","Nalin Rasik Bhatt,Abhishek Bisen","0.5","Allowed","100"
Aditya Birla SL Nifty Midcap 150 Index Fund,"Index Fund","Growth","445.403","0.34","Nifty Midcap 150 - TRI","62","25.3636","Aditya Birla Sun Life AMC Limited","100","0","Priya Sridhar","0.25","Allowed","0"
Invesco India - Invesco EQQQ NASDAQ-100 ETF FoF,"FoFs (Overseas)","Growth","445.0145","0.4","Nasdaq-100 - TRI","50","26.5169","Invesco Asset Management Company Pvt Ltd.","0","0","Abhisek Bahinipati","0","Not allowed","0"
Sundaram Arbitrage Fund,"Arbitrage Fund","Growth","441.514481","0.25","Nifty 50 Arbitrage - TRI","122","16.1239","Sundaram Asset Management Company Limited","100","0","Rohit Seksaria,Dwijendra Srivastava","0.25","Allowed","1000"
ICICI Pru CRISIL-IBX Financial Services 3-6 Months Debt Index Fund,"Index Funds - Debt Oriented","Growth","441.135505532","0.08","CRISIL-IBX Financial Services 3 to 6 Months Debt Index","15","10.8223","ICICI Prudential Asset Management Company Limited","1000","0","Darshil Dedhia,Nikhil Kabra","0","Allowed","1000"
Bandhan CRISIL-IBX Financial Services 3-6 Months Debt Index Fund,"Index Funds - Debt Oriented","Growth","440.8629","0.08","CRISIL-IBX Financial Services 3 to 6 Months Debt Index","15","10.8299","Bandhan AMC Limited","1000","0","Brijesh Shah,Harshal Joshi","0","Allowed","100"
Motilal Oswal Innovation Opportunities Fund,"Thematic Fund","Growth","439.6797","1.18","NIFTY 500 - TRI","16","12.7139","Motilal Oswal Asset Management Company Limited","500","0","Atul Mehra,Varun Sharma,Rakesh Shetty","1","Allowed","100"
Union Largecap Fund,"Large Cap Fund","Growth","439.1411","1.34","BSE 100 - TRI","109","24.12","Union Asset Management Company Pvt. Ltd.","1000","0","Pratik Dharmshi,Sanjay Bembalkar","1","Not allowed","0"
Axis Gilt Fund,"Gilt - Short & Mid Term Fund","Growth","438.39289900000006","0.47","CRISIL Dynamic Gilt Index","161","27.6597","Axis Asset Management Company Ltd.","5000","0","Devang Shah,Sachin Jain","0","Allowed","1000"
SBI FMP-81-1157D,"Fixed Maturity Plans","Growth","435.7918","0","CRISIL Medium Duration Debt Index","39","12.4572","SBI Funds Management Limited","0","0","Ranjana Gupta","0","Not allowed","0"
Nippon India Nifty 500 Equal Weight Index Fund,"Index Fund","Growth","434.79110000000003","0.41","NIFTY500 Equal Weight - TRI","21","9.3389","Nippon Life India Asset Management Limited","1000","0","Jitendra Tolani","0","Allowed","100"
ITI ELSS Tax Saver Fund,"Equity Linked Savings Scheme (ELSS)","Growth","434.0978","0.71","NIFTY 500 - TRI","80","26.5541","ITI Asset Management Limited","500","3","Alok Ranjan,Dhimant Shah","0","Allowed","0"
360 ONE Multi Asset Allocation Fund,"Multi Asset Allocation Fund","Growth","430.567156656402","0.54","BSE 500 - TRI","10","12.1996","360 ONE Asset Management Limited","1000","0","Mayur Patel,Milan Mody,Viral Mehta,Rahul Khetawat","1","Allowed","0"
Franklin India Low Duration Fund,"Low Duration Fund","Growth","428.66585554700004","0.22","NIFTY Low Duration Debt Index","15","10.9003","Franklin Templeton Asset Management (India) Private Limited","5000","0","Chandni Gupta,Rohan Maru,Rahul Goswami","0","Allowed","500"
Bandhan CRISIL IBX Gilt April 2032 Index Fund,"Index Funds - Debt Oriented","Growth","428.30400000000003","0.17","CRISIL IBX Gilt Index - April 2032","40","12.7252","Bandhan AMC Limited","1000","0","Gautam Kaul,Harshal Joshi","0","Allowed","0"
Motilal Oswal Ultra Short Term Fund,"Ultra Short Duration Fund","Growth","427.7335","0.22","CRISIL Ultra Short Term Debt Index","153","18.343","Motilal Oswal Asset Management Company Limited","500","0","Rakesh Shetty","0","Allowed","6000"
Mahindra Manulife Banking & Financial Services Fund,"Sectoral Fund - Banks & Financial Services","Growth","427.19589999999994","0.56","Nifty Financial Services - TRI","11","10.2844","Mahindra Manulife Investment Management Private Limited","1000","0","Vishal Jajoo,Chetan Gindodia","0.5","Allowed","1500"
Bandhan Medium to Long Duration Fund,"Medium to Long Duration Fund","Growth","426.2323","1.1","NIFTY Medium to Long Duration Debt Index","161","72.7826","Bandhan AMC Limited","1000","0","Suyash Choudhary","1","Allowed","100"
Capitalmind Flexi Cap Fund,"Flexi Cap Fund","Growth","424.7792","0.82","NIFTY 500 - TRI","10","10.0078","Capitalmind Asset Management Pvt. Ltd.","5000","0","Anoop Vijaykumar,Prateek Jain,Divyansh Agnani","1","Allowed","1000"
HDFC NIFTY 100 Index Fund,"Index Fund","Growth","424.4045","0.29","NIFTY 100 - TRI","52","14.6109","HDFC Asset Management Company Limited","100","0","Arun Agarwal,Nandita Menezes","0","Allowed","100"
JM Large Cap Fund,"Large Cap Fund","Growth","421.647195875","1.34","BSE 100 - TRI","161","170.5629","JM Financial Asset Management Private Limited","1000","0","Deepak Gupta.,Asit Bhandarkar,Satish Ramanathan,Ruchi Fozdar","1","Allowed","100"
Aditya Birla SL US Equity Passive FOF,"FoFs (Overseas)","Growth","421.1426","0.27","Nasdaq-100 - TRI","55","23.2503","Aditya Birla Sun Life AMC Limited","0","0","Dhaval Joshi","0","Not allowed","0"
Bandhan CRISIL IBX 90:10 SDL Plus Gilt - April 2032 Index Fund,"Index Funds - Debt Oriented","Growth","420.77209999999997","0.08","CRISIL IBX 90:10 SDL Plus Gilt Index - April 2032","43","12.7903","Bandhan AMC Limited","1000","0","Gautam Kaul,Harshal Joshi","0","Allowed","0"
JM Large & Mid Cap Fund,"Large & Mid Cap Fund","Growth","419.159447763","0.78","NIFTY LargeMidcap 250 - TRI","11","10.1313","JM Financial Asset Management Private Limited","1000","0","Asit Bhandarkar,Deepak Gupta.,Ruchi Fozdar","1","Allowed","250"
Tata Housing Opportunities Fund,"Thematic Fund","Growth","419.089283803","0.82","Nifty Housing - TRI","45","15.2288","Tata Asset Management Private Limited","5000","0","Murthy Nagarajan,Aditya Bagul,Kapil Malhotra,Hasmukh Vishariya","1","Allowed","150"
Nippon India MNC Fund,"Thematic Fund - MNC","Growth","418.01019999999994","1.22","NIFTY MNC - TRI","11","10.5289","Nippon Life India Asset Management Limited","500","0","Dhrumil Shah,Kinjal Desai","1","Allowed","0"
PGIM India Multi Cap Fund,"Multi Cap Fund","Growth","417.9372","0.76","Nifty500 Multicap 50:25:25 - TRI","21","10.1","PGIM India Asset Management Private Limited","5000","0","Sharma Vivek,Utsav Mehta,Anandha Padmanabhan Anjeneyan,Puneet Pal","0.5","Allowed","0"
Union Focused Fund,"Focused Fund","Growth","417.6929","1.23","BSE 500 - TRI","82","27.97","Union Asset Management Company Pvt. Ltd.","1000","0","Pratik Dharmshi,Vinod Malviya","1","Allowed","500"
360 ONE Overnight Fund,"Overnight Fund","Growth","415.97056369946006","0.16","Nifty 1D Rate Index","11","1046.6177","360 ONE Asset Management Limited","5000","0","Milan Mody,Viral Mehta","0","Allowed","1000"
UTI Dynamic Bond Fund,"Dynamic Bond Fund","Growth","415.86629999999997","0.87","CRISIL Dynamic Bond Index","161","34.8468","UTI Asset Management Company Private Limited","500","0","Pankaj Pathak","0","Allowed","1500"
Diviniti Equity Long Short Fund,"Large Cap Fund","Growth","415.671","0.97","NIFTY 50 - TRI","6","926.3251","ITI Asset Management Ltd. - SIF","1000000","0","Vasav Sahgal,Rajesh Bhatia","0.5","Allowed","0"
SBI FMP-49-1823D,"Fixed Maturity Plans","Growth","415.23269999999997","0","CRISIL Medium to Long Term Debt Index","58","13.3276","SBI Funds Management Limited","0","0","Ranjana Gupta","0","Not allowed","0"
Bajaj Finserv Banking and Financial Services Fund,"Sectoral Fund - Banks & Financial Services","Growth","414.71089800000004","0.66","Nifty Financial Services - TRI","6","9.45","Bajaj Finserv Asset Management Limited","500","0","Kishore Agarwal,Sayan Das Sharma,Siddharth Chaudhary","1","Allowed","500"
ICICI Pru Nifty IT Index Fund,"Index Fund","Growth","414.50522158300004","0.22","NIFTY IT - TRI","46","10.3191","ICICI Prudential Asset Management Company Limited","1000","0","Nishit Patel,Ashwini Shinde,Ajaykumar Solanki,Venus Ahuja","0","Allowed","1000"
Union Overnight Fund,"Overnight Fund","Growth","411.06370000000004","0.06","CRISIL Liquid Overnight Index","87","1427.6813","Union Asset Management Company Pvt. Ltd.","5000","0","Tarun Singh,Devesh Thacker","0","Allowed","0"
Bank of India Business Cycle Fund,"Thematic Fund","Growth","410.56239999999997","1.01","NIFTY 500 - TRI","22","9.25","Bank of India Investment Managers Private Limited","5000","0","Alok Singh","1","Allowed","0"
SBI FMP-44-1855D,"Fixed Maturity Plans","Growth","406.8549","0","CRISIL Medium to Long Term Debt Index","60","13.4696","SBI Funds Management Limited","0","0","Ranjana Gupta","0","Not allowed","0"
Groww Multi Asset Allocation Fund,"Multi Asset Allocation Fund","Growth","403.998223338","0.9","NIFTY 500 - TRI","9","10.2643","Groww Asset Management Limited","500","0","Paras Matalia,Kaustubh Sule,Wilfred Gonsalves,Nikhil Satam","1","Allowed","500"
Nippon India Active Momentum Fund,"Thematic Fund","Growth","402.8588","0.69","NIFTY 500 - TRI","16","12.122","Nippon Life India Asset Management Limited","500","0","Shirish Guthe","1","Allowed","100"
DSP Nifty Midcap 150 Quality 50 Index Fund,"Index Fund","Growth","401.75300000000004","0.26","NIFTY Midcap150 Quality 50 - TRI","46","14.4169","DSP Investment Managers Private Limited","100","0","Anil Ghelani,Diipesh Shah,Neha Rathi","0","Allowed","0"
Samco Multi Asset Allocation Fund,"Multi Asset Allocation Fund","Growth","401.7092","0.6","NIFTY 50 - TRI","18","12.51","Samco Asset Management Pvt. Ltd.","5000","0","Umeshkumar Mehta,Nirali Bhansali,Dhawal Ghanshyam Dhanani,Komal Grover","1","Allowed","250"
Aditya Birla SL CRISIL IBX 50:50 Gilt Plus SDL Apr 2028 Index Fund,"Index Funds - Debt Oriented","Growth","401.656","0.17","CRISIL IBX 50:50 Gilt Plus SDL Index - April 2028","44","13.0815","Aditya Birla Sun Life AMC Limited","500","0","Mohit Sharma,Sanjay Godambe","0","Allowed","500"
Aditya Birla SL Nifty 50 Equal Weight Index Fund,"Index Fund","Growth","400.4652","0.36","NIFTY50 Equal Weight - TRI","60","18.6671","Aditya Birla Sun Life AMC Limited","100","0","Priya Sridhar","0","Allowed","1000"
Mirae Asset Infrastructure Fund,"Sectoral Fund - Infrastructure","Growth","398.3958","0.98","BSE India Infrastructure Index - TRI","6","10.727","Mirae Asset Investment Managers (India) Private Limited","5000","0","Bharti Sawant","1","Allowed","99"
HSBC Brazil Fund,"FoFs (Overseas)","Growth","396.23650000000004","0.92","MSCI Brazil 10/40 Index","161","11.7593","HSBC Global Asset Management (India) Private Limited","0","0","Sonal Gupta","1","Not allowed","0"
Motilal Oswal Active Momentum Fund,"Thematic Fund","Growth","395.56809999999996","2.37","NIFTY 500 - TRI","15","12.5135","Motilal Oswal Asset Management Company Limited","500","0","Ajay Khandelwal,Varun Sharma,Vishal Ashar,Bhalchandra Shinde","1","Allowed","500"
Edelweiss ELSS Tax saver Fund,"Equity Linked Savings Scheme (ELSS)","Growth","395.10089999999997","0.82","NIFTY 500 - TRI","161","133.92","Edelweiss Asset Management Limited","500","3","Ashwani Agarwalla,Trideep Bhattacharya,Raj Koradia","0","Allowed","500"
TRUSTMF Multi Cap Fund,"Multi Cap Fund","Growth","394.140335","0.52","Nifty500 Multicap 50:25:25 - TRI","11","10.83","Trust Asset Management Private Limited","1000","0","Mihir Vora,Saurabh Kataria,Aakash Manghani","1","Allowed","1000"
Kotak NIFTY Midcap 150 Momentum 50 Index Fund,"Index Fund","Growth","393.2357","0.28","Nifty Midcap150 Momentum 50 - TRI","20","9.46","Kotak Mahindra Asset Management Company Limited","100","0","Satish Dondapati,Abhishek Bisen,Jeetu Valechha Sonar","0","Allowed","0"
Aditya Birla SL Multi-Asset Omni FOF,"FoFs (Domestic) - Hybrid","Growth","390.4127","0.25","Gold-India","139","39.0419","Aditya Birla Sun Life AMC Limited","1000","0","Vinod Narayan Bhat","1","Allowed","100"
ICICI Pru Global Advantage Fund,"FoFs (Overseas)","Growth","390.1346269388","0.59","BSE SENSEX - TRI","80","22.8686","ICICI Prudential Asset Management Company Limited","0","0","Sharmila Dmello","1","Not allowed","0"
Union Active Momentum Fund,"Thematic Fund","Growth","389.5994","0.91","NIFTY 500 - TRI","18","9.08","Union Asset Management Company Pvt. Ltd.","1000","0","Gaurav Chopra,Sanjay Bembalkar","1","Allowed","0"
Baroda BNP Paribas Banking and Fin Serv Fund,"Sectoral Fund - Banks & Financial Services","Growth","389.404","0.68","Nifty Financial Services - TRI","161","52.7595","Baroda BNP Paribas Asset Management India Pvt. Ltd.","5000","0","Sanjay Chawla,Yash Mehta","1","Allowed","0"
Bandhan Equity Savings Fund,"Equity Savings","Growth","389.38980000000004","0.15","Crisil Equity Savings Index","161","35.635","Bandhan AMC Limited","1000","0","Kapil Kankonkar,Viraj Kulkarni,Harshal Joshi","0.25","Allowed","0"
IL&FS Infra Debt Fund - Series 2-B,"Sectoral Fund - Infrastructure (Debt)","Growth","389.20887999999997","0","CRISIL Composite Bond Index","72","2458145.8233","IL&FS Infra Asset Management Limited","0","0","Neelesh Vernekar","0","Not allowed","0"
Baroda BNP Paribas Retirement Fund,"Solution Oriented, Retirement Fund - Equity Oriented","Growth","385.2681","0.89","CRISIL Hybrid 35+65 - Aggressive Index","25","11.5387","Baroda BNP Paribas Asset Management India Pvt. Ltd.","1000","5","Sanjay Chawla,Ankeet Pandya,Gurvinder Singh Wasan","0","Allowed","0"
Tata BSE Sensex Index Fund,"Index Fund","Growth","384.625449812","0.28","BSE SENSEX - TRI","161","200.6288","Tata Asset Management Private Limited","5000","0","Nitin Sharma,Rakesh Prajapati","0.25","Allowed","1500"
Axis FMP-129-108D,"Fixed Maturity Plans","Growth","383.4106","0","CRISIL Ultra Short Term Debt Index","4","10.1709","Axis Asset Management Company Ltd.","0","0","Sachin Jain","0","Not allowed","0"
Aditya Birla SL Retirement Fund-30,"Solution Oriented, Retirement Fund - Equity Oriented","Growth","382.2701","0.97","NIFTY 500 - TRI","87","23.279","Aditya Birla Sun Life AMC Limited","1000","5","Jonas Bhutta","0","Allowed","500"
HDFC Nifty LargeMidcap 250 Index Fund,"Index Fund","Growth","381.05980000000005","0.21","NIFTY LargeMidcap 250 - TRI","20","9.9153","HDFC Asset Management Company Limited","100","0","Arun Agarwal,Nandita Menezes","0","Allowed","100"
HDFC NIFTY 100 Equal Weight Index Fund,"Index Fund","Growth","376.41769999999997","0.42","Nifty100 Equal Weight - TRI","52","16.9862","HDFC Asset Management Company Limited","100","0","Arun Agarwal,Nandita Menezes","0","Allowed","2500"
Groww Multicap Fund,"Multi Cap Fund","Growth","376.054775409","1","Nifty500 Multicap 50:25:25 - TRI","18","11.2667","Groww Asset Management Limited","500","0","Anupam Tiwari,Saptarshee Chatterjee,Gagan Thareja","1","Allowed","500"
Invesco India ESG Integration Strategy Fund,"Thematic Fund","Growth","375.93370000000004","0.96","NIFTY100 ESG - TRI","63","17.03","Invesco Asset Management Company Pvt Ltd.","1000","0","Taher Badshah,Haresh Kapoor","1","Allowed","0"
Nippon India Nifty AAA PSU Bond Plus SDL - Sep 2026 Maturity 50:50 Index Fund,"Index Funds - Debt Oriented","Growth","375.6561","0.2","Nifty AAA PSU Bond Plus SDL Sep 2026 50:50 Index","44","12.867","Nippon Life India Asset Management Limited","1000","0","Vivek Sharma","0","Allowed","0"
Bank of India Consumption Fund,"Sectoral Fund - Consumption","Growth","375.33160000000004","1.08","Nifty India Consumption - TRI","18","10.69","Bank of India Investment Managers Private Limited","5000","0","Nitin Gosar","1","Allowed","0"
Union Value Fund,"Value Fund","Growth","373.1411","1.07","BSE 500 - TRI","90","29.61","Union Asset Management Company Pvt. Ltd.","1000","0","Vinod Malviya,Gaurav Chopra","1","Allowed","500"
HSBC Nifty 50 Index Fund,"Index Fund","Growth","372.53430000000003","0.42","NIFTY 50 - TRI","74","27.8509","HSBC Global Asset Management (India) Private Limited","5000","0","Praveen Ayathan,Rajeesh Nair","1","Allowed","0"
ITI Large Cap Fund,"Large Cap Fund","Growth","369.6193","0.67","NIFTY 100 - TRI","66","18.4409","ITI Asset Management Limited","5000","0","Alok Ranjan,Nilay Dalal","0.5","Allowed","0"
Sundaram Low Duration Fund,"Low Duration Fund","Growth","368.74982004335","0.4","NIFTY Low Duration Debt Index","161","3896.5044","Sundaram Asset Management Company Limited","1000","0","Sandeep Agarwal,Dwijendra Srivastava","0","Allowed","750"
Navi Nifty Midcap 150 Index Fund,"Index Fund","Growth","367.533116","0.25","Nifty Midcap 150 - TRI","51","21.2376","Navi AMC Limited","100","0","Ashutosh Shirwaikar","0","Allowed","100"
JM Arbitrage Fund,"Arbitrage Fund","Growth","366.71709525600005","0.81","Nifty 50 Arbitrage","161","36.6831","JM Financial Asset Management Private Limited","1000","0","Asit Bhandarkar,Satish Ramanathan,Deepak Gupta.,Ruchi Fozdar","0.5","Allowed","100"
Bandhan FTP-179-3652D,"Fixed Maturity Plans","Growth","365.6211","0","CRISIL Composite Bond Index","87","17.6677","Bandhan AMC Limited","0","0","Harshal Joshi","0","Not allowed","0"
Titanium Hybrid Long-Short Fund,"Balanced Hybrid Fund","Growth","364.83837633919995","0.56","CRISIL Hybrid 50+50 - Moderate Index","6","9.9524","Tata Asset Management Private Limited - SIF","1000000","0","Suraj Nanda,Amit Somani","1","Allowed","1000"
Nippon India Medium to Long Duration Fund,"Medium to Long Duration Fund","Growth","364.3967","0.76","NIFTY Medium to Long Duration Debt Index","161","102.0805","Nippon Life India Asset Management Limited","5000","0","Vivek Sharma,Kinjal Desai","0.25","Allowed","1500"
WOC Digital Bharat Fund,"Sectoral Fund - Technology","Growth","363.907","0.89","BSE TECk Index - TRI","20","9.348","WhiteOak Capital Asset Management Limited","500","0","Ramesh Mantri,Trupti Agrawal,Dheeresh Pathak,Piyush Baranwal","0","Allowed","100"
Bandhan US Specific Equity Active FOF,"FoFs (Overseas)","Growth","362.8986","0.53","Russell 1000 Index","58","21.166","Bandhan AMC Limited","0","0","Ritika Behera,Gaurav Satra","1","Not allowed","0"
ITI Banking & Financial Services Fund,"Sectoral Fund - Banks & Financial Services","Growth","362.2604","0.66","Nifty Financial Services - TRI","54","16.559","ITI Asset Management Limited","5000","0","Nilay Dalal,Animesh Singh","0.5","Allowed","0"
NJ Overnight Fund,"Overnight Fund","Growth","361.055128027","0.08","Nifty 1D Rate Index","46","1255.0113","NJ Asset Management Private Limited","5000","0","Viral Shah,Dhaval Patel","0","Allowed","0"
LIC MF Nifty 50 Index Fund,"Index Fund","Growth","360.0852","0.55","NIFTY 50 - TRI","161","141.0492","LIC Mutual Fund Asset Management Limited","5000","0","Nikhil Kapoor","0.25","Allowed","0"
Nippon India Nifty G-Sec Sep 2027 Maturity Index Fund,"Index Funds - Debt Oriented","Growth","359.5888","0.2","Nifty G-Sec Sep 2027 Index","42","12.747","Nippon Life India Asset Management Limited","1000","0","Vivek Sharma","0","Allowed","100"
Mirae Asset Global X Artificial Intelligence & Technology ETF FoF,"FoFs (Overseas)","Growth","359.3661","0.12","Indxx Artificial Intelligence & Big Data Index - TRI","45","35.194","Mirae Asset Investment Managers (India) Private Limited","0","0","Siddharth Srivastava","1","Not allowed","0"
Bank of India Multi Asset Allocation Fund,"Multi Asset Allocation Fund","Growth","357.4062","0.77","NIFTY 500 - TRI","28","12.6627","Bank of India Investment Managers Private Limited","5000","0","Mithraem Bharucha,Nilesh Jethani","1","Allowed","0"
SBI FMP-61-1927D,"Fixed Maturity Plans","Growth","357.3537","0","CRISIL Medium to Long Term Debt Index","51","13.0798","SBI Funds Management Limited","0","0","Ranjana Gupta","0","Not allowed","0"
HSBC Gold ETF FOF,"FoFs - Gold","Growth","355.7867","0.05","Gold-India","3","10.85","HSBC Global Asset Management (India) Private Limited","5000","0","Dipan Parikh","1","Allowed","1500"
Axis Credit Risk Fund,"Credit Risk Fund","Growth","355.17699999999996","0.8","CRISIL Credit Risk Debt Index","143","25.5036","Axis Asset Management Company Ltd.","5000","0","Devang Shah,Akhil Thakker","1","Allowed","12000"
SBI LT Advantage Fund-V,"Equity Linked Savings Scheme (ELSS)","Growth","353.3067","0","BSE 500","99","30.9753","SBI Funds Management Limited","0","3","Nidhi Chawla","0","Not allowed","0"
Quant Healthcare Fund,"Sectoral Fund - Pharma & Health Care","Growth","351.89419999999996","0.85","Nifty Healthcare Index - TRI","35","17.1343","Quant Money Managers Limited","5000","0","Sandeep Tandon,Ankit Pande,Varun Pattani,Ayusha Kumbhat","1","Allowed","0"
Quant Arbitrage Fund,"Arbitrage Fund","Growth","351.2970529","1.37","Nifty 50 Arbitrage - TRI","14","10.8307","Quant Money Managers Limited","5000","0","Sameer Kate,Yug Tibrewal,Sanjeev Sharma,Harshvardhan Bharatia","0.25","Allowed","0"
ITI Balanced Advantage Fund,"Balanced Advantage Fund","Growth","351.1728","0.73","NIFTY 50 Hybrid Composite Debt 50:50 Index","78","15.7504","ITI Asset Management Limited","5000","0","Nilay Dalal,Laukik Bagwe,Animesh Singh","0.5","Allowed","500"
Taurus Ethical Fund,"Thematic Fund","Growth","350.1454","0.86","BSE 500 Shariah - TRI","161","141.66","Taurus Asset Management Company Limited","500","0","Anuj Kapil","1","Allowed","1000"
Bajaj Finserv Overnight Fund,"Overnight Fund","Growth","348.7189","0.07","CRISIL Liquid Overnight Index","35","1189.9597","Bajaj Finserv Asset Management Limited","100","0","Siddharth Chaudhary,Nimesh Chandan,Sourish Chatterjee","0","Allowed","1000"
Bajaj Finserv Overnight Fund-Unclaimed less than 3Y IDCW Plan,"Overnight Fund","Growth","348.7189","0","CRISIL Liquid Overnight Index","14","1057.3276","Bajaj Finserv Asset Management Limited","0","0","Siddharth Chaudhary,Nimesh Chandan,Sourish Chatterjee","0","Not allowed","1000"
Bajaj Finserv Overnight Fund-Unclaimed less than 3Y Redemption Plan,"Overnight Fund","Growth","348.7189","0","CRISIL Liquid Overnight Index","15","1063.6138","Bajaj Finserv Asset Management Limited","0","0","Siddharth Chaudhary,Nimesh Chandan,Sourish Chatterjee","0","Not allowed","1000"
HDFC FMP-Sr 46-1359D-Sep 2022,"Fixed Maturity Plans","Growth","345.2824","0","NIFTY Medium Duration Debt Index","44","12.9231","HDFC Asset Management Company Limited","0","0","Anupam Joshi","0","Not allowed","0"
Taurus Flexi Cap Fund,"Flexi Cap Fund","Growth","343.62059999999997","2.03","BSE 500 - TRI","161","226.26","Taurus Asset Management Company Limited","500","0","Anuj Kapil","1","Allowed","0"
Quant Commodities Fund,"Thematic Fund","Growth","340.2669","1.21","NIFTY COMMODITIES - TRI","30","14.8995","Quant Money Managers Limited","5000","0","Sandeep Tandon,Ankit Pande,Sameer Kate,Varun Pattani","1","Allowed","3000"
JioBlackRock Nifty Smallcap 250 Index Fund,"Index Fund","Growth","333.78014089199996","0.13","Nifty Smallcap 250 - TRI","10","9.8762","Jio BlackRock Asset Management Pvt. Ltd.","500","0","Anand Shah,Haresh Mehta,Tanvi Kacheria","0","Allowed","0"
Aditya Birla SL FTP-TI-1837D,"Fixed Maturity Plans","Growth","333.5061","0","CRISIL Medium to Long Term Debt Index","60","13.4745","Aditya Birla Sun Life AMC Limited","0","0","Mohit Sharma","0","Not allowed","0"
Tata Children's Fund,"Solution Oriented - Children's Fund","Growth","331.16899275199995","2.06","NIFTY 500 - TRI","161","62.0427","Tata Asset Management Private Limited","0","0","Rahul Singh (Tata)","1","Not allowed","0"
Nippon India Japan Equity Fund,"Thematic Fund - Global","Growth","329.73089999999996","1.29","BSE 500 Japan - TRI","142","30.3368","Nippon Life India Asset Management Limited","0","0","Kinjal Desai,Amber Singhania","1","Not allowed","5000"
SBI FMP-53-1839D,"Fixed Maturity Plans","Growth","329.3986","0","CRISIL Medium to Long Term Debt Index","56","13.1768","SBI Funds Management Limited","0","0","Ranjana Gupta","0","Not allowed","0"
Zerodha Gold ETF FoF,"FoFs - Gold","Growth","328.73","0.23","Gold-India","19","20.5853","Zerodha Asset Management Private Limited","100","0","Shyam Agarwal,Kedarnath Mirajkar","0","Allowed","100"
Nippon India Nifty SDL Plus G-Sec-Jun 2028 Maturity 70:30 Index Fund,"Index Funds - Debt Oriented","Growth","328.00660000000005","0.2","Nifty SDL Plus G-Sec Jun 2028 70:30 Index","43","12.8678","Nippon Life India Asset Management Limited","1000","0","Vivek Sharma","0","Allowed","100"
Invesco India Equity Savings Fund,"Equity Savings","Growth","326.7516","0.76","NIFTY 50 Equity Savings Index","87","18.3239","Invesco Asset Management Company Pvt Ltd.","1000","0","Amey Sathe,Deepak Gupta,Krishna Cheemalapati","0.25","Allowed","0"
DSP Floater Fund,"Floating Rate Fund","Growth","325.73240000000004","0.21","CRISIL Short Duration Debt Index","63","13.9012","DSP Investment Managers Private Limited","100","0","Shantanu Godambe,Karan Mundhra","0","Allowed","100"
Bandhan Gilt Fund with 10 year constant duration Fund,"Gilt - Long Term Fund","Growth","325.4176","0.22","CRISIL 10 Year Gilt Index","161","47.721","Bandhan AMC Limited","1000","0","Harshal Joshi","0","Allowed","0"
NJ ELSS Tax Saver Scheme,"Equity Linked Savings Scheme (ELSS)","Growth","323.667354","0.62","NIFTY 500 - TRI","36","14.35","NJ Asset Management Private Limited","500","3","Viral Shah,Dhaval Patel","0","Allowed","0"
Bajaj Finserv Banking and PSU Fund,"Banking & PSU Fund","Growth","322.7548","0.29","NIFTY Banking and PSU Debt Index","31","11.8935","Bajaj Finserv Asset Management Limited","1000","0","Siddharth Chaudhary,Nimesh Chandan","0","Allowed","1000"
Aditya Birla SL Intl. Equity Fund,"Thematic Fund - Global","Growth","320.3861","1.61","S&P Global 1200","161","56.9033","Aditya Birla Sun Life AMC Limited","0","0","Dhaval Joshi","1","Not allowed","1000"
SBI BSE PSU Bank Index Fund,"Index Fund","Growth","319.57919999999996","0.35","BSE PSU Bank - TRI","15","12.85","SBI Funds Management Limited","5000","0","Viral Chhadva","0.25","Allowed","5000"
Union Consumption Fund,"Sectoral Fund - Consumption","Growth","316.8742","0.97","Nifty India Consumption - TRI","6","9.17","Union Asset Management Company Pvt. Ltd.","1000","0","Vinod Malviya,Sanjay Bembalkar","1","Allowed","500"
SBI FMP-51-1846D,"Fixed Maturity Plans","Growth","316.53790000000004","0","CRISIL Medium to Long Term Debt Index","57","13.1835","SBI Funds Management Limited","0","0","Ranjana Gupta","0","Not allowed","0"
Invesco India Overnight Fund,"Overnight Fund","Growth","316.2587","0.05","Nifty 1D Rate Index","77","1370.2372","Invesco Asset Management Company Pvt Ltd.","1000","0","Krishna Cheemalapati","0","Not allowed","0"
Franklin India Ultra Short Duration Fund,"Ultra Short Duration Fund","Growth","313.659419838","0.24","NIFTY Ultra Short Duration Debt Index","22","11.2604","Franklin Templeton Asset Management (India) Private Limited","5000","0","Rohan Maru,Pallab Roy,Rahul Goswami","0","Allowed","100"
SBI Nifty200 Quality 30 Index Fund,"Index Fund","Growth","313.5269","0.44","NIFTY200 Quality 30 - TRI","12","9.9047","SBI Funds Management Limited","5000","0","Viral Chhadva","0.25","Allowed","1000"
SBI BSE Sensex Index Fund,"Index Fund","Growth","313.3517","0.21","BSE SENSEX - TRI","37","12.3585","SBI Funds Management Limited","5000","0","Viral Chhadva","0.2","Allowed","1000"
Aditya Birla SL Nifty Smallcap 50 Index Fund,"Index Fund","Growth","312.1734","0.41","Nifty Smallcap 50 - TRI","62","21.5378","Aditya Birla Sun Life AMC Limited","100","0","Priya Sridhar","0.25","Allowed","500"
DSP Nifty Smallcap250 Quality 50 Index Fund,"Index Fund","Growth","310.8143","0.14","Nifty Smallcap250 Quality 50 - TRI","30","10.8917","DSP Investment Managers Private Limited","100","0","Anil Ghelani,Diipesh Shah,Neha Rathi","0","Allowed","100"
ITI Bharat Consumption Fund,"Sectoral Fund - Consumption","Growth","309.8798","0.75","Nifty India Consumption - TRI","16","11.0565","ITI Asset Management Limited","5000","0","Animesh Singh,Dhimant Shah","0.5","Allowed","0"
Nippon India Nifty SDL Plus G-Sec - Jun 2029 Maturity 70:30 Index Fund,"Index Funds - Debt Oriented","Growth","309.1953","0.2","Nifty SDL Plus G-Sec Jun 2029 70:30 Index","40","12.67","Nippon Life India Asset Management Limited","1000","0","Vivek Sharma","0","Allowed","5000"
IL&FS Infra Debt Fund - Series 2-C,"Sectoral Fund - Infrastructure (Debt)","Growth","309.16234000000003","0","CRISIL Composite Bond Index","72","2424610.7894","IL&FS Infra Asset Management Limited","0","0","Neelesh Vernekar","0","Not allowed","0"
Groww Nifty Total Market Index Fund,"Index Fund","Growth","308.860069948","0.66","Nifty Total Market - TRI","32","13.5184","Groww Asset Management Limited","500","0","Aakash Chauhan,Nikhil Satam,Shashi Kumar","0.25","Allowed","0"
Kotak CRISIL-IBX Financial Services 3-6 Months Debt Index Fund,"Index Funds - Debt Oriented","Growth","307.9633","0.12","CRISIL-IBX Financial Services 3 to 6 Months Debt Index","15","10.8351","Kotak Mahindra Asset Management Company Limited","100","0","Manu Sharma","0","Allowed","0"
ITI Value Fund,"Value Fund","Growth","304.9929","0.68","NIFTY 500 - TRI","60","18.276","ITI Asset Management Limited","5000","0","Nilay Dalal,Dhimant Shah","0.5","Allowed","500"
Helios Balanced Advantage Fund,"Dynamic Asset Allocation Fund","Growth","304.822027777","0.96","CRISIL Hybrid 50+50 - Moderate Index","27","11.65","Helios Capital Asset Management (India) Private Limited","5000","0","Alok Bahl,Pratik Singh,Utsav Modi","0","Allowed","0"
ICICI Pru Diversified Equity All Cap Omni FOF,"FoFs (Domestic) - Equity Oriented","Growth","303.221776441","0.27","BSE 500 - TRI","76","31.428","ICICI Prudential Asset Management Company Limited","500","0","Dharmesh Kakkad,Sharmila Dmello,Masoomi Jhurmarvala","1","Allowed","0"
Axis Nifty 500 Index Fund,"Index Fund","Growth","301.5125","0.11","NIFTY 500 - TRI","23","9.8794","Axis Asset Management Company Ltd.","100","0","Nandik Mallik,Rohit Gautam","0.25","Allowed","0"
LIC MF Midcap Fund,"Mid Cap Fund","Growth","300.89459999999997","1.33","Nifty Midcap 150 - TRI","113","32.8816","LIC Mutual Fund Asset Management Limited","5000","0","Dikshit Mittal","1","Allowed","0"
Bajaj Finserv Healthcare Fund,"Sectoral Fund - Pharma & Health Care","Growth","300.451502","0.66","BSE Health Care - TRI","18","10.721","Bajaj Finserv Asset Management Limited","500","0","Vinay Bafna,Bharat Hegde,Siddharth Chaudhary","1","Allowed","1000"
Nippon India CRISIL-IBX Financial Services 3-6 Months Debt Index Fund,"Index Funds - Debt Oriented","Growth","300.1841","0.09","CRISIL-IBX Financial Services 3 to 6 Months Debt Index","3","10.1374","Nippon Life India Asset Management Limited","1000","0","Vikash Agarwal","0","Allowed","0"
UTI Medium to Long Duration Fund,"Medium to Long Duration Fund","Growth","299.7018","1.3","CRISIL Medium to Long Term Debt Index","161","81.3038","UTI Asset Management Company Private Limited","500","0","Amit Sharma","1","Allowed","500"
DSP CRISIL-IBX 50:50 Gilt Plus SDL - April 2033 Index Fund,"Index Funds - Debt Oriented","Growth","299.3234","0.13","CRISIL-IBX 50:50 Gilt Plus SDL Index - April 2033","41","12.7176","DSP Investment Managers Private Limited","100","0","Shantanu Godambe","0","Allowed","0"
Canara Rob Short Duration Fund,"Short Duration Fund","Growth","298.2428","0.31","CRISIL Short Duration Debt Index","161","28.8938","Canara Robeco Asset Management Company Limited","5000","0","Suman Prasad,Avnish Jain","0","Allowed","0"
UTI CRISIL SDL Maturity April 2033 Index Fund,"Index Funds - Debt Oriented","Growth","296.269","0.21","CRISIL IBX SDL Index - April 2033","42","12.6613","UTI Asset Management Company Private Limited","5000","0","Jaydeep Bhowal","0","Allowed","0"
Groww Small Cap Fund,"Small Cap Fund","Growth","296.070448607","1.12","Nifty Smallcap 250 - TRI","5","10.8588","Groww Asset Management Limited","500","0","Anupam Tiwari","1","Allowed","100"
Canara Rob Overnight Fund,"Overnight Fund","Growth","295.6748","0.07","CRISIL Liquid Overnight Index","83","1399.8854","Canara Robeco Asset Management Company Limited","5000","0","Suman Prasad,Avnish Jain","0","Not allowed","0"
Kotak Nifty Commodities Index Fund,"Index Fund","Growth","294.026","0.2","NIFTY COMMODITIES - TRI","15","12.731","Kotak Mahindra Asset Management Company Limited","100","0","Satish Dondapati,Abhishek Bisen,Jeetu Valechha Sonar","0","Allowed","0"
Baroda BNP Paribas Low Duration Fund,"Low Duration Fund","Growth","292.08389999999997","0.24","CRISIL Low Duration Debt Index","161","46.2053","Baroda BNP Paribas Asset Management India Pvt. Ltd.","5000","0","Vikram Pamnani,Gurvinder Singh Wasan","0","Allowed","0"
ICICI Pru Strategic Metal and Energy Equity FoF,"FoFs (Overseas)","Growth","291.560536804","0.53","S&P Oil & Gas Exploration & Production Select Industry Index","52","31.6187","ICICI Prudential Asset Management Company Limited","0","0","Sharmila Dmello,Masoomi Jhurmarvala","1","Not allowed","0"
Invesco India Technology Fund,"Sectoral Fund - Technology","Growth","290.9244","0.77","NIFTY IT - TRI","21","9.42","Invesco Asset Management Company Pvt Ltd.","1000","0","Hiten Jain,Aditya Khemani","0.5","Allowed","100"
Bandhan Healthcare Fund,"Sectoral Fund - Pharma & Health Care","Growth","290.5462","0.74","BSE Health Care - TRI","7","10.451","Bandhan AMC Limited","1000","0","Viraj Kulkarni,Brijesh Shah,Ritika Behera,Gaurav Satra","0.5","Allowed","0"
Franklin India Floating Rate Fund,"Floating Rate Fund","Growth","289.617583669","0.23","Nifty Short Duration Debt Index","162","47.0911","Franklin Templeton Asset Management (India) Private Limited","1000","0","Pallab Roy,Rohan Maru","0","Allowed","500"
DSP Bond Fund,"Medium Duration Fund","Growth","288.3992","0.34","CRISIL Medium Duration Debt Index","161","89.8234","DSP Investment Managers Private Limited","100","0","Vivekanand Ramakrishnan,Karan Mundhra","0","Allowed","0"
Samco Flexi Cap Fund,"Flexi Cap Fund","Growth","286.4435","0.98","NIFTY 500 - TRI","52","10.37","Samco Asset Management Pvt. Ltd.","5000","0","Nirali Bhansali,Umeshkumar Mehta,Dhawal Ghanshyam Dhanani,Komal Grover","1","Allowed","0"
Edelweiss Nifty 50 Index Fund,"Index Fund","Growth","286.1637","0.09","NIFTY 50 - TRI","56","13.9383","Edelweiss Asset Management Limited","100","0","Bhavesh Jain,Bharat Lahoti,Manasi Jalgaonkar","0","Allowed","100"
Shriram Money Market Fund,"Money Market Fund","Growth","285.4524","0.11","Nifty Money Market Index","5","1017.5613","Shriram Asset Management Company Limited","1000","0","Amit Modani,Sudip More","0","Allowed","500"
Aditya Birla SL Global Emerging Opp Fund,"FoFs (Overseas)","Growth","284.2201","0.61","MSCI AC World Index","161","35.2448","Aditya Birla Sun Life AMC Limited","0","0","Dhaval Joshi","0.25","Not allowed","0"
HDFC BSE 500 Index Fund,"Index Fund","Growth","283.5021","0.28","BSE 500 - TRI","38","15.1944","HDFC Asset Management Company Limited","100","0","Arun Agarwal,Nandita Menezes","0","Allowed","100"
Axis Retirement Fund-Dynamic Plan,"Solution Oriented, Retirement Fund - Equity Oriented","Growth","283.0045","1.3","CRISIL Hybrid 35+65 - Aggressive Index","78","20.64","Axis Asset Management Company Ltd.","5000","5","Jayesh Sundar,Devang Shah,Hardik Shah,Krishnaa N","0","Allowed","1000"
WOC Balanced Hybrid Fund,"Balanced Hybrid Fund","Growth","281.6608","0.73","CRISIL Hybrid 50+50 - Moderate Index","32","13.281","WhiteOak Capital Asset Management Limited","500","0","Ramesh Mantri,Piyush Baranwal,Trupti Agrawal,Dheeresh Pathak","0","Allowed","100"
Baroda BNP Paribas Equity Savings Fund,"Equity Savings","Growth","280.8283","1.13","NIFTY 50 Equity Savings Index - TRI","83","18.2818","Baroda BNP Paribas Asset Management India Pvt. Ltd.","5000","0","Sanjay Chawla,Neeraj Saxena,Ankeet Pandya,Gurvinder Singh Wasan","1","Allowed","1500"
Baroda BNP Paribas Short Duration Fund,"Short Duration Fund","Growth","279.7579","0.37","CRISIL Short Duration Debt Index","161","33.0341","Baroda BNP Paribas Asset Management India Pvt. Ltd.","5000","0","Gurvinder Singh Wasan,Vikram Pamnani","0","Allowed","0"
JM Focused Fund,"Focused Fund","Growth","279.614118737","0.85","BSE 500 - TRI","161","22.3328","JM Financial Asset Management Private Limited","1000","0","Asit Bhandarkar,Satish Ramanathan,Deepak Gupta.,Ruchi Fozdar","1","Allowed","100"
Edelweiss NIFTY Large Mid Cap 250 Index Fund,"Index Fund","Growth","278.05580000000003","0.29","NIFTY LargeMidcap 250 - TRI","54","16.928","Edelweiss Asset Management Limited","100","0","Bhavesh Jain,Manasi Jalgaonkar","0","Allowed","0"
Sundaram Banking & PSU Fund,"Banking & PSU Fund","Growth","277.58908965379","0.27","NIFTY Banking and PSU Debt Index","161","45.3179","Sundaram Asset Management Company Limited","5000","0","Sandeep Agarwal,Dwijendra Srivastava,Yash Sanghvi","0","Allowed","0"
Groww Liquid Fund,"Liquid Fund","Growth","277.540211726","0.12","CRISIL Liquid Debt Index","162","2697.0397","Groww Asset Management Limited","500","0","Kaustubh Sule,Wilfred Gonsalves","0.007","Allowed","500"
Bank of India Banking & Financial Services Fund,"Sectoral Fund - Banks & Financial Services","Growth","274.8211","1.13","Nifty Financial Services - TRI","5","9.52","Bank of India Investment Managers Private Limited","5000","0","Nilesh Jethani","1","Allowed","0"
SBI FMP-57-1835D,"Fixed Maturity Plans","Growth","274.2345","0","CRISIL Medium to Long Term Debt Index","54","13.0465","SBI Funds Management Limited","0","0","Ranjana Gupta","0","Not allowed","0"
Bank of India Short Term Income Fund,"Short Duration Fund","Growth","271.5856","0.45","CRISIL Short Duration Debt Index","161","30.2541","Bank of India Investment Managers Private Limited","5000","0","Mithraem Bharucha","0","Allowed","0"
SBI FMP-55-1849D,"Fixed Maturity Plans","Growth","270.74","0","CRISIL Medium to Long Term Debt Index","55","13.1275","SBI Funds Management Limited","0","0","Ranjana Gupta","0","Not allowed","0"
Tata Nifty Midcap 150 Index Fund,"Index Fund","Growth","270.03040322379996","0.1","Nifty Midcap 150 - TRI","12","10.6702","Tata Asset Management Private Limited","5000","0","Nitin Sharma,Rakesh Prajapati","0.5","Allowed","0"
HDFC FMP-Sr 46-1406D-Aug 2022,"Fixed Maturity Plans","Growth","269.0988","0","NIFTY Long Duration Debt Index","46","12.9121","HDFC Asset Management Company Limited","0","0","Anupam Joshi","0","Not allowed","0"
SBI FMP-58-1842D,"Fixed Maturity Plans","Growth","267.89439999999996","0","CRISIL Medium to Long Term Debt Index","53","13.1568","SBI Funds Management Limited","0","0","Ranjana Gupta","0","Not allowed","0"
Navi Large & Midcap Fund,"Large & Mid Cap Fund","Growth","267.44926599999997","0.5","NIFTY LargeMidcap 250 - TRI","126","42.3215","Navi AMC Limited","100","0","Ashutosh Shirwaikar","0","Allowed","0"
Quant ESG Integration Strategy Fund,"Thematic Fund","Growth","264.3966","1.11","NIFTY100 ESG - TRI","67","38.8038","Quant Money Managers Limited","5000","0","Sandeep Tandon,Ankit Pande,Varun Pattani,Ayusha Kumbhat","1","Allowed","1000"
NJ Arbitrage Fund,"Arbitrage Fund","Growth","263.78866600000003","0.22","Nifty 50 Arbitrage","46","12.8924","NJ Asset Management Private Limited","5000","0","Dhaval Patel,Viral Shah","0","Allowed","0"
SBI FMP-60-1878D,"Fixed Maturity Plans","Growth","262.8086","0","CRISIL Medium to Long Term Debt Index","52","13.0566","SBI Funds Management Limited","0","0","Ranjana Gupta","0","Not allowed","0"
LIC MF Banking & Financial Services Fund,"Sectoral Fund - Banks & Financial Services","Growth","262.05330000000004","1.16","Nifty Financial Services - TRI","135","23.3045","LIC Mutual Fund Asset Management Limited","5000","0","Sudhanshu Asthana","1","Allowed","1000"
ICICI Pru Nifty LargeMidcap 250 Index Fund,"Index Fund","Growth","261.61505450420003","0.21","NIFTY LargeMidcap 250 - TRI","27","12.1841","ICICI Prudential Asset Management Company Limited","100","0","Nishit Patel,Ashwini Shinde,Venus Ahuja","0","Allowed","0"
Navi Flexi Cap Fund,"Flexi Cap Fund","Growth","260.338422","0.52","NIFTY 500 - TRI","95","27.0218","Navi AMC Limited","100","0","Ashutosh Shirwaikar","0","Allowed","0"
Axis CRISIL-IBX Financial Services 3-6 Months Debt Index Fund,"Index Funds - Debt Oriented","Growth","259.3841","0.11","CRISIL-IBX Financial Services 3 to 6 Months Debt Index","9","10.4125","Axis Asset Management Company Ltd.","5000","0","Aditya Pagaria","0","Allowed","0"
ICICI Pru Nifty SDL Sep 2026 Index Fund,"Index Funds - Debt Oriented","Growth","256.6780518506","0.17","Nifty SDL Sep 2026 Index","42","12.7019","ICICI Prudential Asset Management Company Limited","1000","0","Darshil Dedhia,Rohit Lakhotia","0","Not allowed","0"
Edelweiss Nifty Next 50 Index Fund,"Index Fund","Growth","255.66189999999997","0.22","NIFTY NEXT 50 - TRI","43","16.1492","Edelweiss Asset Management Limited","100","0","Bhavesh Jain,Manasi Jalgaonkar","0","Allowed","100"
Bandhan Floater Fund,"Floating Rate Fund","Growth","255.0054","0.08","NIFTY Medium Duration Debt Index","64","13.8145","Bandhan AMC Limited","1000","0","Brijesh Shah,Debraj Lahiri","0","Allowed","100"
Kotak Energy Opportunities Fund,"Sectoral Fund - Energy & Power","Growth","254.81990000000002","0.9","NIFTY ENERGY - TRI","14","10.788","Kotak Mahindra Asset Management Company Limited","100","0","Mandar Pawar,Abhishek Bisen","0.5","Allowed","100"
UTI Credit Risk Fund,"Credit Risk Fund","Growth","252.5152","1.04","CRISIL Credit Risk Debt Index","161","20.3007","UTI Asset Management Company Private Limited","500","0","Abhishek Sonthalia","1","Allowed","0"
SBI Retirement Benefit Fund-Conservative Hybrid Plan,"Solution Oriented, Retirement Fund - Debt Oriented","Growth","248.1483","1.22","CRISIL Hybrid 65+35 - Conservative Index","64","15.7788","SBI Funds Management Limited","5000","5","Rohit Shimpi,Ardhendu Bhattacharya","0","Allowed","5000"
Tata Income Plus Arbitrage Active FOF,"FoFs (Domestic) - Hybrid","Growth","248.080284391","0.08","CRISIL Composite Bond Index","13","10.453","Tata Asset Management Private Limited","5000","0","Sailesh Jain,Murthy Nagarajan","0.25","Allowed","150"
Samco Multi Cap Fund,"Multi Cap Fund","Growth","247.7374","1.39","Nifty500 Multicap 50:25:25 - TRI","20","8.56","Samco Asset Management Pvt. Ltd.","5000","0","Umeshkumar Mehta,Nirali Bhansali,Dhawal Ghanshyam Dhanani,Komal Grover","1","Allowed","3000"
Motilal Oswal Quant Fund,"Thematic Fund","Growth","246.6951","0.83","NIFTY 200 - TRI","24","10.2233","Motilal Oswal Asset Management Company Limited","500","0","Ajay Khandelwal,Ankit Agarwal,Rakesh Shetty","1","Allowed","500"
Edelweiss Financial Services Fund,"Sectoral Fund - Banks & Financial Services","Growth","246.31619999999998","0.93","Nifty Financial Services - TRI","4","9.2075","Edelweiss Asset Management Limited","100","0","Trideep Bhattacharya,Ashwani Agarwalla,Amit Vora","1","Allowed","100"
SBI Nifty India Consumption Index Fund,"Index Fund","Growth","246.248","0.46","Nifty India Consumption - TRI","20","9.8385","SBI Funds Management Limited","5000","0","Viral Chhadva","0.25","Allowed","500"
Axis FMP-130-92D,"Fixed Maturity Plans","Growth","244.90700099999998","0","CRISIL Ultra Short Term Debt Index","3","10.1458","Axis Asset Management Company Ltd.","0","0","Sachin Jain","0","Not allowed","0"
JioBlackRock Nifty Midcap 150 Index Fund,"Index Fund","Growth","244.60714043200002","0.13","NIFTY 50 - TRI","10","10.5659","Jio BlackRock Asset Management Pvt. Ltd.","500","0","Anand Shah,Haresh Mehta,Tanvi Kacheria","0","Allowed","0"
LIC MF Arbitrage Fund,"Arbitrage Fund","Growth","244.45950000000002","0.29","Nifty 50 Arbitrage","89","15.2515","LIC Mutual Fund Asset Management Limited","5000","0","Sumit Bhatnagar,Pratik Shroff","0.25","Allowed","200"
Tata Nifty India Tourism Index Fund,"Index Fund","Growth","243.3741883488","0.48","Nifty India Tourism Index - TRI","23","8.2947","Tata Asset Management Private Limited","5000","0","Nitin Sharma,Rakesh Prajapati","0.25","Allowed","0"
PGIM India Multi Asset Allocation Fund,"Multi Asset Allocation Fund","Growth","242.43150000000003","0.6","NIFTY 500 - TRI","7","10.47","PGIM India Asset Management Private Limited","5000","0","Utsav Mehta,Anandha Padmanabhan Anjeneyan,Sharma Vivek,Puneet Pal","0.5","Allowed","1000"
WOC Equity Savings Fund,"Equity Savings","Growth","242.08360000000002","0.78","NIFTY 50 Equity Savings Index - TRI","15","11.393","WhiteOak Capital Asset Management Limited","500","0","Ramesh Mantri,Dheeresh Pathak,Trupti Agrawal,Piyush Baranwal","0","Allowed","0"
DSP Credit Risk Fund,"Credit Risk Fund","Growth","242.06220000000002","0.34","CRISIL Credit Risk Debt Index","161","58.78","DSP Investment Managers Private Limited","100","0","Vivekanand Ramakrishnan,Shalini Vasanta,Kunal Khudania","3","Allowed","100"
ICICI Pru Nifty50 Equal Weight Index Fund,"Index Fund","Growth","241.82912656969998","0.22","NIFTY50 Equal Weight - TRI","44","16.8042","ICICI Prudential Asset Management Company Limited","100","0","Nishit Patel,Ashwini Shinde,Venus Ahuja","0","Allowed","100"
Baroda BNP Paribas Corp Bond Fund,"Corporate Bond Fund","Growth","241.6923","0.18","CRISIL Corporate Bond Index","161","30.4298","Baroda BNP Paribas Asset Management India Pvt. Ltd.","5000","0","Gurvinder Singh Wasan,Vikram Pamnani","0","Allowed","0"
Union Arbitrage Fund,"Arbitrage Fund","Growth","241.25490000000002","0.32","Nifty 50 Arbitrage - TRI","88","15.3136","Union Asset Management Company Pvt. Ltd.","1000","0","Vishal Thakker,Devesh Thacker","0.25","Allowed","500"
Nippon India FMP-XLV-5-1158D,"Fixed Maturity Plans","Growth","240.96540000000002","0","CRISIL Medium Duration Debt Index","39","12.9921","Nippon Life India Asset Management Limited","0","0","Vikash Agarwal","0","Not allowed","0"
HDFC NIFTY100 Low Volatility 30 Index Fund,"Index Fund","Growth","240.58540000000002","0.39","Nifty100 Low Volatility 30 - TRI","23","10.1195","HDFC Asset Management Company Limited","100","0","Arun Agarwal,Nandita Menezes","0","Allowed","100"
Invesco India - Invesco Global Equity Income FoF,"FoFs (Overseas)","Growth","240.56439999999998","0.72","MSCI World Index-Net Dividend","145","40.6055","Invesco Asset Management Company Pvt Ltd.","0","0","Sagar Gandhi","1","Not allowed","0"
Nippon India FMP-XLIII-1-1755D,"Fixed Maturity Plans","Growth","239.7511","0","CRISIL Medium Duration Debt Index","58","13.3314","Nippon Life India Asset Management Limited","0","0","Vikash Agarwal","0","Not allowed","0"
SBI FMP-45-1840D,"Fixed Maturity Plans","Growth","239.64610000000002","0","CRISIL Medium to Long Term Debt Index","60","13.453","SBI Funds Management Limited","0","0","Ranjana Gupta","0","Not allowed","0"
Aditya Birla SL Nifty Next 50 Index Fund,"Index Fund","Growth","238.9977","0.3","NIFTY NEXT 50 - TRI","52","17.2243","Aditya Birla Sun Life AMC Limited","100","0","Priya Sridhar","0","Allowed","0"
Edelweiss Europe Dynamic Equity Off-shore Fund,"FoFs (Overseas)","Growth","236.9393","1.52","MSCI Europe Index (Total Return Net)","148","33.5886","Edelweiss Asset Management Limited","0","0","Bhavesh Jain,Bharat Lahoti","1","Allowed","0"
Quant Teck Fund,"Sectoral Fund - Technology","Growth","235.475","1.51","NIFTY IT - TRI","33","10.8476","Quant Money Managers Limited","5000","0","Sandeep Tandon,Ankit Pande,Varun Pattani,Ayusha Kumbhat","1","Allowed","1000"
Zerodha ELSS Tax Saver Nifty LargeMidcap 250 Index Fund,"Equity Linked Savings Scheme (ELSS)","Growth","234.68490000000003","0.29","NIFTY LargeMidcap 250 - TRI","31","14.0135","Zerodha Asset Management Private Limited","500","3","Kedarnath Mirajkar","0","Allowed","500"
Bandhan Nifty 100 Index Fund,"Index Fund","Growth","233.60209999999998","0.08","NIFTY 100 - TRI","52","14.6924","Bandhan AMC Limited","1000","0","Abhishek Jain,Mayuresh Nagvekar","0","Allowed","0"
Aditya Birla SL FTP-TQ-1879D,"Fixed Maturity Plans","Growth","231.7886","0","CRISIL Medium to Long Term Debt Index","51","13.0537","Aditya Birla Sun Life AMC Limited","0","0","Mohit Sharma","0","Not allowed","0"
Invesco India Income Plus Arbitrage Active FoF,"FoFs (Domestic) - Hybrid","Growth","231.26930000000002","0.03","NIFTY Composite Debt Index","11","1037.3388","Invesco Asset Management Company Pvt Ltd.","1000","0","Vikas Garg,Deepak Gupta","0","Allowed","0"
Helios Overnight Fund,"Overnight Fund","Growth","231.25009999999997","0.13","CRISIL Liquid Overnight Index","32","1163.0858","Helios Capital Asset Management (India) Private Limited","5000","0","Alok Bahl,Utsav Modi","0","Not allowed","0"
Axis Long Duration Fund,"Long Duration Fund","Growth","230.497501","0.33","NIFTY Long Duration Debt Index","42","1223.5099","Axis Asset Management Company Ltd.","5000","0","Devang Shah,Hardik Shah","0","Allowed","0"
Bandhan Credit Risk Fund,"Credit Risk Fund","Growth","230.4779","0.56","NIFTY Credit Risk Bond Index","111","18.5385","Bandhan AMC Limited","1000","0","Gautam Kaul,Debraj Lahiri","1","Allowed","100"
ICICI Pru Nifty200 Value 30 Index Fund,"Index Fund","Growth","230.316005209","0.32","Nifty200 Value 30 - TRI","20","11.31","ICICI Prudential Asset Management Company Limited","100","0","Nishit Patel,Ashwini Shinde,Venus Ahuja","0","Allowed","100"
ITI Pharma & Healthcare Fund,"Sectoral Fund - Pharma & Health Care","Growth","229.56439999999998","0.66","Nifty Healthcare Index - TRI","55","18.4279","ITI Asset Management Limited","5000","0","Animesh Singh,Nilay Dalal","0.5","Allowed","0"
The Wealth Company Flexi Cap Fund,"Flexi Cap Fund","Growth","227.71436235599998","0.3","NIFTY 500 - TRI","8","9.9752","Wealth Company Asset Management Holdings Pvt. Ltd.","1000","0","Aparna Shanker,Umesh Sharma,Neeraj Jain","1","Allowed","250"
Edelweiss Nifty Smallcap 250 Index Fund,"Index Fund","Growth","227.6514","0.33","Nifty Smallcap 250 - TRI","43","17.3533","Edelweiss Asset Management Limited","100","0","Bhavesh Jain,Manasi Jalgaonkar","0","Allowed","100"
Mirae Asset Nifty Smallcap 250 Momentum Quality 100 ETF FoF,"FoFs (Domestic) - Equity Oriented","Growth","226.6411","0.08","Nifty Smallcap250 Momentum Quality 100 - TRI","27","9.958","Mirae Asset Investment Managers (India) Private Limited","5000","0","Ekta Gala,Akshay Udeshi","0.05","Allowed","0"
Kotak Dividend Yield Fund,"Dividend Yield Fund","Growth","226.6402","0.92","NIFTY 500 - TRI","5","9.515","Kotak Mahindra Asset Management Company Limited","100","0","Shibani Kurian,Abhishek Bisen","1","Allowed","100"
IL&FS Infra Debt Fund - Series 2-A,"Sectoral Fund - Infrastructure (Debt)","Growth","226.15989000000002","0","CRISIL Composite Bond Index","72","1903364.173","IL&FS Infra Asset Management Limited","0","0","Neelesh Vernekar","0","Not allowed","0"
JioBlackRock Short Duration Fund,"Short Duration Fund","Growth","224.87525639700002","0.18","Nifty Short Duration Debt Index","5","1014.4909","Jio BlackRock Asset Management Pvt. Ltd.","500","0","Vikrant Mehta,Siddharth Deb,Arun Ramachandran","0","Allowed","500"
SBI LT Advantage Fund-VI,"Equity Linked Savings Scheme (ELSS)","Growth","223.49759999999998","0","BSE 500","95","30.1542","SBI Funds Management Limited","0","3","Nidhi Chawla","0","Not allowed","0"
Mirae Asset Nifty MidSmallcap400 Momentum Quality 100 ETF FoF,"FoFs (Domestic) - Equity Oriented","Growth","223.1991","0.06","Nifty MidSmallcap400 Momentum Quality 100 - TRI","25","10.261","Mirae Asset Investment Managers (India) Private Limited","5000","0","Ekta Gala,Akshay Udeshi","0.05","Allowed","0"
JM Low Duration Fund,"Low Duration Fund","Growth","223.167682569","0.4","CRISIL Low Duration Debt Index","161","40.0515","JM Financial Asset Management Private Limited","1000","0","Killol Pandya,Ruchi Fozdar,Jayant Dhoot","0","Allowed","250"
Abakkus Liquid Fund,"Liquid Fund","Growth","222.03599999999997","0.24","CRISIL Liquid Debt Index","6","102.4245","Abakkus Investment Managers Pvt. Ltd.","1000","0","Abhishek Srinivas,Sanjay Doshi","0.0045","Allowed","500"
Axis Nifty India Defence Index Fund,"Index Fund","Growth","221.9787","0.98","Nifty India Defence - TRI","2","9.967","Axis Asset Management Company Ltd.","100","0","Nandik Mallik,Rohit Gautam","0.25","Allowed","100"
ITI Ultra Short Duration Fund,"Ultra Short Duration Fund","Growth","221.899","0.19","CRISIL Ultra Short Term Debt Index","61","1349.7503","ITI Asset Management Limited","5000","0","Laukik Bagwe","0","Allowed","500"
Nippon India Diversified Equity Flexicap Passive FoF,"FoFs (Domestic) - Equity Oriented","Growth","221.8947","0.2","NIFTY 500 - TRI","65","20.6751","Nippon Life India Asset Management Limited","500","0","Shirish Guthe","0","Allowed","1500"
ICICI Pru Multi Sector Passive FOF,"FoFs (Domestic) - Equity Oriented","Growth","221.4423730352","0.2","NIFTY 500 - TRI","161","172.7243","ICICI Prudential Asset Management Company Limited","5000","0","Sankaran Naren,Dharmesh Kakkad,Sharmila Dmello,Masoomi Jhurmarvala","1","Allowed","5000"
Edelweiss Emerging Markets Opp Eq. Offshore Fund,"FoFs (Overseas)","Growth","221.3732","1.47","MSCI Emerging Market Index","143","30.4222","Edelweiss Asset Management Limited","0","0","Bhavesh Jain,Bharat Lahoti","1","Allowed","0"
Zerodha Silver ETF FoF,"FoFs (Domestic) - Silver","Growth","220.68650000000002","0.2","Silver","11","24.1183","Zerodha Asset Management Private Limited","500","0","Shyam Agarwal,Kedarnath Mirajkar","0","Allowed","100"
JM ELSS Tax Saver Fund,"Equity Linked Savings Scheme (ELSS)","Growth","219.578273746","1.25","BSE 500 - TRI","161","54.6863","JM Financial Asset Management Private Limited","500","3","Deepak Gupta.,Satish Ramanathan,Asit Bhandarkar,Ruchi Fozdar","0","Allowed","500"
JioBlackRock Nifty 50 Index Fund,"Index Fund","Growth","218.85772830599998","0.09","NIFTY 50 - TRI","10","9.5335","Jio BlackRock Asset Management Pvt. Ltd.","500","0","Anand Shah,Haresh Mehta,Tanvi Kacheria","0","Allowed","0"
Edelweiss US Value Equity Offshore Fund,"FoFs (Overseas)","Growth","218.0174","1.46","Russell 1000 Index","154","46.3181","Edelweiss Asset Management Limited","0","0","Bhavesh Jain,Bharat Lahoti","1","Allowed","100"
Axis Conservative Hybrid Fund,"Conservative Hybrid Fund","Growth","217.81449899999998","1.1","NIFTY 50 Hybrid Composite Debt 15:85 Index","161","35.3238","Axis Asset Management Company Ltd.","500","0","Devang Shah,Sachin Jain,Jayesh Sundar,Krishnaa N","1","Allowed","12000"
Mirae Asset CRISIL IBX Gilt Index - April 2033 Index Fund,"Index Funds - Debt Oriented","Growth","217.6322","0.15","CRISIL IBX Gilt Index - April 2033","44","13.0772","Mirae Asset Investment Managers (India) Private Limited","5000","0","Pranavi Kulkarni","0","Allowed","99"
Aditya Birla SL Global Excellence Equity FoF,"FoFs (Overseas)","Growth","216.4517","0.68","MSCI World","161","45.6292","Aditya Birla Sun Life AMC Limited","0","0","Dhaval Joshi","0.25","Not allowed","0"
Aditya Birla SL Dynamic Asset Allocation Omni FOF,"FoFs (Domestic) - Equity Oriented","Growth","216.392","0.27","CRISIL Hybrid 50+50 - Moderate Index","161","59.5157","Aditya Birla Sun Life AMC Limited","100","0","Vinod Narayan Bhat","1","Allowed","100"
Mahindra Manulife Ultra Short Duration Fund,"Ultra Short Duration Fund","Growth","211.94709999999998","0.26","CRISIL Ultra Short Term Debt Index","80","1487.1695","Mahindra Manulife Investment Management Private Limited","1000","0","Rahul Pal,Amit Garg","0","Allowed","0"
UTI Nifty Midcap 150 Quality 50 Index Fund,"Index Fund","Growth","210.77810000000002","0.59","NIFTY Midcap150 Quality 50 - TRI","50","13.9792","UTI Asset Management Company Private Limited","1000","0","Sharwan Kumar Goyal,Ayush Jain","0","Allowed","0"
Kotak Nifty AAA Bond Financial Services Mar 2028 Index Fund,"Index Funds - Debt Oriented","Growth","209.9827","0.14","Nifty AAA Financial Services Bond Mar 2028 Index","11","10.4041","Kotak Mahindra Asset Management Company Limited","100","0","Abhishek Bisen","0","Allowed","100"
Quantum Small Cap Fund,"Small Cap Fund","Growth","209.3721","0.7","BSE 250 Small Cap - TRI","31","12.96","Quantum Asset Management Company Private Limited","500","0","Chirag Mehta,Abhilasha Satale","1","Allowed","100"
Axis NASDAQ 100 US Specific Equity Passive FOF,"FoFs (Overseas)","Growth","208.74669999999998","0.29","Nasdaq-100 - TRI","43","29.9872","Axis Asset Management Company Ltd.","0","0","Krishnaa N","1","Not allowed","0"
Quantum ELSS Tax Saver Fund,"Equity Linked Savings Scheme (ELSS)","Growth","208.6056","0.9","BSE 500 - TRI","210","122.61","Quantum Asset Management Company Private Limited","500","3","George Thomas,Christy Mathai,Ketan Gujarathi","0","Allowed","500"
Edelweiss Overnight Fund,"Overnight Fund","Growth","208.4357","0.16","CRISIL Liquid Overnight Index","83","1402.8664","Edelweiss Asset Management Limited","1000","0","Hetul Raval,Kedar Karnik","0","Allowed","0"
SBI CRISIL-IBX Financial Services 9-12 Months Debt Index Fund,"Index Funds - Debt Oriented","Growth","208.3544","0.12","CRISIL-IBX Financial Services 9-12 Months Debt Index","2","10.0012","SBI Funds Management Limited","5000","0","Rajeev Radhakrishnan","0","Allowed","5000"
LIC MF Value Fund,"Value Fund","Growth","207.8064","1.84","NIFTY 500 - TRI","94","28.0385","LIC Mutual Fund Asset Management Limited","5000","0","Mahesh Bendre","1","Allowed","200"
Tata BSE Select Business Groups Index Fund,"Index Fund","Growth","207.4844663709","0.29","BSE Select Business Groups Index - TRI","18","10.2016","Tata Asset Management Private Limited","5000","0","Nitin Sharma,Rakesh Prajapati","0.25","Allowed","100"
SBI CRISIL-IBX Financial Services 3-6 Months Debt Index Fund,"Index Funds - Debt Oriented","Growth","207.1068","0.12","CRISIL-IBX Financial Services 3 to 6 Months Debt Index","2","10.0316","SBI Funds Management Limited","5000","0","Rajeev Radhakrishnan","0","Allowed","500"
UTI Nifty Private Bank Index Fund,"Index Fund","Growth","206.273","0.58","Nifty Private Bank - TRI","21","9.6291","UTI Asset Management Company Private Limited","1000","0","Sharwan Kumar Goyal,Ayush Jain","0","Allowed","500"
Edelweiss Income Plus Arbitrage Omni FoF,"FoFs (Domestic) - Hybrid","Growth","205.9084","0.01","Nifty Short Duration Debt Index","11","10.4096","Edelweiss Asset Management Limited","100","0","Bhavesh Jain,Bharat Lahoti,Rahul Dedhia,Hetul Raval","0","Allowed","100"
PGIM India Aggressive Hybrid Equity Fund,"Aggressive Hybrid Fund","Growth","203.9776","0.8","CRISIL Hybrid 35+65 - Aggressive Index","161","152.08","PGIM India Asset Management Private Limited","5000","0","Sharma Vivek,Anandha Padmanabhan Anjeneyan,Vinay Paharia,Puneet Pal","0.5","Allowed","1000"
Baroda BNP Paribas Gold ETF FoF,"FoFs - Gold","Growth","200.9104","0.09","Gold-India","10","15.705","Baroda BNP Paribas Asset Management India Pvt. Ltd.","1000","0","Gurvinder Singh Wasan,Vikram Pamnani,Swapna Shelar,Stuti Singhee","1","Allowed","0"
Kotak Nifty Smallcap 50 Index Fund,"Index Fund","Growth","200.0839","0.2","Nifty Smallcap 50 - TRI","38","20.554","Kotak Mahindra Asset Management Company Limited","100","0","Satish Dondapati,Abhishek Bisen,Jeetu Valechha Sonar","0","Allowed","100"
UTI BSE Sensex Index Fund,"Index Fund","Growth","199.5479","0.2","BSE SENSEX - TRI","53","13.5419","UTI Asset Management Company Private Limited","1000","0","Sharwan Kumar Goyal,Ayush Jain","0","Allowed","0"
Samco Dynamic Asset Allocation Fund,"Dynamic Asset Allocation Fund","Growth","198.9899","0.94","NIFTY 50 Hybrid Composite Debt 50:50 Index","30","10.53","Samco Asset Management Pvt. Ltd.","5000","0","Umeshkumar Mehta,Nirali Bhansali,Dhawal Ghanshyam Dhanani,Komal Grover","1","Allowed","0"
Union Retirement Fund,"Solution Oriented, Retirement Fund - Equity Oriented","Growth","195.842","0.98","BSE 500 - TRI","45","16.63","Union Asset Management Company Pvt. Ltd.","1000","5","Pratik Dharmshi,Pratit Vajani","0","Allowed","500"
Nippon India Nifty Bank Index Fund,"Index Fund","Growth","195.8384","0.24","NIFTY BANK - TRI","28","11.5318","Nippon Life India Asset Management Limited","1000","0","Jitendra Tolani","0","Allowed","100"
DSP FMP 270-1172D,"Fixed Maturity Plans","Growth","195.6791","0","CRISIL Medium Duration Debt Index","40","12.4548","DSP Investment Managers Private Limited","0","0","Sandeep Yadav,Shantanu Godambe","0","Not allowed","0"
Nippon India Nifty IT Index Fund,"Index Fund","Growth","195.3341","0.43","NIFTY IT - TRI","28","7.9713","Nippon Life India Asset Management Limited","1000","0","Jitendra Tolani","0","Allowed","100"
Axis Nifty500 Value 50 Index Fund,"Index Fund","Growth","195.22619999999998","0.13","NIFTY500 Value 50 - TRI","20","11.719","Axis Asset Management Company Ltd.","100","0","Nandik Mallik,Rohit Gautam","0.25","Allowed","100"
HSBC Gilt Fund,"Gilt - Short & Mid Term Fund","Growth","194.71540000000002","0.53","Nifty All Duration G-Sec Index","161","75.2177","HSBC Global Asset Management (India) Private Limited","5000","0","Shriram Ramanathan,Mohd Asif Rizwi","0","Allowed","0"
SBI LT Advantage Fund-IV,"Equity Linked Savings Scheme (ELSS)","Growth","194.4107","0","BSE 500","111","48.1741","SBI Funds Management Limited","0","3","Nidhi Chawla","0","Not allowed","0"
SBI Equity Minimum Variance Fund,"Thematic Fund","Growth","193.40740000000002","0.42","NIFTY 50 - TRI","87","24.3919","SBI Funds Management Limited","5000","0","Sukanya Ghosh","0.5","Allowed","3000"
Kotak Nifty SDL Jul 2033 Index Fund,"Index Funds - Debt Oriented","Growth","192.24360000000001","0.21","Nifty SDL Jul 2033 Index","40","12.5976","Kotak Mahindra Asset Management Company Limited","100","0","Abhishek Bisen","0","Allowed","100"
Tata Nifty200 Alpha 30 Index Fund,"Index Fund","Growth","191.1110502131","0.5","Nifty200 Alpha 30 - TRI","21","8.7597","Tata Asset Management Private Limited","5000","0","Nitin Sharma,Rakesh Prajapati","0.25","Allowed","150"
ICICI Pru Nifty Auto Index Fund,"Index Fund","Growth","190.9018796447","0.25","NIFTY AUTO - TRI","44","20.811","ICICI Prudential Asset Management Company Limited","1000","0","Nishit Patel,Ashwini Shinde,Venus Ahuja","0","Allowed","5000"
Helios Financial Services Fund,"Sectoral Fund - Banks & Financial Services","Growth","190.715","0.89","Nifty Financial Services - TRI","24","11.42","Helios Capital Asset Management (India) Private Limited","5000","0","Alok Bahl,Pratik Singh","1","Allowed","0"
Bank of India Large Cap Fund,"Large Cap Fund","Growth","188.1714","0.87","NIFTY 100 - TRI","60","17.14","Bank of India Investment Managers Private Limited","5000","0","Alok Singh,Nilesh Jethani","1","Allowed","1000"
Franklin India Conservative Hybrid Fund,"Conservative Hybrid Fund","Growth","188.069069302","0.58","CRISIL Hybrid 85+15 - Conservative Index","161","100.0727","Franklin Templeton Asset Management (India) Private Limited","10000","0","Rohan Maru,Pallab Roy,Rahul Goswami,Rajasa Kakulavarapu","0","Allowed","500"
Sundaram Short Duration Fund,"Short Duration Fund","Growth","187.90366281143","0.28","Nifty Short Duration Debt Index","161","50.0205","Sundaram Asset Management Company Limited","5000","0","Dwijendra Srivastava,Sandeep Agarwal","0","Allowed","0"
Qsif Equity Ex-Top 100 Long-Short Fund,"Mid Cap Fund","Growth","187.7425","0","NIFTY 500 - TRI","7","9.8512","Quant Money Managers Limited - SIF","1000000","0","Sandeep Tandon,Sameer Kate,Ankit Pande,Sanjeev Sharma","1","Allowed","0"
LIC MF Medium to Long Duration Fund,"Medium to Long Duration Fund","Growth","187.0804","0.21","CRISIL Medium to Long Term Debt Index","161","79.8182","LIC Mutual Fund Asset Management Limited","5000","0","Pratik Shroff,Rahul Singh","0.25","Allowed","0"
Union Diversified Equity All Cap Active FOF,"FoFs (Domestic) - Equity Oriented","Growth","186.6598","0.44","BSE 500 - TRI","9","10.0824","Union Asset Management Company Pvt. Ltd.","1000","0","Gaurav Chopra,Pratik Dharmshi","1","Allowed","500"
Mirae Asset Nifty200 Alpha 30 ETF FoF,"FoFs (Domestic) - Equity Oriented","Growth","186.65830000000003","0.05","Nifty200 Alpha 30 - TRI","23","8.973","Mirae Asset Investment Managers (India) Private Limited","5000","0","Ekta Gala,Akshay Udeshi","0.05","Allowed","0"
LIC MF Ultra Short Duration Fund,"Ultra Short Duration Fund","Growth","186.5843","0.23","CRISIL Ultra Short Term Debt Index","79","1424.4045","LIC Mutual Fund Asset Management Limited","5000","0","Rahul Singh,Pratik Shroff","0","Allowed","1000"
UTI Income Plus Arbitrage Active FoF,"FoFs (Domestic) - Hybrid","Growth","185.9948","0.22","CRISIL Short Term Bond Index","14","10.6403","UTI Asset Management Company Private Limited","1000","0","Anurag Mittal","0","Allowed","0"
Canara Rob Banking and PSU Debt Fund,"Banking & PSU Fund","Growth","185.37740000000002","0.33","CRISIL Banking and PSU Debt Index","46","12.5748","Canara Robeco Asset Management Company Limited","5000","0","Suman Prasad,Avnish Jain","0","Allowed","1000"
Nippon India FMP-XLIII-5-2315D,"Fixed Maturity Plans","Growth","185.33509999999998","0","CRISIL Medium to Long Term Debt Index","51","13.245","Nippon Life India Asset Management Limited","0","0","Vikash Agarwal","0","Not allowed","0"
JioBlackRock Nifty Next 50 Index Fund,"Index Fund","Growth","184.216395158","0.13","NIFTY NEXT 50 - TRI","10","10.3275","Jio BlackRock Asset Management Pvt. Ltd.","500","0","Anand Shah,Haresh Mehta,Tanvi Kacheria","0","Allowed","0"
HDFC Nifty SDL Oct 2026 Index Fund,"Index Funds - Debt Oriented","Growth","182.9233","0.2","Nifty SDL Oct 2026 Index","40","12.6518","HDFC Asset Management Company Limited","100","0","Anupam Joshi,Sankalp Baid","0","Allowed","100"
HSBC CRISIL IBX Gilt June 2027 Index Fund,"Index Funds - Debt Oriented","Growth","181.8946","0.15","CRISIL IBX Gilt Index - June 2027","39","12.556","HSBC Global Asset Management (India) Private Limited","5000","0","Mahesh Chhabria,Mohd Asif Rizwi","0","Allowed","500"
Mahindra Manulife Innovation Opportunities Fund,"Thematic Fund","Growth","181.38150000000002","0.53","NIFTY 500 - TRI","5","10.42","Mahindra Manulife Investment Management Private Limited","1000","0","Kirti Dalvi,Renjith Sivaram","0.5","Allowed","0"
Motilal Oswal Financial Services Fund,"Sectoral Fund - Banks & Financial Services","Growth","181.21450000000002","1.46","Nifty Financial Services - TRI","4","9.7814","Motilal Oswal Asset Management Company Limited","500","0","Ajay Khandelwal,Atul Mehra,Sandeep Jain,Bhalchandra Shinde","1","Allowed","500"
DSP Regular Savings Fund,"Conservative Hybrid Fund","Growth","179.00709999999998","0.49","CRISIL Hybrid 85+15 - Conservative Index","161","67.7533","DSP Investment Managers Private Limited","100","0","Abhishek Singh,Shantanu Godambe","0","Allowed","0"
DSP World Mining Overseas Equity Omni FoF,"FoFs (Overseas)","Growth","177.98669999999998","1.51","MSCI ACWI Metals & Mining 30% Buffer 10/40 (1994) Net TRI","161","34.919","DSP Investment Managers Private Limited","0","0","Kaivalya Nadkarni","0","Not allowed","0"
SBI FMP-76-1221D,"Fixed Maturity Plans","Growth","175.5959","0","CRISIL Medium Duration Debt Index","41","12.5498","SBI Funds Management Limited","0","0","Ranjana Gupta","0","Not allowed","0"
Baroda BNP Paribas Credit Risk Fund,"Credit Risk Fund","Growth","174.42860000000002","0.68","CRISIL 10 Year Gilt Index","137","25.8541","Baroda BNP Paribas Asset Management India Pvt. Ltd.","5000","0","Gurvinder Singh Wasan,Vikram Pamnani","1","Allowed","500"
Bandhan Retirement Fund,"Solution Oriented, Retirement Fund - Equity Oriented","Growth","171.77270000000001","0.68","CRISIL Hybrid 50+50 - Moderate Index","32","12.869","Bandhan AMC Limited","1000","5","Vishal Biraia,Viraj Kulkarni,Gautam Kaul","0","Allowed","0"
Edelweiss MSCI India Domestic & World Healthcare 45 Index Fund,"Index Fund","Growth","171.58630000000002","0.51","MSCI India Domestic & World Healthcare 45 Index","68","22.8261","Edelweiss Asset Management Limited","0","0","Bhavesh Jain,Manasi Jalgaonkar,Amit Vora","0","Allowed","0"
Shriram Multi Sector Rotation Fund,"Thematic Fund","Growth","170.8784","1.99","NIFTY 500 - TRI","18","7.8551","Shriram Asset Management Company Limited","500","0","Deepak Ramaraju,Prateek Nigudkar","1","Allowed","0"
DSP Nifty500 Flexicap Quality 30 Index Fund,"Index Fund","Growth","170.8545","0.25","Nifty500 Flexicap Quality 30 - TRI","10","9.3663","DSP Investment Managers Private Limited","100","0","Anil Ghelani,Diipesh Shah,Neha Rathi","0","Allowed","0"
HDFC BSE India Sector Leaders Index Fund,"Index Fund","Growth","169.5966","0.23","BSE India Sector Leaders Index - TRI","7","9.2429","HDFC Asset Management Company Limited","100","0","Arun Agarwal,Nandita Menezes","0","Allowed","100"
Quant Consumption Fund,"Sectoral Fund - Consumption","Growth","168.03619999999998","2.34","Nifty India Consumption - TRI","29","9.7459","Quant Money Managers Limited","5000","0","Sandeep Tandon,Ankit Pande,Varun Pattani,Ayusha Kumbhat","1","Allowed","1000"
SBI FMP-74-1243D,"Fixed Maturity Plans","Growth","167.27349999999998","0","CRISIL Medium Duration Debt Index","41","12.6458","SBI Funds Management Limited","0","0","Ranjana Gupta","0","Not allowed","0"
Invesco India Medium Duration Fund,"Medium Duration Fund","Growth","167.2547","0.26","NIFTY Medium Duration Debt Index","59","1321.2744","Invesco Asset Management Company Pvt Ltd.","1000","0","Vikas Garg,Krishna Cheemalapati","0","Allowed","0"
PGIM India Ultra Short Duration Fund,"Ultra Short Duration Fund","Growth","166.59310000000002","0.37","CRISIL Ultra Short Term Debt Index","161","37.4871","PGIM India Asset Management Private Limited","5000","0","Puneet Pal,Akhil Dhar","0","Allowed","1000"
Invesco India - Invesco Pan European Equity FoF,"FoFs (Overseas)","Growth","166.2686","0.43","MSCI Europe Index (Total Return Net)","149","27.7364","Invesco Asset Management Company Pvt Ltd.","0","0","Sagar Gandhi","1","Not allowed","0"
HDFC NIFTY G-Sec Apr 2029 Index Fund,"Index Funds - Debt Oriented","Growth","166.0884","0.21","NIFTY G- Sec Apr 2029 Index","39","12.7571","HDFC Asset Management Company Limited","100","0","Anupam Joshi,Sankalp Baid","0","Allowed","100"
HDFC FMP-Sr 47-2638D-Feb 2023,"Fixed Maturity Plans","Growth","165.9407","0","NIFTY Long Duration Debt Index","40","12.9001","HDFC Asset Management Company Limited","0","0","Anupam Joshi","0","Not allowed","0"
Unifi Flexi Cap Fund,"Flexi Cap Fund","Growth","165.510170802","1.42","NIFTY 500 - TRI","12","10.1194","Unifi Asset Management Pvt. Ltd.","5000","0","Saravanan V N,Aejas Lakhani,Karthik Srinivas","1","Allowed","0"
Franklin India G-Sec Fund,"Gilt - Short & Mid Term Fund","Growth","164.462287219","0.53","Nifty All Duration G-Sec Index","161","66.3085","Franklin Templeton Asset Management (India) Private Limited","10000","0","Anuj Tagra,Rahul Goswami","0","Allowed","500"
Tata Retirement Sav Fund - Cons Plan,"Solution Oriented, Retirement Fund - Debt Oriented","Growth","164.26158234300001","1.03","CRISIL Short Term Debt Hybrid 75+25 Index","161","37.8604","Tata Asset Management Private Limited","5000","5","Sonam Udasi,Murthy Nagarajan","1","Allowed","1500"
Tata Nifty MidSmall Healthcare Index Fund,"Index Fund","Growth","163.781943804","0.51","Nifty MidSmall Healthcare - TRI","26","14.3234","Tata Asset Management Private Limited","5000","0","Nitin Sharma,Rakesh Prajapati","0.25","Allowed","150"
Union Gold ETF FoF,"FoFs - Gold","Growth","163.2548","0.25","Gold-India","16","18.0058","Union Asset Management Company Pvt. Ltd.","1000","0","Vinod Malviya","1","Allowed","0"
The Wealth Company Multi Asset Allocation Fund,"Multi Asset Allocation Fund","Growth","162.55185659999998","0.35","NIFTY 200 - TRI","6","10.7427","Wealth Company Asset Management Holdings Pvt. Ltd.","1000","0","Aparna Shanker,Umesh Sharma,Niranjan Das","1","Allowed","0"
Sundaram Global Brand Theme - Equity Active FoF,"FoFs (Overseas)","Growth","162.247161","1.37","MSCI AC World Index","161","48.0165","Sundaram Asset Management Company Limited","0","0","Shalav Saket","1","Not allowed","0"
SBI Nifty Bank Index Fund,"Index Fund","Growth","162.1266","0.28","NIFTY BANK - TRI","16","10.715","SBI Funds Management Limited","5000","0","Viral Chhadva","0.25","Allowed","3000"
Invesco India Credit Risk Fund,"Credit Risk Fund","Growth","159.4901","0.24","NIFTY Credit Risk Bond Index","141","2283.2126","Invesco Asset Management Company Pvt Ltd.","1000","0","Vikas Garg,Krishna Cheemalapati","1","Allowed","0"
Groww Nifty EV & New Age Automotive ETF FOF,"FoFs (Domestic) - Equity Oriented","Growth","159.282049978","0.15","Nifty EV and New Age Automotive - TRI","22","9.1543","Groww Asset Management Limited","500","0","Aakash Chauhan,Nikhil Satam,Shashi Kumar","1","Allowed","100"
Zerodha Multi Asset Passive FoF,"FoFs (Domestic) - Hybrid","Growth","158.672","0.21","CRISIL 10 Year Gilt Index","10","11.4237","Zerodha Asset Management Private Limited","100","0","Kedarnath Mirajkar","0","Allowed","100"
Invesco India Gilt Fund,"Gilt - Short & Mid Term Fund","Growth","157.94989999999999","0.39","Nifty All Duration G-Sec Index","161","3125.7613","Invesco Asset Management Company Pvt Ltd.","1000","0","Vikas Garg,Krishna Cheemalapati","0","Allowed","300"
LIC MF Focused Fund,"Focused Fund","Growth","157.69809999999998","4.39","NIFTY 500 - TRI","103","22.0708","LIC Mutual Fund Asset Management Limited","5000","0","Mahesh Bendre","1","Allowed","0"
Navi ELSS Tax Saver Nifty 50 Index Fund,"Equity Linked Savings Scheme (ELSS)","Growth","155.523563","0.2","NIFTY 50 - TRI","39","14.3083","Navi AMC Limited","500","3","Ashutosh Shirwaikar","0","Allowed","500"
Axis Nifty Bank Index Fund,"Index Fund","Growth","155.1826","0.37","NIFTY BANK - TRI","25","11.0376","Axis Asset Management Company Ltd.","500","0","Nandik Mallik,Rohit Gautam","0.25","Allowed","100"
The Wealth Company Arbitrage Fund,"Arbitrage Fund","Growth","154.207462545","0.21","Nifty 50 Arbitrage - TRI","8","10.3837","Wealth Company Asset Management Holdings Pvt. Ltd.","1000","0","Rouhak Shah,Aparna Shanker,Neeraj Jain","0.25","Allowed","0"
Bank of India Ultra Short Duration Fund,"Ultra Short Duration Fund","Growth","153.8069","0.44","CRISIL Ultra Short Term Debt Index","161","3447.6027","Bank of India Investment Managers Private Limited","5000","0","Mithraem Bharucha","0","Allowed","0"
DynaSIF Equity Long-Short Fund,"Large Cap Fund","Growth","153.575126425353","1.81","BSE 500 - TRI","4","10.1618","360 ONE Asset Management Ltd. - SIF","1000000","0","Harsh Aggarwal,Pranav Mise","0.5","Allowed","50000"
Old Bridge Arbitrage Fund,"Arbitrage Fund","Growth","153.3818","0.13","Nifty 50 Arbitrage - TRI","7","10.3046","Old Bridge Asset Management Private Limited","5000","0","Kenneth Andrade","0.25","Allowed","2500"
Bank of India Balanced Advantage Fund,"Balanced Advantage Fund","Growth","152.70600000000002","1.11","NIFTY 50 Hybrid Composite Debt 50:50 Index","147","27.9825","Bank of India Investment Managers Private Limited","5000","0","Alok Singh","1","Allowed","0"
Old Bridge Flexi Cap Fund,"Flexi Cap Fund","Growth","152.6157","0.83","BSE 500 - TRI","3","10.58","Old Bridge Asset Management Private Limited","5000","0","Kenneth Andrade","1","Allowed","2500"
HDFC Retirement Savings Fund-Hybrid-Debt Plan,"Solution Oriented, Retirement Fund - Debt Oriented","Growth","152.5875","1.06","NIFTY 50 Hybrid Composite Debt 15:85 Index","124","24.3515","HDFC Asset Management Company Limited","100","5","Srinivasan Ramamurthy,Anupam Joshi,Nandita Menezes,Arun Agarwal","0","Allowed","2500"
PGIM India Money Market Fund,"Money Market Fund","Growth","152.4377","0.32","CRISIL Money Market Index","75","1439.5601","PGIM India Asset Management Private Limited","5000","0","Puneet Pal,Akhil Dhar","0","Allowed","1000"
Aditya Birla SL CRISIL IBX SDL Jun 2032 Index Fund,"Index Funds - Debt Oriented","Growth","151.7168","0.19","CRISIL IBX SDL Index - June 2032","40","12.6365","Aditya Birla Sun Life AMC Limited","500","0","Bhupesh Bameta,Mohit Sharma","0","Allowed","500"
HDFC Nifty100 Quality 30 Index Fund,"Index Fund","Growth","151.627","0.35","NIFTY100 Quality 30 - TRI","16","10.6207","HDFC Asset Management Company Limited","100","0","Arun Agarwal,Nandita Menezes","0","Allowed","100"
Bandhan Silver ETF FOF,"FoFs (Domestic) - Silver","Growth","151.0062","0.09","Silver","5","8.6252","Bandhan AMC Limited","1000","0","Abhishek Jain","0.25","Allowed","0"
ICICI Pru Quant Fund,"Thematic Fund","Growth","149.914681443","1.77","BSE 200 - TRI","66","22.95","ICICI Prudential Asset Management Company Limited","1000","0","Roshan Chutkey","1","Allowed","0"
Bandhan CRISIL IBX 90:10 SDL Plus Gilt - Sep 2027 Index Fund,"Index Funds - Debt Oriented","Growth","149.64870000000002","0.08","CRISIL IBX 90:10 SDL Plus Gilt Index - September 2027","43","12.8759","Bandhan AMC Limited","1000","0","Gautam Kaul,Harshal Joshi","0","Allowed","100"
Axis Floater Fund,"Floating Rate Fund","Growth","148.2","0.2","NIFTY Long Duration Debt Index","59","1377.7667","Axis Asset Management Company Ltd.","5000","0","Aditya Pagaria,Hardik Shah","0","Allowed","0"
SBI Retirement Benefit Fund-Conservative Plan,"Solution Oriented, Retirement Fund - Debt Oriented","Growth","147.7055","0.99","CRISIL Hybrid 85+15 - Conservative Index","64","14.5238","SBI Funds Management Limited","5000","5","Rohit Shimpi,Ardhendu Bhattacharya","0","Allowed","1500"
HSBC Nifty Next 50 Index Fund,"Index Fund","Growth","147.5329","0.33","NIFTY NEXT 50 - TRI","74","30.3386","HSBC Global Asset Management (India) Private Limited","5000","0","Praveen Ayathan,Rajeesh Nair","1","Allowed","500"
Axis Nifty500 Momentum 50 Index Fund,"Index Fund","Growth","146.5965","0.22","Nifty500 Momentum 50 - TRI","16","10.8832","Axis Asset Management Company Ltd.","100","0","Nandik Mallik,Rohit Gautam","0.25","Allowed","12000"
HDFC Nifty India Consumption Index Fund,"Index Fund","Growth","146.5627","0.34","Nifty India Consumption - TRI","4","9.4798","HDFC Asset Management Company Limited","100","0","Nandita Menezes,Arun Agarwal","0","Allowed","2500"
Edelweiss ASEAN Equity Off-Shore Fund,"FoFs (Overseas)","Growth","146.4965","1.6","MSCI AC ASEAN 10/40 Index","161","40.821","Edelweiss Asset Management Limited","0","0","Bhavesh Jain,Bharat Lahoti","1","Allowed","0"
Aditya Birla SL US Treasury 3-10 Year Bond ETFs Passive FOF,"FoFs (Overseas)","Growth","146.3086","0.1","Bloomberg US Treasury 3-10 Year Index","32","13.1674","Aditya Birla Sun Life AMC Limited","0","0","Vighnesh Gupta,Bhupesh Bameta","0.25","Not allowed","0"
HSBC Conservative Hybrid Fund,"Conservative Hybrid Fund","Growth","146.2029","1.18","NIFTY 50 Hybrid Composite Debt 15:85 Index","161","69.8948","HSBC Global Asset Management (India) Private Limited","5000","0","Mahesh Chhabria,Mohd Asif Rizwi,Cheenu Gupta,Abhishek Gupta","0","Allowed","500"
SBI FMP-52-1848D,"Fixed Maturity Plans","Growth","146.0594","0","CRISIL Medium to Long Term Debt Index","57","13.1626","SBI Funds Management Limited","0","0","Ranjana Gupta","0","Not allowed","0"
Bandhan Gold ETF FOF,"FoFs - Gold","Growth","145.681","0.09","Gold-India","5","10.2754","Bandhan AMC Limited","1000","0","Abhishek Jain","0.25","Allowed","100"
Nippon India Medium Duration Fund,"Medium Duration Fund","Growth","145.1294","0.5","CRISIL Medium Duration Debt Index","144","17.8408","Nippon Life India Asset Management Limited","5000","0","Sushil Budhia","1","Allowed","1500"
Motilal Oswal Asset Allocation Passive FoF-Aggressive,"FoFs (Domestic) - Equity Oriented","Growth","142.9786","0.06","Nifty 5 yr Benchmark G-Sec Index TRI","63","19.8801","Motilal Oswal Asset Management Company Limited","500","0","Swapnil P Mayekar,Rakesh Shetty","1","Allowed","500"
Bandhan US Treasury Bond 0-1 year specific Debt Passive FOF,"FoFs (Overseas)","Growth","142.8267","0.08","ICE 0-1 Year US Treasury Securities Index","39","13.4784","Bandhan AMC Limited","0","0","Brijesh Shah","0.1","Not allowed","0"
JioBlackRock Sector Rotation Fund,"Thematic Fund","Growth","142.818747613","0.44","NIFTY 500 - TRI","4","9.6649","Jio BlackRock Asset Management Pvt. Ltd.","500","0","Tanvi Kacheria,Sahil Chaudhary","0","Allowed","0"
Kotak CRISIL-IBX AAA Bond Financial Services Index - Dec 2026 Fund,"Index Funds - Debt Oriented","Growth","142.3465","0.1","CRISIL IBX AAA Financial Services Index - Sep 2027","16","10.9285","Kotak Mahindra Asset Management Company Limited","100","0","Abhishek Bisen","0","Allowed","100"
TRUSTMF Mid Cap Fund,"Mid Cap Fund","Growth","142.155883","0.52","Nifty Midcap 150 - TRI","3","11.14","Trust Asset Management Private Limited","1000","0","Mihir Vora,Saurabh Kataria,Aakash Manghani","1","Allowed","0"
Union Equity Savings Fund,"Equity Savings","Growth","142.05200000000002","1.25","Crisil Equity Savings Index","94","17.65","Union Asset Management Company Pvt. Ltd.","1000","0","Sanjay Bembalkar,Gaurav Chopra,Parijat Agrawal","1","Allowed","0"
Aditya Birla SL CRISIL-IBX AAA NBFC-HFC Index-Sep 2026 Fund,"Index Funds - Debt Oriented","Growth","141.8346","0.12","CRISIL-IBX AAA NBFC-HFC Index - Sep 2026","20","11.2725","Aditya Birla Sun Life AMC Limited","1000","0","Harshil Suvarnkar,Vighnesh Gupta","0","Allowed","0"
Nippon India Retirement Fund-Income Generation,"Solution Oriented, Retirement Fund - Debt Oriented","Growth","141.1219","1","CRISIL Hybrid 85+15 - Conservative Index","136","22.6217","Nippon Life India Asset Management Limited","500","5","Pranay Sinha,Ritesh Rathod,Kinjal Desai,Amber Singhania","0","Allowed","500"
Samco Small Cap Fund,"Small Cap Fund","Growth","140.8506","1.54","Nifty Smallcap 250 - TRI","6","10.3","Samco Asset Management Pvt. Ltd.","5000","0","Umeshkumar Mehta,Nirali Bhansali,Dhawal Ghanshyam Dhanani,Komal Grover","1","Allowed","3000"
SBI FMP-46-1850D,"Fixed Maturity Plans","Growth","139.79219999999998","0","CRISIL Medium to Long Term Debt Index","59","13.4411","SBI Funds Management Limited","0","0","Ranjana Gupta","0","Not allowed","0"
HDFC Nifty India Digital Index Fund,"Index Fund","Growth","139.493","0.34","Nifty India Digital - TRI","18","7.9402","HDFC Asset Management Company Limited","100","0","Arun Agarwal,Nandita Menezes","0","Allowed","100"
Edelweiss CRISIL IBX 50:50 Gilt Plus SDL Short Duration Index Fund,"Index Funds - Debt Oriented","Growth","138.9872","0.2","CRISIL IBX 50:50 Gilt Plus SDL Short Duration Index","40","12.6316","Edelweiss Asset Management Limited","100","0","Dhawal Dalal,Hetul Raval","0","Allowed","100"
Shriram Multi Asset Allocation Fund,"Multi Asset Allocation Fund","Growth","138.525","0.87","Silver","33","13.6645","Shriram Asset Management Company Limited","500","0","Deepak Ramaraju,Prateek Nigudkar,Amit Modani,Sudip More","1","Allowed","500"
Sundaram Nifty 100 Equal Weight Fund,"Index Fund","Growth","138.368977","0.58","Nifty100 Equal Weight - TRI","161","187.9378","Sundaram Asset Management Company Limited","100","0","Rohit Seksaria","0","Allowed","1000"
LIC MF Short Duration Fund,"Short Duration Fund","Growth","138.107","0.65","CRISIL Short Duration Debt Index","88","16.1994","LIC Mutual Fund Asset Management Limited","5000","0","Pratik Shroff,Rahul Singh","0","Allowed","0"
SBI Children's Fund-Savings Plan,"Solution Oriented - Children's Fund","Growth","137.1251","0.87","NIFTY 50 Hybrid Composite Debt 15:85 Index","161","123.7333","SBI Funds Management Limited","5000","0","R. Srinivasan,Lokesh Mallya","2","Allowed","500"
Edelweiss Government Securities Fund,"Gilt - Short & Mid Term Fund","Growth","135.1992","0.56","CRISIL Dynamic Gilt Index","148","25.9445","Edelweiss Asset Management Limited","100","0","Dhawal Dalal,Kedar Karnik","0","Allowed","100"
Edelweiss CRISIL IBX 50:50 Gilt Plus SDL Sep 2028 Index Fund,"Index Funds - Debt Oriented","Growth","135.1871","0.2","CRISIL IBX 50:50 Gilt Plus SDL Index - Sep 2028","43","12.9994","Edelweiss Asset Management Limited","100","0","Dhawal Dalal,Hetul Raval","0.1","Allowed","0"
Franklin India Income Plus Arbitrage Active FoF,"FoFs (Domestic) - Hybrid","Growth","135.121297213","0.17","Nifty 50 Arbitrage - TRI","139","24.83","Franklin Templeton Asset Management (India) Private Limited","5000","0","Rohan Maru,Pallab Roy,Rahul Goswami","0","Allowed","500"
DSP FMP 268-1281D,"Fixed Maturity Plans","Growth","133.5823","0","CRISIL Medium Duration Debt Index","43","12.7563","DSP Investment Managers Private Limited","0","0","Sandeep Yadav,Shantanu Godambe","0","Not allowed","0"
Tata Nifty G-Sec Dec 2029 Index Fund,"Index Funds - Debt Oriented","Growth","133.5493657251","0.13","Nifty G-Sec Dec 2029 Index","41","12.8143","Tata Asset Management Private Limited","5000","0","Amit Somani","0","Allowed","500"
Baroda BNP Paribas NIFTY SDL Dec 2026 Index Fund,"Index Funds - Debt Oriented","Growth","132.4718","0.16","NIFTY SDL December 2026 Index","41","12.6815","Baroda BNP Paribas Asset Management India Pvt. Ltd.","5000","0","Gurvinder Singh Wasan,Vikram Pamnani","0","Allowed","500"
Canara Rob Gilt Fund,"Gilt - Short & Mid Term Fund","Growth","132.247","0.42","CRISIL Dynamic Gilt Index","161","81.564","Canara Robeco Asset Management Company Limited","5000","0","Bhupesh Kalyani,Avnish Jain","0","Allowed","1000"
TRUSTMF Money Market Fund,"Money Market Fund","Growth","131.96790000000001","0.14","CRISIL Money Market Index","46","1290.6733","Trust Asset Management Private Limited","1000","0","Jalpan Shah,Shradhanjali Panda","0","Allowed","1000"
Motilal Oswal Infrastructure Fund,"Sectoral Fund - Infrastructure","Growth","131.0275","1.02","Nifty Infrastructure - TRI","13","12.7695","Motilal Oswal Asset Management Company Limited","500","0","Ajay Khandelwal,Atul Mehra,Bhalchandra Shinde,Rakesh Shetty","1","Allowed","1500"
DynaSIF Active Asset Allocator Long-Short Fund,"Multi Asset Allocation Fund","Growth","130.722606785141","1.42","MCX iCOMDEX Composite Index","3","10.1325","360 ONE Asset Management Ltd. - SIF","1000000","0","Harsh Aggarwal,Milan Mody,Rahul Khetawat,Pranav Mise","0.5","Allowed","0"
Edelweiss Nifty 100 Quality 30 Index Fund,"Index Fund","Growth","130.3683","0.46","NIFTY100 Quality 30 - TRI","56","14.4204","Edelweiss Asset Management Limited","100","0","Bhavesh Jain,Bharat Lahoti,Manasi Jalgaonkar","0","Allowed","100"
Shriram Liquid Fund,"Liquid Fund","Growth","130.16899999999998","0.16","Nifty Liquid Fund Index","19","1098.7889","Shriram Asset Management Company Limited","1000","0","Amit Modani,Sudip More","0.0055","Allowed","1000"
SBI FMP-50-1843D,"Fixed Maturity Plans","Growth","129.6115","0","CRISIL Medium to Long Term Debt Index","57","13.1942","SBI Funds Management Limited","0","0","Ranjana Gupta","0","Not allowed","0"
Shriram Overnight Fund,"Overnight Fund","Growth","128.4344","0.24","CRISIL Liquid Overnight Index","46","12.5237","Shriram Asset Management Company Limited","500","0","Amit Modani,Sudip More","0","Allowed","0"
Shriram Flexi Cap Fund,"Flexi Cap Fund","Growth","128.0288","1.71","NIFTY 500 - TRI","93","21.8706","Shriram Asset Management Company Limited","500","0","Deepak Ramaraju,Prateek Nigudkar","1","Allowed","0"
Groww Largecap Fund,"Large Cap Fund","Growth","127.64065869699999","1.38","NIFTY 100 - TRI","161","50.14","Groww Asset Management Limited","500","0","Anupam Tiwari,Saptarshee Chatterjee,Gagan Thareja","1","Allowed","500"
HSBC Dynamic Bond Fund,"Dynamic Bond Fund","Growth","126.66059999999999","0.48","NIFTY Composite Debt Index","161","32.5872","HSBC Global Asset Management (India) Private Limited","5000","0","Mahesh Chhabria,Shriram Ramanathan","0","Allowed","1500"
Quantum Diversified Equity All Cap Active FOF,"FoFs (Domestic) - Equity Oriented","Growth","126.286032575806","0.51","BSE 500 - TRI","203","82.228","Quantum Asset Management Company Private Limited","500","0","Chirag Mehta,Piyush Singh","1","Allowed","500"
Samco Special Opportunities Fund,"Thematic Fund","Growth","126.16940000000001","0.93","NIFTY 500 - TRI","24","8.46","Samco Asset Management Pvt. Ltd.","5000","0","Umeshkumar Mehta,Nirali Bhansali,Dhawal Ghanshyam Dhanani,Komal Grover","1","Allowed","0"
Baroda BNP Paribas Dynamic Bond Fund,"Dynamic Bond Fund","Growth","126.01620000000001","0.61","CRISIL Dynamic Bond Index","161","51.1596","Baroda BNP Paribas Asset Management India Pvt. Ltd.","5000","0","Gurvinder Singh Wasan,Prashant Pimple","0","Allowed","500"
Groww Nifty Smallcap 250 Index Fund,"Index Fund","Growth","125.60251131499999","0.59","Nifty Smallcap 250 - TRI","28","11.1204","Groww Asset Management Limited","500","0","Aakash Chauhan,Nikhil Satam,Shashi Kumar","0.25","Allowed","500"
Groww Nifty India Defence ETF FOF,"FoFs (Domestic) - Equity Oriented","Growth","125.579723223","0.15","Nifty India Defence - TRI","20","13.2575","Groww Asset Management Limited","500","0","Aakash Chauhan,Nikhil Satam,Shashi Kumar","1","Allowed","100"
Nippon India Nifty G-Sec Oct 2028 Maturity Index Fund,"Index Funds - Debt Oriented","Growth","125.4747","0.2","Nifty G-Sec Oct 2028 Index","39","12.7274","Nippon Life India Asset Management Limited","1000","0","Vivek Sharma","0","Allowed","5000"
Baroda BNP Paribas Multi Asset Active FoF,"FoFs (Domestic) - Hybrid","Growth","125.01389999999999","0.23","NIFTY Composite Debt Index","13","11.3602","Baroda BNP Paribas Asset Management India Pvt. Ltd.","1000","0","Gurvinder Singh Wasan","1","Allowed","0"
Tata Nifty500 Multicap India Manufacturing 50:30:20 Index Fund,"Index Fund","Growth","124.29719723390001","0.51","Nifty500 Multicap India Manufacturing 50:30:20 - TRI","26","11.9412","Tata Asset Management Private Limited","5000","0","Nitin Sharma,Rakesh Prajapati","0.25","Allowed","1500"
UTI Gilt Fund with 10 year Constant Duration,"Gilt - Long Term Fund","Growth","123.8634","0.32","CRISIL 10 Year Gilt Index","46","12.9755","UTI Asset Management Company Private Limited","5000","0","Jaydeep Bhowal","0","Allowed","500"
Capitalmind Liquid Fund,"Liquid Fund","Growth","121.7248","0.08","Nifty Liquid Fund Index","7","1031.9521","Capitalmind Asset Management Pvt. Ltd.","5000","0","Prateek Jain,Anoop Vijaykumar","0.007","Allowed","1000"
Aditya Birla SL Long Duration Fund,"Long Duration Fund","Growth","121.3169","0.37","NIFTY Long Duration Debt Index","46","12.9872","Aditya Birla Sun Life AMC Limited","100","0","Harshil Suvarnkar,Bhupesh Bameta","0","Allowed","100"
TRUSTMF Corporate Bond Fund,"Corporate Bond Fund","Growth","120.6023","0.21","CRISIL Corporate Bond Index","41","1245.4371","Trust Asset Management Private Limited","1000","0","Jalpan Shah,Shradhanjali Panda","0","Allowed","1000"
UTI NIFTY50 Equal Weight Index Fund,"Index Fund","Growth","120.3522","0.47","NIFTY50 Equal Weight - TRI","36","14.9055","UTI Asset Management Company Private Limited","1000","0","Sharwan Kumar Goyal,Ayush Jain","0","Allowed","500"
HDFC NIFTY Realty Index Fund,"Index Fund","Growth","118.4957","0.37","NIFTY REALTY - TRI","27","8.6028","HDFC Asset Management Company Limited","100","0","Arun Agarwal,Nandita Menezes","0","Allowed","5000"
Mirae Asset Nifty India Manufacturing ETF FoF,"FoFs (Domestic) - Equity Oriented","Growth","118.3183","0.06","Nifty India Manufacturing - TRI","53","20","Mirae Asset Investment Managers (India) Private Limited","5000","0","Ekta Gala,Vishal Singh","0.05","Allowed","0"
Kotak FMP-304-3119D,"Fixed Maturity Plans","Growth","117.8792","0","NIFTY Long Duration Debt Index","42","12.89","Kotak Mahindra Asset Management Company Limited","0","0","Deepak Agrawal,Manu Sharma","0","Not allowed","0"
Kotak NIFTY 100 Low Volatility 30 Index Fund,"Index Fund","Growth","117.7435","0.2","Nifty100 Low Volatility 30 - TRI","24","10.5425","Kotak Mahindra Asset Management Company Limited","100","0","Satish Dondapati,Abhishek Bisen,Jeetu Valechha Sonar","0","Allowed","100"
Axis NIFTY IT Index Fund,"Index Fund","Growth","117.3353","0.36","NIFTY IT - TRI","35","10.2149","Axis Asset Management Company Ltd.","100","0","Nandik Mallik,Rohit Gautam","0.25","Allowed","100"
Tata Nifty Next 50 Index Fund,"Index Fund","Growth","117.19826118569999","0.23","NIFTY NEXT 50 - TRI","8","10.2026","Tata Asset Management Private Limited","5000","0","Nitin Sharma,Rakesh Prajapati","0.25","Allowed","100"
Mirae Asset Dynamic Bond Fund,"Dynamic Bond Fund","Growth","116.2184","0.13","CRISIL Dynamic Bond Index","111","18.5808","Mirae Asset Investment Managers (India) Private Limited","5000","0","Basant Bafna","0","Allowed","0"
Samco Large & Mid Cap Fund,"Large & Mid Cap Fund","Growth","114.8554","0.88","NIFTY LargeMidcap 250 - TRI","12","9.18","Samco Asset Management Pvt. Ltd.","5000","0","Umeshkumar Mehta,Nirali Bhansali,Dhawal Ghanshyam Dhanani,Komal Grover","1","Allowed","250"
Baroda BNP Paribas Children's Fund,"Solution Oriented - Children's Fund","Growth","114.8163","0.92","NIFTY 500 - TRI","18","11.0779","Baroda BNP Paribas Asset Management India Pvt. Ltd.","1000","5","Sanjay Chawla,Ankeet Pandya","1","Allowed","500"
Groww Gold ETF FOF,"FoFs - Gold","Growth","114.41258167100001","0.14","Gold-India","19","19.2964","Groww Asset Management Limited","500","0","Wilfred Gonsalves","1","Allowed","0"
Arudha Hybrid Long-Short Fund,"Conservative Hybrid Fund","Growth","113.738041294","0.25","CRISIL Hybrid 85+15 - Conservative Index","5","10.147","Bandhan AMC Limited - SIF","1000000","0","Kapil Kankonkar,Nilesh Saha,Brijesh Shah,Debraj Lahiri","0","Allowed","10000"
Edelweiss Silver ETF FoF,"FoFs (Domestic) - Silver","Growth","113.0807","0.11","Silver","6","11.5178","Edelweiss Asset Management Limited","100","0","Bhavesh Jain","0.1","Allowed","0"
Canara Rob Income Fund,"Medium to Long Duration Fund","Growth","112.7588","0.64","CRISIL Medium to Long Term Debt Index","161","63.2383","Canara Robeco Asset Management Company Limited","5000","0","Avnish Jain,Suman Prasad","0","Allowed","0"
Bandhan Nifty200 Momentum 30 Index Fund,"Index Fund","Growth","112.4143","0.34","Nifty200 Momentum 30 - TRI","45","15.4051","Bandhan AMC Limited","1000","0","Abhishek Jain,Mayuresh Nagvekar","0","Allowed","100"
Mahindra Manulife Arbitrage Fund,"Arbitrage Fund","Growth","112.2727","0.29","Nifty 50 Arbitrage","70","13.5256","Mahindra Manulife Investment Management Private Limited","1000","0","Mitul Doshi,Navin Matta,Rahul Pal","0.25","Allowed","500"
Nippon India Quant Fund,"Thematic Fund","Growth","111.8917","0.53","BSE 200 - TRI","161","76.5049","Nippon Life India Asset Management Limited","5000","0","Shirish Guthe,Kinjal Desai","0.25","Allowed","0"
Mirae Asset CRISIL-IBX Financial Services 9-12 Months Debt Index Fund,"Index Funds - Debt Oriented","Growth","110.9127","0.06","CRISIL-IBX Financial Services 9-12 Months Debt Index","12","10.5052","Mirae Asset Investment Managers (India) Private Limited","5000","0","Pranavi Kulkarni","0","Allowed","0"
Tata Floating Rate Fund,"Floating Rate Fund","Growth","110.7799426909","0.31","CRISIL Short Duration Debt Index","59","13.623","Tata Asset Management Private Limited","5000","0","Akhil Mittal","0","Allowed","150"
Motilal Oswal Services Fund,"Sectoral Fund - Service Industry","Growth","110.4117","1.07","Nifty Services Sector - TRI","12","10.6123","Motilal Oswal Asset Management Company Limited","500","0","Ajay Khandelwal,Bhalchandra Shinde,Atul Mehra,Rakesh Shetty","1","Allowed","0"
UTI Nifty Midsmallcap 400 Momentum Quality 100 Index Fund,"Index Fund","Growth","110.2331","0.74","Nifty MidSmallcap400 Momentum Quality 100 - TRI","16","11.587","UTI Asset Management Company Private Limited","1000","0","Sharwan Kumar Goyal,Ayush Jain","0","Allowed","0"
Taurus Mid Cap Fund,"Mid Cap Fund","Growth","108.9481","1.69","Nifty Midcap 150 - TRI","161","123.29","Taurus Asset Management Company Limited","500","0","Anuj Kapil,Hemanshu Srivastava","1","Allowed","0"
Canara Rob Corp Bond Fund,"Corporate Bond Fund","Growth","108.4921","0.31","CRISIL Corporate Bond Index","148","24.1003","Canara Robeco Asset Management Company Limited","5000","0","Avnish Jain,Suman Prasad","0","Allowed","0"
Samco Large Cap Fund,"Large Cap Fund","Growth","107.096","0.83","NIFTY 100 - TRI","15","9.25","Samco Asset Management Pvt. Ltd.","5000","0","Umeshkumar Mehta,Nirali Bhansali,Dhawal Ghanshyam Dhanani,Komal Grover","1","Allowed","0"
Samco ELSS Tax Saver Fund,"Equity Linked Savings Scheme (ELSS)","Growth","106.225","1.07","NIFTY 500 - TRI","42","12.93","Samco Asset Management Pvt. Ltd.","500","3","Nirali Bhansali,Umeshkumar Mehta,Dhawal Ghanshyam Dhanani,Komal Grover","0","Allowed","0"
Aditya Birla SL Retirement Fund-40,"Solution Oriented, Retirement Fund - Equity Oriented","Growth","105.6811","0.95","CRISIL Hybrid 35+65 - Aggressive Index","87","20.762","Aditya Birla Sun Life AMC Limited","1000","5","Harshil Suvarnkar,Mohit Sharma","0","Allowed","0"
ICICI Pru Diversified Debt Strategy Active FOF,"FoFs (Domestic) - Debt Oriented","Growth","105.3040649781","0.51","NIFTY Composite Debt Index","161","48.4876","ICICI Prudential Asset Management Company Limited","100","0","Manish Banthia,Ritesh Lunawat","0.25","Allowed","0"
Bank of India Credit Risk Fund,"Credit Risk Fund","Growth","104.6893","0.98","CRISIL Credit Risk Debt Index","136","14.5405","Bank of India Investment Managers Private Limited","0","0","Alok Singh","2","Not allowed","0"
ICICI Pru Nifty Pharma Index Fund,"Index Fund","Growth","104.6671975221","0.32","NIFTY PHARMA - TRI","42","19.1999","ICICI Prudential Asset Management Company Limited","1000","0","Nishit Patel,Ashwini Shinde,Venus Ahuja","0","Allowed","0"
Kotak International REIT Overseas Equity Omni FOF,"FoFs (Overseas)","Growth","104.4781","0.51","S&P Asia Pacific ex Japan REIT - TRI","66","12.4014","Kotak Mahindra Asset Management Company Limited","0","0","Arjun Khanna","1","Not allowed","100"
Qsif Hybrid Long-Short Fund,"Balanced Hybrid Fund","Growth","104.32719999999999","0","NIFTY 50 Hybrid Composite Debt 50:50 Index","8","10.4481","Quant Money Managers Limited - SIF","1000000","0","Sandeep Tandon,Sameer Kate,Ankit Pande,Sanjeev Sharma","1","Allowed","0"
DSP Global Clean Energy Overseas Equity Omni FoF,"FoFs (Overseas)","Growth","104.2515","1.6","MSCI ACWI IMI Clean Energy Infrastructure Index","161","31.7442","DSP Investment Managers Private Limited","0","0","Kaivalya Nadkarni","0","Not allowed","0"
LIC MF Nifty Next 50 Index Fund,"Index Fund","Growth","103.3751","0.51","NIFTY NEXT 50 - TRI","161","56.6524","LIC Mutual Fund Asset Management Limited","5000","0","Nikhil Kapoor","0","Allowed","1000"
WOC Consumption Opportunities Fund,"Sectoral Fund - Consumption","Growth","103.2747","0.85","Nifty India Consumption - TRI","4","9.58","WhiteOak Capital Asset Management Limited","500","0","Ramesh Mantri,Trupti Agrawal,Dheeresh Pathak,Piyush Baranwal","0","Allowed","0"
ITI Business Cycle Fund,"Thematic Fund","Growth","103.1619","0.61","NIFTY 500 - TRI","3","10.3882","ITI Asset Management Limited","5000","0","Nilay Dalal,Alok Ranjan,Rajesh Bhatia","0.5","Allowed","0"
Tata Nifty India Digital ETF FoF,"FoFs (Domestic) - Equity Oriented","Growth","102.6082818101","0.1","Nifty India Digital - TRI","50","12.7734","Tata Asset Management Private Limited","5000","0","Nitin Sharma,Rakesh Prajapati","1","Allowed","0"
Edelweiss CRISIL IBX AAA Financial Services Bond - Jan 2028 Index Fund,"Index Funds - Debt Oriented","Growth","102.4358","0.16","CRISIL-IBX AAA Financial Services Index - Jan 2028","19","11.087","Edelweiss Asset Management Limited","100","0","Dhawal Dalal,Hetul Raval","0.1","Allowed","100"
TRUSTMF Short Duration Fund,"Short Duration Fund","Growth","102.2949","0.2","CRISIL Short Duration Debt Index","58","1326.8092","Trust Asset Management Private Limited","1000","0","Jalpan Shah,Shradhanjali Panda","0","Allowed","1000"
Axis FTP-113-1228D,"Fixed Maturity Plans","Growth","101.5248","0","CRISIL Medium Duration Debt Index","39","12.5523","Axis Asset Management Company Ltd.","0","0","Sachin Jain,Aditya Pagaria","0","Not allowed","0"
Navi Aggressive Hybrid Fund,"Aggressive Hybrid Fund","Growth","100.905965","0.52","CRISIL Hybrid 35+65 - Aggressive Index","98","23.776","Navi AMC Limited","100","0","Ashutosh Shirwaikar,Tanmay Sethi","0","Allowed","0"
ICICI Pru Nifty50 Value 20 Index Fund,"Index Fund","Growth","99.1746390991","0.21","Nifty50 Value 20 - TRI","28","10.2233","ICICI Prudential Asset Management Company Limited","100","0","Nishit Patel,Ashwini Shinde,Venus Ahuja","0","Allowed","0"
SBI Nifty200 Momentum 30 Index Fund,"Index Fund","Growth","98.0689","0.4","Nifty200 Momentum 30 - TRI","11","9.5735","SBI Funds Management Limited","5000","0","Viral Chhadva","0.25","Allowed","3000"
Bandhan Conservative Hybrid Fund,"Conservative Hybrid Fund","Growth","97.59110000000001","0.82","CRISIL Hybrid 85+15 - Conservative Index","161","36.174","Bandhan AMC Limited","1000","0","Viraj Kulkarni,Harshal Joshi","0.25","Allowed","100"
Axis Income Plus Arbitrage Passive FOF,"FoFs (Domestic) - Hybrid","Growth","97.4557","0.02","Nifty 50 Arbitrage - TRI","7","10.278","Axis Asset Management Company Ltd.","100","0","Devang Shah,Aditya Pagaria,Hardik Satra","0","Allowed","0"
Edelweiss Nifty Alpha Low Volatility 30 Index Fund,"Index Fund","Growth","97.3406","0.39","NIFTY Alpha Low-Volatility 30 - TRI","25","9.6513","Edelweiss Asset Management Limited","100","0","Bhavesh Jain,Manasi Jalgaonkar","0.1","Allowed","100"
PGIM India Retirement Fund,"Solution Oriented, Retirement Fund - Equity Oriented","Growth","97.1437999999999","0.87","BSE 500 - TRI","26","12.05","PGIM India Asset Management Private Limited","5000","5","Vinay Paharia,Puneet Pal,Anandha Padmanabhan Anjeneyan,Sharma Vivek","0","Allowed","0"
Kotak Nifty Financial Services Ex-Bank Index Fund,"Index Fund","Growth","97.00129999999999","0.2","Nifty Financial Services Ex-Bank - TRI","34","16.374","Kotak Mahindra Asset Management Company Limited","100","0","Satish Dondapati,Abhishek Bisen,Jeetu Valechha Sonar","0","Allowed","0"
PGIM India Arbitrage Fund,"Arbitrage Fund","Growth","96.5157","0.36","Nifty 50 Arbitrage","142","20.7008","PGIM India Asset Management Private Limited","5000","0","Chetan Chavan,Puneet Pal","0.25","Allowed","1000"
Kotak Nifty SDL Jul 2026 Index Fund,"Index Funds - Debt Oriented","Growth","96.4752","0.2","Nifty SDL Jul 2026 Index","42","12.68","Kotak Mahindra Asset Management Company Limited","100","0","Abhishek Bisen","0","Allowed","0"
Invesco India Banking and PSU Fund,"Banking & PSU Fund","Growth","96.2243","0.22","NIFTY Banking and PSU Debt Index","161","2506.6797","Invesco Asset Management Company Pvt Ltd.","1000","0","Vikas Garg,Krishna Cheemalapati","0","Allowed","1500"
Groww Short Term Fund,"Short Duration Fund","Growth","95.687902823","0.37","CRISIL Short Duration Debt Index","153","2491.4799","Groww Asset Management Limited","500","0","Kaustubh Sule,Wilfred Gonsalves","0","Allowed","0"
Tata Nifty Auto Index Fund,"Index Fund","Growth","94.6723483649","0.51","NIFTY AUTO - TRI","26","11.7448","Tata Asset Management Private Limited","5000","0","Nitin Sharma,Rakesh Prajapati","0.25","Allowed","0"
Edelweiss CRISIL IBX 50:50 Gilt Plus SDL June 2027 Index Fund,"Index Funds - Debt Oriented","Growth","93.473","0.2","CRISIL IBX 50:50 Gilt Plus SDL Index - June 2027","44","13.0028","Edelweiss Asset Management Limited","100","0","Dhawal Dalal,Hetul Raval","0.1","Allowed","100"
HSBC Multi Asset Active FOF,"FoFs (Domestic) - Hybrid","Growth","93.3019","0.57","BSE 200 - TRI","146","43.2534","HSBC Global Asset Management (India) Private Limited","5000","0","Gautam Bhupal,Cheenu Gupta","1","Allowed","1500"
PGIM India Gilt Fund,"Gilt - Short & Mid Term Fund","Growth","93.06370000000001","0.61","CRISIL Dynamic Gilt Index","161","32.6344","PGIM India Asset Management Private Limited","5000","0","Puneet Pal,Akhil Dhar","0","Allowed","1000"
Kotak Long Duration Fund,"Long Duration Fund","Growth","92.6701","0.31","NIFTY Long Duration Debt Index","27","10.8724","Kotak Mahindra Asset Management Company Limited","100","0","Abhishek Bisen","0","Allowed","100"
PGIM India Healthcare Fund,"Sectoral Fund - Pharma & Health Care","Growth","92.43719999999999","0.75","BSE Health Care - TRI","18","11.15","PGIM India Asset Management Private Limited","5000","0","Anandha Padmanabhan Anjeneyan,Utsav Mehta,Sharma Vivek,Puneet Pal","0.5","Allowed","1000"
Quantum ESG Best In Class Strategy Fund,"Thematic Fund","Growth","92.31309999999999","0.74","NIFTY100 ESG - TRI","83","23.74","Quantum Asset Management Company Private Limited","500","0","Chirag Mehta,Rajorshi Palit","1","Allowed","0"
Union Dynamic Bond Fund,"Dynamic Bond Fund","Growth","92.2634","1.07","CRISIL Dynamic Bond Index","161","24.2739","Union Asset Management Company Pvt. Ltd.","1000","0","Parijat Agrawal,Devesh Thacker","0","Allowed","0"
Motilal Oswal BSE Low Volatility Index Fund,"Index Fund","Growth","91.9101","0.39","BSE Low Volatility Index - TRI","51","16.064","Motilal Oswal Asset Management Company Limited","500","0","Swapnil P Mayekar,Dishant Mehta,Rakesh Shetty","1","Allowed","100"
Kotak BSE PSU Index Fund,"Index Fund","Growth","91.3666","0.39","BSE PSU - TRI","23","9.559","Kotak Mahindra Asset Management Company Limited","100","0","Satish Dondapati,Abhishek Bisen,Jeetu Valechha Sonar","0","Allowed","100"
Bandhan CRISIL IBX 90:10 SDL Plus Gilt - Nov 2026 Index Fund,"Index Funds - Debt Oriented","Growth","91.32979999999999","0.08","CRISIL IBX 90:10 SDL Plus Gilt Index - November 2026","43","12.846","Bandhan AMC Limited","1000","0","Gautam Kaul,Harshal Joshi","0","Allowed","0"
ICICI Pru Retirement Fund-Hybrid Cons Plan,"Solution Oriented, Retirement Fund - Debt Oriented","Growth","89.94644586189999","0.93","NIFTY 50 Hybrid Composite Debt 15:85 Index","88","19.634","ICICI Prudential Asset Management Company Limited","5000","5","Manasvi Shah,Darshil Dedhia,Rohit Lakhotia","0","Allowed","0"
Union Gilt Fund,"Gilt - Short & Mid Term Fund","Growth","89.86489999999999","0.55","CRISIL Dynamic Gilt Index","46","12.1062","Union Asset Management Company Pvt. Ltd.","1000","0","Parijat Agrawal,Anindya Sarkar","0","Allowed","0"
Motilal Oswal Nifty MidSmall Financial Services Index Fund,"Index Fund","Growth","89.8511","0.81","Nifty MidSmall Financial Services - TRI","19","14.4721","Motilal Oswal Asset Management Company Limited","500","0","Swapnil P Mayekar,Rakesh Shetty","1","Allowed","500"
DSP Nifty SDL Plus G-Sec Sep 2027 50:50 Index Fund,"Index Funds - Debt Oriented","Growth","89.6503","0.14","Nifty SDL Plus G-Sec Sep 2027 50:50 Index","40","12.7175","DSP Investment Managers Private Limited","100","0","Shantanu Godambe","0","Allowed","100"
JM Overnight Fund,"Overnight Fund","Growth","89.256053966","0.14","CRISIL Liquid Overnight Index","78","1374.3091","JM Financial Asset Management Private Limited","1000","0","Killol Pandya,Ruchi Fozdar,Jayant Dhoot","0","Allowed","0"
Quantum Ethical Fund,"Thematic Fund","Growth","88.351311360024","0.76","Nifty500 Shariah - TRI","18","9.54","Quantum Asset Management Company Private Limited","500","0","Chirag Mehta","1","Allowed","500"
Canara Rob Dynamic Bond Fund,"Dynamic Bond Fund","Growth","87.9409","0.57","CRISIL Dynamic Bond Index","161","32.5685","Canara Robeco Asset Management Company Limited","5000","0","Avnish Jain,Bhupesh Kalyani","0","Allowed","1000"
ITI Arbitrage Fund,"Arbitrage Fund","Growth","87.5858","0.25","Nifty 50 Arbitrage","81","14.3269","ITI Asset Management Limited","5000","0","Vikas Nathani,Animesh Singh,Laukik Bagwe","0.25","Allowed","500"
SBI Nifty IT Index Fund,"Index Fund","Growth","86.5202","0.48","NIFTY IT - TRI","16","7.3551","SBI Funds Management Limited","5000","0","Viral Chhadva","0.25","Allowed","1500"
Quantum Dynamic Bond Fund,"Dynamic Bond Fund","Growth","86.1376","0.48","CRISIL Dynamic Bond Index","133","22.18","Quantum Asset Management Company Private Limited","500","0","Sneha Pandey,Mayur Chauhan","0","Allowed","0"
Nippon India CRISIL-IBX AAA Financial Services - Jan 2028 Index Fund,"Index Funds - Debt Oriented","Growth","86.1165","0.15","CRISIL-IBX AAA Financial Services Index - Jan 2028","20","11.1529","Nippon Life India Asset Management Limited","1000","0","Vivek Sharma","0","Allowed","0"
Mahindra Manulife Short Duration Fund,"Short Duration Fund","Growth","85.9575","0.27","CRISIL Short Duration Debt Index","64","13.8995","Mahindra Manulife Investment Management Private Limited","1000","0","Rahul Pal,Kush Sonigara","0","Allowed","0"
Union Short Duration Fund,"Short Duration Fund","Growth","85.86049999999999","0.28","CRISIL Short Duration Debt Index","17","10.8011","Union Asset Management Company Pvt. Ltd.","1000","0","Anindya Sarkar,Shrenuj Parekh","0","Allowed","500"
ICICI Pru Global Stable Equity Fund,"FoFs (Overseas)","Growth","85.69722059","0.23","MSCI World","153","35.32","ICICI Prudential Asset Management Company Limited","0","0","Ritesh Lunawat,Sharmila Dmello,Masoomi Jhurmarvala","1","Not allowed","0"
Edelweiss CRISIL-IBX AAA Bond NBFC-HFC-Jun 2027 Index Fund,"Index Funds - Debt Oriented","Growth","85.6948","0.13","CRISIL-IBX AAA NBFC-HFC Index - Jun 2027","16","10.9377","Edelweiss Asset Management Limited","100","0","Dhawal Dalal,Hetul Raval","0.1","Allowed","100"
ICICI Pru Nifty 500 Index Fund,"Index Fund","Growth","85.5729760139999","0.25","NIFTY 500 - TRI","18","10.1692","ICICI Prudential Asset Management Company Limited","100","0","Nishit Patel,Ashwini Shinde,Venus Ahuja","0","Allowed","100"
LIC MF BSE Sensex Index Fund,"Index Fund","Growth","85.12540000000001","0.65","BSE SENSEX - TRI","161","151.2528","LIC Mutual Fund Asset Management Limited","5000","0","Nikhil Kapoor","0.25","Allowed","1000"
LIC MF Healthcare Fund,"Sectoral Fund - Pharma & Health Care","Growth","84.5254","1.13","BSE Health Care - TRI","88","34.4612","LIC Mutual Fund Asset Management Limited","5000","0","Sudhanshu Asthana","1","Allowed","200"
Mirae Asset Nifty 100 ESG Sector Leaders FoF,"FoFs (Domestic) - Equity Oriented","Growth","84.1648","0.07","Nifty100 ESG Sector Leaders - TRI","67","17.855","Mirae Asset Investment Managers (India) Private Limited","5000","0","Ekta Gala,Vishal Singh","0.05","Allowed","99"
HDFC Nifty Top 20 Equal Weight Index Fund,"Index Fund","Growth","83.9075","0.25","Nifty Top 20 Equal Weight - TRI","15","9.7549","HDFC Asset Management Company Limited","100","0","Arun Agarwal,Nandita Menezes","0","Allowed","5000"
Union Children's Fund,"Solution Oriented - Children's Fund","Growth","83.41860000000001","1.12","BSE 500 - TRI","30","12.53","Union Asset Management Company Pvt. Ltd.","1000","5","Gaurav Chopra,Vinod Malviya,Parijat Agrawal","0","Allowed","500"
Aditya Birla SL US Treasury 1-3 Year Bonds ETFs Passive FOF,"FoFs (Overseas)","Growth","83.35979999999999","0.11","Bloomberg US Treasury 1-3 Year Index","32","12.9777","Aditya Birla Sun Life AMC Limited","0","0","Vighnesh Gupta,Bhupesh Bameta","0.25","Not allowed","0"
PGIM India Dynamic Bond Fund,"Dynamic Bond Fund","Growth","83.3172","0.51","CRISIL Dynamic Bond Index","161","3040.3194","PGIM India Asset Management Private Limited","5000","0","Puneet Pal,Akhil Dhar","0","Allowed","1000"
Quant Gilt Fund,"Gilt - Short & Mid Term Fund","Growth","83.20370000000001","0.45","CRISIL Dynamic Gilt Index","42","12.2335","Quant Money Managers Limited","5000","0","Sanjeev Sharma,Haroonvardhan Sirohi","0","Allowed","0"
JM Short Duration Fund,"Short Duration Fund","Growth","83.072762103","0.39","CRISIL Short Duration Debt Index","46","12.8185","JM Financial Asset Management Private Limited","1000","0","Killol Pandya,Ruchi Fozdar,Jayant Dhoot","0","Allowed","100"
HDFC FMP-Sr 47-1269D-March 2023,"Fixed Maturity Plans","Growth","83.05149999999999","0","NIFTY Medium Duration Debt Index","39","12.5051","HDFC Asset Management Company Limited","0","0","Anupam Joshi","0","Not allowed","0"
Nippon India CRISIL-IBX AAA Financial Services - Dec 2026 Index Fund,"Index Funds - Debt Oriented","Growth","82.9487","0.15","CRISIL-IBX AAA Financial Services Index - Dec 2026","20","11.1969","Nippon Life India Asset Management Limited","1000","0","Vivek Sharma","0","Allowed","100"
Groww Overnight Fund,"Overnight Fund","Growth","82.71562729499999","0.21","CRISIL Liquid Overnight Index","83","1397.1998","Groww Asset Management Limited","500","0","Kaustubh Sule","0","Allowed","0"
ICICI Pru Retirement Fund-Pure Debt Plan,"Solution Oriented, Retirement Fund - Debt Oriented","Growth","82.678405289","1.22","NIFTY Composite Debt Index","88","16.8025","ICICI Prudential Asset Management Company Limited","5000","5","Darshil Dedhia,Rohit Lakhotia","0","Allowed","0"
LIC MF Technology Fund,"Sectoral Fund - Technology","Growth","82.1823","0.72","BSE TECk Index - TRI","3","10.707","LIC Mutual Fund Asset Management Limited","1000","0","Sumit Bhatnagar","1","Allowed","0"
Bandhan Long Duration Fund,"Long Duration Fund","Growth","81.7797","0.25","NIFTY Long Duration Debt Index","27","11.0487","Bandhan AMC Limited","1000","0","Gautam Kaul","0","Allowed","100"
Invesco India Nifty G-sec Jul 2027 Index Fund,"Index Funds - Debt Oriented","Growth","81.5499","0.12","Nifty G-sec Jul 2027 Index","39","1255.2617","Invesco Asset Management Company Pvt Ltd.","1000","0","Krishna Cheemalapati,Gaurav Jakhotia","0.25","Allowed","1500"
PGIM India Corp Bond Fund,"Corporate Bond Fund","Growth","81.3723","0.26","CRISIL Corporate Bond Index","161","49.8162","PGIM India Asset Management Private Limited","5000","0","Puneet Pal,Akhil Dhar","0","Allowed","1000"
Groww Silver ETF FOF,"FoFs (Domestic) - Silver","Growth","80.783497497","0.18","Silver","13","25.6349","Groww Asset Management Limited","500","0","Wilfred Gonsalves","1","Allowed","500"
Mirae Asset Hang Seng TECH ETF FoF,"FoFs (Overseas)","Growth","80.3728","0.03","Hang Seng TECH TRI","54","12.431","Mirae Asset Investment Managers (India) Private Limited","0","0","Ekta Gala,Akshay Udeshi","0.5","Not allowed","0"
Nippon India FMP-XLIV-1-1743D,"Fixed Maturity Plans","Growth","79.20479999999999","0","NIFTY Medium to Long Duration Debt Index","45","13.155","Nippon Life India Asset Management Limited","0","0","Vikash Agarwal","0","Not allowed","0"
Nippon India BSE Sensex Next 30 Index Fund,"Index Fund","Growth","79.089","0.36","BSE Sensex Next 30 - TRI","12","10.8787","Nippon Life India Asset Management Limited","1000","0","Himanshu Mange","0","Allowed","0"
UTI Nifty500 Shariah Index Fund,"Index Fund","Growth","78.4471","0.71","Nifty500 Shariah - TRI","4","9.9841","UTI Asset Management Company Private Limited","1000","0","Sharwan Kumar Goyal,Ayush Jain","0","Allowed","0"
Axis Nifty500 Quality 50 Index Fund,"Index Fund","Growth","77.8964","0.12","Nifty500 Quality 50 - TRI","9","10.1357","Axis Asset Management Company Ltd.","100","0","Nandik Mallik,Rohit Gautam","0.25","Allowed","100"
Groww Multi Asset Omni FOF,"FoFs (Domestic) - Hybrid","Growth","76.136607774","0.18","Gold-India","6","10.0563","Groww Asset Management Limited","500","0","Paras Matalia,Wilfred Gonsalves,Shashi Kumar","0","Allowed","0"
Motilal Oswal Asset Allocation Passive FoF-Conservative,"FoFs (Domestic) - Hybrid","Growth","76.007","0.06","S&P 500 - TRI","63","17.6918","Motilal Oswal Asset Management Company Limited","500","0","Swapnil P Mayekar,Rakesh Shetty","1","Allowed","500"
Navi Liquid Fund,"Liquid Fund","Growth","75.931443","0.15","CRISIL Liquid Debt Index","161","30.0763","Navi AMC Limited","100","0","Tanmay Sethi","0.0045","Allowed","100"
Kotak NIFTY Midcap 50 Index Fund,"Index Fund","Growth","75.3764","0.25","Nifty Midcap 50 - TRI","22","10.751","Kotak Mahindra Asset Management Company Limited","100","0","Abhishek Bisen,Jeetu Valechha Sonar","0","Allowed","100"
DSP Nifty IT Index Fund,"Index Fund","Growth","75.2421","0.21","NIFTY IT - TRI","12","7.6113","DSP Investment Managers Private Limited","100","0","Anil Ghelani,Diipesh Shah,Neha Rathi","0","Allowed","100"
Mirae Asset Global Electric & Autonomous Vehicles Equity Passive FOF,"FoFs (Overseas)","Growth","74.8589","0.21","Solactive Autonomous & Electric Vehicles Index - TRI","45","18.756","Mirae Asset Investment Managers (India) Private Limited","0","0","Siddharth Srivastava","1","Not allowed","0"
UTI Nifty Alpha Low-Volatility 30 Index Fund,"Index Fund","Growth","74.5712","0.6","NIFTY Alpha Low-Volatility 30 - TRI","19","9.3568","UTI Asset Management Company Private Limited","1000","0","Sharwan Kumar Goyal,Ayush Jain","0","Allowed","0"
Tata Nifty G-Sec Dec 2026 Index Fund,"Index Funds - Debt Oriented","Growth","73.5591299253","0.13","Nifty G-sec Dec 2026 Index","41","12.6363","Tata Asset Management Private Limited","5000","0","Amit Somani","0","Allowed","0"
Samco Mid Cap Fund,"Mid Cap Fund","Growth","73.2964","0.95","Nifty Midcap 150 - TRI","4","9.9","Samco Asset Management Pvt. Ltd.","5000","0","Umeshkumar Mehta,Nirali Bhansali,Dhawal Ghanshyam Dhanani,Komal Grover","1","Allowed","250"
Quantum Multi Asset Active FoF,"FoFs (Domestic) - Hybrid","Growth","73.1057","0.09","CRISIL Dynamic Bond Index","167","36.9838","Quantum Asset Management Company Private Limited","500","0","Sneha Pandey,Mansi Vasa","1","Allowed","0"
Tata Nifty500 Multicap Infrastructure 50:30:20 Index Fund,"Index Fund","Growth","72.81629983709999","0.49","Nifty500 Multicap Infrastructure 50:30:20 - TRI","26","10.9489","Tata Asset Management Private Limited","5000","0","Nitin Sharma,Rakesh Prajapati","0.25","Allowed","150"
TRUSTMF Arbitrage Fund,"Arbitrage Fund","Growth","72.6718","0.17","Nifty 50 Arbitrage - TRI","10","10.4575","Trust Asset Management Private Limited","1000","0","Mihir Vora,Sachin Parekh","0.25","Allowed","1000"
Bajaj Finserv ELSS Tax Saver Fund,"Equity Linked Savings Scheme (ELSS)","Growth","71.231201","0.67","BSE 500 - TRI","17","11.477","Bajaj Finserv Asset Management Limited","500","3","Nimesh Chandan,Sorbh Gupta,Siddharth Chaudhary","0","Allowed","0"
Baroda BNP Paribas Income Plus Arbitrage Active FoF,"FoFs (Domestic) - Hybrid","Growth","70.66329999999999","0.05","Nifty 50 Arbitrage - TRI","13","10.4901","Baroda BNP Paribas Asset Management India Pvt. Ltd.","1000","0","Vikram Pamnani","0","Allowed","500"
HSBC Asia Pacific (Ex Japan) DYF,"FoFs (Overseas)","Growth","70.6613","0.65","MSCI Asia (ex-Japan) Standard Index","148","39.0224","HSBC Global Asset Management (India) Private Limited","0","0","Sonal Gupta","1","Not allowed","0"
Motilal Oswal Special Opportunities Fund,"Thematic Fund","Growth","69.7391","2.36","NIFTY 500 - TRI","10","11.0871","Motilal Oswal Asset Management Company Limited","500","0","Ajay Khandelwal,Atul Mehra,Bhalchandra Shinde,Rakesh Shetty","1","Allowed","500"
360 ONE ELSS Tax Saver Nifty 50 Index Fund,"Equity Linked Savings Scheme (ELSS)","Growth","69.7185915908739","0.59","NIFTY 50 - TRI","42","13.3807","360 ONE Asset Management Limited","500","3","Ashish Ongari","0","Allowed","500"
Mirae Asset Nifty SDL June 2028 Index Fund,"Index Funds - Debt Oriented","Growth","69.0858","0.16","Nifty SDL June 2028 Index","39","12.5637","Mirae Asset Investment Managers (India) Private Limited","5000","0","Pranavi Kulkarni","0","Allowed","0"
Mirae Asset Nifty Metal ETF FOF,"FoFs (Domestic) - Equity Oriented","Growth","69.0639","0.08","NIFTY METAL - TRI","4","10.607","Mirae Asset Investment Managers (India) Private Limited","5000","0","Ekta Gala,Akshay Udeshi","0.05","Allowed","99"
DSP US Specific Debt Passive FoF,"FoFs (Overseas)","Growth","68.66","0.17","MSCI U.S. Government Bond Index","27","12.6695","DSP Investment Managers Private Limited","0","0","Kaivalya Nadkarni","0.1","Not allowed","0"
Zerodha Overnight Fund,"Overnight Fund","Growth","68.5898","0.08","Nifty 1D Rate Index","14","10.6126","Zerodha Asset Management Private Limited","100","0","Kedarnath Mirajkar","0","Allowed","100"
Groww Banking & Financial Services Fund,"Sectoral Fund - Banks & Financial Services","Growth","68.55847258099999","0.93","Nifty Financial Services - TRI","28","12.5734","Groww Asset Management Limited","500","0","Anupam Tiwari,Saptarshee Chatterjee,Gagan Thareja","1","Allowed","500"
Nippon India FMP-XLI-8-3654D,"Fixed Maturity Plans","Growth","68.415","0","CRISIL Dynamic Gilt Index","86","17.3116","Nippon Life India Asset Management Limited","0","0","Amit Tripathi","0","Not allowed","0"
Tata Nifty Financial Services Index Fund,"Index Fund","Growth","68.1624738631","0.49","Nifty Financial Services - TRI","26","11.8603","Tata Asset Management Private Limited","5000","0","Nitin Sharma,Rakesh Prajapati","0.25","Allowed","150"
Aditya Birla SL BSE 500 Momentum 50 Index Fund,"Index Fund","Growth","67.97149999999999","0.25","BSE 500 Momentum 50 - TRI","10","10.2585","Aditya Birla Sun Life AMC Limited","500","0","Priya Sridhar","0.1","Allowed","0"
DSP Nifty Private Bank Index Fund,"Index Fund","Growth","67.9012","0.22","Nifty Private Bank - TRI","15","10.6761","DSP Investment Managers Private Limited","100","0","Anil Ghelani,Diipesh Shah,Neha Rathi","0","Allowed","0"
ICICI Pru FMP-88-1303D-S,"Fixed Maturity Plans","Growth","67.80041501310001","0","CRISIL Medium Duration Debt Index","39","12.6213","ICICI Prudential Asset Management Company Limited","0","0","Darshil Dedhia,Rohit Lakhotia","0","Not allowed","0"
UTI Long Duration Fund,"Long Duration Fund","Growth","67.5586","0.78","NIFTY Long Duration Debt Index","39","12.012","UTI Asset Management Company Private Limited","5000","0","Pankaj Pathak","0","Allowed","1500"
Bandhan Nifty Smallcap 250 Index Fund,"Index Fund","Growth","67.4508","0.17","Nifty Smallcap 250 - TRI","30","12.0845","Bandhan AMC Limited","1000","0","Abhishek Jain,Mayuresh Nagvekar","0","Allowed","100"
Axis CRISIL IBX 50:50 Gilt Plus SDL June 2028 Index Fund,"Index Funds - Debt Oriented","Growth","67.3398","0.26","CRISIL IBX 50:50 Gilt Plus SDL Index - June 2028","41","12.6716","Axis Asset Management Company Ltd.","5000","0","Hardik Shah","0","Allowed","0"
Navi Nifty India Manufacturing Index Fund,"Index Fund","Growth","67.24137999999999","0.4","Nifty India Manufacturing - TRI","46","19.0708","Navi AMC Limited","100","0","Ashutosh Shirwaikar","0","Allowed","100"
Axis Nifty SDL Sep 2026 Debt Index Fund,"Index Funds - Debt Oriented","Growth","65.7911","0.16","Nifty SDL Sep 2026 Index","43","12.8105","Axis Asset Management Company Ltd.","5000","0","Aditya Pagaria,Sachin Jain","0","Allowed","0"
Union Income Plus Arbitrage Active FOF,"FoFs (Domestic) - Hybrid","Growth","65.4944","0.11","Nifty 50 Arbitrage - TRI","12","10.2613","Union Asset Management Company Pvt. Ltd.","1000","0","Vishal Thakker,Anindya Sarkar,Shrenuj Parekh","0","Allowed","0"
Sundaram Income Plus Arbitrage Active FoF,"FoFs (Domestic) - Hybrid","Growth","65.270828","0.33","Nifty Short Duration Debt Index","5","10.1754","Sundaram Asset Management Company Limited","5000","0","S. Bharath,Sandeep Agarwal,Kumaresh Ramakrishnan","0","Allowed","0"
Kotak Multi Asset Active FOF,"FoFs (Domestic) - Hybrid","Growth","64.8783","0","NIFTY 50 - TRI","2","10.106","Kotak Mahindra Asset Management Company Limited","1000","0","Devender Singhal,Abhishek Bisen","1","Allowed","500"
UTI CRISIL SDL Maturity June 2027 Index Fund,"Index Funds - Debt Oriented","Growth","64.7696","0.19","CRISIL IBX SDL Index - June 2027","41","12.7456","UTI Asset Management Company Private Limited","5000","0","Jaydeep Bhowal","0","Allowed","0"
TRUSTMF FMP-SR-II,"Fixed Maturity Plans","Growth","64.4462","0","CRISIL Medium Duration Debt Index","39","1288.6263","Trust Asset Management Private Limited","0","0","Jalpan Shah,Shradhanjali Panda","0","Not allowed","0"
Taurus ELSS Tax Saver Fund,"Equity Linked Savings Scheme (ELSS)","Growth","64.375","1.54","BSE 500 - TRI","161","191.38","Taurus Asset Management Company Limited","500","3","Anuj Kapil","0","Allowed","500"
Bank of India Conservative Hybrid Fund,"Conservative Hybrid Fund","Growth","64.37","0.99","CRISIL Hybrid 85+15 - Conservative Index","161","37.4722","Bank of India Investment Managers Private Limited","5000","0","Alok Singh","1","Allowed","0"
UTI FTIF-XXXVI-I(1574D),"Fixed Maturity Plans","Growth","63.5586","0","CRISIL Short Duration Debt Index","40","12.8063","UTI Asset Management Company Private Limited","0","0","Jaydeep Bhowal","0","Not allowed","0"
Sundaram LT Micro Cap Tax Adv Fund-Sr III,"Equity Linked Savings Scheme (ELSS)","Growth","63.44403348791","0.98","Nifty Smallcap 100","115","35.3364","Sundaram Asset Management Company Limited","0","3","Rohit Seksaria","0","Not allowed","0"
Bank of India Midcap Tax Fund-Sr 1,"Equity Linked Savings Scheme (ELSS)","Growth","63.2284","0","BSE 500 - TRI","100","29.25","Bank of India Investment Managers Private Limited","0","3","Nilesh Jethani","0","Not allowed","0"
Aditya Birla SL BSE 500 Quality 50 Index Fund,"Index Fund","Growth","62.4502","0.18","BSE 500 Quality 50 - TRI","10","10.8456","Aditya Birla Sun Life AMC Limited","500","0","Priya Sridhar","0.1","Allowed","500"
PGIM India Equity Savings Fund,"Equity Savings","Growth","62.27439999999999","0.6","NIFTY 50 Equity Savings Index - TRI","161","56.7861","PGIM India Asset Management Private Limited","5000","0","Anandha Padmanabhan Anjeneyan,Sharma Vivek,Vinay Paharia,Puneet Pal","0","Allowed","1000"
Motilal Oswal BSE Quality Index Fund,"Index Fund","Growth","61.1655","0.42","BSE Quality Index - TRI","46","17.6226","Motilal Oswal Asset Management Company Limited","500","0","Swapnil P Mayekar,Dishant Mehta,Rakesh Shetty","1","Allowed","0"
Mirae Asset Nifty 50 Index Fund,"Index Fund","Growth","61.0661","0.08","NIFTY 50 - TRI","20","9.8145","Mirae Asset Investment Managers (India) Private Limited","5000","0","Ekta Gala,Ritesh Patel","0","Allowed","0"
PGIM India Global Select Real Estate Securities FoF,"FoFs (Overseas)","Growth","60.54600000000001","1.5","FTSE EPRA/NAREIT Developed Index","54","14.04","PGIM India Asset Management Private Limited","0","0","Anandha Padmanabhan Anjeneyan,Sharma Vivek","0.5","Allowed","0"
Groww Value Fund,"Value Fund","Growth","59.58656561","1.34","NIFTY 500 - TRI","129","31.6608","Groww Asset Management Limited","500","0","Anupam Tiwari,Saptarshee Chatterjee,Gagan Thareja","1","Allowed","500"
Kotak Nifty 50 Equal Weight Index Fund,"Index Fund","Growth","59.1126","0.2","NIFTY50 Equal Weight - TRI","18","10.987","Kotak Mahindra Asset Management Company Limited","100","0","Satish Dondapati,Abhishek Bisen,Jeetu Valechha Sonar","0","Allowed","100"
ICICI Pru BSE 500 ETF FOF,"FoFs (Domestic) - Equity Oriented","Growth","58.900706936","0.06","BSE 500 - TRI","54","15.4149","ICICI Prudential Asset Management Company Limited","1000","0","Nishit Patel,Ashwini Shinde,Venus Ahuja","0","Allowed","100"
DSP Nifty Bank Index Fund,"Index Fund","Growth","58.59479999999999","0.17","NIFTY BANK - TRI","25","11.005","DSP Investment Managers Private Limited","100","0","Anil Ghelani,Diipesh Shah,Neha Rathi","0","Allowed","0"
Angel One Nifty Total Market Index Fund,"Index Fund","Growth","58.0232009759999","0.28","Nifty Total Market - TRI","16","11.4391","Angel One Asset Management Company Ltd.","1000","0","Mehul Dama,Kewal Shah","0","Allowed","1000"
Kotak Quality Overseas Equity Omni FOF,"FoFs (Overseas)","Growth","58.0155","0.46","MSCI World","3","11.014","Kotak Mahindra Asset Management Company Limited","0","0","Arjun Khanna,Abhishek Bisen","1","Not allowed","0"
UTI Nifty Midcap 150 Index Fund,"Index Fund","Growth","57.679899999999996","0.62","Nifty Midcap 150 - TRI","19","10.7601","UTI Asset Management Company Private Limited","1000","0","Sharwan Kumar Goyal,Ayush Jain","0","Allowed","1500"
Tata BSE Quality Index Fund,"Index Fund","Growth","57.2175149808","0.3","BSE Quality Index - TRI","14","11.4825","Tata Asset Management Private Limited","5000","0","Nitin Sharma,Rakesh Prajapati","0.25","Allowed","0"
Baroda BNP Paribas Nifty 50 Index Fund,"Index Fund","Growth","57.126400000000004","0.22","NIFTY 50 - TRI","29","11.1074","Baroda BNP Paribas Asset Management India Pvt. Ltd.","5000","0","Neeraj Saxena,Meenakshi Gururaj","0.2","Allowed","0"
Quantum Multi Asset Allocation Fund,"Multi Asset Allocation Fund","Growth","56.8755","0.41","NIFTY 50 - TRI","27","12.21","Quantum Asset Management Company Private Limited","500","0","Sneha Pandey,Mansi Vasa","1","Allowed","500"
SBI Nifty100 Low Volatility 30 Index Fund,"Index Fund","Growth","56.2622","0.39","Nifty100 Low Volatility 30 - TRI","11","9.8898","SBI Funds Management Limited","5000","0","Viral Chhadva","0.25","Allowed","3000"
Quant Overnight Fund,"Overnight Fund","Growth","55.9234","0.2","CRISIL Liquid Overnight Index","42","12.3929","Quant Money Managers Limited","5000","0","Sanjeev Sharma,Haroonvardhan Sirohi","0","Allowed","0"
Motilal Oswal 5 Year G-Sec FoF,"FoFs (Domestic) - Debt Oriented","Growth","55.5809","0.19","Nifty 5 yr Benchmark G-Sec Index TRI","56","12.8858","Motilal Oswal Asset Management Company Limited","500","0","Rakesh Shetty","1","Allowed","500"
Groww Nifty India Railways PSU Index Fund,"Index Fund","Growth","55.178022216","0.71","Nifty India Railways PSU Index - TRI","16","8.4956","Groww Asset Management Limited","500","0","Aakash Chauhan,Nikhil Satam,Shashi Kumar","1","Allowed","0"
ITI Liquid Fund,"Liquid Fund","Growth","54.643699999999995","0.15","CRISIL Liquid Debt Index","86","1445.943","ITI Asset Management Limited","5000","0","Laukik Bagwe","0.007","Allowed","500"
DSP FMP 264-60M & 17D,"Fixed Maturity Plans","Growth","54.1391","0","CRISIL Medium to Long Term Debt Index","57","13.2135","DSP Investment Managers Private Limited","0","0","Shantanu Godambe","0","Not allowed","0"
JM Dynamic Bond Fund,"Dynamic Bond Fund","Growth","53.15322482","0.43","CRISIL Dynamic Bond Index","161","45.4876","JM Financial Asset Management Private Limited","1000","0","Killol Pandya,Ruchi Fozdar,Jayant Dhoot","0","Allowed","250"
Motilal Oswal BSE 1000 Index Fund,"Index Fund","Growth","52.3375","0.41","BSE 1000 - TRI","12","9.7029","Motilal Oswal Asset Management Company Limited","500","0","Swapnil P Mayekar,Dishant Mehta,Rakesh Shetty","1","Allowed","500"
Axis BSE Sensex Index Fund,"Index Fund","Growth","52.2393","0.11","BSE SENSEX - TRI","28","10.5409","Axis Asset Management Company Ltd.","500","0","Nandik Mallik,Rohit Gautam","0.25","Allowed","0"
Mahindra Manulife Dynamic Bond Fund,"Dynamic Bond Fund","Growth","52.231","0.35","CRISIL Dynamic Bond Index","94","15.9377","Mahindra Manulife Investment Management Private Limited","1000","0","Rahul Pal,Kush Sonigara","0","Allowed","1500"
Shriram Balanced Advantage Fund,"Dynamic Asset Allocation Fund","Growth","51.8082","0.61","CRISIL Hybrid 50+50 - Moderate Index","83","18.4734","Shriram Asset Management Company Limited","500","0","Deepak Ramaraju,Prateek Nigudkar,Amit Modani,Sudip More","1","Allowed","0"
Taurus Large Cap Fund,"Large Cap Fund","Growth","51.2041","1.89","BSE 100 - TRI","161","163.69","Taurus Asset Management Company Limited","500","0","Anuj Kapil","1","Allowed","1500"
SBI FMP-1-3668D,"Fixed Maturity Plans","Growth","51.069300000000005","0","CRISIL Long Duration Debt Index","87","17.3339","SBI Funds Management Limited","0","0","Ranjana Gupta","0","Not allowed","0"
Mirae Asset Nifty Total Market Index Fund,"Index Fund","Growth","50.218","0.24","Nifty Total Market - TRI","20","10.0545","Mirae Asset Investment Managers (India) Private Limited","5000","0","Ekta Gala,Ritesh Patel","0","Allowed","0"
Groww Aggressive Hybrid Fund,"Aggressive Hybrid Fund","Growth","50.116632599000006","2.75","CRISIL Hybrid 35+65 - Aggressive Index","90","22.7148","Groww Asset Management Limited","500","0","Paras Matalia,Nikhil Satam,Kaustubh Sule","1","Allowed","0"
Groww ELSS Tax Saver Fund,"Equity Linked Savings Scheme (ELSS)","Growth","49.772397492","1.33","NIFTY 500 - TRI","102","21.25","Groww Asset Management Limited","500","3","Paras Matalia,Nikhil Satam","0","Allowed","500"
Shriram Aggressive Hybrid Fund,"Aggressive Hybrid Fund","Growth","48.9431","0.67","CRISIL Hybrid 35+65 - Aggressive Index","151","36.0782","Shriram Asset Management Company Limited","500","0","Deepak Ramaraju,Prateek Nigudkar,Amit Modani,Sudip More","1","Allowed","500"
WOC ESG Best-In-Class Strategy Fund,"Thematic Fund","Growth","48.8428","0.74","NIFTY100 ESG - TRI","20","9.919","WhiteOak Capital Asset Management Limited","500","0","Ramesh Mantri,Trupti Agrawal,Dheeresh Pathak,Piyush Baranwal","0","Allowed","0"
Tata Nifty Realty Index Fund,"Index Fund","Growth","48.3467445642","0.49","NIFTY REALTY - TRI","26","7.8632","Tata Asset Management Private Limited","5000","0","Nitin Sharma,Rakesh Prajapati","0.25","Allowed","0"
DSP 10Y G-Sec Fund,"Gilt - Long Term Fund","Growth","48.3321","0.26","CRISIL 10 Year Gilt Index","141","22.4713","DSP Investment Managers Private Limited","100","0","Shantanu Godambe","0","Allowed","100"
Helios Arbitrage Fund,"Arbitrage Fund","Growth","48.237700000000004","0.47","Nifty 50 Arbitrage - TRI","3","10.1","Helios Capital Asset Management (India) Private Limited","5000","0","Alok Bahl,Pratik Singh","0.25","Allowed","1000"
HDFC NIFTY SDL Plus G-Sec Jun 2027 40:60 Index Fund,"Index Funds - Debt Oriented","Growth","48.0414","0.21","NIFTY SDL Plus G-Sec Jun 2027 40:60 Index","39","12.5608","HDFC Asset Management Company Limited","100","0","Anupam Joshi,Sankalp Baid","0","Allowed","100"
HSBC Medium to Long Duration Fund Fund,"Medium to Long Duration Fund","Growth","47.9283","0.88","NIFTY Medium to Long Duration Debt Index","161","47.5958","HSBC Global Asset Management (India) Private Limited","5000","0","Mohd Asif Rizwi,Shriram Ramanathan","0","Allowed","500"
Axis Retirement Fund-Conservative Plan,"Solution Oriented, Retirement Fund - Debt Oriented","Growth","47.590201","1.25","CRISIL Hybrid 75+25 - Conservative Index","78","17.1902","Axis Asset Management Company Ltd.","5000","5","Jayesh Sundar,Devang Shah,Hardik Shah,Krishnaa N","0","Allowed","12000"
Invesco India Nifty G-sec Sep 2032 Index Fund,"Index Funds - Debt Oriented","Growth","47.52439999999999","0.13","Nifty G-Sec Sep 2032 Index","39","1257.4192","Invesco Asset Management Company Pvt Ltd.","1000","0","Krishna Cheemalapati,Gaurav Jakhotia","0.25","Allowed","0"
Nippon India Nifty 500 Quality 50 Index Fund,"Index Fund","Growth","47.309799999999996","0.38","Nifty500 Quality 50 - TRI","13","10.9737","Nippon Life India Asset Management Limited","1000","0","Jitendra Tolani","0","Allowed","100"
Unifi Liquid Fund,"Liquid Fund","Growth","46.692762836","0.09","Nifty Liquid Fund Index","12","1057.6314","Unifi Asset Management Pvt. Ltd.","5000","0","Saravanan V N,Karthik Srinivas","0.006","Allowed","0"
LIC MF Conservative Hybrid Fund,"Conservative Hybrid Fund","Growth","46.5941","1.19","CRISIL Hybrid 85+15 - Conservative Index","161","91.5754","LIC Mutual Fund Asset Management Limited","5000","0","Pratik Shroff,Sumit Bhatnagar","1","Allowed","200"
Quant Equity Savings Fund,"Equity Savings","Growth","46.3698368","1.05","NIFTY 50 Equity Savings Index - TRI","11","10.3918","Quant Money Managers Limited","5000","0","Sanjeev Sharma,Harshvardhan Bharatia,Ankit Pande,Varun Pattani","1","Allowed","1000"
Franklin India Medium to Long Duration Fund,"Medium to Long Duration Fund","Growth","46.368975811","0.29","CRISIL Medium to Long Term Debt Index","21","10.9626","Franklin Templeton Asset Management (India) Private Limited","5000","0","Chandni Gupta,Anuj Tagra","0","Allowed","500"
Mirae Asset Corp Bond Fund,"Corporate Bond Fund","Growth","46.325500000000005","0.21","CRISIL Corporate Bond Index","63","13.462","Mirae Asset Investment Managers (India) Private Limited","5000","0","Kruti Chheta","0","Allowed","0"
DSP FMP 267-1172D,"Fixed Maturity Plans","Growth","46.316","0","CRISIL Medium Duration Debt Index","43","12.6899","DSP Investment Managers Private Limited","0","0","Sandeep Yadav,Shantanu Godambe","0","Not allowed","0"
Mirae Asset BSE India Defence ETF FOF,"FoFs (Domestic) - Equity Oriented","Growth","46.0418","0.08","BSE India Defence - TRI","4","11.012","Mirae Asset Investment Managers (India) Private Limited","5000","0","Ekta Gala,Vishal Singh","0.05","Allowed","0"
Nippon India Nifty Realty Index Fund,"Index Fund","Growth","45.5713","0.77","NIFTY REALTY - TRI","18","7.1005","Nippon Life India Asset Management Limited","1000","0","Jitendra Tolani","0","Allowed","100"
The Wealth Company Balanced Advantage Fund,"Balanced Advantage Fund","Growth","45.024322173","0.29","CRISIL Hybrid 50+50 - Moderate Index","4","9.9154","Wealth Company Asset Management Holdings Pvt. Ltd.","5000","0","Aparna Shanker,Umesh Sharma,Varun Nanavati","1","Allowed","250"
Bank of India Arbitrage Fund,"Arbitrage Fund","Growth","44.9063","0.37","Nifty 50 Arbitrage","96","15.1647","Bank of India Investment Managers Private Limited","5000","0","Nilesh Jethani","0.5","Allowed","0"
HSBC Aggressive Hybrid Active FOF,"FoFs (Domestic) - Hybrid","Growth","44.684799999999996","0.24","CRISIL Hybrid 35+65 - Aggressive Index","146","43.0628","HSBC Global Asset Management (India) Private Limited","5000","0","Gautam Bhupal","1","Allowed","1000"
LIC MF Gilt Fund,"Gilt - Short & Mid Term Fund","Growth","44.5963","0.68","Nifty All Duration G-Sec Index","161","64.6132","LIC Mutual Fund Asset Management Limited","10000","0","Pratik Shroff,Rahul Singh","0.25","Allowed","0"
Tata BSE Multicap Consumption 50:30:20 Index Fund,"Index Fund","Growth","44.2944304886","0.26","BSE Multicap Consumption 50:30:20 Index - TRI","6","9.2243","Tata Asset Management Private Limited","5000","0","Nitin Sharma,Rakesh Prajapati","0.25","Allowed","0"
Zerodha Nifty 50 Index Fund,"Index Fund","Growth","44.281000000000006","0.11","NIFTY 50 - TRI","8","9.4051","Zerodha Asset Management Private Limited","100","0","Kedarnath Mirajkar","0","Allowed","100"
Kotak Nifty Smallcap 250 Index Fund,"Index Fund","Growth","43.6271","0.15","Nifty Smallcap 250 - TRI","17","10.827","Kotak Mahindra Asset Management Company Limited","100","0","Satish Dondapati,Abhishek Bisen,Jeetu Valechha Sonar","0","Allowed","0"
Bank of India Overnight Fund,"Overnight Fund","Growth","42.82020000000001","0.08","CRISIL Liquid Overnight Index","77","1379.7038","Bank of India Investment Managers Private Limited","5000","0","Mithraem Bharucha","0","Not allowed","0"
Edelweiss Nifty LargeMidcap250 Plus 8-13 yr G-Sec 70:30 Index Fund,"Equity Savings","Growth","42.458","0.76","Nifty LargeMidcap250 Plus 8-13 yr G-Sec 70:30 Index - TRI","2","10.539","Edelweiss Asset Management Limited","100","0","Bhavesh Jain,Bharat Lahoti,Dhawal Dalal,Hetul Raval","0","Allowed","0"
Mahindra Manulife Asia Pacific REITs FOF,"FoFs (Overseas)","Growth","42.2142","0.41","FTSE EPRA Nareit Asia ex Japan REITs Index","56","11.3859","Mahindra Manulife Investment Management Private Limited","0","0","Krishna Sanghavi,Amit Garg","1","Not allowed","0"
Shriram ELSS Tax Saver Fund,"Equity Linked Savings Scheme (ELSS)","Growth","42.1304","1.56","NIFTY 500 - TRI","89","22.8037","Shriram Asset Management Company Limited","500","3","Deepak Ramaraju,Prateek Nigudkar","0","Allowed","500"
Groww Nifty Non-Cyclical Consumer Index Fund,"Index Fund","Growth","41.988781755","0.61","Nifty Non-Cyclical Consumer - TRI","25","10.0086","Groww Asset Management Limited","500","0","Aakash Chauhan,Nikhil Satam,Shashi Kumar","1","Allowed","500"
Bandhan Nifty Total Market Index Fund,"Index Fund","Growth","41.9645","0.34","Nifty Total Market - TRI","23","9.8878","Bandhan AMC Limited","1000","0","Abhishek Jain,Mayuresh Nagvekar","0.25","Allowed","100"
Mirae Asset Banking and PSU Fund,"Banking & PSU Fund","Growth","41.66310000000001","0.3","CRISIL Banking and PSU Debt Index","71","13.6785","Mirae Asset Investment Managers (India) Private Limited","5000","0","Kruti Chheta","0","Allowed","99"
Aditya Birla SL Aggressive Hybrid Omni FOF,"FoFs (Domestic) - Hybrid","Growth","40.999300000000005","0.47","CRISIL Hybrid 35+65 - Aggressive Index","161","45.1916","Aditya Birla Sun Life AMC Limited","100","0","Vinod Narayan Bhat","1","Allowed","0"
PGIM India Overnight Fund,"Overnight Fund","Growth","40.8329","0.21","Nifty 1D Rate Index","82","1398.1023","PGIM India Asset Management Private Limited","5000","0","Sandeep Devan,Puneet Pal","0","Allowed","1000"
Nippon India Nifty Auto Index Fund,"Index Fund","Growth","40.8163","0.4","NIFTY AUTO - TRI","18","11.0355","Nippon Life India Asset Management Limited","1000","0","Jitendra Tolani","0","Allowed","0"
Groww Arbitrage Fund,"Arbitrage Fund","Growth","40.7688815","0.23","Nifty 50 Arbitrage - TRI","2","10.0317","Groww Asset Management Limited","500","0","Paras Matalia,Shashi Kumar,Wilfred Gonsalves","0.25","Allowed","0"
Aditya Birla SL Nifty SDL Sep 2027 Index Fund,"Index Funds - Debt Oriented","Growth","40.2703","0.16","Nifty SDL Sep 2027 Index","39","12.7018","Aditya Birla Sun Life AMC Limited","500","0","Harshil Suvarnkar","0","Allowed","500"
SBI FMP-54-1842D,"Fixed Maturity Plans","Growth","40.1301","0","CRISIL Medium to Long Term Debt Index","55","13.1558","SBI Funds Management Limited","0","0","Ranjana Gupta","0","Not allowed","0"
Arudha Equity Long-Short Fund,"Large Cap Fund","Growth","39.302972603","0.78","NIFTY 500 - TRI","3","10.134","Bandhan AMC Limited - SIF","1000000","0","Nilesh Saha,Brijesh Shah","0.5","Allowed","0"
Axis US Specific Treasury Dynamic Debt Passive FoF,"FoFs (Overseas)","Growth","39.064699999999995","0.09","Bloomberg US Intermediate Treasury - TRI","30","12.3624","Axis Asset Management Company Ltd.","0","0","Krishnaa N","0.25","Not allowed","0"
The Wealth Company Small Cap Fund,"Small Cap Fund","Growth","38.804932976","0.35","Nifty Smallcap 250 - TRI","3","10.7256","Wealth Company Asset Management Holdings Pvt. Ltd.","10000","0","Aparna Shanker","1","Allowed","0"
Bajaj Finserv Nifty 50 Index Fund,"Index Fund","Growth","38.150898000000005","0.25","NIFTY 50 - TRI","13","9.611","Bajaj Finserv Asset Management Limited","5000","0","Ilesh Savla","0","Allowed","500"
Mirae Asset Nifty LargeMidcap 250 Index Fund,"Index Fund","Growth","37.992","0.26","NIFTY LargeMidcap 250 - TRI","20","10.296","Mirae Asset Investment Managers (India) Private Limited","5000","0","Ekta Gala,Ritesh Patel","0","Allowed","0"
ITI Banking & PSU Debt Fund,"Banking & PSU Fund","Growth","37.736999999999995","0.22","CRISIL Banking and PSU Debt Index","68","13.9304","ITI Asset Management Limited","5000","0","Laukik Bagwe","0","Allowed","500"
The Wealth Company Ethical Fund,"Thematic Fund","Growth","37.574340283","0.61","Nifty500 Shariah - TRI","8","9.5798","Wealth Company Asset Management Holdings Pvt. Ltd.","1000","0","Aparna Shanker,Saloni Kapadia","1","Allowed","0"
ICICI Pru LT Wealth Enhancement Fund,"Equity Linked Savings Scheme (ELSS)","Growth","37.5215653511","0.78","NIFTY 500 - TRI","99","28.54","ICICI Prudential Asset Management Company Limited","0","3","Rajat Chandak","0","Not allowed","0"
Groww Dynamic Term Fund,"Dynamic Bond Fund","Growth","37.519849368","0.55","CRISIL Dynamic Bond Index","90","1545.4616","Groww Asset Management Limited","500","0","Kaustubh Sule","0","Allowed","0"
Motilal Oswal Developed Market Ex US ETFs Overseas Equity Passive FOF,"FoFs (Overseas)","Growth","37.333836575999996","0.04","S&P Developed Ex-U.S. BMI Total Return Index","33","18.4259","Motilal Oswal Asset Management Company Limited","0","0","Swapnil P Mayekar,Rakesh Shetty","1","Not allowed","0"
Axis CRISIL-IBX AAA Bond NBFC-HFC - Jun 2027 Index Fund,"Index Funds - Debt Oriented","Growth","37.234","0.15","CRISIL-IBX AAA NBFC-HFC Index - Jun 2027","18","11.0546","Axis Asset Management Company Ltd.","5000","0","Aditya Pagaria","0","Allowed","0"
Kotak Nifty Top 10 Equal Weight Index Fund,"Index Fund","Growth","37.1069","0.2","Nifty Top 10 Equal Weight - TRI","14","9.019","Kotak Mahindra Asset Management Company Limited","100","0","Satish Dondapati,Abhishek Bisen,Jeetu Valechha Sonar","0","Allowed","100"
SBI FMP-6-3668D,"Fixed Maturity Plans","Growth","36.8951","0","CRISIL Long Duration Debt Index","85","16.8618","SBI Funds Management Limited","0","0","Ranjana Gupta","0","Not allowed","0"
ICICI Pru Nifty EV & New Age Automotive ETF FOF,"FoFs (Domestic) - Equity Oriented","Growth","36.8575285623","0.29","Nifty EV and New Age Automotive - TRI","14","11.2948","ICICI Prudential Asset Management Company Limited","1000","0","Nishit Patel,Ashwini Shinde,Venus Ahuja","0","Allowed","1000"
Kotak Multi Factor Passive FOF,"FoFs (Domestic) - Equity Oriented","Growth","36.7568","0.44","NIFTY 500 - TRI","3","10.831","Kotak Mahindra Asset Management Company Limited","100","0","Rohit Tandon,Abhishek Bisen","0","Allowed","100"
Baroda BNP Paribas Aqua FoF,"FoFs (Overseas)","Growth","36.7141","0.51","MSCI World","61","16.1052","Baroda BNP Paribas Asset Management India Pvt. Ltd.","5000","0","Swapna Shelar,Stuti Singhee","1","Allowed","1500"
Sundaram LT Micro Cap Tax Adv Fund-Sr VI,"Equity Linked Savings Scheme (ELSS)","Growth","36.597471","0.92","Nifty Smallcap 100","105","28.8484","Sundaram Asset Management Company Limited","0","3","Rohit Seksaria","0","Not allowed","0"
Axis Multi Factor Passive FoF,"FoFs (Domestic) - Equity Oriented","Growth","36.5877","0.08","NIFTY 500 - TRI","52","15.5376","Axis Asset Management Company Ltd.","5000","0","Nandik Mallik,Rohit Gautam","1","Allowed","0"
Motilal Oswal Nifty MidSmall IT and Telecom Index Fund,"Index Fund","Growth","36.5179","0.88","Nifty MidSmall IT & Telecom - TRI","19","8.9234","Motilal Oswal Asset Management Company Limited","500","0","Swapnil P Mayekar,Rakesh Shetty","1","Allowed","0"
UTI Medium Duration Fund,"Medium Duration Fund","Growth","36.2809","0.84","NIFTY Medium Duration Debt Index","135","20.2389","UTI Asset Management Company Private Limited","500","0","Abhishek Sonthalia","1","Allowed","0"
Aditya Birla SL BSE India Infrastructure Index Fund,"Index Fund","Growth","36.1803","0.38","BSE India Infrastructure Index - TRI","18","9.5935","Aditya Birla Sun Life AMC Limited","500","0","Priya Sridhar","0.05","Allowed","0"
Kotak Nifty 100 Equal Weight Index Fund,"Index Fund","Growth","35.6489","0.2","Nifty100 Equal Weight - TRI","18","10.722","Kotak Mahindra Asset Management Company Limited","100","0","Satish Dondapati,Abhishek Bisen,Jeetu Valechha Sonar","0","Allowed","0"
Axis CRISIL IBX 50:50 Gilt Plus SDL Sep 2027 Index Fund,"Index Funds - Debt Oriented","Growth","35.5824","0.15","CRISIL IBX 50:50 Gilt Plus SDL Index - September 2027","40","12.6922","Axis Asset Management Company Ltd.","5000","0","Aditya Pagaria,Sachin Jain","0","Allowed","0"
Groww Money Market Fund,"Money Market Fund","Growth","35.560720937","0.29","CRISIL Money Market Index","7","10.2501","Groww Asset Management Limited","500","0","Kaustubh Sule","0","Allowed","0"
Quantum Nifty 50 ETF FoF,"FoFs (Domestic) - Equity Oriented","Growth","34.986826961687505","0.06","NIFTY 50 - TRI","46","14.0262","Quantum Asset Management Company Private Limited","500","0","Hitendra Parekh","0","Allowed","500"
Motilal Oswal Diversified Equity Flexicap Passive FoF,"FoFs (Domestic) - Equity Oriented","Growth","34.9454","0.16","NIFTY 500 - TRI","5","10.2421","Motilal Oswal Asset Management Company Limited","500","0","Swapnil P Mayekar,Rakesh Shetty","1","Allowed","100"
HDFC FMP-Sr 46-1876D-Mar 2022,"Fixed Maturity Plans","Growth","34.8831","0","NIFTY Medium to Long Duration Debt Index","51","13.0708","HDFC Asset Management Company Limited","0","0","Anupam Joshi","0","Not allowed","0"
Groww Gilt Fund,"Gilt - Short & Mid Term Fund","Growth","34.790176798000005","0.59","CRISIL Dynamic Gilt Index","13","9.8314","Groww Asset Management Limited","500","0","Kaustubh Sule","0","Allowed","500"
Axis BSE India Sector Leaders Index Fund,"Index Fund","Growth","34.3244","0.23","BSE India Sector Leaders Index - TRI","4","9.3426","Axis Asset Management Company Ltd.","100","0","Nandik Mallik,Rohit Gautam","0.25","Allowed","12000"
Aditya Birla SL CRISIL IBX Gilt April 2033 Index Fund,"Index Funds - Debt Oriented","Growth","34.2472","0.18","CRISIL IBX Gilt Index - April 2033","30","11.8844","Aditya Birla Sun Life AMC Limited","1000","0","Bhupesh Bameta,Sanjay Godambe","0","Allowed","500"
Bajaj Finserv Equity Savings Fund,"Equity Savings","Growth","34.2361","0.28","NIFTY 50 Equity Savings Index - TRI","10","10.435","Bajaj Finserv Asset Management Limited","500","0","Sorbh Gupta,Ilesh Savla,Siddharth Chaudhary","0.25","Allowed","500"
LIC MF Equity Savings Fund,"Equity Savings","Growth","33.9138","1.28","NIFTY 50 Equity Savings Index","161","31.9407","LIC Mutual Fund Asset Management Limited","5000","0","Sumit Bhatnagar,Pratik Shroff","1","Allowed","0"
Sundaram LT Tax Adv Fund-Sr III,"Equity Linked Savings Scheme (ELSS)","Growth","33.899191","0.94","BSE 500","99","30.8066","Sundaram Asset Management Company Limited","0","3","Rohit Seksaria","0","Not allowed","0"
JioBlackRock Large Cap Fund,"Large Cap Fund","Growth","33.798955971","0.44","BSE 100 - TRI","2","9.7343","Jio BlackRock Asset Management Pvt. Ltd.","500","0","Tanvi Kacheria,Sahil Chaudhary","0","Allowed","500"
Angel One Nifty Total Market Momentum Quality 50 Index Fund,"Index Fund","Growth","33.623219412","0.34","Nifty Total Market Momentum Quality 50 - TRI","7","10.2154","Angel One Asset Management Company Ltd.","1000","0","Mehul Dama,Kewal Shah","0","Allowed","0"
Sundaram Medium Duration Fund,"Medium Duration Fund","Growth","33.55653182934","1.17","NIFTY Medium Duration Debt Index","161","79.0394","Sundaram Asset Management Company Limited","5000","0","Dwijendra Srivastava,Sandeep Agarwal","1","Allowed","250"
Kotak Nifty India Tourism Index Fund,"Index Fund","Growth","33.1841","0.29","Nifty India Tourism Index - TRI","21","7.808","Kotak Mahindra Asset Management Company Limited","100","0","Satish Dondapati,Abhishek Bisen","0","Allowed","100"
Samco Arbitrage Fund,"Arbitrage Fund","Growth","33.0039","0.39","Nifty 50 Arbitrage - TRI","19","10.8","Samco Asset Management Pvt. Ltd.","5000","0","Umeshkumar Mehta,Nirali Bhansali,Dhawal Ghanshyam Dhanani,Komal Grover","0.25","Allowed","0"
Nippon India Nifty 500 Low Volatility 50 Index Fund,"Index Fund","Growth","32.9023","0.35","Nifty500 Low Volatility 50 - TRI","13","10.6406","Nippon Life India Asset Management Limited","1000","0","Jitendra Tolani","0","Allowed","1500"
UTI Nifty SDL Plus AAA PSU Bond Apr 2028 75:25 Index Fund,"Index Funds - Debt Oriented","Growth","32.869099999999996","0.21","Nifty SDL Plus AAA PSU Bond Apr 2028 75:25 Index","39","12.6516","UTI Asset Management Company Private Limited","5000","0","Jaydeep Bhowal","0","Allowed","0"
Nippon India Nifty India Manufacturing Index Fund,"Index Fund","Growth","32.6653","0.25","Nifty India Manufacturing - TRI","10","10.9321","Nippon Life India Asset Management Limited","1000","0","Himanshu Mange","0","Allowed","100"
Bandhan Nifty 500 Momentum 50 Index Fund,"Index Fund","Growth","32.5765","0.31","Nifty500 Momentum 50 - TRI","20","8.8115","Bandhan AMC Limited","1000","0","Abhishek Jain,Mayuresh Nagvekar","0.25","Allowed","100"
Bandhan Nifty 500 Value 50 Index Fund,"Index Fund","Growth","32.4092","0.31","NIFTY500 Value 50 - TRI","20","11.6092","Bandhan AMC Limited","1000","0","Abhishek Jain,Mayuresh Nagvekar","0.25","Allowed","0"
Kotak Nifty200 Value 30 Index Fund,"Index Fund","Growth","32.1907","0.21","Nifty200 Value 30 - TRI","4","9.877","Kotak Mahindra Asset Management Company Limited","100","0","Satish Dondapati,Abhishek Bisen,Jeetu Valechha Sonar","0","Allowed","100"
Bajaj Finserv Gilt Fund,"Gilt - Short & Mid Term Fund","Growth","32.0521","0.33","CRISIL Dynamic Gilt Index","17","1044.6442","Bajaj Finserv Asset Management Limited","5000","0","Siddharth Chaudhary,Nimesh Chandan,Sourish Chatterjee","0","Allowed","0"
Angel One Gold ETF FOF,"FoFs - Gold","Growth","31.772509694","0.18","Gold-India","9","14.2951","Angel One Asset Management Company Ltd.","500","0","Mehul Dama,Kewal Shah","0","Allowed","0"
Navi Nifty Smallcap250 Momentum Quality 100 Index Fund,"Index Fund","Growth","31.292680999999998","0.35","Nifty Smallcap250 Momentum Quality 100 - TRI","15","11.3072","Navi AMC Limited","100","0","Ashutosh Shirwaikar","0","Allowed","100"
Aditya Birla SL CRISIL-IBX AAA Financial Services Index-Sep 2027 Fund,"Index Funds - Debt Oriented","Growth","31.2137","0.12","CRISIL IBX AAA Financial Services Index - Sep 2027","19","11.1258","Aditya Birla Sun Life AMC Limited","1000","0","Harshil Suvarnkar,Vighnesh Gupta","0","Allowed","0"
Kotak Nifty Alpha 50 Index Fund,"Index Fund","Growth","30.913400000000003","0.35","Nifty Alpha 50 - TRI","10","10.107","Kotak Mahindra Asset Management Company Limited","100","0","Satish Dondapati,Abhishek Bisen,Jeetu Valechha Sonar","0","Allowed","100"
Edelweiss BSE Internet Economy Index Fund,"Index Fund","Growth","30.735300000000002","0.48","BSE Internet Economy - TRI","13","10.609","Edelweiss Asset Management Limited","100","0","Bhavesh Jain,Bharat Lahoti,Manasi Jalgaonkar","0.1","Allowed","100"
Kotak Nifty Midcap 150 Index Fund,"Index Fund","Growth","30.7211","0.15","Nifty Midcap 150 - TRI","15","11.525","Kotak Mahindra Asset Management Company Limited","100","0","Satish Dondapati,Abhishek Bisen,Jeetu Valechha Sonar","0","Allowed","100"
Motilal Oswal Nifty MidSmall Healthcare Index Fund,"Index Fund","Growth","30.593400000000003","0.65","Nifty MidSmall Healthcare - TRI","19","11.7863","Motilal Oswal Asset Management Company Limited","500","0","Swapnil P Mayekar,Rakesh Shetty","1","Allowed","100"
Sundaram LT Micro Cap Tax Adv Fund-Sr V,"Equity Linked Savings Scheme (ELSS)","Growth","30.563646","0.95","Nifty Smallcap 100","107","29.9512","Sundaram Asset Management Company Limited","0","3","Rohit Seksaria","0","Not allowed","0"
Sundaram LT Micro Cap Tax Adv Fund-Sr IV,"Equity Linked Savings Scheme (ELSS)","Growth","30.39799456659","1.06","Nifty Smallcap 100","111","30.5361","Sundaram Asset Management Company Limited","0","3","Rohit Seksaria","0","Not allowed","0"
Bandhan Nifty Midcap 150 Index Fund,"Index Fund","Growth","30.3209","0.14","Nifty Midcap 150 - TRI","21","10.2121","Bandhan AMC Limited","1000","0","Abhishek Jain,Mayuresh Nagvekar","0.25","Allowed","100"
ITI Dynamic Bond Fund,"Dynamic Bond Fund","Growth","30.2125","0.21","CRISIL Dynamic Bond Index","59","13.3456","ITI Asset Management Limited","5000","0","Laukik Bagwe","0","Allowed","500"
Bandhan Nifty Next 50 Index Fund,"Index Fund","Growth","30.0817","0.21","NIFTY NEXT 50 - TRI","16","12.2184","Bandhan AMC Limited","1000","0","Abhishek Jain,Mayuresh Nagvekar","0.25","Allowed","100"
Baroda BNP Paribas NIFTY SDL Dec 2028 Index Fund,"Index Funds - Debt Oriented","Growth","29.8414","0.17","Nifty SDL Dec 2028 Index","39","12.5937","Baroda BNP Paribas Asset Management India Pvt. Ltd.","5000","0","Gurvinder Singh Wasan,Vikram Pamnani","0","Allowed","500"
JM Medium to Long Duration Fund,"Medium to Long Duration Fund","Growth","29.813173238999997","0.78","CRISIL Medium to Long Term Debt Index","161","70.6188","JM Financial Asset Management Private Limited","1000","0","Killol Pandya,Ruchi Fozdar,Jayant Dhoot","0","Allowed","100"
JioBlackRock Nifty 8-13 yr G-Sec Index Fund,"Index Funds - Debt Oriented","Growth","29.556077924","0.09","Nifty 8-13 yr G-Sec","10","10.1244","Jio BlackRock Asset Management Pvt. Ltd.","500","0","Vikrant Mehta,Siddharth Deb,Arun Ramachandran","0","Allowed","500"
SBI FMP-59-1618D,"Fixed Maturity Plans","Growth","29.474800000000002","0","CRISIL Medium to Long Term Debt Index","53","12.9342","SBI Funds Management Limited","0","0","Ranjana Gupta","0","Not allowed","0"
SBI FMP-34-3682D,"Fixed Maturity Plans","Growth","29.149299999999997","0","CRISIL Long Duration Debt Index","73","14.5326","SBI Funds Management Limited","0","0","Ranjana Gupta","0","Not allowed","0"
Bandhan Nifty IT Index Fund,"Index Fund","Growth","28.947","0.31","NIFTY IT - TRI","34","9.8979","Bandhan AMC Limited","1000","0","Abhishek Jain,Mayuresh Nagvekar","0","Allowed","0"
Capitalmind Multi Asset Allocation Fund,"Multi Asset Allocation Fund","Growth","28.625100000000003","0.46","NIFTY Composite Debt Index","3","10.29","Capitalmind Asset Management Pvt. Ltd.","5000","0","Anoop Vijaykumar,Prateek Jain,Divyansh Agnani","1","Allowed","0"
Angel One Nifty 50 Index Fund,"Index Fund","Growth","28.603663551999997","0.2","NIFTY 50 - TRI","13","9.6891","Angel One Asset Management Company Ltd.","1000","0","Mehul Dama,Kewal Shah","0","Allowed","0"
Bank of India Midcap Tax Fund-Sr 2,"Equity Linked Savings Scheme (ELSS)","Growth","27.914299999999997","0","BSE 500 - TRI","92","33.9","Bank of India Investment Managers Private Limited","0","3","Nilesh Jethani","0","Not allowed","0"
Aditya Birla SL FTP-TJ-1838D,"Fixed Maturity Plans","Growth","27.3459","0","CRISIL Medium to Long Term Debt Index","59","13.4974","Aditya Birla Sun Life AMC Limited","0","0","Mohit Sharma","0","Not allowed","0"
HDFC Income Plus Arbitrage Omni FOF,"FoFs (Domestic) - Hybrid","Growth","27.090100000000003","0.06","Nifty 50 Arbitrage - TRI","3","10.088","HDFC Asset Management Company Limited","100","0","Bhavyesh Divecha,Praveen Jain","1","Allowed","100"
Mahindra Manulife Overnight Fund,"Overnight Fund","Growth","27.085","0.09","CRISIL Liquid Overnight Index","83","1403.7335","Mahindra Manulife Investment Management Private Limited","1000","0","Rahul Pal,Amit Garg","0","Not allowed","0"
Bandhan BSE India Sector Leaders Index Fund,"Index Fund","Growth","27.0717","0.24","BSE India Sector Leaders Index - TRI","9","9.4276","Bandhan AMC Limited","1000","0","Abhishek Jain,Mayuresh Nagvekar","0.25","Allowed","100"
Navi Nifty 500 Multicap 50:25:25 Index Fund,"Index Fund","Growth","26.661671000000002","0.35","Nifty500 Multicap 50:25:25 - TRI","22","9.7992","Navi AMC Limited","100","0","Ashutosh Shirwaikar","0","Allowed","0"
Motilal Oswal BSE Financials ex Bank 30 Index Fund,"Index Fund","Growth","26.6206","0.64","BSE Financials ex Bank 30 - TRI","47","17.2315","Motilal Oswal Asset Management Company Limited","500","0","Swapnil P Mayekar,Dishant Mehta,Rakesh Shetty","1","Allowed","500"
Aditya Birla SL Multi - Asset Passive FoF,"FoFs (Domestic) - Equity Oriented","Growth","26.6204","0.24","Nifty Short Duration Debt Index","44","17.15","Aditya Birla Sun Life AMC Limited","100","0","Vinod Narayan Bhat","0.5","Allowed","100"
Aditya Birla SL Retirement Fund-50,"Solution Oriented, Retirement Fund - Debt Oriented","Growth","26.3975","0.54","CRISIL Short Term Debt Hybrid 75+25 Index","87","16.3593","Aditya Birla Sun Life AMC Limited","1000","5","Harshil Suvarnkar,Mohit Sharma","0","Allowed","0"
ICICI Pru Nifty Top 15 Equal Weight Index Fund,"Index Fund","Growth","25.5552280707","0.3","Nifty Top 15 Equal Weight - TRI","12","9.1965","ICICI Prudential Asset Management Company Limited","1000","0","Nishit Patel,Ashwini Shinde,Venus Ahuja","0","Allowed","100"
Bajaj Finserv Nifty Next 50 Index Fund,"Index Fund","Growth","25.009301999999998","0.3","NIFTY NEXT 50 - TRI","13","11.0325","Bajaj Finserv Asset Management Limited","5000","0","Ilesh Savla","0","Allowed","500"
ICICI Pru Nifty200 Quality 30 Index Fund,"Index Fund","Growth","24.904324868099998","0.33","NIFTY200 Quality 30 - TRI","12","9.7535","ICICI Prudential Asset Management Company Limited","1000","0","Nishit Patel,Ashwini Shinde,Venus Ahuja","0","Allowed","1000"
Groww BSE Power ETF FoF,"FoFs (Domestic) - Equity Oriented","Growth","24.776119268000002","0.29","BSE Power Index - TRI","10","12.387","Groww Asset Management Limited","500","0","Aakash Chauhan,Nikhil Satam,Shashi Kumar","0","Allowed","0"
ICICI Pru Nifty Private Bank Index Fund,"Index Fund","Growth","24.757119194","0.3","Nifty Private Bank - TRI","11","9.3164","ICICI Prudential Asset Management Company Limited","1000","0","Nishit Patel,Ashwini Shinde,Venus Ahuja","0","Allowed","1000"
ITI Overnight Fund,"Overnight Fund","Growth","24.7077","0.13","CRISIL Liquid Overnight Index","80","1372.3073","ITI Asset Management Limited","5000","0","Laukik Bagwe","0","Allowed","500"
UTI Nifty India Manufacturing Index Fund,"Index Fund","Growth","24.6411","0.6","Nifty India Manufacturing - TRI","16","12.1838","UTI Asset Management Company Private Limited","1000","0","Sharwan Kumar Goyal,Ayush Jain","0","Allowed","0"
Edelweiss Gold ETF FoF,"FoFs - Gold","Growth","23.3414","0.11","Gold-India","3","9.7612","Edelweiss Asset Management Limited","100","0","Bhavesh Jain,Bharat Lahoti","0.1","Allowed","100"
Samco Overnight Fund,"Overnight Fund","Growth","22.7412","0.16","CRISIL Liquid Overnight Index","44","1238.2725","Samco Asset Management Pvt. Ltd.","5000","0","Dhawal Ghanshyam Dhanani,Umeshkumar Mehta,Nirali Bhansali,Komal Grover","0","Allowed","3000"
Sundaram LT Tax Adv Fund-Sr IV,"Equity Linked Savings Scheme (ELSS)","Growth","22.630892","0.98","BSE 500","96","35.436","Sundaram Asset Management Company Limited","0","3","Rohit Seksaria","0","Not allowed","0"
Groww Nifty 50 Index Fund,"Index Fund","Growth","22.439904716","0.45","NIFTY 50 - TRI","11","9.442","Groww Asset Management Limited","500","0","Aakash Chauhan,Nikhil Satam,Shashi Kumar","0","Allowed","500"
Navi Nifty IT Index Fund,"Index Fund","Growth","22.185253","0.35","NIFTY IT - TRI","27","8.6787","Navi AMC Limited","100","0","Ashutosh Shirwaikar","0","Allowed","0"
UTI Annual Interval Fund-I,"Debt - Interval Fund","Growth","21.8735","0","NIFTY Low Duration Debt Index","154","36.4144","UTI Asset Management Company Private Limited","0","0","Amit Sharma","0","Not allowed","0"
PGIM India CRISIL IBX Gilt Index - Apr 2028 Fund,"Index Funds - Debt Oriented","Growth","21.726999999999997","0.49","CRISIL IBX Gilt Index - April 2028","40","12.6701","PGIM India Asset Management Private Limited","5000","0","Puneet Pal,Sandeep Devan","0","Allowed","0"
Mirae Asset Income plus Arbitrage Active FOF,"FoFs (Domestic) - Hybrid","Growth","21.675500000000003","0.11","Nifty 50 Arbitrage - TRI","11","10.443","Mirae Asset Investment Managers (India) Private Limited","5000","0","Basant Bafna","0.25","Allowed","99"
Motilal Oswal Multi Factor Passive FoF,"FoFs (Domestic) - Equity Oriented","Growth","21.383000000000003","0.15","NIFTY 500 - TRI","3","10.3069","Motilal Oswal Asset Management Company Limited","500","0","Swapnil P Mayekar,Rakesh Shetty","1","Allowed","500"
UTI BSE Housing Index Fund,"Index Fund","Growth","21.307199999999998","0.58","BSE Housing - TRI","36","13.3787","UTI Asset Management Company Private Limited","1000","0","Sharwan Kumar Goyal,Ayush Jain","0","Allowed","0"
DSP BSE Sensex Next 30 Index Fund,"Index Fund","Growth","21.2566","0.34","BSE Sensex Next 30 - TRI","17","12.0882","DSP Investment Managers Private Limited","100","0","Anil Ghelani,Diipesh Shah,Neha Rathi","0","Allowed","0"
Kotak Nifty G-Sec July 2033 Index Fund,"Index Funds - Debt Oriented","Growth","20.953200000000002","0.14","Nifty G-Sec July 2033 Index","32","12.1329","Kotak Mahindra Asset Management Company Limited","100","0","Abhishek Bisen","0","Allowed","100"
Aditya Birla SL CRISIL IBX Gilt Apr 2028 Index Fund,"Index Funds - Debt Oriented","Growth","20.5872","0.44","CRISIL IBX Gilt Index - April 2028","39","12.4815","Aditya Birla Sun Life AMC Limited","500","0","Bhupesh Bameta,Sanjay Godambe","0","Allowed","0"
Bandhan Multi-Asset Passive FOF,"FoFs (Domestic) - Hybrid","Growth","20.3807","0.06","NIFTY 500 - TRI","161","44.6474","Bandhan AMC Limited","1000","0","Viraj Kulkarni","1","Allowed","0"
Kotak BSE Sensex Index Fund,"Index Fund","Growth","20.0979","0.14","BSE SENSEX - TRI","16","10.007","Kotak Mahindra Asset Management Company Limited","100","0","Satish Dondapati,Abhishek Bisen,Jeetu Valechha Sonar","0","Allowed","100"
Mirae Asset Multi Factor Passive FOF,"FoFs (Domestic) - Equity Oriented","Growth","20.0801","0.06","NIFTY 500 - TRI","10","10.62","Mirae Asset Investment Managers (India) Private Limited","5000","0","Ritesh Patel","0.05","Allowed","0"
Mirae Asset Long Duration Fund,"Long Duration Fund","Growth","19.909000000000002","0.13","CRISIL Long Duration Debt Index","18","10.207","Mirae Asset Investment Managers (India) Private Limited","5000","0","Kruti Chheta","0","Allowed","0"
Baroda BNP Paribas Nifty200 Momentum 30 Index Fund,"Index Fund","Growth","19.878","0.37","Nifty200 Momentum 30 - TRI","20","7.9712","Baroda BNP Paribas Asset Management India Pvt. Ltd.","1000","0","Neeraj Saxena,Meenakshi Gururaj","0.2","Allowed","500"
Navi BSE Sensex Index Fund,"Index Fund","Growth","19.652852","0.38","BSE SENSEX - TRI","33","11.6857","Navi AMC Limited","100","0","Ashutosh Shirwaikar","0","Allowed","0"
Motilal Oswal Nifty MidSmall India Consumption Index Fund,"Index Fund","Growth","19.5315","0.65","Nifty MidSmall India Consumption - TRI","19","9.3478","Motilal Oswal Asset Management Company Limited","500","0","Swapnil P Mayekar,Rakesh Shetty","1","Allowed","100"
Bandhan Nifty Bank Index Fund,"Index Fund","Growth","19.3092","0.19","NIFTY BANK - TRI","22","10.497","Bandhan AMC Limited","1000","0","Abhishek Jain,Mayuresh Nagvekar","0.25","Allowed","0"
Mirae Asset Nifty India New Age Consumption ETF FoF,"FoFs (Domestic) - Equity Oriented","Growth","19.1606","0.09","Nifty India New Age Consumption - TRI","17","8.932","Mirae Asset Investment Managers (India) Private Limited","5000","0","Ekta Gala,Vishal Singh","0.05","Allowed","0"
Sundaram Conservative Hybrid Fund,"Conservative Hybrid Fund","Growth","18.747246","1.13","CRISIL Hybrid 85+15 - Conservative Index","161","32.2251","Sundaram Asset Management Company Limited","5000","0","Dwijendra Srivastava,Sandeep Agarwal,S. Bharath","0","Allowed","750"
Mahindra Manulife Income Plus Arbitrage Active FOF,"FoFs (Domestic) - Hybrid","Growth","18.5983","0.12","Nifty 50 Arbitrage - TRI","6","10.2075","Mahindra Manulife Investment Management Private Limited","1000","0","Amit Garg,Rahul Pal,Mitul Doshi","0","Allowed","1500"
DSP Nifty Healthcare Index Fund,"Index Fund","Growth","18.5869","0.21","Nifty Healthcare Index - TRI","12","11.2522","DSP Investment Managers Private Limited","100","0","Anil Ghelani,Diipesh Shah,Neha Rathi","0","Allowed","0"
Bandhan BSE Healthcare Index Fund,"Index Fund","Growth","18.0875","0.19","BSE Health Care - TRI","21","10.9891","Bandhan AMC Limited","1000","0","Abhishek Jain,Mayuresh Nagvekar","0.25","Allowed","100"
Bandhan Aggressive Hybrid Passive FOF,"FoFs (Domestic) - Hybrid","Growth","17.8855","0.08","CRISIL Hybrid 35+65 - Aggressive Index","161","52.4272","Bandhan AMC Limited","1000","0","Viraj Kulkarni","1","Allowed","100"
Capitalmind Arbitrage Fund,"Arbitrage Fund","Growth","17.5479","0.16","Nifty 50 Arbitrage - TRI","3","10.1192","Capitalmind Asset Management Pvt. Ltd.","5000","0","Anoop Vijaykumar,Prateek Jain","0.25","Allowed","1000"
Choice Nifty 50 Index Fund,"Index Fund","Growth","17.511300000000002","0.15","NIFTY 50 - TRI","2","10.1878","Choice AMC Pvt. Ltd.","1000","0","Rochan Pattnayak","0","Allowed","1000"
Kotak Nifty500 Momentum 50 Index Fund,"Index Fund","Growth","16.9161","0.19","Nifty500 Momentum 50 - TRI","6","9.95","Kotak Mahindra Asset Management Company Limited","100","0","Satish Dondapati,Abhishek Bisen,Jeetu Valechha Sonar","0","Allowed","0"
Aditya Birla SL Conservative Hybrid Active FOF,"FoFs (Domestic) - Hybrid","Growth","16.6909","0.4","CRISIL Hybrid 85+15 - Conservative Index","161","36.8464","Aditya Birla Sun Life AMC Limited","100","0","Vinod Narayan Bhat","1","Allowed","100"
Groww BSE Hospitals ETF FOF,"FoFs (Domestic) - Equity Oriented","Growth","16.426750225","0.21","BSE Hospitals Index - TRI","3","10.763","Groww Asset Management Limited","500","0","Nikhil Satam,Aakash Chauhan,Shashi Kumar","0","Allowed","0"
Franklin India Long Duration Fund,"Long Duration Fund","Growth","15.788545162","0.3","CRISIL Long Duration Debt Index","18","10.5845","Franklin Templeton Asset Management (India) Private Limited","5000","0","Anuj Tagra,Chandni Gupta","0","Allowed","0"
Zerodha BSE SENSEX Index Fund,"Index Fund","Growth","15.5336","0.15","BSE SENSEX - TRI","7","9.0386","Zerodha Asset Management Private Limited","100","0","Kedarnath Mirajkar","0","Not allowed","0"
Zerodha Nifty LargeMidcap250 Plus 8-13 yr G-Sec 70:30 Index Fund,"Index Funds - Debt Oriented","Growth","15.011099999999999","0","Nifty LargeMidcap250 Plus 8-13 yr G-Sec 70:30 Index - TRI","2","9.9484","Zerodha Asset Management Private Limited","100","0","Kedarnath Mirajkar","0","Allowed","100"
Nippon India Inv-Qrtly-II,"Debt - Interval Fund","Growth","14.6546","0","CRISIL Liquid Debt Index","154","38.4333","Nippon Life India Asset Management Limited","0","0","Vikash Agarwal","0","Not allowed","0"
TRUSTMF Overnight Fund,"Overnight Fund","Growth","14.295499999999999","0.06","CRISIL Liquid Overnight Index","53","1282.3106","Trust Asset Management Private Limited","1000","0","Jalpan Shah,Shradhanjali Panda","0","Allowed","0"
Aditya Birla SL Retirement Fund-50 Plus-Debt Plan,"Solution Oriented, Retirement Fund - Debt Oriented","Growth","14.093599999999999","0.78","CRISIL Short Term Bond Index","87","14.6795","Aditya Birla Sun Life AMC Limited","1000","5","Harshil Suvarnkar","0","Allowed","0"
Zerodha Nifty Short Duration G-Sec Index Fund,"Index Funds - Debt Oriented","Growth","14.055399999999999","0.18","Nifty Short Duration G-Sec Index - TRI","5","1007.3754","Zerodha Asset Management Private Limited","100","0","Kedarnath Mirajkar","0","Allowed","100"
Groww Nifty Capital Markets ETF FOF,"FoFs (Domestic) - Equity Oriented","Growth","14.017463716","0.18","Nifty Capital Markets Index - TRI","6","11.9921","Groww Asset Management Limited","500","0","Aakash Chauhan,Nikhil Satam,Shashi Kumar","0","Allowed","500"
Kotak Nifty 200 Quality 30 Index Fund,"Index Fund","Growth","13.9978","0.22","NIFTY200 Quality 30 - TRI","11","9.774","Kotak Mahindra Asset Management Company Limited","100","0","Abhishek Bisen,Jeetu Valechha Sonar","0","Allowed","100"
Groww Nifty Midcap 150 Index Fund,"Index Fund","Growth","13.823985465","0.46","Nifty Midcap 150 - TRI","7","10.0506","Groww Asset Management Limited","500","0","Aakash Chauhan,Nikhil Satam,Shashi Kumar","0","Allowed","0"
The Wealth Company Gold ETF FOF,"FoFs - Gold","Growth","13.730632866","0.19","Gold-India","5","9.9667","Wealth Company Asset Management Holdings Pvt. Ltd.","5000","0","Niranjan Das","0","Allowed","0"
LIC MF Children’s Fund,"Solution Oriented - Children's Fund","Growth","13.5909","1.51","CRISIL Hybrid 35+65 - Aggressive Index","161","35.794","LIC Mutual Fund Asset Management Limited","5000","0","Mahesh Bendre,Pratik Shroff","0","Allowed","1000"
Kotak BSE Housing Index Fund,"Index Fund","Growth","13.2947","0.22","BSE Housing - TRI","34","12.462","Kotak Mahindra Asset Management Company Limited","100","0","Satish Dondapati,Abhishek Bisen,Jeetu Valechha Sonar","0","Allowed","100"
DSP Nifty 500 Index Fund,"Index Fund","Growth","13.2278","0.17","NIFTY 500 - TRI","5","9.3868","DSP Investment Managers Private Limited","100","0","Anil Ghelani,Diipesh Shah,Neha Rathi","0","Allowed","0"
DSP Nifty Midcap 150 Index Fund,"Index Fund","Growth","13.0023","0.21","Nifty Midcap 150 - TRI","6","10.243","DSP Investment Managers Private Limited","100","0","Anil Ghelani,Diipesh Shah,Neha Rathi","0","Allowed","0"
Aditya Birla SL CRISIL IBX Gilt June 2027 Index Fund,"Index Funds - Debt Oriented","Growth","12.3049","0.27","CRISIL IBX Gilt Index - June 2027","24","11.4872","Aditya Birla Sun Life AMC Limited","1000","0","Bhupesh Bameta,Sanjay Godambe","0","Allowed","0"
Groww Nifty India Internet ETF FOF,"FoFs (Domestic) - Equity Oriented","Growth","12.15687458","0.29","Nifty India Internet & E-Commerce - TRI","11","9.0393","Groww Asset Management Limited","500","0","Aakash Chauhan,Nikhil Satam,Shashi Kumar","0","Allowed","0"
Groww Nifty PSE ETF FOF,"FoFs (Domestic) - Equity Oriented","Growth","12.08279014","0.24","NIFTY PSE - TRI","4","10.019","Groww Asset Management Limited","500","0","Nikhil Satam,Aakash Chauhan,Shashi Kumar","0","Allowed","100"
Choice Nifty Next 50 Index Fund,"Index Fund","Growth","11.5133","0.5","NIFTY NEXT 50 - TRI","2","10.7862","Choice AMC Pvt. Ltd.","1000","0","Rochan Pattnayak","0","Allowed","250"
Taurus Banking & Fin Serv Fund,"Sectoral Fund - Banks & Financial Services","Growth","11.421","1.43","BSE BANKEX - TRI","161","57.83","Taurus Asset Management Company Limited","500","0","Anuj Kapil","1","Allowed","1500"
Axis CRISIL-IBX AAA Bond Financial Services - Sep 2027 Index Fund,"Index Funds - Debt Oriented","Growth","10.969801","0.15","CRISIL IBX AAA Financial Services Index - Sep 2027","19","11.0883","Axis Asset Management Company Ltd.","5000","0","Aditya Pagaria","0","Allowed","0"
Mirae Asset Silver ETF FOF,"FoFs (Domestic) - Silver","Growth","10.4541","0.08","Silver","3","11.768","Mirae Asset Investment Managers (India) Private Limited","5000","0","Ritesh Patel,Akshay Udeshi","0.05","Allowed","0"
DSP Nifty Smallcap 250 Index Fund,"Index Fund","Growth","10.356","0.22","Nifty Smallcap 250 - TRI","6","10.2397","DSP Investment Managers Private Limited","100","0","Anil Ghelani,Diipesh Shah,Neha Rathi","0","Allowed","100"
Bandhan Nifty 200 Quality 30 Index Fund,"Index Fund","Growth","10.1455","0.31","NIFTY200 Quality 30 - TRI","18","9.5278","Bandhan AMC Limited","1000","0","Abhishek Jain,Mayuresh Nagvekar","0.25","Allowed","0"
Angel One Silver ETF FOF,"FoFs (Domestic) - Silver","Growth","10.036792341","0.18","Silver","3","9.1411","Angel One Asset Management Company Ltd.","500","0","Mehul Dama,Kewal Shah","0","Allowed","0"
Baroda BNP Paribas NIFTY Midcap 150 Index Fund,"Index Fund","Growth","9.697000000000001","0.33","Nifty Midcap 150 - TRI","19","10.8111","Baroda BNP Paribas Asset Management India Pvt. Ltd.","1000","0","Neeraj Saxena,Meenakshi Gururaj","0.2","Allowed","500"
Bandhan Nifty Alpha Low Volatility 30 Index Fund,"Index Fund","Growth","9.273200000000001","0.24","NIFTY Alpha Low-Volatility 30 - TRI","17","9.8129","Bandhan AMC Limited","1000","0","Abhishek Jain,Mayuresh Nagvekar","0.25","Allowed","0"
Navi Nifty MidSmallcap 400 Index Fund,"Index Fund","Growth","9.123306","0.15","Nifty MidSmallcap 400 - TRI","6","10.3007","Navi AMC Limited","100","0","Ashutosh Shirwaikar","0","Allowed","100"
Taurus Infrastructure Fund,"Sectoral Fund - Infrastructure","Growth","9.008","1.59","Nifty Infrastructure - TRI","161","69.96","Taurus Asset Management Company Limited","500","0","Anuj Kapil","1","Allowed","1000"
Groww Nifty Next 50 Index Fund,"Index Fund","Growth","8.698729686","0.55","NIFTY NEXT 50 - TRI","10","10.255","Groww Asset Management Limited","500","0","Aakash Chauhan,Nikhil Satam,Shashi Kumar","0","Allowed","0"
Zerodha Nifty MidSmallcap400 50:50 Index Fund,"Index Fund","Growth","7.8903","0","Nifty MidSmallcap400 50:50 Index - TRI","2","10.7174","Zerodha Asset Management Private Limited","100","0","Kedarnath Mirajkar","0","Allowed","100"
Groww Nifty 500 Momentum 50 ETF FOF,"FoFs (Domestic) - Equity Oriented","Growth","7.776974805999999","0.16","Nifty500 Momentum 50 - TRI","14","10.4999","Groww Asset Management Limited","500","0","Aakash Chauhan,Nikhil Satam,Shashi Kumar","1","Allowed","0"
Mirae Asset BSE Select IPO ETF FoF,"FoFs (Domestic) - Equity Oriented","Growth","7.5706","0.09","BSE Select IPO Index - TRI","15","10.59","Mirae Asset Investment Managers (India) Private Limited","5000","0","Ekta Gala,Vishal Singh","0.05","Allowed","99"
Groww Nifty PSU Bank Index Fund,"Index Fund","Growth","6.868433594000001","0.91","NIFTY PSU BANK - TRI","3","9.5865","Groww Asset Management Limited","500","0","Nikhil Satam,Aakash Chauhan,Shashi Kumar","0","Allowed","100"
Groww Nifty 200 ETF FOF,"FoFs (Domestic) - Equity Oriented","Growth","6.670452689999999","0.16","NIFTY 200 - TRI","16","11.4014","Groww Asset Management Limited","500","0","Aakash Chauhan,Nikhil Satam,Shashi Kumar","1","Allowed","0"
Mirae Asset BSE 200 Equal Weight ETF FoF,"FoFs (Domestic) - Equity Oriented","Growth","6.4666999999999994","0.09","BSE 200 Equal Weight - TRI","15","11.389","Mirae Asset Investment Managers (India) Private Limited","5000","0","Ekta Gala,Akshay Udeshi","0.05","Allowed","0"
Taurus Nifty 50 Index Fund,"Index Fund","Growth","6.4283","0.66","NIFTY 50 - TRI","161","47.8585","Taurus Asset Management Company Limited","500","0","Anuj Kapil","1","Allowed","0"
Bandhan Conservative Hybrid Passive FOF,"FoFs (Domestic) - Hybrid","Growth","5.619400000000001","0.06","CRISIL Hybrid 85+15 - Conservative Index","161","36.6459","Bandhan AMC Limited","1000","0","Viraj Kulkarni","1","Allowed","100"
Bandhan CRISIL-IBX 10:90 Gilt+SDL Index - Dec 2029 Fund,"Index Funds - Debt Oriented","Growth","0.38380000000000003","0.04","CRISIL-IBX 10:90 Gilt + SDL Index - Dec 2029","15","10.7609","Bandhan AMC Limited","1000","0","Brijesh Shah","0","Allowed","0"
Apex Hybrid Long-Short Fund,"Balanced Hybrid Fund","Growth","0","0","NIFTY 50 Hybrid Composite Debt 50:50 Index","3","10.1","Aditya Birla Sun Life AMC Ltd. - SIF","1000000","0","Lovelish Solanki,Mohit Sharma","0.5","Allowed","0"
Qsif Active Asset Allocator Long-Short Fund,"Multi Asset Allocation Fund","Growth","0","0","MCX iCOMDEX Composite Index","2","10.1014","Quant Money Managers Limited - SIF","1000000","0","Sandeep Tandon,Jignesh Shah,Ankit Pande,Sameer Kate","1","Not allowed","0"
Sapphire Equity Long-Short SIF,"Large Cap Fund","Growth","0","0","NIFTY 500 - TRI","2","991.9472","Franklin Templeton Asset Management (India) Pvt. Ltd. - SIF","1000000","0","Arihant Jain","1","Allowed","0"
WSIF Equity Long-Short Fund,"Large Cap Fund","Growth","0","0","NIFTY 500 - TRI","1","9.8648","Wealth Company Asset Management Holdings Pvt. Ltd. - SIF","1000000","0","Chinmay Sathe","0","Not allowed","0"
WSIF Equity Ex-Top 100 Long-Short Fund,"Mid Cap Fund","Growth","0","0","NIFTY 500 - TRI","1","9.8549","Wealth Company Asset Management Holdings Pvt. Ltd. - SIF","1000000","0","Chinmay Sathe","0","Not allowed","1000"
Invesco India BSE Sensex Index Fund,"Index Fund","Growth","0","0","BSE SENSEX - TRI","1","9.8359","Invesco Asset Management Company Pvt Ltd.","100","0","Abhisek Bahinipati","0","Allowed","100"
Invesco India Nifty Bank Index Fund,"Index Fund","Growth","0","0","NIFTY BANK - TRI","1","9.8609","Invesco Asset Management Company Pvt Ltd.","100","0","Abhisek Bahinipati","0","Allowed","0"
Qsif Sector Rotation Long-Short Fund,"Thematic Fund","Growth","0","0","NIFTY 500 - TRI","1","10.012","Quant Money Managers Limited - SIF","1000000","0","Sandeep Tandon,Jignesh Shah,Ankit Pande,Sameer Kate","1","Allowed","0"