Name,"Sub Category","Plan","AUM","Alpha","CAGR 10Y","3Y Avg Annual Rolling Return ","CAGR 5Y","CAGR 3Y","Absolute Returns - 3M","Absolute Returns - 1Y","Absolute Returns - 6M"
Parag Parikh Flexi Cap Fund,"Flexi Cap Fund","Growth","128966.4832","-0.16","18.21077477444659","22.455343491516775","16.298563455895334","16.93507482490051","-2.306792539322661","1.2295461260990024","-3.846512317566579"
HDFC Balanced Advantage Fund,"Balanced Advantage Fund","Growth","105377.6508","0.58","15.748568981024258","20.281611857066817","16.173764183242056","15.294185963863981","-4.5478211068881205","-0.2160755883569603","-5.345357231979221"
HDFC Mid Cap Fund,"Mid Cap Fund","Growth","94744.7175","0.51","19.112253238714505","28.714601870802802","21.300783497776465","23.83106630713221","-1.6576976966257055","8.156214574203398","-2.3301676497569277"
HDFC Flexi Cap Fund,"Flexi Cap Fund","Growth","91334.9081","0.32","17.354715499443564","24.076626788761168","18.857222024959498","18.81994806946834","-6.757558236309328","0.4341657595989827","-6.93854978184649"
ICICI Pru Multi-Asset Fund,"Multi Asset Allocation Fund","Growth","83547.3520274154","2.96","16.945531121833767","20.849426185908964","18.6795827912575","18.064280065058668","-2.7910548670833246","8.263157559377984","-0.7692129721143109"
SBI Equity Hybrid Fund,"Aggressive Hybrid Fund","Growth","83353.4758","1.8499999999999999","13.229132426120316","15.929205488905287","12.220856658385614","14.587489366034955","-0.29791442286348724","5.129519786343274","-1.7684985597372653"
ICICI Pru Large Cap Fund,"Large Cap Fund","Growth","75650.4301701308","0.37","15.053810125123768","19.907311568738212","14.632758188045747","15.125532489766623","-6.775999999999999","-1.8115942028985554","-8.661232168051416"
SBI Liquid Fund,"Liquid Fund","Growth","74571.1212","-0.06","6.093246922935491","7.011355488850422","6.090910922696979","6.922053536118478","1.6202998076133377","6.21148484852408","3.1319913538868542"
HDFC Liquid Fund,"Liquid Fund","Growth","72872.5607","0.22","6.093213062620828","7.0366919449571","6.101292427975924","6.947714872722588","1.6144796044093384","6.239045412430812","3.1455264046359916"
Nippon India Small Cap Fund,"Small Cap Fund","Growth","72672.99160000001","2.33","22.096881875915365","26.357190531392813","22.1299877227338","20.93659512402528","5.62901589448765","6.240087338400632","1.2520175489505592"
Kotak Arbitrage Fund,"Arbitrage Fund","Growth","69951.2131","0.21","6.485656284179875","7.8903728803158435","6.796904540655402","7.649427438190215","1.452248840525864","6.606052210706579","3.1915023294480602"
ICICI Pru Balanced Advantage Fund,"Balanced Advantage Fund","Growth","66397.797033849","2.17","12.0876541804394","14.327029652603002","11.409598670746579","12.372895313225186","-2.552847406722876","4.6260697011038125","-2.3045744064852287"
ICICI Pru Value Fund,"Value Fund","Growth","59588.2980408276","-0.06","16.17068435769653","23.008130387794456","17.96270138939995","17.684520444391396","-6.275863348735362","0.16261774913237345","-7.597877789974392"
Kotak Midcap Fund,"Mid Cap Fund","Growth","55675.9831","1.5699999999999998","19.364511388391435","24.80684489441124","19.645975344062983","22.57892487629134","2.131013176974967","10.918627263016624","0.6868259937222353"
Kotak Flexicap Fund,"Flexi Cap Fund","Growth","54838.6325","1.0999999999999999","15.007593151810994","19.138491766706156","13.484275230577358","15.158846715130991","-5.816348056696829","1.362206341827308","-5.604889049977844"
ICICI Pru Liquid Fund,"Liquid Fund","Growth","54639.4076070732","0.18","6.142113138598138","7.054723020383906","6.106123235060168","6.957123123312647","1.6005586219867873","6.215675796048014","3.122813373006725"
Nippon India Multi Cap Fund,"Multi Cap Fund","Growth","52634.0393","1.2","17.005890788471657","25.40328865798228","21.37818225132053","19.837027646508055","-1.2151179515595776","3.7219362853140616","-2.9485148278963473"
Nippon India Large Cap Fund,"Large Cap Fund","Growth","51690.282300000006","1.92","15.98521287703285","21.603963807846917","17.048803203315433","15.766271360383532","-5.604446103088121","0.49228230040863447","-6.828673345031043"
Axis Liquid Fund,"Liquid Fund","Growth","51643.210500999994","-0.11","6.186128872315155","7.098566345230388","6.165899829372989","7.015841825377134","1.6395066343905882","6.313017600641736","3.1841068077526753"
ICICI Pru Equity & Debt Fund,"Aggressive Hybrid Fund","Growth","50367.7287578124","1.22","16.68564033579285","20.932926498892957","17.774819172354526","17.362315152557862","-3.2078868786228734","3.430233922244904","-3.7383993885795404"
SBI Large Cap Fund,"Large Cap Fund","Growth","48925.6946","1.49","13.153456843268518","16.15400190254763","12.308435435665576","11.988682157979014","-5.008734027658702","0.5207471320522217","-5.090644480467527"
SBI Contra Fund,"Contra Fund","Growth","47352.1726","-0.21","16.978174954377877","23.37311963959903","18.802347826176312","16.80015469359315","-5.2032212477311015","-0.8137872695830932","-6.101983479261525"
SBI Focused Fund,"Focused Fund","Growth","46041.951100000006","5.37","16.24914861549458","19.198268574123773","15.512565525695576","18.803798324108012","2.277997245214826","14.389058822846089","2.2477785929826304"
Nippon India Growth Mid Cap Fund,"Mid Cap Fund","Growth","45820.331900000005","1.63","19.957154961244527","28.70785362278795","22.65778451138121","25.842163555285236","1.7629518975628964","11.252315801887363","2.558523382572945"
Aditya Birla SL Liquid Fund,"Liquid Fund","Growth","43022.1784","-0.04","6.204033745901305","7.081103175669499","6.178481505720823","7.019739663016522","1.6222780275953934","6.299276483844417","3.164431862086673"
SBI Arbitrage Opportunities Fund,"Arbitrage Fund","Growth","42847.284100000004","0.19","6.277544717730876","7.850598700310966","6.724788490662337","7.5005116077929035","1.4418120142097801","6.604763963195217","3.1522453569158797"
Kotak Liquid Fund,"Liquid Fund","Growth","42388.801799999994","-0.06","6.102960804005453","7.828380864170821","6.111231889823099","6.9653784555899545","1.6136752654810962","6.235210361708719","3.1199995023300833"
SBI Balanced Advantage Fund,"Balanced Advantage Fund","Growth","38487.8691","0.88","0","15.506752178524676","0","12.500925368284467","-2.4901461529746407","3.5840295945321023","-1.7938647064475846"
SBI Large & Midcap Fund,"Large & Mid Cap Fund","Growth","38425.6375","1.11","16.054072146176424","20.234658587593554","16.390063439273895","16.733606348497986","-3.6394230006309662","6.057836557380742","-2.763050308003852"
Mirae Asset Large Cap Fund,"Large Cap Fund","Growth","38239.206","0.86","14.15025894042019","14.858133414677809","11.18246593862866","11.28573792723413","-6.097101994730911","-1.1401770913354714","-8.350450545002031"
Mirae Asset Large & Midcap Fund,"Large & Mid Cap Fund","Growth","38138.081600000005","1.51","18.175906500371795","19.197188480029293","14.019920461584977","16.809782931068405","-2.3515981735159683","5.897791423195021","-3.832533249390091"
HDFC Large Cap Fund,"Large Cap Fund","Growth","38121.2733","0.16999999999999998","14.004181619455158","17.843773120013644","13.422032729362531","12.476064538169695","-7.205911490257885","-2.814854375433517","-7.970510730843476"
Nippon India Liquid Fund,"Liquid Fund","Growth","37902.756499999996","-0.04","6.186610649736846","7.0787335645170915","6.143214246374495","6.991922976289344","1.6229548706426882","6.278492682446236","3.152839181359417"
Tata Money Market Fund,"Money Market Fund","Growth","37476.465182824104","0.74","6.031209616657596","7.827024183647252","6.580769854312796","7.442893639456938","1.2924417080406145","6.223156755978299","2.7653963839655638"
SBI Small Cap Fund,"Small Cap Fund","Growth","37140.7769","-0.01","18.902232854957333","17.86849513014547","14.846001067725334","13.388646265439231","1.9564199442817862","-0.15560416907690147","-3.165705461021713"
SBI Savings Fund,"Money Market Fund","Growth","36291.4092","0.63","6.8355422463602045","7.717428728692628","6.382983253358709","7.239522648121177","1.1862821545752409","6.008133043373971","2.6289787950952084"
ICICI Pru India Opp Fund,"Thematic Fund","Growth","36082.9508233983","1.1900000000000002","0","25.973100651509426","21.230447277615028","21.016201807287693","-5.018270401948832","2.767527675276764","-5.409995147986407"
Motilal Oswal Midcap Fund,"Mid Cap Fund","Growth","35734.975099999996","-4.91","17.889475567494273","30.22981882759456","23.916283138877283","21.164263965666706","0.8146542980265989","-5.475223597775526","-10.807855134888522"
HDFC Small Cap Fund,"Small Cap Fund","Growth","33724.283599999995","1.8900000000000001","18.81064298564239","24.4490800006613","18.462320081627826","15.923055069478199","-1.4332175375250191","0.8072203224881935","-6.645761058778498"
Kotak Money Market Fund,"Money Market Fund","Growth","33699.9326","0.7000000000000001","6.6354823298320875","7.626796188131177","6.422763485268823","7.287174839325439","1.254906573393696","6.108909385375517","2.722652243574074"
ICICI Pru Corp Bond Fund,"Corporate Bond Fund","Growth","32682.460154389","0.49","7.5068245002192","8.146976511192191","6.57354765526279","7.316998339323355","0.4545566532804364","4.607786543518703","1.4108503031245176"
ICICI Pru Equity-Arbitrage Fund,"Arbitrage Fund","Growth","32298.858054113203","0.16","6.3708382262314345","7.691640885670027","6.596347101744482","7.471002280834216","1.3788496364993235","6.531425923336163","3.1154781242369225"
Axis Midcap Fund,"Mid Cap Fund","Growth","32276.3203","4.63","18.490223282121843","22.448262933612337","16.73523663133207","20.09886435903092","2.929407323518327","9.256291072287235","1.0600444773906648"
ICICI Pru Money Market Fund,"Money Market Fund","Growth","31749.7191023403","0.69","6.687753984522415","7.652117974260484","6.4047031685454","7.281915069251954","1.1888999351718177","6.074950845355091","2.6814110928094976"
HDFC Corp Bond Fund,"Corporate Bond Fund","Growth","31610.591200000003","-0.05","7.413068331424522","8.025872492407178","6.076916290621681","6.85349933149817","-0.21999731923797947","2.810211636557971","0.3766715717024247"
Axis ELSS Tax Saver Fund,"Equity Linked Savings Scheme (ELSS)","Growth","31566.108799999998","-0.64","12.932309180755874","16.158423347292086","8.95718298184005","12.589802587523003","-4.4944958928048","-1.1582683236574676","-6.669283856548246"
UTI Liquid Fund,"Liquid Fund","Growth","31183.9245","-0.04","6.156815380841052","7.068019466855305","6.144152784708123","6.981692796182681","1.6307844546053452","6.283996637940327","3.1658935408131135"
SBI ELSS Tax Saver Fund,"Equity Linked Savings Scheme (ELSS)","Growth","31093.895800000002","0.2","15.591536677981722","27.310670854162417","18.18558049371557","20.256182961807113","-5.2882020356179575","-0.3936355322367093","-5.821188316692707"
Axis Large Cap Fund,"Large Cap Fund","Growth","30498.171299999998","-0.16","13.119064536832514","14.089995530512695","8.652395441409944","10.336522031703566","-7.052186177715091","-3.2731542639072213","-8.751038493492098"
Quant Small Cap Fund,"Small Cap Fund","Growth","30373.692400000004","2.32","20.061557046911837","27.536833404889773","21.644956936977987","21.306768233313633","9.507258323380542","5.634406504353436","1.022036886333524"
Kotak Large & Midcap Fund,"Large & Mid Cap Fund","Growth","30251.049300000002","0.8699999999999999","16.923710056920328","22.091998836660675","16.29104389979741","17.655394684565895","-5.4802661420799","3.797704382663269","-4.5740621923564815"
Aditya Birla SL Money Manager Fund,"Money Market Fund","Growth","30074.137799999997","0.7000000000000001","6.822373961538131","7.684037198556934","6.468301448033631","7.313608809847061","1.2517649036809155","6.0788819997524275","2.6421984787405086"
HDFC Money Market Fund,"Money Market Fund","Growth","29823.8789","0.7100000000000001","6.74762197393497","7.6469566599362295","6.442900168301047","7.303461606412154","1.2505399884983621","6.108304666798329","2.7291449245833213"
ICICI Pru Large & Mid Cap Fund,"Large & Mid Cap Fund","Growth","29757.2282438275","-0.13","16.989545864518107","23.795783971899137","19.2034140309006","19.424632173059564","-4.478098308921878","1.7687795786357856","-5.787724239425527"
Aditya Birla SL Large Cap Fund,"Large Cap Fund","Growth","28969.9007","0.13","13.013257355669495","17.185299782683526","12.362297297248649","12.71118600479344","-6.5333670800641235","-2.5765943226986687","-8.768549170742958"
ICICI Pru Dynamic Asset Allocation Active FOF,"FoFs (Domestic) - Hybrid","Growth","28311.0398913611","1.5","13.098331273886622","15.355997968730001","12.150152742098786","12.705091724494434","-1.3564333665524082","3.29901541783196","-1.971431224823833"
HDFC Large and Mid Cap Fund,"Large & Mid Cap Fund","Growth","28255.3055","0.11","15.747468769655537","23.077205535560466","17.653676999155987","18.256405786841512","-3.263263208085389","2.1662373197106657","-5.330801535262199"
UTI Nifty 50 Index Fund,"Index Fund","Growth","27848.7398","0.5700000000000001","12.876104144437384","14.344230958059098","10.72038841727252","10.104210731951135","-7.436217962162843","-3.2516209291164047","-9.5662052549786"
ICICI Pru Savings Fund,"Low Duration Fund","Growth","27700.344816914803","0.7100000000000001","7.180299619357111","7.939631793895607","6.541631090835076","7.4782964921201955","1.0509024912691605","5.981679343618709","2.4172331073919353"
Tata Liquid Fund,"Liquid Fund","Growth","27400.4015335589","0.16999999999999998","6.166242450674386","7.068027840150327","6.127579953596918","6.99078221600733","1.6130692668933408","6.275127679570895","3.147254206732552"
Axis Small Cap Fund,"Small Cap Fund","Growth","27363.969399999998","1.52","19.776126961909203","21.886205960272804","18.35304283786683","17.82945955646429","3.335562614947329","5.244785014899954","-0.7945425361155658"
Invesco India Arbitrage Fund,"Arbitrage Fund","Growth","27320.6963","0.32","6.473914891707655","7.897121144025006","6.887831090768737","7.623623912417088","1.4301194776326693","6.72328606928812","3.2075023607443636"
SBI Overnight Fund,"Overnight Fund","Growth","27043.1983","-0.01","5.408760324989026","6.380412233585276","5.548427568431524","6.195284137505919","1.236028446538445","5.331568079327709","2.540254534707995"
HDFC Focused Fund,"Focused Fund","Growth","26182.1506","-0.38999999999999996","15.788420381546132","24.41526954622854","20.339804934551786","18.23582372151218","-8.519523528167424","-1.4358861508112704","-8.419988024127004"
Aditya Birla SL Arbitrage Fund,"Arbitrage Fund","Growth","25678.5031","0.8","6.405883126446943","7.782420939577678","6.661574195426656","7.574135450454067","1.3943375556545712","6.623475448646131","3.1343604003312193"
Bandhan Small Cap Fund,"Small Cap Fund","Growth","25345.789399999998","4.8","0","35.91750624128577","23.52477381596414","30.94871681857121","4.941383587404485","8.981364136870756","1.0518204584858535"
Mirae Asset ELSS Tax Saver Fund,"Equity Linked Savings Scheme (ELSS)","Growth","25266.6735","1.91","18.55954109960285","19.211836457992955","14.12532158011679","16.140579238131902","-3.315884381729369","3.8044397661698106","-4.971263378875995"
Aditya Birla SL Corp Bond Fund,"Corporate Bond Fund","Growth","25167.8769","0.13999999999999999","7.428354273562099","7.9649683840543695","6.15181615292808","6.909340202554581","-0.1468937994110712","2.912227092842568","0.5005201367216627"
Canara Rob Large and Mid Cap Fund,"Large & Mid Cap Fund","Growth","24674.945099999997","-1.24","16.52541845023887","18.965690230231424","13.985944678324769","15.121626024187051","-1.0470468360212284","-1.1963233230423886","-5.6737113574706095"
HDFC Arbitrage-WP,"Arbitrage Fund","Growth","24438.906899999998","0.09","6.1642247597449185","7.650118082892454","6.521939815417577","7.433303557155568","1.394905974767909","6.516629157289309","3.113047688211073"
HDFC Arbitrage Fund,"Arbitrage Fund","Growth","24438.906899999998","0.09","6.162719452263032","7.650707120433952","6.522061764281095","7.434513264223197","1.3965641518500824","6.518378293106176","3.112210616333778"
HDFC Nifty 50 Index Fund,"Index Fund","Growth","23339.5619","0.5499999999999999","12.818921506357817","14.307845763630798","10.676893050905178","10.060256381344246","-7.447770293856949","-3.2970976430693533","-9.594474141043289"
SBI Midcap Fund,"Mid Cap Fund","Growth","23247.3731","-1.9300000000000002","15.346942440790201","19.669806251938244","16.977854779900902","15.73894802339202","0.27772329005534035","2.3706803238635863","-0.3022078453563322"
SBI Multicap Fund,"Multi Cap Fund","Growth","23118.938199999997","-0.41000000000000003","0","19.466790677200517","0","16.29176371397165","-0.3287846605953026","0.5973112185266383","-4.353992975088919"
Aditya Birla SL Flexi Cap Fund,"Flexi Cap Fund","Growth","23018.34","2.6","15.397735781593402","19.920755752695285","14.157972066975532","17.845070899013926","-1.5219688529528457","5.7834345177560635","-2.6157759851716027"
DSP Liquidity Fund,"Liquid Fund","Growth","22480.432099999998","0.2","6.147236220757191","7.0506827593994705","6.134641715577072","6.9951211718735085","1.6148648655551616","6.2826733502471","3.157416472656327"
SBI Flexicap Fund,"Flexi Cap Fund","Growth","22402.6797","0.3","13.277787288598475","15.16232970250551","11.039822649364005","10.945150774694623","-5.266420927696778","0.09609404471814356","-6.76415213050611"
HDFC Hybrid Equity Fund,"Aggressive Hybrid Fund","Growth","22297.0989","-1.7000000000000002","11.932597510317699","13.492793617404189","10.244709590878177","8.132412890817896","-7.200347042009127","-5.650896661442375","-9.20074279001023"
UTI Flexi Cap Fund,"Flexi Cap Fund","Growth","22167.580299999998","-2.1399999999999997","12.286426010272343","12.332763025940777","7.236528482109983","8.835522840225241","-3.229192449507188","-5.97718508959454","-10.34030244661319"
Kotak Multicap Fund,"Multi Cap Fund","Growth","22095.325699999998","3.0700000000000003","0","27.61182283914281","0","23.087323872202646","-2.046132714441333","7.39471361063509","-3.192435519355889"
HDFC Low Duration Fund,"Low Duration Fund","Growth","21926.366800000003","0.63","7.2059019198643215","7.8740396206281","6.573948011351205","7.4416886677607375","1.0578044694193205","5.921100195201113","2.430846865658654"
SBI Corp Bond Fund,"Corporate Bond Fund","Growth","21910.5252","0.11","0","8.034122638950778","6.067220590063793","6.985024024433062","0.02353324523452731","3.7094967872717164","0.89352015289663"
ICICI Pru Short Term Fund,"Short Duration Fund","Growth","21449.576588868098","0.67","7.963649184317312","8.467728282466677","6.951530733723854","7.658041445915198","0.6552184987732176","5.244690561116463","1.7862027665442044"
ICICI Pru Flexicap Fund,"Flexi Cap Fund","Growth","20936.0667981872","3.58","0","21.484962715427454","0","17.156597195571077","-4.9538610976202015","3.7095919448860584","-6.85387910518801"
Tata Arbitrage Fund,"Arbitrage Fund","Growth","20686.3980218775","0.31","0","7.832226160760014","6.724189148985382","7.631165084335212","1.4568065733955113","6.723754730455796","3.2738710344114907"
Axis Money Market Fund,"Money Market Fund","Growth","20120.586201","0.7100000000000001","0","7.823298316666141","6.482720716138646","7.359890268236802","1.2585834104595803","6.170103971365265","2.7389507543148017"
HDFC Multi Cap Fund,"Multi Cap Fund","Growth","19557.5716","-0.2","0","24.015238661009917","0","17.268989050165494","-3.335360908353615","-0.13615416841223188","-6.5425140896839045"
DSP Midcap Fund,"Mid Cap Fund","Growth","19458.9686","0.29","16.215831702228","22.424714490523208","14.211698057588485","20.657400382030566","0.0920056637252713","7.429351903506906","-0.5974771866953074"
Nippon India Money Market Fund,"Money Market Fund","Growth","19419.682099999998","0.7100000000000001","6.740002199430717","7.691167758264245","6.487732043824179","7.327097838186747","1.235247141003765","6.104621229822398","2.6721708188218387"
Invesco India Contra Fund,"Contra Fund","Growth","19405.5947","1.69","17.022261577330134","22.948699482432552","15.548424361707603","18.183244566156496","-3.8517765206889987","-1.2855651265987984","-7.3157282029287405"
Aditya Birla SL Savings Fund,"Ultra Short Duration Fund","Growth","19347.8329","0.79","7.0606461029254275","7.692156610352609","6.521933624801024","7.4283876312233765","1.2926263830378364","6.327270430148756","2.7282115203126938"
UTI Money Market Fund,"Money Market Fund","Growth","19328.064","0.7000000000000001","6.715419774812226","7.665005598642526","6.447402100308763","7.3052118651529385","1.2219917099888462","6.082937663355212","2.6731778031548403"
Franklin India Flexi Cap Fund,"Flexi Cap Fund","Growth","19049.253716609","-1.24","14.3048061407538","21.001208194665328","15.078596091375962","15.773851995942302","-6.3710189920759985","-3.6284911107165385","-8.43433280872832"
Mirae Asset Midcap Fund,"Mid Cap Fund","Growth","18387.6558","2.53","0","23.279619638742453","18.551830488327802","22.29465672403448","2.4528348539920493","14.05174786677678","-0.09644364074743615"
DSP Small Cap Fund,"Small Cap Fund","Growth","17905.8173","5.7299999999999995","17.545074366074644","23.267611754871815","19.18193618360018","20.640543220670327","3.9123943648870543","10.36024243382218","2.66612749805853"
HSBC Liquid Fund,"Liquid Fund","Growth","17559.1049","-0.05","6.142708180918954","7.393782005913891","6.13675533961342","6.982157680414214","1.6064942694258484","6.237362174851093","3.1203803574458933"
Kotak Small Cap Fund,"Small Cap Fund","Growth","17416.4813","0.96","18.39571683086467","19.28007077289686","15.942073595378625","15.496017549841913","3.4564323531751127","2.342304126656146","0.10640860905878026"
Bandhan Liquid Fund,"Liquid Fund","Growth","17384.5008","-0.06","6.078859280612958","7.050281397696921","6.115233730674885","6.963008338474386","1.6254401311651594","6.231963834080971","3.146552224404324"
DSP Large & Mid Cap Fund,"Large & Mid Cap Fund","Growth","17330.953700000002","-0.79","16.349577943651326","23.214034026801166","15.039449508022983","18.67913171904818","-5.668867147702048","0.18973869424203638","-5.526862753046049"
ICICI Pru Multicap Fund,"Multi Cap Fund","Growth","16997.4162742692","3.06","16.4324429553351","23.137881225737917","17.993665934742143","20.76524951478602","3.0325517516364475","7.675301525568899","2.7469128984514795"
Kotak Corporate Bond Fund,"Corporate Bond Fund","Growth","16877.1674","0.27","7.366376395355245","8.061968104091871","6.294114098447645","7.14153076338071","0.060832792567510126","3.8711715312981334","0.9783781776303249"
ICICI Pru Equity Savings Fund,"Equity Savings","Growth","16868.0810432676","-0.1","8.687991982641986","9.303701160706115","7.885915566462742","8.076156980772176","-0.8022462896109077","3.6462699077954777","-0.8022462896109077"
Motilal Oswal Large & Midcap Fund,"Large & Mid Cap Fund","Growth","16776.5719","2.55","0","30.282263149956595","21.97532722322164","25.565636753898712","5.64502557889067","7.732635462696796","-1.0541551523047965"
HDFC Ultra Short Term Fund,"Ultra Short Duration Fund","Growth","16753.1193","-0.02","0","7.467090834282792","6.305532217927157","7.174431189402886","1.3029700509506523","6.101743448239955","2.6636105461346165"
ICICI Pru Nifty 50 Index Fund,"Index Fund","Growth","16563.0422910249","0.5599999999999999","12.718030882399955","14.294189851999548","10.685177030784265","10.058403175448216","-7.429942251327636","-3.2704914017713502","-9.5742720671262"
Invesco India Liquid Fund,"Liquid Fund","Growth","16549.148","-0.05","6.116259068551666","7.040757418742432","6.108627880569073","6.95885536840728","1.611290834858955","6.232324612137314","3.1316418685564167"
Canara Rob Large Cap Fund,"Large Cap Fund","Growth","16542.1891","0.59","15.127969403356945","17.578429839141126","12.216368998250937","12.862325003375808","-6.268576060524183","-2.8699426011479927","-8.372952984680406"
Kotak Bond Short Term Fund,"Short Duration Fund","Growth","16486.945200000002","0.29","7.437196636204657","8.066472852958334","6.330022649772893","7.2115656884591095","0.3018926215965724","4.165039198727792","1.325910810998768"
HDFC Floating Rate Debt Fund,"Floating Rate Fund","Growth","16431.784","0.5599999999999999","7.317112806480264","8.228963615651063","6.712822534535179","7.654374103827699","0.7323434425226335","5.360146540347841","2.007837603333367"
HSBC Small Cap Fund,"Small Cap Fund","Growth","16393.5632","2.4","19.8248568539211","23.00897085957519","20.344730005309366","17.848069081097194","7.080882835729906","5.247388060561496","2.2935630816652792"
DSP ELSS Tax Saver Fund,"Equity Linked Savings Scheme (ELSS)","Growth","16336.5703","-0.12","16.63997994919231","22.37400068900445","15.31199586855687","17.73385429243106","-6.727206142501563","-1.121251801306816","-6.603146190325245"
Nippon India Arbitrage Fund,"Arbitrage Fund","Growth","16332.446100000001","0.16","6.501533443995089","7.68580198490425","6.649485288413226","7.466316180770249","1.414677572658265","6.553791515023639","3.146231874191568"
Kotak Low Duration Fund,"Low Duration Fund","Growth","16258.953500000001","0.66","7.433974256493547","7.886368603168025","6.5544803305146","7.450654873754536","1.1194584489575168","5.96100058118267","2.4477862695084527"
Kotak Balanced Advantage Fund,"Balanced Advantage Fund","Growth","16203.693200000002","1.06","0","13.42807853603158","10.18206009501994","10.908381825925373","-2.3910477772435224","1.7590229675537699","-2.6124122290549097"
SBI Multi Asset Allocation Fund,"Multi Asset Allocation Fund","Growth","16149.8256","5.8500000000000005","12.605620611672252","19.44311004850544","14.85209822113369","18.607456897145113","-0.9361497197436841","15.860916583744824","4.53497005954214"
ICICI Pru Focused Equity Fund,"Focused Fund","Growth","16008.9493307253","3.01","16.609799010146233","25.396976065150007","18.275651438134034","20.642850103421328","-6.1731742588575536","2.356537172155394","-7.096831931269012"
ICICI Pru Ultra Short Term Fund Fund,"Ultra Short Duration Fund","Growth","15929.153257282","0.8099999999999999","7.355349694310376","7.622538809964307","6.552177186127883","7.348943196886393","1.3722335809464001","6.3970481889212945","2.8240800936159154"
Edelweiss Mid Cap Fund,"Mid Cap Fund","Growth","15910.6865","1.49","20.512080796667064","29.308263548472862","21.983054496832754","26.32954301944459","2.45562008319948","11.009362644032104","1.3353756405973831"
ICICI Pru Business Cycle Fund,"Thematic Fund","Growth","15813.4420730681","1.51","0","25.02851779163138","18.346958333337927","20.196125727640645","-5.688073394495415","3.1714171015656327","-6.170135085797741"
SBI Gold,"FoFs - Gold","Growth","15691.063","22.5","17.10370882312762","33.327261062926276","25.439955044727558","36.41785290037718","2.101906503668305","66.6716308323174","28.340173825848783"
LIC MF Liquid Fund,"Liquid Fund","Growth","15638.278","0.22","6.160989939555228","7.042924283093569","6.114757147435923","6.959498521245688","1.6219838764461834","6.248165198973102","3.1443119335401724"
Axis Large & Mid Cap Fund,"Large & Mid Cap Fund","Growth","15581.5084","1.26","0","21.603065618364905","15.825719239056735","18.04023481074053","-0.2987506789788143","6.932711913778045","-1.2375571697605618"
HDFC ELSS Tax saver,"Equity Linked Savings Scheme (ELSS)","Growth","15559.489399999999","-1.4000000000000001","14.9222128102809","23.442252281039035","17.83506310491032","17.230821535731742","-8.396333716730497","-3.8486976618950184","-9.911658420949324"
HDFC Short Term Debt Fund,"Short Duration Fund","Growth","15462.916000000001","0.29","7.446493473342586","8.126297293266205","6.426860982048588","7.293619166152987","0.3461255192610452","4.522878195215132","1.3817321945365972"
Edelweiss Liquid Fund,"Liquid Fund","Growth","15091.276899999999","0.22","6.153262268154847","7.108138431813088","6.168180447692384","7.0261461374359735","1.6296493326259418","6.298639151625074","3.161409011590298"
Kotak Savings Fund,"Ultra Short Duration Fund","Growth","14989.4186","0.76","6.76391060099597","7.459138132572025","6.327479687732462","7.188385581972145","1.3546500309139229","6.245668959361671","2.8314746241703195"
Nippon India Multi Asset Allocation Fund,"Multi Asset Allocation Fund","Growth","14737.5844","4.75","0","22.070868438210844","17.492718705953635","21.667966743162314","-0.4578892624025847","18.438386999860985","5.390146195097034"
Edelweiss Arbitrage Fund,"Arbitrage Fund","Growth","14413.9423","0.25","6.558039913715641","7.817781002698587","6.763297042800298","7.591290458614575","1.419637706242071","6.574359223065557","3.1292970344889177"
Bandhan Large & Mid Cap Fund,"Large & Mid Cap Fund","Growth","14108.573600000002","2.0500000000000003","17.808991019873343","27.816232812001978","19.850717389432802","24.198757136024305","0.43203085404896585","8.892731013315629","-1.4656479291734896"
ICICI Pru All Seasons Bond Fund,"Dynamic Bond Fund","Growth","14001.8805840436","0.48","8.42133530597624","8.598790028858897","6.844824753772727","7.406807363907464","0.34268683956333584","3.488756282664848","1.2563675548589295"
ICICI Pru ELSS Tax Saver Fund,"Equity Linked Savings Scheme (ELSS)","Growth","13911.4119346127","-0.08","13.976233206396738","18.200291641801947","13.418905825167492","14.354704173651278","-5.287275625213466","-0.7377725632127979","-7.696361703111275"
Franklin India Small Cap Fund,"Small Cap Fund","Growth","13850.248106426001","0.53","16.35446288534257","25.485146684384098","19.60767158793386","18.14777717568312","3.7648803884735518","0.42500932589497875","-1.103824741895703"
SBI Short Term Debt Fund,"Short Duration Fund","Growth","13746.2789","-0.03","7.194728853628929","8.057882457802515","6.217694566439902","7.11531678729993","0.2631630906008729","4.327281478742187","1.2322755376076053"
Mirae Asset Liquid Fund,"Liquid Fund","Growth","13590.292","-0.06","6.131222738863906","7.411841091095866","6.132941814076953","6.97802471312865","1.5842382472209917","6.213920274616597","3.0996095424797794"
Bandhan Corp Bond Fund,"Corporate Bond Fund","Growth","13499.013500000001","0.24","7.162743551647122","7.787803238328819","5.887776523809962","7.053986511530663","0.6524998656905104","4.169046547950606","1.5201895557164666"
SBI Low Duration Fund,"Low Duration Fund","Growth","13458.4254","-0.18","6.814291199859679","7.729211657889564","6.2865484837544505","7.165762772201245","0.9684186492212413","5.6472190833953695","2.2738357929860165"
Kotak Multi Asset Allocation Fund,"Multi Asset Allocation Fund","Growth","13447.427099999999","9.71","0","0","0","0","-0.8234439331557232","26.09699769053117","8.519941698688218"
Aditya Birla SL Floating Rate Fund,"Floating Rate Fund","Growth","13441.024099999999","0.5599999999999999","7.294455216659701","7.926615925833553","6.584103141293718","7.4495289878453","1.005382505420511","5.744720275620601","2.219461308307172"
Bandhan Money Market Fund,"Money Market Fund","Growth","13437.1124","0.7000000000000001","6.534650069302783","7.739926627101532","6.373008847269723","7.3113593584829495","1.265152031521067","6.199328530977038","2.7675507298765116"
Nippon India ELSS Tax Saver Fund,"Equity Linked Savings Scheme (ELSS)","Growth","13421.5445","1.66","12.519254850441296","20.201335905832984","15.702884577063546","17.51268842359459","-1.4155473250456756","3.3623835030395672","-2.8055637194956793"
HSBC Midcap Fund,"Mid Cap Fund","Growth","13386.5777","5.0200000000000005","18.831377576113574","28.328839245645213","20.46710172990025","28.61395122048873","8.298814470656241","20.19245201167038","6.67318535019339"
Sundaram Mid Cap Fund,"Mid Cap Fund","Growth","13378.006402","0.24","16.25774790923902","27.381122680112714","20.56131881571348","24.764668502609013","0.7284482452725513","9.605510449491076","-0.6170316661463564"
HSBC Value Fund,"Value Fund","Growth","13371.206299999998","2.77","17.61363703208292","26.923912887496815","19.451878693138557","21.774927465122573","-2.7448265743478104","5.596101489395769","-2.4338590370727604"
SBI Nifty Index Fund,"Index Fund","Growth","13367.6103","-0.06","12.73299656787974","14.529149267532704","10.685015114258324","10.06905141126957","-7.453556225861922","-3.3230805204760387","-9.599747813092351"
Canara Rob Small Cap Fund,"Small Cap Fund","Growth","13275.996299999999","1.54","0","19.68132978255473","18.62462438911894","16.296731659475007","2.0354406130268234","3.8002436053593236","-0.7916181606519287"
Aditya Birla SL Low Duration Fund,"Low Duration Fund","Growth","13267.308700000001","0.6","7.319208406332911","7.795042606922626","6.57249336260306","7.337928661077786","0.9581066880582361","5.8492941661762305","2.240932637293053"
Aditya Birla SL ELSS Tax Saver Fund,"Equity Linked Savings Scheme (ELSS)","Growth","13117.287900000001","1.5599999999999998","11.762325998673816","16.71062104295757","10.171642391343827","14.517219699236517","-3.5006509474902385","3.1704299412310504","-5.147163372671697"
Canara Rob Flexi Cap Fund,"Flexi Cap Fund","Growth","13082.7301","1.54","15.58408696136333","17.796665988930073","13.082603700442696","14.057909662008772","-3.812914377112188","1.616156110323778","-6.224849094567404"
ICICI Pru Technology Fund,"Sectoral Fund - Technology","Growth","13067.5861384383","-3.42","16.338871023686362","15.47356953760704","9.637434722604631","9.92296218011166","-5.777492469507673","-11.760081391046988","-16.494529540481402"
Edelweiss Balanced Advantage Fund,"Dynamic Asset Allocation Fund","Growth","12906.312","2.3","12.309849037113473","14.362254601463789","11.228636539498925","12.351324732231838","-1.7502917152858881","4.355524079320115","-1.8811386715498628"
Motilal Oswal Flexi Cap Fund,"Flexi Cap Fund","Growth","12770.0816","-1.83","13.43658812034696","25.538528597648057","12.926054627047545","19.20681134993294","-3.028124213583341","-5.80708242996217","-11.529225205491947"
Axis Flexi Cap Fund,"Flexi Cap Fund","Growth","12545.5796","0.33","0","17.191819733457386","11.432365152954294","14.213426065230417","-2.5788937902952087","1.5564202334630395","-5.090909090909088"
Axis Banking & PSU Debt Fund,"Banking & PSU Fund","Growth","12530.683903000001","0.03","7.200718104834891","7.616462308060373","5.946407511081109","6.745126259234224","0.31454172475955544","4.0664837759342545","1.1971089897449858"
Quant ELSS Tax Saver Fund,"Equity Linked Savings Scheme (ELSS)","Growth","12505.6922","4.81","20.75083412322014","20.250262119069063","17.571912502894737","19.198989215458994","4.476201010248116","10.52150403359263","1.7307390392601676"
Bandhan Banking and PSU Fund,"Banking & PSU Fund","Growth","12107.7228","0.25","7.171815837572626","7.612408461104373","5.958977271841248","6.732324269961132","0.5552735724126425","4.211771127080876","1.5520637012884377"
Franklin India Mid Cap Fund,"Mid Cap Fund","Growth","12102.388694313","-2.23","15.724739050187274","25.354567201414927","16.47352905134425","20.51573018204489","-2.006560518051307","1.1504449577165858","-5.125024660546987"
UTI Large Cap Fund,"Large Cap Fund","Growth","12052.6005","0.18","12.578530229358552","14.455861863830009","10.28003106288482","10.589064970497276","-6.765266930534255","-3.7869331559395754","-9.267432304490821"
SBI Ultra Short Duration Fund,"Ultra Short Duration Fund","Growth","11847.06","0.02","6.573698371030923","7.477628315484657","6.1966472240847725","7.105785576229362","1.29879276338108","6.107732705550775","2.7381074059837247"
DSP Flexi Cap Fund,"Flexi Cap Fund","Growth","11769.1045","-0.16999999999999998","15.489489740049267","19.838497744471333","12.608177391399899","14.941488944243432","-5.166775670372785","-1.3384663592819646","-6.575333175082234"
Invesco India Midcap Fund,"Mid Cap Fund","Growth","11767.2978","6.88","20.26583177883945","30.46756795086939","21.96593101553217","26.805153794263738","1.4612627515853354","11.27349695106587","-1.8273976257169469"
UTI Mid Cap Fund,"Mid Cap Fund","Growth","11679.708999999999","-0.54","15.417118276708397","19.89223286847722","15.60621155467139","17.259283665832715","1.0955837399153743","5.631280955621188","-1.810098841421469"
DSP Aggressive Hybrid Fund,"Aggressive Hybrid Fund","Growth","11581.7504","-1.3","13.391709317414735","17.89947421242241","11.4998673912718","13.694349252515359","-4.132027225674149","-2.766362634058325","-5.599007432095458"
HDFC Gold ETF FoF,"FoFs - Gold","Growth","11464.353200000001","23.62","17.039284474758286","32.34650086002951","25.328370561089987","36.20605544623076","2.145812111510708","66.78728300938904","28.141120262044712"
Baroda BNP Paribas Liquid Fund,"Liquid Fund","Growth","11412.028400000001","0.16","6.1817422063571215","7.054522320898032","6.142171467649038","6.955131459182073","1.5999637254058852","6.219943641263089","3.1317636143452376"
Axis Overnight Fund,"Overnight Fund","Growth","11375.8507","-0.06","0","6.450987602133794","5.612398545479369","6.268065723008398","1.2564007928332777","5.401189725072289","2.584312005545991"
ICICI Pru Overnight Fund,"Overnight Fund","Growth","11368.8641297623","0","0","6.677082396972048","5.56798295808445","6.228149033131203","1.2482515762659196","5.37285470542974","2.570471629081751"
ICICI Pru Overnight fund-Direct Plan-Unclaimed Redemption IDCW Transitory Scheme,"Overnight Fund","Growth","11368.8641297623","0.01","0","6.468767512856896","0","6.22835085199378","1.2484111801409974","5.372863296491809","2.5705590675438397"
ICICI Pru Overnight fund-Direct Plan-Unclaimed IDCW Transitory Scheme,"Overnight Fund","Growth","11368.8641297623","0.01","0","6.468309751330927","0","6.228117282535894","1.248544054930885","5.37330320439736","2.570938324955004"
ICICI Pru Overnight fund-Direct Plan-Unclaimed Redemption Stable Scheme,"Overnight Fund","Growth","11368.8641297623","-1.78","0","0","0","0","0","0","0"
ICICI Pru Overnight fund-Direct Plan-Unclaimed IDCW Stable Scheme,"Overnight Fund","Growth","11368.8641297623","-1.78","0","0","0","0","0","0","0"
Tata Small Cap Fund,"Small Cap Fund","Growth","11329.8500372201","-3.5000000000000004","0","22.190557452415657","17.11834400581951","12.988924623483843","0.5997039629292348","-8.500154985681169","-7.275621265433481"
Nippon India Ultra Short Duration Fund,"Ultra Short Duration Fund","Growth","11082.725","0.18","6.6369087007974725","7.749405586353635","7.514156321475474","7.510348223146246","1.5010411622809223","6.637271303868721","3.061433925373264"
Invesco India Smallcap Fund,"Small Cap Fund","Growth","11038.229599999999","5.65","0","29.08459709246228","22.11395017602984","24.498467184226037","2.4962014326025583","8.42709529276694","-0.5056890012642267"
Canara Rob Equity Hybrid Fund,"Aggressive Hybrid Fund","Growth","11023.7947","0.86","13.796385299860404","15.790686401865841","11.819688801932138","12.942215637352161","-3.106865671641789","2.1140584889515366","-3.789244048183633"
UTI Arbitrage Fund,"Arbitrage Fund","Growth","10857.5896","0.19","6.353157488806649","7.695244158324707","6.581877152142157","7.490306960498194","1.370881821597515","6.54511226336247","3.1059331017712624"
Axis Focused Fund,"Focused Fund","Growth","10793.671299999998","-1.9","12.609288595052481","13.314932352640577","6.701970990295925","10.190222989478116","-3.730738037307376","-3.7619588130371335","-8.776513987088842"
Franklin India Focused Equity Fund,"Focused Fund","Growth","10716.014299308","-1.38","14.784107810420522","18.309721520396234","13.34056905152865","12.712962867771305","-7.553084710210545","-3.686102911424607","-10.758299724192812"
Kotak Large Cap Fund,"Large Cap Fund","Growth","10599.2871","0.7100000000000001","13.924792929958297","17.667737711318825","12.6892920637091","13.364120281101876","-6.857113467204504","-1.334342028660646","-8.011122689182958"
ICICI Pru Banking & Fin Serv Fund,"Sectoral Fund - Banks & Financial Services","Growth","10588.9819776125","0.05","14.691432956710315","17.26739414229547","11.628841548417412","11.438828013349212","-8.684546615581096","-2.780610510571761","-9.533750869867776"
SBI Banking & Financial Services Fund,"Sectoral Fund - Banks & Financial Services","Growth","10374.9465","2.37","17.109193463964758","22.337128166296395","14.430869268170344","17.774520341403143","-9.023741955730928","5.188153248431308","-6.8528873545742774"
HDFC Children's Fund(Lock in),"Solution Oriented - Children's Fund","Growth","10151.9277","-0.9199999999999999","0","0","0","0","-4.235394209161894","0","0"
Bandhan Value Fund,"Value Fund","Growth","9907.497","0.84","16.619342914481084","20.648409982879155","16.27234422960784","15.033740872867973","-4.344066925269885","-0.2619236157641338","-5.717197657613046"
DSP Savings Fund,"Money Market Fund","Growth","9809.9028","0.7000000000000001","6.41693305572848","7.4261233468187315","6.176588209308975","7.112546723710356","1.272429628369765","6.100046403712298","2.691175889363563"
Invesco India Large & Mid Cap Fund,"Large & Mid Cap Fund","Growth","9761.1495","2.31","17.74833481696614","27.781635175405196","18.846830540301298","24.16657126827264","0.5583756345177636","7.284050907121575","-3.239986974926737"
SBI Conservative Hybrid Fund,"Conservative Hybrid Fund","Growth","9754.0069","1.02","9.47637152698766","10.956544827091216","9.50690723942811","9.531625475279682","0.6952091922104429","5.059801244865676","1.084017157776964"
Axis Arbitrage Fund,"Arbitrage Fund","Growth","9717.7455","0.22","6.476558219330153","7.773822644437326","6.677691102435568","7.484652019565408","1.412684383906078","6.594203618515836","3.1536642116800895"
PGIM India Midcap Fund,"Mid Cap Fund","Growth","9680.9829","-1.02","17.623407030944804","16.327855987190418","14.829523756118125","14.525610087728058","1.0099631499931885","4.063554555680541","-2.7591643673630197"
Axis Multicap Fund,"Multi Cap Fund","Growth","9656.660100000001","1.54","0","26.23091278665501","0","21.42460515247673","-0.5823186871360478","5.387205387205392","-2.795031055900617"
Kotak Equity Savings Fund,"Equity Savings","Growth","9467.9681","1.72","10.304046839141323","12.969140382460095","10.91320928609587","11.57958053611563","-0.33063421046485625","6.318932596865984","-0.6144725416939728"
UTI Value Fund,"Value Fund","Growth","9433.0008","-0.1","14.598885284038253","20.78797683048196","14.322880715738261","16.51564559788763","-5.882694878800209","-0.8577108871645086","-7.5697893474910165"
HDFC Overnight Fund,"Overnight Fund","Growth","9431.494200000001","-0.01","5.381933390157112","6.383083991199263","5.533512621335768","6.180767359258965","1.238868871535041","5.325873878910628","2.548545017336772"
Nippon India Low Duration Fund,"Low Duration Fund","Growth","9416.7233","-0.09","7.004949785462311","7.751427127784505","6.542728067368553","7.338645763124929","1.048688043300279","6.015622985348964","2.4137484296568976"
Mirae Asset Aggressive Hybrid Fund,"Aggressive Hybrid Fund","Growth","9363.4768","1.8399999999999999","14.346548853425766","16.02087969489792","12.469198721788178","13.75536159146662","-2.9498375304630535","4.662304596599764","-2.0145581299979534"
Nippon India Flexi Cap Fund,"Flexi Cap Fund","Growth","9306.7178","0.76","0","18.881301297177576","0","14.778415143405121","-2.61776233084373","0.48659372652142535","-5.63030907717834"
BHARAT Bond FOF - April 2030,"FoFs (Domestic) - Debt Oriented","Growth","9302.8853","-0.1","0","8.209960985685525","6.281834611573012","6.7644313999724925","-0.18809860461545835","3.29058442633262","0.5834869956544756"
HDFC Manufacturing Fund,"Thematic Fund","Growth","9255.0898","-0.74","0","0","0","0","1.0376019865200503","9.285371702637889","0.08785030308355937"
DSP Multi Asset Allocation Fund,"Multi Asset Allocation Fund","Growth","9241.131","7.75","0","0","0","0","0.28952532293210054","21.82397800639043","7.90847387373384"
Tata Digital India Fund,"Sectoral Fund - Technology","Growth","9238.5819503102","0.08","16.222381253994776","16.36800578300158","9.416031620336863","8.673367710790437","-6.502573583307557","-15.248722382892021","-18.425559128133166"
Tata Balanced Adv Fund,"Balanced Advantage Fund","Growth","9128.0415042268","1.59","0","12.89785086331557","10.649188993904989","10.702010647806892","-1.8950169182661574","3.0579321997339854","-1.807649328018565"
HDFC Defence Fund,"Thematic Fund","Growth","9123.605300000001","4.15","0","0","0","0","11.872982987370017","18.391870809967543","10.027429467084643"
ICICI Pru Banking & PSU Debt Fund,"Banking & PSU Fund","Growth","9109.4248418844","0.33999999999999997","7.47295270983801","8.009505992758326","6.500286834788893","7.1328293170781265","0.26884453330621844","4.206593548500714","1.2085970013112122"
ICICI Pru Gilt Fund,"Gilt - Short & Mid Term Fund","Growth","9061.5471531461","0.2","8.046295053768349","8.483889814288622","6.455063997366772","6.910073316208054","-0.17928467883602192","1.486559339928904","0.4965485875901915"
SBI Gilt Fund,"Gilt - Short & Mid Term Fund","Growth","9047.169","-0.38","8.009584079486864","8.050120041514836","6.145588824485881","6.311678852999103","0.32784758542016196","0.1452571840374756","0.9292923561412655"
Nippon India Balanced Advantage Fund,"Balanced Advantage Fund","Growth","9031.579","2.69","12.457565723916053","14.325173477920494","11.101841255374012","12.47056528903272","-2.0248459640178984","3.1822142727273195","-2.2557515489114457"
ICICI Pru Aggressive Hybrid Active FOF,"FoFs (Domestic) - Hybrid","Growth","8977.234899948999","0.27","15.974843837570308","21.726733978528948","16.211620435014385","17.235587180107515","-2.404749376909647","0.42374906136937746","-5.796592179799463"
Axis Short Duration Fund,"Short Duration Fund","Growth","8955.23180100001","0.38","7.587243089383078","8.349038214778798","6.582773969858735","7.441176925467086","0.5178367575846399","4.968249815682447","1.6180000345357448"
Nippon India Value Fund,"Value Fund","Growth","8918.800500000001","0.75","16.949222814744402","25.273263710621972","17.69408648480624","20.238797841484324","-4.434308211295996","0.5522654927080245","-6.142244637086173"
SBI Energy Opportunities Fund,"Sectoral Fund - Energy & Power","Growth","8918.381800000001","-2.56","0","0","0","0","2.5162000685908232","7.073506400467553","3.8964602579346947"
ICICI Pru Nifty Next 50 Index Fund,"Index Fund","Growth","8900.2735285287","0.8699999999999999","14.272380747824243","22.20590494411807","13.85294084519848","19.958185426242792","0.014902065488378018","5.445576962103205","-0.07707828330999492"
Axis Corp Bond Fund,"Corporate Bond Fund","Growth","8888.230601","0.16","0","8.430130063311076","6.548781468015652","7.402930084764314","0.3472055808504261","4.294380057339577","1.2481597300579141"
ICICI Pru Energy Opportunities Fund,"Sectoral Fund - Energy & Power","Growth","8851.2874574402","1.7500000000000002","0","0","0","0","6.527651858567548","16.567460317460316","8.897126969416135"
Aditya Birla SL Banking & PSU Debt Fund,"Banking & PSU Fund","Growth","8805.1425","0.01","7.414596199694046","7.753446351289499","6.095709130769511","6.848551732901953","0.2312737191590431","3.5200402935568347","0.8857094671283735"
ICICI Pru Nifty PSU Bond Plus SDL Sep 2027 40:60 Index Fund,"Index Funds - Debt Oriented","Growth","8760.1949504148","0.48","0","7.86147564454552","0","7.169776486788182","0.8393128270738134","5.230224795914261","2.2395524020879565"
ICICI Pru Smallcap Fund,"Small Cap Fund","Growth","8741.2985119064","0.48","17.39841179833903","20.177630965099187","17.93363611725931","15.654953333893529","0.7244855102898068","1.8473298651661632","-1.922093855434"
Kotak Aggressive Hybrid Fund,"Aggressive Hybrid Fund","Growth","8641.944300000001","3.9699999999999998","14.60082851944371","17.64238499570413","14.053221153209595","15.348130883648281","-1.2043558420543037","6.5258430822917","-1.2541262876005859"
Tata Value Fund,"Value Fund","Growth","8591.5437155051","0.88","16.292211892085984","22.845873368483648","16.370697222816588","16.925192125066403","-4.312170785381657","1.387073177606113","-6.196495221476604"
Aditya Birla SL Balanced Advantage Fund,"Balanced Advantage Fund","Growth","8539.877199999999","3.19","12.172241436038478","14.732219019165159","11.242507109605949","12.970885991132096","-1.006309400207644","4.55504006748208","-0.6810897435897391"
Franklin India Opportunities Fund,"Thematic Fund","Growth","8534.740956581","0.74","17.25961979987791","33.82417905310868","20.158052402594695","25.120909696363558","-4.602900041706221","1.205892625570189","-6.542101755777311"
HDFC BSE Sensex Index Fund,"Index Fund","Growth","8511.618","-0.74","12.55699756343236","13.04528142982456","9.760802666927049","7.825758682579331","-9.018650846445468","-6.398411527941795","-12.006260324292356"
SBI CPSE Bond Plus SDL Sep 2026 50:50 Index Fund,"Index Funds - Debt Oriented","Growth","8465.5975","0.5700000000000001","0","7.6342077509341","0","7.103887809839571","1.428470957810083","6.048499109433465","2.830681962225873"
SBI Dividend Yield Fund,"Dividend Yield Fund","Growth","8409.501","0.5","0","15.652532337732545","0","13.910237573492278","-4.343214425277735","2.4677576893176756","-3.7185258255239666"
UTI Nifty200 Momentum 30 Index Fund,"Index Fund","Growth","8397.3446","0.83","0","22.611872961481698","13.016634243471149","15.799531813326695","-4.471180237877399","-0.006224890944701531","-6.364451618688904"
Bandhan Short Duration Fund,"Short Duration Fund","Growth","8376.106600000001","0.43","7.197040751972805","8.097893530838356","6.204461720905141","7.27778285915639","0.829291980147449","4.67037643207856","1.916301068825886"
Nippon India Focused Fund,"Focused Fund","Growth","8343.4385","1.48","14.681427144499647","16.715111474257384","13.579849021943758","14.158824950120241","-2.7371039015832843","1.3065652068323355","-4.822293109892309"
ICICI Pru Infrastructure Fund,"Sectoral Fund - Infrastructure","Growth","8311.0789602912","3.2399999999999998","19.128613057014565","30.686269579908842","25.261607637765238","23.464108951343743","-0.6599739728574027","3.4409330687702724","-1.0050483997962056"
Nippon India Corp Bond Fund,"Corporate Bond Fund","Growth","8245.506300000001","0.15","7.359826441731254","8.29245638261793","6.627453417009921","7.225987074627982","0.1757453087340962","3.7512873775900193","0.9757860498735067"
Union Liquid Fund,"Liquid Fund","Growth","8162.687900000001","0.16999999999999998","5.762015999508252","7.0902049734563635","6.1544204950527925","7.000058009571664","1.6144683309128505","6.276671567385456","3.1570426211209006"
WOC Flexi Cap Fund,"Flexi Cap Fund","Growth","7906.7493000000095","2.58","0","22.116910098540206","0","18.125341008031803","-2.1006323893318557","2.374928119608972","-6.329580132589705"
Quant Mid Cap Fund,"Mid Cap Fund","Growth","7904.7065","-2.15","18.333526428739265","22.389099862277654","18.69524530547979","19.174082067292318","10.562490060576266","1.3582642514408352","1.0803190689636362"
Nippon India Pharma Fund,"Sectoral Fund - Pharma & Health Care","Growth","7898.2417000000005","-0.62","16.36517639484898","25.582328833426626","14.587959125575134","26.47871643933137","8.356709355157207","11.405689196566518","6.180686718367436"
Bandhan Arbitrage Fund,"Arbitrage Fund","Growth","7895.2878","0.15","6.358559662150043","7.845710498906384","6.603098255046058","7.474790562427236","1.3788102665134394","6.3924672206939","3.0426160936035567"
Canara Rob ELSS Tax Saver,"Equity Linked Savings Scheme (ELSS)","Growth","7809.6371","1.6","15.97468180411148","17.654610633431673","13.3864261780271","14.249914164525768","-3.4554869547898814","1.614086573734416","-4.7689209763764095"
Tata Large & Mid Cap Fund,"Large & Mid Cap Fund","Growth","7802.209956030901","-2.98","13.853366937942102","16.258231744528235","12.377281198682688","10.298301369782248","-5.643221179707454","-5.6277175446541055","-9.003834849953781"
Aditya Birla SL Nifty SDL Plus PSU Bond Sep 2026 60:40 Index Fund,"Index Funds - Debt Oriented","Growth","7783.0906","0.63","0","7.569691849616252","0","7.133482889115195","1.4272202927313247","6.0492826456999245","2.8221813552128996"
Nippon India Power & Infra Fund,"Sectoral Fund - Energy & Power","Growth","7707.3394","2.93","19.236376073010252","32.83340859475851","25.113597700593715","27.36281310833375","6.80142404816009","12.057036461915988","6.645477929988746"
Kotak Income Plus Arbitrage Omni FOF,"FoFs (Domestic) - Hybrid","Growth","7699.4364000000005","0.47000000000000003","0","8.36741026107613","0","7.568563863272915","0.5514619974140498","4.89818471389336","1.8203902639092673"
Sundaram Aggressive Hybrid Fund,"Aggressive Hybrid Fund","Growth","7653.48504178857","-0.5700000000000001","13.408815315580714","14.79853249697582","11.491011210709567","11.995651319584134","-4.275107858591606","-1.0725564876453544","-6.0930024664288736"
Nippon India Floater Fund,"Floating Rate Fund","Growth","7536.972299999999","0.3","7.317958684753734","8.122862337103125","6.3874313982813735","7.339352083813644","0.31148995692504167","4.5704532524179715","1.3509787703336023"
ICICI Pru Floating Interest Fund,"Floating Rate Fund","Growth","7491.8729696972005","0.67","7.725189917155961","8.602155542249431","7.063986853709148","8.014952598027758","0.8315255345388581","6.001470493478782","2.1442502054502266"
Nippon India Banking & Financial Services Fund,"Sectoral Fund - Banks & Financial Services","Growth","7469.766500000001","2.16","15.105801168102385","20.229004753016692","15.817025067500667","14.694525376037127","-7.884685999616949","1.6069655758097636","-6.558749555192197"
Quant Multi Cap Fund,"Multi Cap Fund","Growth","7466.0029","1.24","18.376903841150536","16.160304964288287","14.061050226221393","14.250697962582803","8.931222668183326","3.1075862472665032","1.0828655956765845"
HDFC Value Fund,"Value Fund","Growth","7324.3021","1.73","15.330480169701488","22.029414916875886","16.351711037628668","18.380167060995213","-3.837131522960999","3.5873468994599675","-4.647247670503479"
Nippon India Nivesh Lakshya Long Duration Fund,"Long Duration Fund","Growth","7302.883199999999","-0.95","0","8.220570203865075","5.217947381288446","5.169137451906658","-0.6923060003519348","-2.9783873515238506","-1.636156665813366"
Nippon India Short Duration Fund,"Short Duration Fund","Growth","7295.130300000001","0.33999999999999997","7.442228808130347","8.255845548358398","6.539959199873402","7.380087242682998","0.2260193472561337","4.519535301121953","1.2805481537875931"
Franklin India Large Cap Fund,"Large Cap Fund","Growth","7235.573504467","0.8500000000000001","11.750712026635156","16.270161483034606","10.245235075389214","12.412974007089428","-5.965808509818505","-1.6202599894775016","-8.309808582244578"
DSP Large Cap Fund,"Large Cap Fund","Growth","7192.0077","-0.38","12.607330649955383","19.93562463326698","12.429824579310234","15.013470097401838","-5.942667299477931","-3.194058546993513","-7.467628882152889"
Nippon India Gold Savings Fund,"FoFs - Gold","Growth","7178.7114","23.01","16.878959237223356","32.21981532318235","25.137964244883214","36.077441930892064","2.053992519108795","66.21373932574747","28.08799786087961"
Aditya Birla SL Focused Fund,"Focused Fund","Growth","7131.9962","1.16","14.063035087710452","18.72784733654688","13.738265759198098","15.88851282166981","-5.211022825342962","2.0126494386283156","-5.073448112462483"
WOC Multi Asset Allocation Fund,"Multi Asset Allocation Fund","Growth","7118.264300000001","3.1399999999999997","0","18.99812793693799","0","17.143175829846015","0.16200386316904355","13.467918401919952","3.5960559386479334"
Sundaram Liquid Fund,"Liquid Fund","Growth","7085.78281311636","-0.06","5.122986045962996","7.0809169918199535","6.132790656356213","6.98979198958074","1.618825841181761","6.242444760027479","3.133406626891886"
Nippon India Vision Large & Mid Cap Fund,"Large & Mid Cap Fund","Growth","7080.9085","0.36","14.255150785405402","23.31566527352974","16.759207795362418","19.30581650242329","-2.397927950842031","2.6147702473068755","-4.166527006042397"
Aditya Birla SL Equity Hybrid '95 Fund,"Aggressive Hybrid Fund","Growth","6999.404100000001","-0.08","11.082858014261276","15.235443228156479","10.407824203006722","12.116655791284447","-4.438474432274801","0.08296559933628177","-5.898047550676627"
Bajaj Finserv Flexi Cap Fund,"Flexi Cap Fund","Growth","6952.818504999999","4.52","0","0","0","0","-1.5379623621025316","7.0254637793609405","-3.2704322325640693"
UTI Multi Asset Allocation Fund,"Multi Asset Allocation Fund","Growth","6864.594799999991","3.82","12.135290892647244","21.702843409335888","15.0741933353014","18.65348546793171","-1.950212835349222","8.435071589902783","-0.5240536399079443"
Bandhan ELSS Tax Saver Fund,"Equity Linked Savings Scheme (ELSS)","Growth","6835.3113","1.67","16.08912274964329","18.41556025022822","14.35920683273617","13.847455399152109","-4.217555770020086","1.6786486025000142","-5.361859771803102"
ICICI Pru Innovation Fund,"Thematic Fund","Growth","6799.19521088511","2.21","0","24.758773639662465","0","23.90815341888377","-0.3651538862806483","5.234159779614341","-3.8751887267237017"
Helios Flexi Cap Fund,"Flexi Cap Fund","Growth","6762.7252","4.06","0","0","0","0","-0.32981530343008386","8.783297336213094","-4.788909892879645"
HDFC Credit Risk Debt Fund,"Credit Risk Fund","Growth","6743.0972","0.97","8.035705597783993","8.27202978058326","7.026548322023229","7.74517293660526","0.8606522722175916","6.009459334137064","2.3507422316568563"
Kotak Nifty SDL Apr 2027 Top 12 Equal Weight Index Fund,"Index Funds - Debt Oriented","Growth","6742.3722","0.7000000000000001","0","7.901536984957859","0","7.325264271637799","1.1671335200746993","5.9398680029332755","2.828942685637016"
HDFC Retirement Savings Fund-Equity Plan,"Solution Oriented, Retirement Fund - Equity Oriented","Growth","6733.063","-1.66","16.881597080761026","20.60460514429337","15.834761000877107","13.488060092746457","-6.935767783798707","-4.2506347543545004","-9.126602969179185"
Kotak Gold Fund,"FoFs - Gold","Growth","6693.2323","24.310000000000002","17.116407706495096","32.27689242645401","25.094265273753113","36.17471717024267","2.1317172470192407","66.57154686288075","28.313316243111778"
SBI PSU Fund,"Thematic Fund","Growth","6669.4452","1.29","16.80466432926011","38.37722801499929","25.772128049720955","31.439903582495955","-4.981637523984524","11.491452435658452","2.5346197804534505"
ICICI Pru Pharma Healthcare & Diagnostics (P.H.D) Fund,"Sectoral Fund - Pharma & Health Care","Growth","6668.953472744","5.25","0","30.75680498165118","17.410137195363284","30.67003052467112","11.094854913435759","11.968542639469169","4.4475011462631935"
Bandhan Flexi Cap Fund,"Flexi Cap Fund","Growth","6651.136600000001","1.4200000000000002","11.884526631443592","17.955890856487375","12.68107066823514","14.724440432596841","-3.6507059757655176","0.9914783521195596","-5.970048683523402"
Aditya Birla SL Multi-Cap Fund,"Multi Cap Fund","Growth","6640.6224","2.0500000000000003","0","19.80160396203287","15.518227267671048","16.523759855276722","-0.8538899430740026","5.130784708249495","-2.7906976744186114"
ICICI Pru Manufacturing Fund,"Thematic Fund","Growth","6613.5880368596","0.73","0","29.425603895670523","21.734883124603655","25.42839731364812","2.447023208879916","12.49307479224376","3.6233733095177385"
Mirae Asset Focused Fund,"Focused Fund","Growth","6596.392199999999","-2.39","0","12.674109482853504","8.952291755564023","8.351585702852947","-4.520727818420566","-6.3684191162944765","-11.09170305676856"
Quant Flexi Cap Fund,"Flexi Cap Fund","Growth","6593.522099999999","4.16","20.67436136288956","21.80234523119997","18.35560230256814","19.838324952111908","7.013783673921878","8.727810650887575","3.1798557177990543"
Sundaram Large and Mid Cap Fund,"Large & Mid Cap Fund","Growth","6574.822746999999","-0.22","15.620636245044839","18.882278965439593","15.086256632349816","15.625997127714687","-4.062540682425291","3.230643935280701","-5.221037687222279"
ICICI Pru Midcap Fund,"Mid Cap Fund","Growth","6568.768261341701","5.13","18.958435723266497","26.52702253008864","21.314497085599914","27.982796047194867","5.607087313930237","21.534724663619805","7.786281179138314"
360 ONE Focused Fund,"Focused Fund","Growth","6537.101563567329","1.26","17.21096967369544","18.596479927223893","14.439739505984805","13.911047210233573","-3.050384280566746","0.367239815511686","-4.7038560552618796"
UTI Aggressive Hybrid Fund,"Aggressive Hybrid Fund","Growth","6524.128199999999","-0.16999999999999998","12.963656779196198","18.095816610961037","13.650781765523856","14.332632340231077","-3.9688615098662483","0.1409798895922161","-4.392771594996995"
DSP Arbitrage Fund,"Arbitrage Fund","Growth","6511.6235","0.19","0","7.64133169791049","6.493995685047649","7.395296450590116","1.363050285503784","6.4547330410110995","3.0588675947312693"
Aditya Birla SL Short Term Fund,"Short Duration Fund","Growth","6500.818","0.37","7.70732769339062","8.216745753666947","6.674296870835272","7.358612393107999","0.2663401651047682","4.6051273663344645","1.2780221292576273"
ICICI Pru Dividend Yield Equity Fund,"Dividend Yield Fund","Growth","6457.995881192899","1.3299999999999998","17.51594911711729","26.76490454223676","21.28766430819975","21.295849112196397","-4.512987012987015","3.138698930387514","-4.8527984471044965"
ICICI Pru Gold ETF FOF,"FoFs - Gold","Growth","6451.8922994257","23.97","16.89209703161676","32.75423264047281","25.33817036253161","36.290089416318814","1.9873134676319075","66.52278971235643","28.190087909287815"
Mahindra Manulife Multi Cap Fund,"Multi Cap Fund","Growth","6438.6017","3.4799999999999995","0","23.966008201814894","18.87789561500415","21.48726010341018","1.5114873035066458","8.938524652978236","0.5816037735849076"
SBI Medium Duration Fund,"Medium Duration Fund","Growth","6410.4615","0.5499999999999999","8.374008556339518","8.33351220446515","6.564077752437636","7.25908349234472","0.3920941025846212","4.338110467691511","1.6589806552075235"
Aditya Birla SL Value Fund,"Value Fund","Growth","6387.7773","3.9600000000000004","14.089680545357774","23.708085194833494","16.12723067207389","20.023007761755363","2.095295769983087","8.533696518461008","1.463762966390671"
Aditya Birla SL Midcap Fund,"Mid Cap Fund","Growth","6290.406899999999","0.11","15.044868651637433","22.73587631883626","17.852695353026892","20.330670598760527","1.352788146137306","6.89268502171112","-0.4610035436176104"
ICICI Pru Silver ETF FOF,"FoFs (Domestic) - Silver","Growth","6276.931653075199","50.54","0","44.522711173505556","0","51.98807581802634","6.9220934287133105","170.6591951640298","70.12083639802458"
Motilal Oswal Small Cap Fund,"Small Cap Fund","Growth","6206.0739","3.6999999999999997","0","0","0","0","7.354749627839747","9.503829112995513","1.020491026716836"
Nippon India Overnight Fund,"Overnight Fund","Growth","6199.2522","0","0","6.450711790758061","5.600088275344972","6.252954940905053","1.2502875362504031","5.383152612228268","2.5731647130966038"
Bandhan Low Duration Fund,"Low Duration Fund","Growth","6120.9349","0.5","6.769703874743227","7.5388293675621725","6.111803944070959","7.020983774308953","1.0726008317830744","5.676541273753014","2.3508525354144196"
SBI Children's Fund-Investment Plan,"Solution Oriented - Children's Fund","Growth","6114.0985","5.64","0","25.48591709394261","25.684587654787315","24.242998684914376","5.775869813524313","15.847484825555384","0.4533958987172179"
Kotak ELSS Tax Saver Fund,"Equity Linked Savings Scheme (ELSS)","Growth","6112.4262","0.11","15.742680101110995","18.72352018541153","14.17963408243239","13.910427046529406","-5.257156966695234","-0.7757892895443456","-6.627588230662967"
Aditya Birla SL Overnight Fund,"Overnight Fund","Growth","6107.629599999999","-0.01","0","6.385960194974872","5.583716276594064","6.23406403256479","1.2408106537575117","5.357745578482941","2.5610978798807196"
Franklin India ELSS Tax Saver Fund,"Equity Linked Savings Scheme (ELSS)","Growth","6106.171866953","-1.9","13.547921628855097","21.067673189213757","14.540572309677069","15.275152087710753","-6.654673440312621","-5.134597008414868","-9.65935956529522"
Axis Treasury Advantage Fund,"Low Duration Fund","Growth","6083.828401000001","0.69","7.072198756428705","7.864318806432562","6.448061148606388","7.3383908668107845","1.0563513170259542","6.009337986389148","2.4482859347829415"
Aditya Birla SL PSU Equity Fund,"Thematic Fund","Growth","6043.9936","6.47","0","35.97063734159881","26.01093130899357","28.94170975420827","-3.3268576979116014","12.299012693935117","4.2146596858638725"
JioBlackRock Liquid Fund,"Liquid Fund","Growth","5997.188014353001","-0.11","0","0","0","0","1.6250254008076528","0","3.1654586327742336"
Aditya Birla SL Consumption Fund,"Sectoral Fund - Consumption","Growth","5996.2674","-1.37","15.150958721855678","17.333300815014102","13.073900390042859","11.993797618136437","-5.743619346060284","-4.7619047619047645","-10.056657223796034"
HSBC Corporate Bond Fund,"Corporate Bond Fund","Growth","5991.8973","0.18","7.362229690344058","7.9499944922639045","5.999135849974713","6.830338377377476","0.09445123707630458","4.168693052135358","1.0377734044982592"
Motilal Oswal Nasdaq 100 FOF,"FoFs (Overseas)","Growth","5987.3457","21.099999999999998","0","33.5141973166879","27.49589420080587","42.651887955741685","44.8522532274373","82.26744799915532","38.225079021277196"
HSBC Money Market Fund,"Money Market Fund","Growth","5970.361999999999","0.6799999999999999","6.895094918903721","7.517436672105756","6.236998400823612","7.189655050513055","1.1963872436251066","6.031818743683145","2.638737854169088"
SBI MNC Fund,"Thematic Fund - MNC","Growth","5958.1919","-3.27","11.94727427489597","9.843214129887862","9.93800635810269","8.851358763996275","5.5873325396430005","4.107236074289166","3.980410325878825"
Edelweiss Small Cap Fund,"Small Cap Fund","Growth","5952.0114","2.9499999999999997","0","24.12254059399937","19.80330139998938","20.122415440732787","4.119103575625317","7.596062104258825","1.188922424341297"
Invesco India Money Market Fund,"Money Market Fund","Growth","5938.3835","0.66","6.5252189896544355","7.493272620305734","6.183896768580754","7.132287166964102","1.201571579064152","6.0096508601190575","2.6497426797793544"
Aditya Birla SL Multi Asset Allocation Fund,"Multi Asset Allocation Fund","Growth","5935.5948","6.4799999999999995","0","19.477027920944035","0","18.30738449519702","-1.3200134567246586","15.951331287603686","4.855557171247159"
Axis Ultra Short Duration Fund,"Ultra Short Duration Fund","Growth","5916.366199","0.76","0","7.752559533005498","6.510645937865545","7.360599072475393","1.394257061921239","6.401171000960794","2.877307613175144"
HDFC Multi-Asset Allocation Fund,"Multi Asset Allocation Fund","Growth","5887.053000000001","2.81","12.038917516448766","16.272778864470446","13.103566488182384","14.168308202221302","-3.562025169634052","6.594871794871802","-1.036719633398792"
ICICI Pru Credit Risk Fund,"Credit Risk Fund","Growth","5833.8254263044","1.49","8.543991376549286","9.047261748702834","7.863499396941731","8.75097168923289","0.9899494505375865","7.551370404097574","2.672699849170424"
Bandhan CRISIL IBX Gilt June 2027 Index Fund,"Index Funds - Debt Oriented","Growth","5796.2283","0.54","0","7.9452031841261626","6.0637033027745035","7.130376274921724","0.9637485680499601","5.475729054873098","2.33420478976426"
PGIM India Flexi Cap Fund,"Flexi Cap Fund","Growth","5792.967","1.1199999999999999","15.870641898411364","15.418247567253525","11.44709991195041","12.009759876583948","-2.358490566037736","1.7199017199017093","-5.608755129958962"
DSP India T.I.G.E.R Fund,"Sectoral Fund - Infrastructure","Growth","5788.6301","7.91","19.634601138217445","31.26859851377814","25.5228942432463","27.96140536432179","7.549089886850793","16.53228876982544","9.739090027708786"
HDFC Multi-Asset Active FOF,"FoFs (Domestic) - Hybrid","Growth","5780.4952","3.04","0","17.802981019990895","14.364173263311208","15.456716308626062","-2.565219495668172","7.199531391447897","-0.29716210192659465"
UTI Overnight Fund,"Overnight Fund","Growth","5730.4961","0","5.594303612882112","6.416188259341575","5.579926740406593","6.237090485037888","1.2491802684042281","5.372365853280555","2.5674810870774807"
HDFC Equity Savings Fund,"Equity Savings","Growth","5718.178100000001","0.12","10.727629074268542","11.591074119814122","9.593918186245997","9.726861181887392","-2.254893000300309","2.9625350717940204","-1.5297599473857426"
Tata Ultra Short Term Fund,"Ultra Short Duration Fund","Growth","5712.9408744136","0.19","0","7.59745640302634","6.489561319850123","7.406893379475021","1.5511472429421433","6.569377634347495","3.051297651992438"
SBI Equity Savings Fund,"Equity Savings","Growth","5699.993100000001","0.16999999999999998","9.61343870019582","12.386752286354188","9.308314106871606","10.654954332809453","-0.47800441461992255","3.8753448089873808","-0.5290400174133106"
HDFC Dividend Yield Fund,"Dividend Yield Fund","Growth","5687.1649","0.31","0","21.614446203699366","17.526230019324586","16.298452264616703","-3.232323232323235","0.1820364847592881","-5.526133167756316"
Aditya Birla SL Large & Mid Cap Fund,"Large & Mid Cap Fund","Growth","5648.269","0.65","12.979213284099167","16.977952926807035","10.780342695423162","14.266947444017664","-3.083704708389851","3.5912145719640827","-2.546492484242724"
Parag Parikh ELSS Tax Saver Fund,"Equity Linked Savings Scheme (ELSS)","Growth","5617.029200000001","-2.82","0","19.242542192578952","14.856287019944968","13.41152309358593","-5.488674924159761","-6.300132249580213","-9.305710570826946"
Tata Mid Cap Fund,"Mid Cap Fund","Growth","5604.354641423899","1.34","17.844685604947564","24.99804160840404","18.39359279677919","21.695978204425835","0.027883316521349153","10.459779557834866","0.07798736339025925"
UTI Nifty Next 50 Index Fund,"Index Fund","Growth","5550.7645999999995","0.9199999999999999","0","22.343450670194585","13.972236688825257","20.147787621224577","0.05099280261891985","5.572076364472777","-0.039279589003275876"
UTI Corporate Bond Fund,"Corporate Bond Fund","Growth","5542.9236","0.21","0","7.875062834945601","6.114275955909965","7.038661380609068","0.2804168825934254","3.9184915567754683","1.151741842554623"
Bajaj Finserv Liquid Fund,"Liquid Fund","Growth","5514.8034","-0.06","0","0","0","0","1.6082834439504778","6.235562121587469","3.1320014087979096"
Invesco India Corporate Bond Fund,"Corporate Bond Fund","Growth","5493.5373","0.19","7.10582783799556","7.887260915870131","5.9209621339456175","6.928760848362692","-0.04178773436525589","3.3456432014870305","0.6942446102784692"
ICICI Pru Medium Term Bond Fund,"Medium Duration Fund","Growth","5458.2606779231","1.17","8.040668273256424","8.65568232055532","7.159657133939423","7.993355830504356","0.6632787240296337","6.191682680342542","2.0521868689839"
LIC MF Money Market Fund,"Money Market Fund","Growth","5439.1972","0.76","0","6.838668315450672","0","6.6529546258613514","1.3356975230824761","6.240072892688475","2.7683224704630875"
HSBC Aggressive Hybrid Fund,"Aggressive Hybrid Fund","Growth","5423.9834","4.04","12.398527528038894","17.714187565496832","12.266497747842898","15.161866698939042","0.3263533445757728","7.2990338140071","-1.9685105384060917"
HSBC Flexi Cap Fund,"Flexi Cap Fund","Growth","5405.1151","2.82","14.359732812784","22.12924119112867","15.939364636110142","19.022143198700793","1.2599736303645759","5.3812517722104545","-1.6220919771927853"
HDFC Banking and PSU Debt Fund,"Banking & PSU Fund","Growth","5316.4264","0.01","7.361915774982242","7.819904855326113","6.062025339144728","6.85329197445721","-0.041933962073945216","3.445901680388242","0.7489982199608243"
WOC Mid Cap Fund,"Mid Cap Fund","Growth","5293.0446999999995","7.670000000000001","0","29.475841225719055","0","27.549575040051643","5.631821489206895","15.965491532644592","0.7308724211305452"
Parag Parikh Liquid Fund,"Liquid Fund","Growth","5259.8375","0.19","0","7.138693291696388","5.8473864526167985","6.704034041084195","1.6123674834876014","6.173932313393506","3.1334345959699976"
Quant Multi Asset Allocation Fund,"Multi Asset Allocation Fund","Growth","5257.4138","7.35","19.102694340870286","24.64217032131501","21.568829669655965","25.13120021252948","1.7631876576863919","21.946617551161413","8.834050119923909"
Aditya Birla SL Small Cap Fund,"Small Cap Fund","Growth","5253.4961","6.460000000000001","14.617938115780982","21.46824755631662","15.497477202328147","18.984983858975646","6.456031215023782","10.940044077655719","3.760592581877799"
UTI Large & Mid Cap Fund,"Large & Mid Cap Fund","Growth","5233.9692","0.98","15.27710949452592","24.46107352799384","17.492251708364016","20.883958564687298","-2.188292993918334","4.7430105492218235","-2.5179220838997076"
Axis India Manufacturing Fund,"Thematic Fund","Growth","5206.2477","0.4","0","0","0","0","3.177822853279247","12.619926199261986","3.527815468113973"
Nippon India Banking and PSU Fund,"Banking & PSU Fund","Growth","5163.9923","-0.08","7.359564560903009","7.818962981011716","6.041025535998168","6.7594541708279055","0.08494152966662534","3.2467592678449","0.7446312808472333"
Kotak Contra Fund,"Contra Fund","Growth","5153.8569","1.58","17.643957366118855","24.51060737011938","17.245584138277593","19.298089904309634","-5.4650861230576435","3.1073213275504408","-5.445161987624629"
Kotak Banking and PSU Debt Fund,"Banking & PSU Fund","Growth","5129.3323","0.19","7.524693877969679","7.975412626351823","6.331123752333845","7.033854775614201","0.10315236452068419","3.9125951415994504","1.0064702678502682"
Invesco India Focused Fund,"Focused Fund","Growth","5128.2183","0.74","0","27.648146522590615","17.186240310902235","22.76586248890937","1.2468827930174613","-3.4646739130434767","-5.89403973509933"
DSP Low Duration Fund,"Low Duration Fund","Growth","5108.0513","0.5","6.822822188478694","7.462936156094791","6.185011484387393","7.0612866341897895","1.0064370624441956","5.595834561351797","2.264867204856068"
SBI Automotive Opportunities Fund,"Sectoral Fund - Auto","Growth","5074.9901","4.67","0","0","0","0","-1.5410096387805134","21.143301329859874","3.2184731048062325"
Kotak Overnight Fund,"Overnight Fund","Growth","5066.8514000000005","-0.05","0","7.129130517117561","5.586935575636964","6.249297969132361","1.2541122075131765","5.3856680494540745","2.577158590339598"
JM Flexicap Fund,"Flexi Cap Fund","Growth","5040.5071378190005","1.41","17.975093966043776","26.111982464354266","18.06705068272891","19.59736576217912","-1.54992390318144","-1.7898477666820323","-4.74109512545013"
Mirae Asset Multicap Fund,"Multi Cap Fund","Growth","4954.253","1.7999999999999998","0","0","0","0","-2.2692384702663007","5.0053782717820035","-4.431536352956524"
UTI ULIP 10Y,"Dynamic Asset Allocation Fund","Growth","4923.1344","-1.05","0","0","0","0","-1.6427278079559289","-1.851626047802636","-4.312219287514429"
UTI ULIP,"Dynamic Asset Allocation Fund","Growth","4923.1344","-1.05","0","0","0","0","-1.6427278079559289","-1.851626047802636","-4.312219287514429"
HSBC Large & Mid Cap Fund,"Large & Mid Cap Fund","Growth","4877.4160999999995","4.09","0","23.53608347685049","17.472853791995124","21.308428374353138","2.996959318463368","12.401814599938554","1.686745411974003"
Canara Rob Liquid-Unclaimed Redemption and Dividend Plan,"Liquid Fund","Growth","4858.3375","0.2","6.069994419824076","7.1422685131555","6.185880196634508","7.049762850923713","1.640943285931815","6.31500670905102","3.173147822317191"
Canara Rob Liquid Fund,"Liquid Fund","Growth","4858.3375","0.19","6.019744003317684","7.079643278891119","6.126237985806582","6.992550639182693","1.6320411346962396","6.281356281864539","3.1553627846355035"
Franklin India Multi Cap Fund,"Multi Cap Fund","Growth","4826.295597988","1.8599999999999999","0","0","0","0","-2.341159118025611","4.596359538351624","-4.847730372458743"
Invesco India Flexi Cap Fund,"Flexi Cap Fund","Growth","4815.8225","2.85","0","25.306905565400537","0","20.095449447870873","-0.41623309053068835","1.1627906976744125","-6.360078277886499"
SBI ESG Exclusionary Strategy Fund,"Thematic Fund","Growth","4810.3789","-0.64","13.014273108776164","15.736693261018706","11.473613610832079","11.555548987261165","-5.776865329688526","-2.0381034019812168","-7.223548903381181"
SBI Infrastructure Fund,"Sectoral Fund - Infrastructure","Growth","4804.6861","-0.79","16.85000544404176","26.669547898451867","20.507802538091102","21.019373616138036","2.741068062983541","3.918741140742111","1.84818640581297"
HSBC Multi Cap Fund,"Multi Cap Fund","Growth","4799.9462","2.97","0","25.713422030106535","0","22.923982489339643","1.2570253808664307","7.625699842365617","-0.627854454203261"
Baroda BNP Paribas Balanced Advantage Fund,"Balanced Advantage Fund","Growth","4755.7709","4.08","0","16.321312034472005","12.98790512069814","14.885258040773518","0.40560192552658225","7.982986187920358","-0.22233139570325794"
Motilal Oswal Nifty India Defence Index Fund,"Index Fund","Growth","4690.2166","1.9300000000000002","0","0","0","0","10.933647058823526","12.283158526478243","8.404381535744836"
Mahindra Manulife Mid Cap Fund,"Mid Cap Fund","Growth","4687.6675","1.41","0","28.727320022543328","20.977417674432797","25.6005467552201","2.8904426504988643","10.44590174802767","3.327854532673812"
Canara Rob Multi Cap Fund,"Multi Cap Fund","Growth","4679.3207","1.1900000000000002","0","0","0","0","-1.7952127659574442","3.5038542396636303","-4.64816010329245"
Tata Multi Asset Allocation Fund,"Multi Asset Allocation Fund","Growth","4668.595693114","4.279999999999999","0","17.576526774264295","14.667405067880445","16.220727624074406","-1.046901172529315","10.468651981252313","0.7363818546183201"
Motilal Oswal ELSS Tax Saver Fund,"Equity Linked Savings Scheme (ELSS)","Growth","4658.5171","3.42","18.49772743254072","28.723263722363075","20.09389671920736","24.453422955819626","8.630795048552985","7.026107807873937","0.7386362701664944"
UTI Retirement Fund,"Solution Oriented, Retirement Fund - Debt Oriented","Growth","4629.5697","-1.09","0","0","0","0","-2.406838242532299","0.3100969825970979","-2.4157327947620515"
Sundaram Services Fund,"Sectoral Fund - Service Industry","Growth","4624.4673379999995","3.74","0","20.53803981349016","17.256066861440566","16.582905091342393","-2.702795440088477","1.0150086456594858","-6.893564356435649"
BHARAT Bond FOF - April 2031,"FoFs (Domestic) - Debt Oriented","Growth","4580.5908","-0.54","0","8.33460456399951","6.016447694886473","6.56357147620803","-0.6217638874944453","2.4379606289317515","-0.3387368209081913"
Edelweiss Large & Mid Cap Fund,"Large & Mid Cap Fund","Growth","4531.148","1.46","16.50382074877792","21.45478960129141","16.180720066112485","18.408990333470477","-1.4053085195637287","5.568656274563845","-2.687494118754112"
Tata ELSS Fund,"Equity Linked Savings Scheme (ELSS)","Growth","4519.0854053689","2.2399999999999998","15.441618229862275","18.411782983831916","14.972613277120296","16.20412190546341","-2.396806019656713","4.6429395034207115","-2.9671063491348932"
SBI Innovative Opportunities Fund,"Thematic Fund","Growth","4503.5808","-0.6","0","0","0","0","0.2964974205810516","-0.49028587437906684","-8.181791065551772"
Mahindra Manulife Small Cap Fund,"Small Cap Fund","Growth","4461.5185","5.72","0","28.7930508826148","0","24.574078113010668","6.019699908135129","8.92716690262701","0.5853984486214757"
Bandhan Ultra Short Duration Fund,"Ultra Short Duration Fund","Growth","4458.3591","0.6799999999999999","0","7.4503597192150135","6.175007479347672","7.0886026843006045","1.3884464764188986","6.133417021360063","2.7906004825136392"
Canara Rob Mid Cap Fund,"Mid Cap Fund","Growth","4451.5878","2.44","0","24.510373829872837","0","21.41923793395084","2.919708029197078","9.958008398320315","-0.3262642740620026"
HDFC Silver ETF FoF,"FoFs (Domestic) - Silver","Growth","4433.9847","51.800000000000004","0","47.859117944100134","0","51.8403417375572","6.761225731863205","170.69391852949013","69.81078527802939"
Franklin U.S. Opportunities Equity Active FOF,"FoFs (Overseas)","Growth","4408.228748177","9.04","17.767693508226756","24.260447066598495","13.837010446769682","25.65327281294929","15.601681038343017","28.67804428384886","20.966413291219784"
Nippon India Silver ETF FOF,"FoFs (Domestic) - Silver","Growth","4380.298400000001","49.95","0","44.13621442762329","0","51.68761582184737","6.701384566074815","170.15545987418344","69.53191417725141"
Tata Overnight Fund,"Overnight Fund","Growth","4376.1912941488","0","0","6.4374244817618225","5.593275982049617","6.260790867462984","1.251998603664867","5.3993903475972775","2.5799494211577123"
HDFC Banking & Financial Services Fund,"Sectoral Fund - Banks & Financial Services","Growth","4369.8865000000005","3.01","0","19.27823552694156","0","13.995211609439284","-8.026195552848003","3.3603377453217838","-5.929695207435482"
Motilal Oswal S&P 500 Index Fund,"Index Fund","Growth","4365.1023","12.16","0","23.748080863110737","19.464296781057765","27.80942006685414","14.553514095739178","41.84742183425528","24.150858682231462"
BHARAT Bond ETF FOF - April 2032,"FoFs (Domestic) - Debt Oriented","Growth","4364.6574","-0.7000000000000001","0","8.357907661095398","0","6.460162507090406","-0.9886111386572887","1.773630768024453","-0.49218408604789493"
UTI Children's Hybrid Fund-Scholarship-Direct plan,"Solution Oriented - Children's Fund","Growth","4329.9662","-1.97","0","0","0","0","-2.433988916657601","-1.7736677436058204","-3.6447838145271434"
UTI Children's Hybrid Fund,"Solution Oriented - Children's Fund","Growth","4329.9662","-1.97","0","0","0","0","-2.433988916657601","-1.7736677436058204","-3.6447838145271434"
SBI Healthcare Opp Fund,"Sectoral Fund - Pharma & Health Care","Growth","4323.2853000000005","-0.22999999999999998","14.457222773403554","28.991261734828313","17.20385699419427","28.640662445845642","11.272116738896877","13.236096388414001","8.71121824145179"
Franklin India Money Market Fund,"Money Market Fund","Growth","4309.4510721139995","0.7100000000000001","6.809819462640254","7.642158366863478","6.361053427018781","7.314014045977135","1.242084212865237","6.124651357787951","2.7461975292866305"
SBI Technology Opp Fund,"Sectoral Fund - Technology","Growth","4240.4042","1","16.453591940834045","18.121037277378765","12.174367359844451","11.402165872137694","-5.341446804925655","-9.278064375316191","-16.886489252104923"
HSBC Overnight Fund,"Overnight Fund","Growth","4223.1575","-0.06","0","6.71037806918917","5.59965984309414","6.246201330159673","1.2440988570692002","5.374424874097834","2.567026624632919"
Kotak US Specific Equity Passive FOF,"FoFs (Overseas)","Growth","4214.6084","16.950000000000003","0","34.24222335585604","23.56276132445869","35.40232646186063","24.707902141256145","55.21046355400395","28.96616347520433"
DSP Ultra Short Fund,"Ultra Short Duration Fund","Growth","4166.767199999999","0.06","6.449761843831592","7.535449587932685","6.378778008075958","7.338774587079477","1.491257066410808","6.3252373237663235","2.8850918622815236"
UTI Small Cap Fund,"Small Cap Fund","Growth","4163.6796","2.56","0","21.457316838606395","18.346109683863034","18.597067895027397","6.427153257067223","6.492798813298916","0.1498225972334343"
UTI Ultra Short Duration Fund,"Ultra Short Duration Fund","Growth","4126.0427","0.7799999999999999","6.639202273142031","7.500822772309839","6.92747599896073","7.261480810461274","1.386792793321267","6.3075093985106205","2.8619702258056843"
Mirae Asset Small Cap Fund,"Small Cap Fund","Growth","4123.4249","3.83","0","0","0","0","2.2608695652173894","10.256891055690975","-1.5240328253223947"
Bajaj Finserv Money Market Fund,"Money Market Fund","Growth","4116.5821000000005","0.72","0","0","0","0","1.2490244193976925","6.131504418609356","2.7047371666581714"
Kotak Focused Fund,"Focused Fund","Growth","4081.4945000000002","3.7900000000000005","0","19.445192486038508","15.24029711876449","17.110634856926875","-4.638712466331924","8.562992125984254","-3.5450020180277093"
HSBC Banking and PSU Debt Fund,"Banking & PSU Fund","Growth","4019.3797999999997","0.15","6.928054606087097","7.500195553348325","5.444414254340901","6.637132330055251","0.14470085082588882","3.883476120678168","0.9902159501348669"
Mirae Asset Great Consumer Fund,"Sectoral Fund - Consumption","Growth","4018.2688","0.25","16.998685253089185","19.873831568150447","15.101616356877479","13.566414240301516","-3.7075636142289374","-1.6457222525764454","-9.511882269331446"
Mirae Asset Money Market Fund,"Money Market Fund","Growth","4016.0566999999996","0.6799999999999999","0","7.5547893013049485","0","7.295913878711224","1.2237311013880692","6.046632814865392","2.625391434364611"
Invesco India Multicap Fund,"Multi Cap Fund","Growth","3995.4009","-1.09","15.14269061466531","21.25854986155857","14.28996672946008","16.31736215628683","-0.676956404007582","-2.776489298257238","-6.0631282412446375"
Motilal Oswal Multi Cap Fund,"Multi Cap Fund","Growth","3993.9108","-1.63","0","0","0","0","2.7770435339821398","-3.701479991594367","-10.349694323144098"
Nippon India Dynamic Bond Fund,"Dynamic Bond Fund","Growth","3975.7202","-0.38999999999999996","7.0808059213128605","8.360081748906874","6.030713855173975","6.876307041127783","-0.2687132694092093","2.5317933722712644","0.8937651568489414"
Mirae Asset Flexi Cap Fund,"Flexi Cap Fund","Growth","3959.6763","2.45","0","18.00781091177557","0","15.937268375667447","-3.0743762563556998","5.522657054582896","-4.441594777337378"
Nippon India Aggressive Hybrid Fund,"Aggressive Hybrid Fund","Growth","3958.2052000000003","0.75","11.041998870726054","17.178683884220252","13.115372969035356","13.73714641866619","-3.487071517863013","1.86893983454718","-4.195097419720367"
HSBC ELSS Tax saver Fund,"Equity Linked Savings Scheme (ELSS)","Growth","3938.6013000000003","2.12","14.637819898593252","22.36789758685932","14.921448511740776","18.211079458351854","-1.0528493178280036","3.538905323141749","-3.43448097511287"
Navi Nifty 50 Index Fund,"Index Fund","Growth","3919.793444","0.52","0","14.440815896506578","0","10.146526400351918","-7.4125982561398835","-3.176414823684963","-9.535103258589336"
Abakkus Flexi Cap Fund,"Flexi Cap Fund","Growth","3901.185","14.030000000000001","0","0","0","0","1.8667461026710417","0","0"
Edelweiss US Technology Equity FOF,"FoFs (Overseas)","Growth","3897.3331","16.830000000000002","0","34.21081164652213","18.952597123354952","35.31565615076999","25.06600346709627","46.29845259805167","21.257060049769247"
HSBC Short Duration Fund,"Short Duration Fund","Growth","3869.8199","0.22","7.009152035585475","7.772205839499865","5.913575654885328","6.9824044710808275","0.24672013414977645","4.131552928494683","1.1854965697597764"
Axis Greater China Equity FoF,"FoFs (Overseas)","Growth","3858.8551","18.3","0","14.433003441371019","6.605811038828335","20.80251409841911","10.4895104895105","55.47355473554735","23.076923076923087"
SBI Silver ETF FOF,"FoFs (Domestic) - Silver","Growth","3849.9663","51.559999999999995","0","0","0","0","6.9480130668425115","175.28996322417643","71.1606693393337"
SBI Dynamic Bond Fund,"Dynamic Bond Fund","Growth","3825.5546000000004","-0.1","7.962443610169201","8.433420542770197","6.549490984874051","7.013576341866923","0.98143786017072","2.469342336724822","1.801021384610743"
Baroda BNP Paribas Money Market Fund,"Money Market Fund","Growth","3813.2778999999996","0.72","0","7.386942731736331","6.13417664130429","7.123905714921075","1.2909366819067125","6.157572147685059","2.6740908256862865"
UTI Transportation & Logistics Fund,"Thematic Fund","Growth","3810.9251","1.83","13.690389491389986","26.790992323313088","19.17531044836247","20.436995664248393","-7.0585289962625835","7.85907334171276","-8.137792074657995"
Aditya Birla SL Digital India Fund,"Sectoral Fund - Technology","Growth","3798.7853999999998","-2.82","16.14531191270625","14.957281676435064","8.868930719203805","8.146763136668644","-4.602679602679602","-11.259736771420902","-17.052473010293753"
ICICI Pru Commodities Fund,"Thematic Fund","Growth","3789.0617706188","1.04","0","22.239412115115698","18.97629621975161","22.237087701705004","2.170481452249411","19.28127159640637","9.796437659033089"
Axis Balanced Advantage Fund,"Balanced Advantage Fund","Growth","3763.9754","0.6","0","16.40726179652647","11.679008124313661","13.598845903983792","-2.775476387738201","1.777970511708587","-3.2164948453608293"
Altiva Hybrid Long-Short Fund,"Balanced Hybrid Fund","Growth","3761.2089","4.32","0","0","0","0","2.1180365099069487","0","5.046525440506833"
UTI Dividend Yield Fund,"Dividend Yield Fund","Growth","3750.4971","0.53","15.175977057207701","22.595068711171685","15.028179592769963","18.30204083409306","-4.4301119616578335","1.665537397190556","-4.314295652598432"
SBI Banking and PSU Fund,"Banking & PSU Fund","Growth","3747.8907","0.08","7.168384349262102","7.848489076615735","5.917910492380618","6.888308995080927","0.3807718597486792","3.850279696682939","1.1220108523965397"
HDFC Medium Term Debt Fund,"Medium Duration Fund","Growth","3746.2909999999997","0.63","7.686052580838876","8.258564549919315","6.6231817109591695","7.429861941479565","0.5437525053644279","4.672845193694039","1.7907445308446666"
Tata Ethical Fund,"Thematic Fund","Growth","3703.8356954901997","-0.7100000000000001","12.484762914334224","13.722525653829875","10.669892222571287","9.258918074940237","-3.002098727370421","-3.330858679895464","-6.467409617033843"
Nippon India Index Fund-Nifty 50 Plan,"Index Fund","Growth","3663.3602","0.6","12.735621775362759","14.343743641632349","10.724412516759951","10.127249698546015","-7.403883892766343","-3.1707757749608017","-9.525407408488109"
DSP Dynamic Asset Allocation Fund,"Dynamic Asset Allocation Fund","Growth","3661.2606","1.2","10.330739605149075","13.817943389409535","9.61810977903328","12.126716155679773","-1.1893144669431586","4.1429627486902625","-1.1772599731608995"
Franklin India Liquid Fund-Super,"Liquid Fund","Growth","3635.4415933220002","-0.05","6.1990165065572755","7.072494346525563","6.128306891816715","6.986614034973204","1.5913572095032023","6.257209402724624","3.1218178521456035"
Tata Flexi Cap Fund,"Flexi Cap Fund","Growth","3633.286898017","0","0","18.659485211113044","12.824442859450325","15.190426399980318","-4.663013978463237","-0.5180538532396408","-5.865212489689772"
Bandhan CRISIL IBX Gilt April 2028 Index Fund,"Index Funds - Debt Oriented","Growth","3630.24","0.5499999999999999","0","8.154463748195779","6.197532276223461","7.217677165372183","0.7677529111547777","5.247074321426371","2.244758262525844"
Tata Aggressive Hybrid Fund,"Aggressive Hybrid Fund","Growth","3608.2292566970996","-0.19","10.906850219821385","13.332407511433455","11.014669672023313","9.903188953521692","-4.948929558932937","-0.44365498250003893","-5.839665292050371"
ICICI Pru US Bluechip Equity Fund,"Thematic Fund - Global","Growth","3607.424506023","0.9199999999999999","15.86315101766267","17.53509513882734","12.624855869115393","15.61997382978939","0.08352225271446508","22.595732242034483","11.795281887245094"
Sundaram Small Cap Fund,"Small Cap Fund","Growth","3562.9142000751904","3.32","16.099710967185075","23.836048795303277","19.46286118508558","21.265479911679307","7.313769989972039","11.119446324826558","3.498416428019513"
DSP Equity Savings Fund,"Equity Savings","Growth","3541.4099","-0.2","9.381817047072794","11.27007781591329","8.904534468177294","9.983326074080434","-0.5670247174859221","2.7438521208120115","-0.38803104248340387"
Aditya Birla SL Banking & Financial Services Fund,"Sectoral Fund - Banks & Financial Services","Growth","3541.0872","2.35","14.315341567979978","18.393224768527258","12.922691263536557","13.314956383024668","-7.590262582056908","1.7620481927710654","-6.979625550660803"
Kotak Pioneer Fund,"Thematic Fund","Growth","3495.2981","4.52","0","21.933389848695562","17.758715100461806","22.566248935831233","5.880462724935727","12.293583666387818","2.0497226680181164"
Magnum Hybrid Long Short Fund,"Balanced Hybrid Fund","Growth","3461.982","2.3800000000000003","0","0","0","0","0.5849837884292427","0","2.006556467826762"
Mirae Asset Arbitrage Fund,"Arbitrage Fund","Growth","3460.7540000000004","0.24","0","7.734430060521501","6.6147561233731444","7.53441485704216","1.3773517926872492","6.615396102441568","3.149606299212598"
UTI ELSS Tax Saver Fund,"Equity Linked Savings Scheme (ELSS)","Growth","3437.8678000000004","-0.91","13.117782650140608","15.757548470464215","11.17484519514431","12.078386140159836","-5.210324696888104","-2.5476191321828194","-7.341127961293075"
HDFC Long Duration Debt Fund,"Long Duration Fund","Growth","3435.9258","-0.8699999999999999","0","7.65212732342232","0","4.890184713626922","-0.8049768140552491","-3.514706816593613","-0.9747510146864672"
NJ Balanced Advantage Fund,"Balanced Advantage Fund","Growth","3435.232504","0.5599999999999999","0","13.747359599617887","0","11.323183606965914","-0.2807017543859589","1.3552068473609222","-1.456310679611644"
Kotak Nifty SDL Apr 2032 Top 12 Equal Weight Index Fund,"Index Funds - Debt Oriented","Growth","3427.7308000000003","-0.6","0","8.499275979207214","0","6.638623299069701","-0.7881136950904386","1.3367385752323002","0.27268258211201474"
WOC Multi Cap Fund,"Multi Cap Fund","Growth","3421.3639000000003","2.7","0","0","0","0","0.7692800820565371","7.6348945494385125","-4.006106870229011"
Motilal Oswal Nifty Midcap 150 Index Fund,"Index Fund","Growth","3408.0978999999998","0.8200000000000001","0","25.90112043748075","19.34791027968876","23.057016441425617","2.4433064737546037","9.160034892303557","0.3627542672980692"
Franklin India Large & Mid Cap Fund,"Large & Mid Cap Fund","Growth","3399.218213682","-0.54","12.56435508726954","18.593142824071204","12.944438368326349","15.149888075682627","-3.0213865434303275","-0.002330065127791923","-7.397795338634645"
DSP Banking & PSU Debt Fund,"Banking & PSU Fund","Growth","3387.7908","-0.29","7.076753222811982","7.649399156574685","5.733360335764326","6.564681039680842","-0.2490063128361012","2.310142645313166","0.3638459457446117"
Aditya Birla SL MNC Fund,"Thematic Fund - MNC","Growth","3352.8921","-5.390000000000001","9.102053865309333","14.701025530061694","7.49543263212995","11.70694491668356","-2.3345925226376236","-2.1000535976556294","-6.8186937683022215"
Parag Parikh Conservative Hybrid Fund,"Conservative Hybrid Fund","Growth","3344.4903000000004","0.18","0","11.95465432414545","0","10.351762786368933","-0.8412111421034708","3.3423875512177066","0.7269463764864169"
Mirae Asset Multi Asset Allocation Fund,"Multi Asset Allocation Fund","Growth","3341.5981","5","0","0","0","0","-1.1309140362178762","14.697334551191576","4.24905660377359"
Kotak Floating Rate Fund,"Floating Rate Fund","Growth","3329.3034000000002","0.6","0","8.320822753818112","6.645178441811717","7.696437608919471","0.3866599534339088","5.399818297156974","1.8187560178320616"
Edelweiss Flexi Cap Fund,"Flexi Cap Fund","Growth","3320.4741999999997","2.02","16.674744214442015","22.167952139421544","16.071871336399045","18.03289205996821","-3.848165257561242","4.085483794876632","-4.509846353603123"
Edelweiss Aggressive Hybrid Fund,"Aggressive Hybrid Fund","Growth","3308.903","1.3","14.343759828081627","19.886095507139093","15.868464307771335","16.546585394512682","-1.629273504273503","3.440528015728132","-2.6562706488701004"
Aditya Birla SL Nifty SDL Apr 2027 Index Fund,"Index Funds - Debt Oriented","Growth","3289.0602000000003","0.5599999999999999","0","7.809949953177144","0","7.229101668315163","1.2376601188957683","5.9119435817805375","2.737942071735653"
ICICI Pru Regular Savings Fund,"Conservative Hybrid Fund","Growth","3288.9413907945","0.72","10.098588916819695","11.221919916452142","9.27721959821659","10.203624364354491","-0.06671998065818126","4.602832193910005","0.11446803803179571"
Sundaram Multi Asset Allocation Fund,"Multi Asset Allocation Fund","Growth","3276.66795","3.42","0","0","0","0","-3.5580644016047214","11.017205443622535","0.37022531277019044"
HDFC Hybrid Debt Fund,"Conservative Hybrid Fund","Growth","3261.0712","-0.53","9.137478688782208","10.956653363050208","8.700601086948279","8.480175246467315","-1.9763721884046035","0.07508219614853105","-1.6301771492119836"
Quant Large & Mid Cap Fund,"Large & Mid Cap Fund","Growth","3249.4649","2.01","17.06662672174144","21.681982306187898","17.92600054065039","20.299592641586607","11.585460664165954","6.889155827217186","3.667784836616013"
DSP Short Term Fund,"Short Duration Fund","Growth","3245.4344","0.24","7.04812619809887","7.804927425228178","6.011215897019406","6.945383698724683","0.11109988890011623","3.951797215873682","1.0428647814830936"
Bandhan Multi Asset Allocation Fund,"Multi Asset Allocation Fund","Growth","3240.2929","6.4","0","0","0","0","1.1199620871577236","19.738231993133954","7.21178713405352"
Aditya Birla SL CRISIL-IBX Financial Services 3 to 6 Months Debt Index Fund,"Index Funds - Debt Oriented","Growth","3232.2718","0.86","0","0","0","0","1.6402057863583657","6.528482388752004","3.074247566688182"
Franklin Build India Fund,"Sectoral Fund - Infrastructure","Growth","3213.952361822","2.12","19.202481282342234","32.23545680146092","23.554096289115133","25.589388597042873","-3.569899985887439","5.681400402128793","-1.063639136508277"
Motilal Oswal Large Cap Fund,"Large Cap Fund","Growth","3170.7534","0.66","0","0","0","0","-5.263047314900412","-1.37504647890404","-8.247814261393307"
SBI Quant Fund,"Thematic Fund","Growth","3146.2065999999995","0.97","0","0","0","0","-8.350709119939896","2.310878112712972","-3.9226883806110546"
Edelweiss Greater China Equity Off-shore Fund,"FoFs (Overseas)","Growth","3143.4411","22.34","15.415442187782613","15.236430761420497","5.350509709466023","22.935157571125565","17.931494450002386","63.50006604728987","30.61486510253615"
DSP Healthcare Fund,"Sectoral Fund - Pharma & Health Care","Growth","3142.3571","4.760000000000001","0","25.875699134247455","15.919581579324626","25.29149156997117","10.525167297061394","11.267055578608215","4.500022924212556"
Tata ST Bond Fund,"Short Duration Fund","Growth","3141.8457967230997","0.29","6.583806699581851","7.837263388030741","6.143212252461727","6.957793894661712","0.49446801370138604","4.082234064458119","1.4399178136667914"
HSBC Ultra Short Duration Fund,"Ultra Short Duration Fund","Growth","3117.8071","0.7100000000000001","0","7.4156262474524715","6.282474211121025","7.150824828841662","1.3664426860545718","6.116918448374947","2.774039352104314"
Tata Corp Bond Fund,"Corporate Bond Fund","Growth","3115.6172254489","0.08","0","8.011740009383542","0","6.983028200771457","0.028316037591441533","3.306144385956581","0.9398554306190443"
Quant Large Cap Fund,"Large Cap Fund","Growth","3112.325","3.93","0","19.37877946579815","0","17.258350948303814","0.05995884929500496","5.143884176388277","-2.612568339578598"
UTI Low Duration Fund,"Low Duration Fund","Growth","3108.335","0.6","6.096177032658501","7.545398473057967","7.33327868984992","7.159983835270944","1.0508658266498292","5.837783245613443","2.3853727351457943"
Aditya Birla SL Medium Term Plan,"Medium Duration Fund","Growth","3097.7547999999997","1.77","9.207628340034768","11.336768164572339","12.488373898042582","10.080694648184485","0.6478176494030714","7.670474292731521","3.7184594953519188"
Quant Infrastructure Fund,"Sectoral Fund - Infrastructure","Growth","3072.9257000000002","2","21.381193733557158","24.57016334643293","21.339230193461912","21.6865387335468","7.62342107207052","8.618594514536195","3.001260736883039"
ICICI Pru Bharat Consumption Fund,"Sectoral Fund - Consumption","Growth","3064.8798716902","-0.19","0","18.916042751153217","14.986536886273182","14.036251624804352","-2.8019689511548598","-1.9480519480519405","-8.386866523911484"
Kotak Business Cycle Fund,"Thematic Fund","Growth","3064.2785","2.18","0","20.934842938482088","0","17.659581671104196","-0.6424613933749956","4.701863354037253","-3.5143952836128487"
Nippon India Retirement Fund-Wealth Creation,"Solution Oriented, Retirement Fund - Equity Oriented","Growth","3055.8208","1.08","12.4974154145592","20.30457005346203","14.601751434562061","16.030910272524658","-4.000353581999009","-0.10530355653245929","-5.108149719344019"
Tata Banking & Financial Services Fund,"Sectoral Fund - Banks & Financial Services","Growth","3043.1782723971996","2.3800000000000003","16.62526977426344","20.267800537240163","13.959443318785825","14.758034099374019","-7.995833588628147","1.8938225605468015","-6.711322214629025"
Nippon India Nifty Smallcap 250 Index Fund,"Index Fund","Growth","3031.6202000000003","1.13","0","24.84021861472968","16.405879306055727","19.634602732423435","4.427691889310859","2.0374175408240447","-1.5593048558738472"
JioBlackRock Flexi Cap Fund,"Flexi Cap Fund","Growth","3030.8168437229997","0.9299999999999999","0","0","0","0","-4.94088669950739","0","-6.142996108949408"
SBI Retirement Benefit Fund-Aggressive Plan,"Solution Oriented, Retirement Fund - Equity Oriented","Growth","3013.3531","-0.21","0","16.01108150220056","13.739583375131325","10.9029155229305","-4.245513024887005","-1.6152652927517808","-6.58778220937466"
Nippon India Nifty AAA CPSE Bond Plus SDL - Apr 2027 Maturity 60:40 Index Fund,"Index Funds - Debt Oriented","Growth","2989.3083","0.6","0","7.67239645487326","0","7.200155811757991","1.286133188682662","5.871283711604525","2.64665344136651"
ICICI Pru Equity Minimum Variance Fund,"Thematic Fund","Growth","2984.562971887","2.03","0","0","0","0","-4.864864864864857","1.2464046021093076","-5.461056401074301"
Motilal Oswal Nifty 500 Index Fund,"Index Fund","Growth","2970.7431","0.77","0","17.536289980936733","12.875786927549825","14.330206383177746","-3.417477156147148","0.8330422164297512","-5.65710406557212"
LIC MF Large & Midcap Fund,"Large & Mid Cap Fund","Growth","2958.4924","-1.21","16.082002105973903","20.312576885573726","14.719459872266217","17.07641132649411","-3.6594622757610877","-0.8782550428614475","-5.770134736786613"
Edelweiss Gold and Silver ETF FoF,"FoFs - Gold","Growth","2945.8628999999996","35.85","0","40.490672602135405","0","44.73967546419617","4.640085180307654","117.00854204195478","50.14876165969765"
Axis Gold Fund,"FoFs - Gold","Growth","2941.9494","23.69","16.871900574087896","32.73919413308583","25.258170491252564","35.96729836193493","2.0727348996738786","66.09138482540787","28.562844785164867"
Mirae Asset Healthcare Fund,"Sectoral Fund - Pharma & Health Care","Growth","2939.2311","1.9300000000000002","0","25.78525535112802","16.85909744846812","29.72360543536583","12.728459530026113","18.778708457173746","11.896332292028225"
ITI Small Cap Fund,"Small Cap Fund","Growth","2936.5071000000003","4.34","0","31.15031504464098","18.411184321004413","27.0669538004952","8.678962980385998","10.320573829476071","3.7754389029609463"
SBI Consumption Opp Fund,"Sectoral Fund - Consumption","Growth","2932.5099","-2.32","15.391988933190937","17.529535830775718","15.096287508573326","10.74801060308559","-3.0078137234577134","-6.665537636183319","-8.346045823594604"
ICICI Pru Bharat 22 FOF,"FoFs (Domestic) - Equity Oriented","Growth","2923.66058297","1.52","0","31.469350836282395","25.633320069386368","24.313789617362236","-4.899906166256081","10.405005352562803","2.4487512999705836"
JioBlackRock Money Market Fund,"Money Market Fund","Growth","2923.212867196","0.58","0","0","0","0","1.1708994522368141","0","2.660128861558618"
Old Bridge Focused Fund,"Focused Fund","Growth","2905.6984","4.88","0","0","0","0","2.5416997617156496","7.6730608840700585","3.032721468475665"
Kotak Debt Hybrid Fund,"Conservative Hybrid Fund","Growth","2902.1334","-0.03","10.307985116908558","11.81111639842964","9.42275228928402","9.542402577571174","-1.601514190467075","0.8100709924853401","-1.3728475773405997"
DSP Corp Bond Fund,"Corporate Bond Fund","Growth","2894.5908","0.53","0","7.622660315603205","5.786889593775646","7.081000723725128","1.0555871481376196","5.513223324509543","2.227335646358786"
ICICI Pru Income plus Arbitrage Omni FOF,"FoFs (Domestic) - Hybrid","Growth","2890.0186229532997","0.67","9.535884589250077","12.21566529927468","10.037785691985569","10.97335357062219","1.0054694778977997","5.543327528985451","2.2645585522896887"
Sundaram Large Cap Fund,"Large Cap Fund","Growth","2889.3237664641997","-0.72","0","14.693593132008138","11.377414855086233","10.505958233471313","-6.66256380240836","-2.816775182265872","-7.8855604116495295"
UTI Balanced Advantage Fund,"Dynamic Asset Allocation Fund","Growth","2877.6501000000003","0.18","0","0","0","0","-4.601365372470002","-0.7105296106172513","-5.816508313539192"
Baroda BNP Paribas Multi Cap Fund,"Multi Cap Fund","Growth","2860.9176","2.13","15.839920537624263","21.925851959094317","17.254839549965205","18.351495762855286","1.4789090255896795","5.5071691924196156","-2.001181884949069"
Tata Multicap Fund,"Multi Cap Fund","Growth","2853.9455948340997","3.4299999999999997","0","14.112729845246648","0","14.342513220894437","0.6195778800283768","9.020329588965746","-0.016814222245222794"
Edelweiss Multi Cap Fund,"Multi Cap Fund","Growth","2846.758","2.26","0","0","0","0","-0.27153742204401526","5.905933556563157","-1.3499096294808692"
HSBC Multi Asset Allocation Fund,"Multi Asset Allocation Fund","Growth","2844.3259000000003","9.06","0","0","0","0","0.25644688906350327","21.79161206904033","5.994169712714869"
JM Liquid Fund,"Liquid Fund","Growth","2835.050253765","0.16","6.121212182003477","6.992647463738745","6.081821163576673","6.899514089509329","1.5699316140947301","6.158042339513392","3.0768457679280123"
Sundaram Multi Cap Fund,"Multi Cap Fund","Growth","2806.7063460574504","-0.73","15.992503392567258","19.89532978181636","15.521733098353497","15.957996273342246","-4.323528352397399","0.3851504442542903","-7.398979803883656"
Franklin India Balanced Advantage Fund,"Dynamic Asset Allocation Fund","Growth","2788.55494864","0.35000000000000003","0","15.325173267326946","0","12.497640591356163","-3.0862710109344804","0.38044358102638826","-3.9618976321546873"
ICICI Pru NASDAQ 100 Index Fund,"Index Fund","Growth","2773.1963012779997","5.16","0","31.87859931196754","0","35.571897589415855","24.698278038680996","55.08189308681672","32.963601119965546"
Franklin India Multi Asset Allocation Fund,"Multi Asset Allocation Fund","Growth","2764.5771861420003","5.34","0","0","0","0","-3.0161261740209016","0","3.327637801965439"
DSP Multicap Fund,"Multi Cap Fund","Growth","2730.9008000000003","0.86","0","0","0","0","0.4968532626697476","2.5346400811084737","-3.797066983749512"
Canara Rob Focused Fund,"Focused Fund","Growth","2725.4082","0.91","0","20.3424738915594","15.188417592094282","15.569790508582093","-6.175115207373272","-0.19607843137254485","-8.576560395150427"
Parag Parikh Dynamic Asset Allocation Fund,"Dynamic Asset Allocation Fund","Growth","2709.3059000000003","-0.13999999999999999","0","0","0","0","-0.3709224232456169","2.795651405338519","0.9925321292115323"
ICICI Pru Bond Fund,"Medium to Long Duration Fund","Growth","2700.1880733228","-0.06","7.40794540243479","8.247695555608328","6.096084516140343","6.786467546162478","0.11431089809804279","1.8506539755783826","0.7158493668196944"
UTI Short Duration Fund,"Short Duration Fund","Growth","2696.9234","0.33","6.544354870187052","8.009738231558662","7.372618842567191","7.1619156890635916","0.4228970160043754","4.36219588605434","1.405756329798749"
Mahindra Manulife Large & Mid Cap Fund,"Large & Mid Cap Fund","Growth","2688.1293","0.6","0","20.433103490475762","15.909301231510465","17.06996054121477","-2.052707809612594","3.3205018334059306","-3.75939357654394"
Tata Large Cap Fund,"Large Cap Fund","Growth","2687.5774197392","1.7000000000000002","13.415051859398751","17.215814327296076","12.960240312224336","13.559754731599005","-4.9821149707016925","0.7560536550092302","-5.813709333411054"
UTI MNC Fund,"Thematic Fund - MNC","Growth","2662.1304","-3.46","11.277886799127756","14.961646227079044","11.152665928807192","12.20906803729289","-1.665685826957872","2.9195268256307023","-5.241364963682579"
Motilal Oswal Gold and Silver Passive FoF,"FoFs - Gold","Growth","2652.4195","32.519999999999996","0","38.17192265915206","0","40.61628153031447","3.126152625428897","92.412098080037","40.29837529675187"
Bandhan Nifty 50 Index Fund,"Index Fund","Growth","2652.0794","-0.02","12.939456026186091","14.580079577683948","10.761262385098735","10.124041271631024","-7.430879930523937","-3.211575789659431","-9.556231921895721"
Axis Consumption Fund,"Sectoral Fund - Consumption","Growth","2639.452899","-0.43","0","0","0","0","-4.766949152542366","-2.7056277056277054","-9.648241206030143"
HDFC Innovation Fund,"Thematic Fund","Growth","2621.1952","4.2299999999999995","0","0","0","0","3.561126032030227","0","-1.1676476172394257"
SBI CRISIL IBX Gilt Index - June 2036 Fund,"Index Funds - Debt Oriented","Growth","2616.4105","0.29","0","8.888660217304627","0","6.771028229274045","-0.5723401681485472","0.7407691129155832","0.4468309375047772"
HDFC Business Cycle Fund,"Thematic Fund","Growth","2603.9575","1.1199999999999999","0","16.355639204714315","0","12.645632500489201","-1.6095499966467723","1.4591977869986066","-5.23222014081778"
ICICI Pru Transportation and Logistics Fund,"Thematic Fund","Growth","2593.5342673222","2.82","0","30.745475685278084","0","23.553700656689447","-6.688043976179557","10.52631578947369","-5.999077065066915"
Edelweiss Multi Asset Allocation Fund,"Multi Asset Allocation Fund","Growth","2591.8997","0.31","0","0","0","0","0.9727339719970544","5.531689116333201","2.5658513053820386"
Tata India Consumer Fund,"Sectoral Fund - Consumption","Growth","2590.643963953","2.4899999999999998","17.863734706131716","21.107135073670356","16.363605866698737","17.591620931275465","3.639163346532939","3.7834332955098153","-4.661106075017732"
Baroda BNP Paribas Large Cap Fund,"Large Cap Fund","Growth","2578.6728","1.53","14.15052305016966","18.760891513284754","13.8278088380005","15.057336309723969","-3.6255549172093984","1.156597910150555","-4.404084211582767"
Bandhan Multi Cap Fund,"Multi Cap Fund","Growth","2551.6677","0.44999999999999996","0","21.275628597612577","0","16.86695739126687","-1.5570367132867142","2.9539481202148297","-3.440330100209008"
NJ Flexi Cap Fund,"Flexi Cap Fund","Growth","2536.008467","-0.8099999999999999","0","0","0","0","-1.7764618800888248","-1.849112426035503","-4.463642908567322"
HSBC Arbitrage Fund,"Arbitrage Fund","Growth","2532.4467999999997","0.19","6.366433571988561","7.5835682984915485","6.4823009052617175","7.377787618320486","1.3892235941199007","6.50647023493381","3.086805288646331"
DSP Nifty 50 Equal Weight Index Fund,"Index Fund","Growth","2522.5117999999998","0.41000000000000003","0","19.051137466978986","14.686899172423583","16.302906534164173","-3.175048665608786","5.3077916487300945","-2.9060390334371244"
DSP Focused Fund,"Focused Fund","Growth","2489.7638","-0.61","13.120491143562884","20.99225128495335","12.589777713944628","16.599164541356636","-5.831231626801169","-2.151560674344841","-7.226169940019301"
Tata Treasury Advantage Fund,"Low Duration Fund","Growth","2460.2902987951","-0.11","6.261506082768786","7.5172432508400195","6.234233708486303","7.14107155811099","1.0766552500678068","5.792816700982165","2.423066891168592"
Kotak Multi Asset Omni FOF,"FoFs (Domestic) - Hybrid","Growth","2451.3195","5.79","15.890874453778991","20.95468690143505","17.288638485582975","17.82382837196743","-3.1806638370420504","11.319383187951239","0.12304640869772072"
Nippon India Innovation Fund,"Thematic Fund","Growth","2445.9545000000003","1.91","0","0","0","0","-1.0635485935282873","3.8113171742827308","-5.540022712632082"
Nippon India Consumption Fund,"Sectoral Fund - Consumption","Growth","2442.8641000000002","-1.52","14.053214529149894","18.946493811419927","15.958318015655859","13.49265076394679","-2.8948607330157854","-5.392427256018988","-9.720820763890167"
Kotak Gilt Fund-PF&Trust,"Gilt - Short & Mid Term Fund","Growth","2441.6095","-0.98","7.369436904349058","7.383062604266121","5.362526368844067","5.418360014488788","-0.16791339203989475","-2.7006336957381523","-0.10151890327098162"
Kotak Gilt Fund,"Gilt - Short & Mid Term Fund","Growth","2441.6095","-0.98","7.366533529864938","7.37556554184542","5.360829792460087","5.411503881226465","-0.1679186675127214","-2.7006370802872395","-0.10157604616857382"
Motilal Oswal Arbitrage Fund,"Arbitrage Fund","Growth","2432.9865","1.11","0","0","0","0","1.5326445938859712","7.306615330766539","3.3757013197456076"
Kotak Dynamic Bond Fund,"Dynamic Bond Fund","Growth","2432.3675","0.05","7.974516833511047","8.278819885656878","6.358340221470571","7.203036183872746","0.4907477093263505","2.0022166012276226","1.355262365202715"
ICICI Pru Housing Opp Fund,"Thematic Fund","Growth","2423.5338616079","-1.09","0","20.15320742621769","0","16.297696931583072","-3.5772357723577244","1.48317170564745","-3.5772357723577244"
HDFC Infrastructure Fund,"Sectoral Fund - Infrastructure","Growth","2416.4764","1.59","13.678823993087885","32.479623788156076","23.367801976736935","24.13957020733335","-2.7556227556227526","-0.3621293983229821","-4.302055240398033"
HSBC Infrastructure Fund,"Sectoral Fund - Infrastructure","Growth","2412.9341","1.59","18.32127516444921","27.75387996242898","22.303150609232645","22.350382036027327","4.774619365484134","8.360563227329044","4.688445534407847"
Kotak Manufacture in India Fund,"Thematic Fund","Growth","2400.8889","0.89","0","24.20886245737222","0","23.063327839468627","1.1430452984618211","13.40717299578058","2.841017792232627"
HDFC Income Plus Arbitrage Active FOF,"FoFs (Domestic) - Hybrid","Growth","2389.9431","0.24","12.608670445646819","14.029313176930632","11.81832015510269","11.50649215024837","0.6395098518780743","4.4930382131764866","1.727363247561387"
Baroda BNP Paribas Mid Cap Fund,"Mid Cap Fund","Growth","2389.1825","2.53","17.844456310730305","24.150249238884577","19.350138983869925","23.148333597857572","3.8529308582121797","13.886756404689534","3.8031153456776825"
Kotak Infra & Eco Reform Fund,"Sectoral Fund - Infrastructure","Growth","2373.0153","0.77","17.589843373440406","25.924376495825282","22.69314002824634","19.50566427446143","-0.7983299595141703","5.449386069906003","0.1328139965519433"
Mirae Asset NYSE FANG+ETF FoF,"FoFs (Overseas)","Growth","2370.4853","14.069999999999999","0","59.15063413034959","32.983135075372935","51.60829401488225","26.167136380345553","41.35777045579352","15.811376992942094"
Tata Business Cycle Fund,"Thematic Fund","Growth","2366.3371213190003","1.52","0","22.48158802653177","0","18.016571670734074","0.00401431101879043","2.5929434051622176","-2.5795319007488775"
Motilal Oswal Nifty Microcap 250 Index Fund,"Index Fund","Growth","2344.6372","1.47","0","0","0","0","5.794809433498627","0.030978934324671695","-2.107589069687444"
DSP Natural Res & New Energy Fund,"Sectoral Fund - Energy & Power","Growth","2342.6034","10.299999999999999","20.823523043480407","24.83919989131421","19.1362843950875","26.05889624004092","3.269714332824926","27.86170712287937","16.040427621218015"
Nippon India Nifty Midcap 150 Index Fund,"Index Fund","Growth","2336.7986","0.76","0","25.646881882574334","19.101165545100642","22.793739828965375","2.4068917095952185","9.010597739372857","0.29281558798759755"
SBI Dynamic Asset Allocation Active FoF,"FoFs (Domestic) - Hybrid","Growth","2322.3683","-0.1","0","0","0","0","-1.433853900318629","0","-2.017792550591442"
Mirae Asset Low Duration Fund,"Low Duration Fund","Growth","2313.7443","0.67","6.558366673019567","7.692169156143749","6.333400569612002","7.308908201826481","1.0392724159667242","5.9152496818449665","2.37469095187989"
HDFC Diversified Equity All Cap Active FOF,"FoFs (Domestic) - Equity Oriented","Growth","2311.3048","-0.77","0","0","0","0","-4.98552369028521","0","-6.390093475956442"
SBI Quality Fund,"Thematic Fund","Growth","2306.4283","4.99","0","0","0","0","0","0","0"
Franklin India Aggressive Hybrid Fund,"Aggressive Hybrid Fund","Growth","2305.633418427","-0.9400000000000001","12.242019802680893","16.839108862421835","11.75686612698894","13.187743595966062","-4.424229881336637","-1.770669675424337","-6.1652035241039975"
Bajaj Finserv Large and Mid Cap Fund,"Large & Mid Cap Fund","Growth","2303.998904","-0.11","0","0","0","0","-3.4845132743362885","2.174822250104557","-5.266015200868623"
Union Flexi Cap Fund,"Flexi Cap Fund","Growth","2294.0675","1.37","14.229817480585826","17.929651793645515","13.710191223050883","14.104899441033192","-4.239487800657546","0.911743253099927","-5.401709401709396"
Invesco India ELSS Tax Saver Fund,"Equity Linked Savings Scheme (ELSS)","Growth","2292.7197","0.69","14.521999468857704","19.787347012010034","12.009184921168847","14.680816948897624","-2.497194163860832","-3.351411486580443","-8.153825822650987"
HDFC Gilt Fund,"Gilt - Short & Mid Term Fund","Growth","2271.8568","-0.41000000000000003","6.559783063451463","7.6177184936626485","5.316565128298856","6.008401854671819","-0.46796134276600504","-0.6267884369040367","-0.024855675350833602"
Mahindra Manulife Aggressive Hybrid Fund,"Aggressive Hybrid Fund","Growth","2264.2928","-0.16999999999999998","0","19.613664156720844","14.6044264845149","15.441165995050099","-4.628285656096758","-0.2768397675762863","-5.859002300713834"
ICICI Pru Constant Maturity Gilt Fund,"Gilt - Long Term Fund","Growth","2256.2997385738","0.36","7.894933716974251","8.483021100310898","5.7072515101938","6.635216833621471","-0.5680898460684679","1.2265268807922587","0.32080321347606644"
Edelweiss Money Market Fund,"Money Market Fund","Growth","2251.0575","0.7000000000000001","7.00060928837789","7.459796057727605","6.180799556760053","7.198366429960323","1.2559903908615144","6.096993241616225","2.72914361034083"
Nippon India Multi-Asset Omni FoF,"FoFs (Domestic) - Hybrid","Growth","2236.4241","3.01","0","21.974415819451366","17.727025039034782","20.397883950439933","0.5527384193963908","13.329076065733432","4.621622424008519"
Axis Multi Asset Allocation Fund,"Multi Asset Allocation Fund","Growth","2228.778","4.61","12.309901437303106","15.52686903779575","11.940299422069245","15.294608504049624","-3.2797209390025386","14.089860700567378","1.8582281899451554"
UTI Focused Fund,"Focused Fund","Growth","2213.674","-0.61","0","17.938284175087794","0","13.10634663968331","-5.4899859092168155","-2.3171429994025043","-7.714515872969212"
Bandhan Balanced Advantage Fund,"Balanced Advantage Fund","Growth","2208.746","1.49","10.186406525401882","13.033257737393464","9.565910573264059","11.081748281759317","-0.6092678341398904","4.128975780566085","-1.248746065239201"
Mahindra Manulife Focused Fund,"Focused Fund","Growth","2207.7885","1.4500000000000002","0","23.24687937245617","18.192557553920196","19.349160025698133","-3.5271135549687016","3.02889816102612","-2.593323106143615"
WOC Large & Mid Cap Fund,"Large & Mid Cap Fund","Growth","2180.3175","4.45","0","0","0","0","-0.9318789279780363","7.308294209702669","-3.449732469726839"
Edelweiss Nifty PSU Bond Plus SDL Apr 2027 50:50 Index Fund,"Index Funds - Debt Oriented","Growth","2172.4209","0.61","0","7.76308341634545","0","7.175357609910238","1.1077985008512548","5.641681960140369","2.4751122389225078"
ICICI Pru Quality Fund,"Thematic Fund","Growth","2169.9339751591997","1.13","0","0","0","0","-2.6871401151631416","0","-4.609595484477895"
HDFC CRISIL-IBX Financial Services 3-6 Months Debt Index Fund,"Index Funds - Debt Oriented","Growth","2162.5","0.95","0","0","0","0","1.6797546361797673","6.750007476747309","3.2105714643714274"
UTI Infrastructure Fund,"Sectoral Fund - Infrastructure","Growth","2162.3879","-0.47000000000000003","14.621440292367138","23.039700290666097","17.076718496058383","18.68577589542597","-1.3957256515918801","3.1820222254966133","-1.729819909964781"
WOC Balanced Advantage Fund,"Balanced Advantage Fund","Growth","2152.3658","1.29","0","15.675167475004836","0","12.886646370329057","-2.0375865479723","2.1381918184943274","-3.937924345295829"
Templeton India Value Fund,"Value Fund","Growth","2150.007447028","-0.5499999999999999","15.438280545836648","21.249951419086052","17.27545273657396","14.956551364671732","-6.387374271315323","-1.6646382975200398","-6.472507277645654"
BHARAT Bond ETF FOF - April 2033,"FoFs (Domestic) - Debt Oriented","Growth","2147.8927","-0.8200000000000001","0","8.523005657992876","0","6.643338066249882","-0.7894100485970704","1.9821510187390345","-0.21966814419643585"
Franklin India Dividend Yield Fund,"Dividend Yield Fund","Growth","2141.435079105","-0.45999999999999996","16.362191353855792","20.057604053867983","16.15449808257443","15.45895538280233","-3.9623497902777816","-0.9081482239262094","-2.6869542980309205"
SBI Credit Risk Fund,"Credit Risk Fund","Growth","2134.1606","1.0999999999999999","7.834079596485921","8.921204440790566","7.406745102653867","7.943249535344177","1.0914353558319883","6.4439033557485725","2.643226473629788"
Axis Income Plus Arbitrage Active FOF,"FoFs (Domestic) - Hybrid","Growth","2117.734999","0.4","0","8.19319236426104","6.565010419001949","7.449917478024748","0.745166267275056","4.983375066704983","1.9635203827369716"
DSP Overnight Fund,"Overnight Fund","Growth","2115.5108","-0.01","0","7.2970529116585094","5.587842285364064","6.245160078447065","1.245977931441483","5.372641598048084","2.572186031221353"
Bandhan Midcap Fund,"Mid Cap Fund","Growth","2108.5492","5.4399999999999995","0","25.126613120293094","0","22.2274672430532","4.072173481211717","10.51151344700299","0.19655758606034335"
ICICI Pru Rural Opportunities Fund,"Thematic Fund","Growth","2104.389012432","-0.8099999999999999","0","0","0","0","-6.972789115646261","1.296296296296285","-7.366638441998314"
Motilal Oswal BSE Enhanced Value Index Fund,"Index Fund","Growth","2101.8668","7.5","0","38.70842184957709","0","31.146119691853947","-7.379701437230352","14.167387155185073","0.8491062229363072"
Tata Retirement Sav Fund - Prog Plan,"Solution Oriented, Retirement Fund - Equity Oriented","Growth","2086.411758367","2.63","15.330661710521664","18.845594996743454","13.79833822783436","17.232091302676046","5.232004828114475","5.408034225350459","0.7210672090922053"
Tata Infrastructure Fund,"Sectoral Fund - Infrastructure","Growth","2084.204611956","4.06","16.560735353365285","24.490540008277502","19.939378382031947","18.991439451870296","4.160000435197699","5.497423883200606","3.90671212106411"
Axis Strategic Bond Fund,"Medium Duration Fund","Growth","2075.630702","0.59","8.062575707254972","8.908794839356753","7.166543969955774","7.907526285201483","0.5409037042105765","5.178590603371696","1.896142461296936"
Mirae Asset Balanced Advantage Fund,"Dynamic Asset Allocation Fund","Growth","2067.5148","1.9800000000000002","0","14.334213223173267","0","12.401825728150095","-1.8077399986947793","4.551455770967962","-0.9023249687150132"
Axis Business Cycles Fund,"Thematic Fund","Growth","2065.0517","1.2","0","18.947402357484357","0","15.979632203603543","-1.9744483159117299","2.926829268292686","-3.377218088151116"
Bandhan Dynamic Bond Fund,"Dynamic Bond Fund","Growth","2061.4644","-0.08","7.626850108721683","7.81061079697684","5.767165081958825","6.744368653005384","1.3920233895494931","1.084587387500122","2.2595338508079843"
Parag Parikh Arbitrage Fund,"Arbitrage Fund","Growth","2059.0186","0.7000000000000001","0","0","0","0","1.4304224775803842","6.369512162415858","3.100305004852343"
Bandhan Focused Fund,"Focused Fund","Growth","2057.5334","3.4000000000000004","14.917068802121335","21.845831859276245","14.715598093683369","17.684464297514978","-0.05912800728921625","4.791088615828682","-3.0813193837361155"
Bank of India Flexi Cap Fund,"Flexi Cap Fund","Growth","2033.6125","5.26","0","26.33370772692472","19.231180753680533","22.863992584847146","2.3316740895991632","9.503784693019345","0.25667351129363813"
SBI Nifty Next 50 Index Fund,"Index Fund","Growth","2028.5035999999998","0.53","0","22.70432127450511","13.939252008685665","20.104166543636246","0.021355501385509006","5.517396751434167","-0.07129252833487737"
Quant Aggressive Hybrid Fund,"Aggressive Hybrid Fund","Growth","2024.4798999999998","5.53","16.734381301195555","15.677678208990624","15.22432922266277","16.3230965016131","6.090907904736655","10.997479200720427","3.4009603260905825"
SBI Medium to Long Duration Fund,"Medium to Long Duration Fund","Growth","2024.1069","-0.03","7.807507081988807","8.086680101210641","6.083216909492362","6.465308111111323","0.07760529306579447","1.7401124344230179","0.6147604407395101"
Bandhan Large Cap Fund,"Large Cap Fund","Growth","2007.2695999999999","2.0500000000000003","14.164405405091095","19.55591657855005","13.685936195435012","14.93342175578174","-4.977469594890193","1.8116833655592741","-6.461892919048692"
Sundaram Flexi Cap Fund,"Flexi Cap Fund","Growth","2003.889645","-0.74","0","17.045038328604942","0","12.938562764284178","-6.617735227480707","-0.7026185459084456","-8.197097636788907"
HDFC NIFTY Next 50 Index Fund,"Index Fund","Growth","1993.7098999999998","0.88","0","22.05926434716187","0","19.852200646126338","-0.003664055009670673","5.46563528510058","-0.10127323641200144"
Axis CRISIL IBX SDL May 2027 Index Fund,"Index Funds - Debt Oriented","Growth","1993.3715","0.5","0","8.069006980211899","0","7.35672808902923","1.1152821695041994","5.848015196849751","2.7241725810407753"
Union Small Cap Fund,"Small Cap Fund","Growth","1979.6271","7.89","17.404614499498372","21.68568454762758","19.55723108274825","21.717965204602542","7.58207872301832","18.548870677593445","6.404736275565123"
HDFC Pharma and Healthcare Fund,"Sectoral Fund - Pharma & Health Care","Growth","1976.8614000000002","8.89","0","0","0","0","12.529405175310865","22.558409077045084","12.18381819197053"
Mirae Asset Banking and Financial Services Fund,"Sectoral Fund - Banks & Financial Services","Growth","1975.3842000000002","2.96","0","20.244244157682147","14.593153986835382","15.040575731786943","-8.954672359993433","4.0298367423531705","-6.474061577393504"
Axis Nifty 100 Index Fund,"Index Fund","Growth","1975.1694","0.05","0","15.43499071041412","11.134522467837705","11.715716809963306","-6.143814898323286","-1.7573165543339464","-7.981191117375142"
ICICI Pru PSU Equity Fund,"Thematic Fund","Growth","1975.0302937201","4.81","0","34.804873788385336","0","27.423322269406025","-3.143336127409891","9.163911195087376","2.8024911032028426"
Sundaram Money Market Fund,"Money Market Fund","Growth","1955.82557655923","0.6799999999999999","0","7.436432690170217","6.209443759005873","7.132333667720858","1.207365118158849","6.031873041274924","2.634670246685691"
HSBC CRISIL IBX 50:50 Gilt Plus SDL Apr 2028 Index Fund,"Index Funds - Debt Oriented","Growth","1946.1632","0.37","0","8.067001388577339","0","7.15664666140674","0.491819655879935","4.7845318033942945","1.9633375178361132"
Bandhan Aggressive Hybrid Fund,"Aggressive Hybrid Fund","Growth","1919.1082999999999","3.2399999999999998","0","18.117449092218216","13.933549684798475","15.959241467838602","-1.6682926829268347","8.070338468136814","-1.5850800676995245"
ICICI Pru Active Momentum Fund,"Thematic Fund","Growth","1917.992598411","4.71","0","0","0","0","-0.1857010213556135","0","2.2835394862036176"
Bajaj Finserv Small Cap Fund,"Small Cap Fund","Growth","1902.772201","3.49","0","0","0","0","5.678699598902261","0","2.3931274289220696"
Canara Rob Consumption Fund,"Sectoral Fund - Consumption","Growth","1901.1632","-0.44999999999999996","16.779799487247725","18.9336347299576","14.120414192571262","13.445611203733886","-4.519501407318047","-3.4950825002032","-8.94240355855509"
SBI CRISIL IBX Gilt Index - Apr 2029 Fund,"Index Funds - Debt Oriented","Growth","1896.7395000000001","0.41000000000000003","0","8.635431172761187","0","7.258595557042158","0.1565542785138813","4.102999658678687","1.5014317777261887"
Tata Retirement Sav Fund - Mod Plan,"Solution Oriented, Retirement Fund - Equity Oriented","Growth","1887.732897672","3.5900000000000003","14.04541794829921","17.33217042321772","13.141952906764276","15.770098741507411","4.192873501884791","5.581535414101413","0.19699941065296153"
Kotak Bond Fund,"Medium to Long Duration Fund","Growth","1882.0495999999998","-0.22999999999999998","7.214900847741967","8.07431213040899","6.042830222967299","6.5687972003626305","-0.20274823873831993","1.2809407867647713","0.2880300775579823"
ICICI Pru Retirement Fund-Pure Equity Plan,"Solution Oriented, Retirement Fund - Equity Oriented","Growth","1868.8960842691001","5.42","0","27.93614967618687","23.472486291928707","25.60673828321727","0.29100529100528955","12.961859356376621","-0.18430753027909502"
Aditya Birla SL Quant Fund,"Thematic Fund","Growth","1867.5317000000002","4.37","0","0","0","0","-3.886255924170617","9.385113268608425","-0.3929273084479288"
Axis Global Equity Alpha FoF,"FoFs (Overseas)","Growth","1859.1912","10.459999999999999","0","22.7293469827598","16.02213225433582","23.403010462324847","7.274083823399974","29.715305196681175","13.506213576731689"
Bandhan Gilt Fund,"Gilt - Short & Mid Term Fund","Growth","1852.6579000000002","0.3","8.054836573311409","8.03797952613318","6.003000096987976","7.07598263128586","1.8335494256086187","1.5041414837113722","2.7364606423280806"
LIC MF Banking & PSU Fund,"Banking & PSU Fund","Growth","1847.9448000000002","0.09","7.059196449059257","7.813186491194341","5.980107440018778","6.952151484607305","0.33567153613489065","3.7777896110120097","1.119692421840737"
Kotak Medium Term Fund,"Medium Duration Fund","Growth","1840.372","1.02","7.724848432583764","9.00529601873786","7.309237212897335","8.3766734895794","0.0923232816047853","5.8030808535622675","1.5396505708966544"
SBI Income Plus Arbitrage Active FOF,"FoFs (Domestic) - Hybrid","Growth","1834.2806","0.24","0","0","0","0","0.8613751341407336","4.733904426469267","1.998953528932993"
ICICI Pru BSE Sensex Index Fund,"Index Fund","Growth","1833.8263400359","-0.74","0","13.03888913699078","9.748996016926025","7.848861176123179","-8.989826956382531","-6.371510491918645","-11.983447809931311"
Mirae Asset Equity Savings Fund,"Equity Savings","Growth","1831.5672","1.32","0","12.673116318707255","10.265018231231116","11.337771631278159","-1.0341627259468698","5.354034344860041","0.11176680972819265"
DSP Banking & Financial Services Fund,"Sectoral Fund - Banks & Financial Services","Growth","1828.3248999999998","5.21","0","0","0","0","-3.9357536337691643","9.402872260015116","-0.08973562504314143"
Bandhan Innovation Fund,"Thematic Fund","Growth","1799.9619","5.37","0","0","0","0","3.346750149075729","14.162206669411285","0.43462513582035855"
Kotak MNC Fund,"Thematic Fund - MNC","Growth","1791.7764000000002","3.27","0","0","0","0","8.327344592166723","23.87262455059065","11.327548005908405"
360 ONE Flexicap Fund,"Flexi Cap Fund","Growth","1787.1290564024","2.1399999999999997","0","0","0","0","-0.5105977981273774","2.394567548248753","-3.875785968138773"
HSBC Large Cap Fund,"Large Cap Fund","Growth","1783.5979","1.3","13.140834716984084","17.088214501452143","11.702860836083229","12.730580445380934","-7.841420792090003","-0.3633798526539276","-6.920999931425152"
Bank of India Small Cap Fund,"Small Cap Fund","Growth","1770.4415","4.74","0","24.598655682625186","20.876567876510798","22.450507249469908","12.00242473226914","12.115695792880263","6.065824722541144"
Aditya Birla SL Income Fund,"Medium to Long Duration Fund","Growth","1761.4814000000001","-0.6","7.154300985470341","7.323117118685433","5.417458140351528","5.724051523751683","-0.4456094173338103","0.17921580618880034","-0.08710253526153658"
Quant Value Fund,"Value Fund","Growth","1756.4507","6.64","0","27.989451512053737","0","25.494259957343445","11.97508674464875","15.766043285569499","7.5020762203561935"
Tata Focused Fund,"Focused Fund","Growth","1745.4056142568998","0.8099999999999999","0","18.486253666262176","14.314923182421445","14.705752500889613","-3.1882754485494194","1.319812064554535","-4.603969958300675"
Bank of India Liquid Fund,"Liquid Fund","Growth","1734.9398999999999","0.16999999999999998","6.1449787313619275","7.07858696161015","6.147355010072264","6.986692811087902","1.5976894511504622","6.253803088983006","3.141587173790753"
Aditya Birla SL Gold Fund,"FoFs - Gold","Growth","1731.6301","23.849999999999998","17.010668577611774","32.80375770576404","25.32939386896618","36.27230677530204","2.2023974866656686","66.93197245415473","28.7344381458678"
HDFC NIFTY50 Equal Weight Index Fund,"Index Fund","Growth","1729.6992","0.4","0","19.02860823098843","0","16.28517142933621","-3.1788367419442207","5.271775476788971","-2.9276513399573774"
Invesco India Largecap Fund,"Large Cap Fund","Growth","1721.89","2.1","14.450233891507924","20.07429174842496","14.496058499092989","16.083028544937108","-3.2043674341324504","1.1659637806995753","-5.982708933717577"
Baroda BNP Paribas Large & Mid Cap Fund,"Large & Mid Cap Fund","Growth","1717.7235999999998","3.4000000000000004","0","21.791984061406332","16.891024021702016","18.016769390388852","-1.7672778417603443","3.5752665061898243","-3.4525475059184108"
ICICI Pru MNC Fund,"Thematic Fund - MNC","Growth","1714.7729138852","-0.7100000000000001","0","17.018159515570265","14.038888810524796","15.437858241243486","1.0126582278481022","9.09090909090909","0.5671077504726001"
DSP World Gold Mining Overseas Equity Omni FoF,"FoFs - Gold","Growth","1709.6787","34.32","16.33196365926557","51.50745124680875","23.61897487334894","48.221452200445555","-11.867711878995308","104.1483765037027","24.90902045527701"
Union Midcap Fund,"Mid Cap Fund","Growth","1705.4107999999999","3.08","0","23.294508112699393","19.61187477040305","21.324597421828017","2.145841245727312","11.759817161853306","1.452282157676341"
UTI Multi Cap Fund,"Multi Cap Fund","Growth","1699.8756","0.6799999999999999","0","0","0","0","-2.7089783281733757","2.147959388418478","-4.867930522204685"
Axis CRISIL-IBX AAA Bond NBFC - Jun 2027 Index Fund,"Index Funds - Debt Oriented","Growth","1694.2317","0.66","0","0","0","0","0.9931608149655293","6.073244210129913","2.2237343494828434"
PGIM India Global Equity Opp FoF,"FoFs (Overseas)","Growth","1693.7223000000001","7.93","15.720375026894807","21.357603332005507","11.547252407735975","20.67171743484133","14.799767846778886","23.753910323253386","16.558632881555702"
LIC MF Low Duration Fund,"Low Duration Fund","Growth","1692.2179999999998","-0.03","6.549237458026669","7.5563223992665485","6.255808253422068","7.225215064115753","1.1908550935783806","5.948628891261742","2.526235468582146"
HSBC Consumption Fund,"Sectoral Fund - Consumption","Growth","1691.5987","1.95","0","0","0","0","-0.373767326391282","2.1877984084880664","-6.1871736928231895"
Invesco India Low Duration Fund,"Low Duration Fund","Growth","1689.9397","0.5700000000000001","6.871185895734033","7.479573825478727","6.160557144202494","7.103890225961518","1.0943326287924497","5.770661356158316","2.393616041834324"
Aditya Birla SL Business Cycle Fund,"Thematic Fund","Growth","1687.2820000000002","2.34","0","16.593354258457737","0","13.782694138969177","-4.1180086047941","1.0362694300518145","-5.282331511839704"
Kotak Consumption Fund,"Sectoral Fund - Consumption","Growth","1686.7775","2.6100000000000003","0","0","0","0","-2.5479954827780835","4.093787696019309","-8.295696068012745"
Bandhan Nifty100 Low Volatility 30 Index Fund,"Index Fund","Growth","1683.8514000000002","-0.27999999999999997","0","17.420499159231397","0","13.345690099271913","-5.296813779847701","0.4922437292855626","-6.969172486413867"
HSBC Focused Fund,"Focused Fund","Growth","1678.4677","4.07","0","19.717682803207126","15.427504360609845","17.0629665408216","-0.12630955946834552","8.911346973471396","0.11648729311749341"
ICICI Pru FMCG Fund,"Sectoral Fund - Consumption","Growth","1676.2523707399","-0.5700000000000001","11.221536673311782","8.407509890073777","9.71382445759863","1.8676561834206629","-4.032241649534898","-10.199417176161354","-10.351384240949184"
Bajaj Finserv Multi Asset Allocation Fund,"Multi Asset Allocation Fund","Growth","1676.249401","6.38","0","0","0","0","-3.7151654761073827","14.552920549967702","1.9529742204117837"
HDFC Transportation and Logistics Fund,"Thematic Fund","Growth","1674.3978","3.2","0","0","0","0","-6.404154045867596","12.065280746065655","-7.534466175056108"
Nippon India Gilt Fund-DMDO,"Gilt - Short & Mid Term Fund","Growth","1673.8976","-0.5700000000000001","7.870185769411897","7.574582607620048","5.359197109938063","5.682064725649916","-0.22365609341176113","-1.4359861987806066","-0.010219605383866614"
Nippon India Gilt Fund,"Gilt - Short & Mid Term Fund","Growth","1673.8976","-0.5700000000000001","7.876415026202777","7.574566404483559","5.359228815570827","5.682086511564122","-0.22356339602558215","-1.4359635992984379","-0.010014346133066525"
Invesco India Financial Services Fund,"Sectoral Fund - Banks & Financial Services","Growth","1673.1314000000002","4.91","17.363640379371482","23.968017467976956","16.61090999319843","19.66395126024114","-3.940163703076499","8.085619918699182","-2.709965124921393"
Sundaram Balanced Advantage Fund,"Dynamic Asset Allocation Fund","Growth","1658.391739","0.18","9.0679143571057","12.819378953552341","9.513676478144383","10.438701304620102","-3.2923176882637177","0.32299169520209975","-4.624872252403532"
DSP Nifty SDL Plus G-Sec Jun 2028 30:70 Index Fund,"Index Funds - Debt Oriented","Growth","1656.8298000000002","0.47000000000000003","0","8.091450407727052","0","7.203665775576651","0.578327688302102","4.973066564063102","2.0383356708742375"
TRUSTMF Small Cap Fund,"Small Cap Fund","Growth","1656.4601","8.81","0","0","0","0","11.649580615097856","23.50515463917527","6.773618538324418"
UTI Conservative Hybrid Fund,"Conservative Hybrid Fund","Growth","1652.1926","-0.42","8.419150345402993","10.595648569462375","8.68529372345841","8.548256500574825","-1.7003078132163274","0.3986680740452202","-1.9776387455754407"
UTI Quant Fund,"Thematic Fund","Growth","1643.6742000000002","1.5","0","0","0","0","-1.22017638571716","-0.21331840426250723","-5.6829274968296515"
SBI Constant Maturity 10 Year Gilt Fund,"Gilt - Long Term Fund","Growth","1643.3976","-0.44999999999999996","7.787252279035184","8.412900898292781","5.621980659938419","6.330737647130702","-0.7857132323664432","0.5784010775691265","-0.12425421491972083"
Tata NIFTY 50 Index Fund,"Index Fund","Growth","1634.682307878","0.53","12.7716358846498","14.24242373342615","10.656248669112145","9.978681195753559","-7.469233665660454","-3.3467719766526507","-9.619644587315097"
LIC MF Multi Cap Fund,"Multi Cap Fund","Growth","1632.3596","2.39","0","24.391032150773547","0","20.606144848331056","0.3849012234756563","5.831243020107952","-2.0732340720221534"
HDFC Developed World Overseas Equity Passive FOF,"FoFs (Overseas)","Growth","1623.1621","12.620000000000001","0","18.831221571181572","0","26.972558081943543","12.535418197082587","40.67296340023612","21.885655830870647"
Aditya Birla SL Conglomerate Fund,"Thematic Fund","Growth","1622.5086","1.22","0","0","0","0","-0.18744142455482263","0.4716981132075539","-4.484304932735426"
HDFC Retirement Savings Fund-Hybrid-Equity Plan,"Solution Oriented, Retirement Fund - Equity Oriented","Growth","1616.2244","-0.72","14.147541246445684","16.42271139810767","11.626696098313506","10.767126353908395","-6.2947453734972285","-3.6126163679310874","-7.862930003984592"
Sundaram Fin Serv Opp Fund,"Sectoral Fund - Banks & Financial Services","Growth","1612.718378","1.71","15.979668505164323","21.563340192293527","15.509810440896654","15.589215852720685","-7.60191466604873","1.7134373994067018","-5.71939842367702"
Canara Rob Manufacturing Fund,"Thematic Fund","Growth","1608.6659","0.9199999999999999","0","0","0","0","6.088992974238871","12.967581047381552","3.6613272311212848"
Bandhan Income Plus Arbitrage Active FOF,"FoFs (Domestic) - Hybrid","Growth","1600.8057999999999","0.38","7.208849787572658","7.746598237365764","6.049897880521726","7.050516169723275","0.940102575729904","5.017276853384822","2.117062872604553"
Edelweiss Nifty Midcap150 Momentum 50 Index Fund,"Index Fund","Growth","1585.7122","0.66","0","28.145157572603164","0","22.712650291331094","0.566232264329002","4.248425147872115","-1.900216042484803"
SBI Retirement Benefit Fund-Aggressive Hybrid Plan,"Solution Oriented, Retirement Fund - Equity Oriented","Growth","1581.777","1.01","0","15.095710669071329","13.163920528082729","11.439911072148433","-3.04261426363436","2.1938126415738304","-4.050576364678116"
Sundaram Business Cycle Fund,"Thematic Fund","Growth","1576.415044","-0.61","0","0","0","0","-0.45810785594326603","-0.8346733341388695","-5.70261885611758"
Aditya Birla SL CRISIL-IBX Financial Services 9-12 Months Debt Index Fund,"Index Funds - Debt Oriented","Growth","1576.0983999999999","0.67","0","0","0","0","1.0866100391892135","5.882295175339535","2.3756397231268767"
SBI Long Duration Fund,"Long Duration Fund","Growth","1569.8996","-0.63","0","7.979130762615713","0","5.351899077578004","-0.7281785953818196","-2.3038722655267834","-0.4563577845030535"
Quant Quantamental Fund,"Thematic Fund","Growth","1569.1317000000001","5.25","0","25.64360999540118","20.896595489761527","21.61671349254306","6.289869044749751","11.81079071025321","2.514054139917636"
Franklin India Technology Fund,"Sectoral Fund - Technology","Growth","1556.240837394","0.76","15.686045795105464","24.084650935043037","11.595599778060661","15.409973855160231","-3.885404535963387","-7.5925294997813495","-13.901603570031671"
SBI Nifty Smallcap 250 Index Fund,"Index Fund","Growth","1549.0042999999998","0.59","0","24.93070266997636","0","19.881431098597613","4.404843316303958","1.95917771779086","-1.6372318653831506"
Kotak Global Emerging Market Overseas Equity Omni FOF,"FoFs (Overseas)","Growth","1540.2767000000001","22.05","13.08060425981683","18.306277354961153","11.664567912236068","27.10149363119929","12.48378643089711","63.22744209272846","32.674534782065706"
PGIM India Small Cap Fund,"Small Cap Fund","Growth","1539.3352","3.7199999999999998","0","17.302346316602776","0","17.478652888831235","5.836807623585471","9.759110562075344","1.0807736063708833"
WOC Special Opp Fund,"Thematic Fund","Growth","1538.5810000000001","5.38","0","0","0","0","2.3027302730272923","9.313136170553811","-1.3311148086522537"
iSIF Equity Ex-Top 100 Long-Short Fund,"Mid Cap Fund","Growth","1535.221174325","5.029999999999999","0","0","0","0","-0.20080321285141917","0","0"
Axis Value Fund,"Value Fund","Growth","1523.4623000000001","2.44","0","26.709384832170777","0","21.9211622037194","-2.725060827250619","6.841261357562788","-2.772373540856033"
UTI Floater Fund,"Floating Rate Fund","Growth","1521.3057999999999","0.53","0","7.477298863230074","6.1877618697470105","7.066465037389391","1.135385197605066","5.490190043362914","2.4093577546358924"
Invesco India PSU Equity Fund,"Thematic Fund","Growth","1520.1529999999998","4.53","19.553193982809592","37.281561749530425","24.541355589542558","28.800554733045168","-3.96669931439766","6.244074224569958","-1.5809284818067817"
SBI CRISIL IBX SDL Index - Sep 2027 Fund,"Index Funds - Debt Oriented","Growth","1518.4025","0.47000000000000003","0","8.165722358976213","0","7.247734493238411","0.9189205984247185","5.333949506250924","2.484795418510553"
Aditya Birla SL Dynamic Bond Fund,"Dynamic Bond Fund","Growth","1504.1691","0.09","6.5709461026581595","8.426261900528056","7.042828431402981","7.1863688068112275","0.2589252065445914","2.622921330348578","1.2346677024573027"
Bandhan Infrastructure Fund,"Sectoral Fund - Infrastructure","Growth","1501.9054","0.51","18.19665737137226","32.649389708535004","21.15732293332524","22.655676472293827","0.9506077803039775","-2.316073934207557","-3.034992691943944"
Edelweiss Business Cycle Fund,"Thematic Fund","Growth","1498.4686","2.23","0","0","0","0","-2.6967600077604557","4.458303923723998","-1.8707131754296376"
Bajaj Finserv Large Cap Fund,"Large Cap Fund","Growth","1483.499301","1.49","0","0","0","0","-6.017246280678495","0.9876794623765354","-6.530958439355398"
DSP Income Plus Arbitrage Omni FoF,"FoFs (Domestic) - Hybrid","Growth","1482.1688000000001","0.15","8.24462847361087","11.248503314144967","5.88732270088248","9.298503171106386","0.3710191836717195","3.8346624633209108","1.3930979907909566"
Aditya Birla SL Regular Savings Fund,"Conservative Hybrid Fund","Growth","1479.2756","1.03","9.400698050063006","10.369398925956668","8.990167715105235","9.22058939940067","-0.6545035618189586","4.4436677057804275","0.1509547694302384"
Aditya Birla SL Regular Savings Fund(Payment),"Conservative Hybrid Fund","Growth","1479.2756","1.03","9.400698050063006","10.369398925956668","8.990167715105235","9.22058939940067","-0.6545035618189586","4.4436677057804275","0.1509547694302384"
Aditya Birla SL Dividend Yield Fund,"Dividend Yield Fund","Growth","1475.1729","2.53","14.490299417900454","23.050323092505504","17.208559437510228","18.676828762382016","-0.8112631682583449","5.992635455023676","0.609171526723658"
DSP Value Fund,"Value Fund","Growth","1469.2078","4.77","0","17.88735314051335","15.565845884001806","20.251511714268066","1.084202218252811","11.588022194708127","2.9661913426141435"
ICICI Pru Passive Multi-Asset FoF,"FoFs (Domestic) - Hybrid","Growth","1468.692425469","4.2700000000000005","0","15.678430870543888","0","14.494113403520403","-1.0761139345231174","11.69166510982411","3.7297062833064625"
Invesco India Infrastructure Fund,"Sectoral Fund - Infrastructure","Growth","1456.9376000000002","3.7900000000000005","20.01417080386785","30.31650708640564","22.768508661651275","25.116105416271715","7.183829554766463","5.853790126787164","4.877722838433791"
Aditya Birla SL Transportation and Logistics Fund,"Thematic Fund","Growth","1454.7826","2.71","0","0","0","0","-5.407124681933851","9.903917220990392","-5.346912794398483"
Sundaram Ultra Short Duration Fund,"Ultra Short Duration Fund","Growth","1454.242176","0.74","5.903174788317633","7.49672298737557","6.329524691870225","7.211318738521522","1.3851357186279496","6.200805296441001","2.8092337743218057"
Motilal Oswal Business Cycle Fund,"Thematic Fund","Growth","1454.0564000000002","-2.48","0","0","0","0","-2.5345004882348396","-7.851307189542485","-15.898651873061317"
Axis Aggressive Hybrid Fund,"Aggressive Hybrid Fund","Growth","1451.4486","-0.1","0","13.333615744351562","9.663587785367511","10.949847573503458","-3.6307961504811823","0.04541326067212336","-5.206540447504292"
ICICI Pru Nifty SDL Sep 2027 Index Fund,"Index Funds - Debt Oriented","Growth","1449.12061201","0.52","0","8.004679886495783","0","7.269475064456343","0.8917474521501421","5.326153945959977","2.4636915139514555"
HSBC Balanced Advantage Fund,"Balanced Advantage Fund","Growth","1447.6933","1.29","9.645470989430805","13.536668908886579","9.439554383908177","11.044178558156093","-1.8886633078212927","1.7893701148301364","-2.6590926357744427"
Kotak Banking & Financial Services Fund,"Sectoral Fund - Banks & Financial Services","Growth","1446.7798","2.92","0","17.419590146345787","0","13.58760226500677","-7.840550616575839","3.0594573792572772","-5.186758718357218"
Axis Services Opportunities Fund,"Sectoral Fund - Service Industry","Growth","1442.831803","2.21","0","0","0","0","-1.7689906347554625","0","-7.902439024390249"
Kotak Active Momentum Fund,"Thematic Fund","Growth","1441.8264000000001","3.2399999999999998","0","0","0","0","-0.3438723851370674","0","0.5784247565795865"
Edelweiss Large Cap Fund,"Large Cap Fund","Growth","1439.0281","0.77","14.15412789364192","18.103729004027958","13.166330078380795","13.20998904855497","-6.678664267146564","-1.049507049719066","-7.244360528669375"
Kotak Special Opportunities Fund,"Thematic Fund","Growth","1428.9064","4.51","0","0","0","0","6.391900184086725","9.5513900589722","1.2555966517422752"
Sundaram Consumption Fund,"Sectoral Fund - Consumption","Growth","1427.616489","-2.8400000000000003","12.910060618704989","18.1754596740886","13.034126884549035","12.816712523301387","-4.473235247084542","-6.872888715459095","-12.172341229645495"
Mirae Asset Ultra Short Duration Fund,"Ultra Short Duration Fund","Growth","1419.7329","0.8","0","7.578747083464434","6.41035598002051","7.341965112477489","1.4265045227918975","6.34699216407456","2.8475290052785276"
Zerodha Nifty LargeMidcap 250 Index Fund,"Index Fund","Growth","1410.1801999999998","0.88","0","0","0","0","-1.743393787842595","4.0594523421634054","-3.607384284621588"
Baroda BNP Paribas Multi Asset Fund,"Multi Asset Allocation Fund","Growth","1408.4605","4.31","0","19.440675041753792","0","18.087500618402785","-0.3754280292091302","12.063856164519791","2.818700502426978"
Mahindra Manulife Flexi Cap Fund,"Flexi Cap Fund","Growth","1406.7131","-0.22999999999999998","0","19.684388270719918","0","14.397693266760193","-5.005020336617829","-1.1142801466810794","-7.382416707225351"
Aditya Birla SL Nifty 50 Index Fund,"Index Fund","Growth","1406.5444","0.5599999999999999","12.451160173209397","14.301286074403542","10.65102798134463","10.095005283544678","-7.434320912836422","-3.250588804849258","-9.546316828029507"
Bank of India ELSS Tax Saver,"Equity Linked Savings Scheme (ELSS)","Growth","1402.5914000000002","2.75","17.48066969080886","21.47065729601986","15.346567276894785","17.06924797149856","-0.6137241415798088","2.8751369112814897","-1.1263750723722379"
PGIM India Emerging Markets Equity FoF,"FoFs (Overseas)","Growth","1389.7744","19.73","8.754486507537917","18.93807395083034","6.964189557588685","30.0623384366977","10.906862745098032","49.01207464324918","35.074626865671625"
Mirae Asset Overnight Fund,"Overnight Fund","Growth","1389.2739000000001","-0.05","0","6.739983531671963","5.605777200629025","6.254668703404631","1.2431998688633097","5.3831332381163985","2.570279400863732"
Helios Mid Cap Fund,"Mid Cap Fund","Growth","1381.7311","3.49","0","0","0","0","5.5150040551500386","16.996402877697847","-1.0646387832699662"
Aditya Birla SL G-Sec Fund,"Gilt - Short & Mid Term Fund","Growth","1378.4737","-0.96","7.424222280173964","7.218000812774022","5.071748647326935","5.162478191124009","-0.7287130547577103","-3.328009961022089","-0.8363248906437929"
Aditya Birla SL G-Sec Fund,"Gilt - Short & Mid Term Fund","Growth","1378.4737","-0.96","7.424222280173964","7.218000812774022","5.071748647326935","5.162478191124009","-0.7287130547577103","-3.328009961022089","-0.8363248906437929"
Axis Multi-Asset Active FoF,"FoFs (Domestic) - Hybrid","Growth","1374.4226999999998","6.01","0","0","0","0","-0.6710513773710738","0","0"
ICICI Pru Exports & Services Fund,"Sectoral Fund - Service Industry","Growth","1365.6523287019","2.13","14.799155925732466","21.99917988273285","17.054247908175736","18.607914352383936","-2.930503628766211","1.314128314013555","-5.167320191223063"
ITI Multi Cap Fund,"Multi Cap Fund","Growth","1364.6357999999998","3.8","0","24.205808461479183","14.527215722793919","21.370716550240676","2.613060525551838","9.862025281595104","1.5883410094660124"
Tata Gold ETF FoF,"FoFs - Gold","Growth","1364.1889649101001","22.720000000000002","0","0","0","0","2.206345782097987","64.83497741939885","27.797259201667124"
Tata India Innovation Fund,"Thematic Fund","Growth","1363.2954187632","1.04","0","0","0","0","-0.10195800994611054","1.9212397834624875","-5.620318858243721"
Aditya Birla SL CRISIL IBX 60:40 SDL + AAA PSU - Apr 2027 Index Fund,"Index Funds - Debt Oriented","Growth","1362.6047","0.6","0","7.729177567491097","0","7.186116610138438","1.2377926814919398","5.872653891586818","2.6974767849896195"
ITI Mid Cap Fund,"Mid Cap Fund","Growth","1358.0471","1.44","0","28.987364270064152","18.820698222503964","25.82491232187689","2.4919183290621856","10.776548752670264","2.0462362677450967"
Aditya Birla SL Credit Risk Fund,"Credit Risk Fund","Growth","1353.3064000000002","3.11","9.37939663432208","12.318767545763421","10.615733285122797","12.644187984238231","1.3722050095188303","11.842544201045268","6.492294419826672"
ICICI Pru Nifty 100 Low Volatility 30 ETF FOF,"FoFs (Domestic) - Equity Oriented","Growth","1352.8011421618","-0.06","0","17.315412696667355","11.498851741204664","13.440636096677183","-5.737083666680702","-0.04967044496905684","-7.319067456723682"
LIC MF Large Cap Fund,"Large Cap Fund","Growth","1352.1067","-1.02","11.654114912928204","13.987859550676855","9.674683679239337","9.774613162062229","-7.5874868357017355","-5.5063883577480315","-10.40703936888418"
ICICI Pru ESG Exclusionary Strategy Fund,"Thematic Fund","Growth","1350.7549125188002","-1.91","0","21.685022811558508","12.78328642216029","16.09861097603831","-5.934718100890202","-5.413469735720373","-9.796747967479675"
UTI Banking and Financial Services Fund,"Sectoral Fund - Banks & Financial Services","Growth","1350.2907","2.11","12.693823155918649","18.71344752986227","13.136234173610518","13.540175574929947","-9.211310983803056","1.0401524480849529","-6.679119202336165"
Nippon India Credit Risk Fund,"Credit Risk Fund","Growth","1343.4345","1.34","6.663283884549065","9.188207190506951","9.032250885815717","8.673200236500222","1.0987710334760195","7.222620311625549","2.8133236036822127"
Tata Resources & Energy Fund,"Sectoral Fund - Energy & Power","Growth","1343.333169455","-1.4200000000000002","18.475235508080523","21.441875021958552","15.931018452716582","21.194354264015747","3.905158384059987","12.09141894919811","7.513662473182099"
UTI Gold ETF FoF,"FoFs - Gold","Growth","1333.0447","23.28","0","35.910971771061696","0","36.707301325540385","2.1089808614536336","66.85886421711163","28.330792037272342"
Motilal Oswal Focused Fund,"Focused Fund","Growth","1331.8995000000002","4.02","13.0665387830192","12.73904117837678","9.961107753464571","11.801823281112522","5.420910413635416","9.034567056978428","1.969738746811885"
Union Multicap Fund,"Multi Cap Fund","Growth","1329.1604","3.2199999999999998","0","20.477334341666054","0","18.392213730961448","0","8.536585365853659","-1.2266355140186964"
Nippon India Nifty Alpha Low Volatility 30 Index Fund,"Index Fund","Growth","1328.6654999999998","0.06999999999999999","0","19.132726495124","0","13.543140852504433","-6.183138440615408","-2.5159295943473685","-5.0124173203177"
HDFC Technology Fund,"Sectoral Fund - Technology","Growth","1328.4770999999998","-5.92","0","0","0","0","-7.637250915006101","-16.732658747616952","-19.971811134601833"
Sundaram Value Fund,"Value Fund","Growth","1323.0391200000001","-1.68","11.742238299335739","14.721659562902662","11.5078608798439","10.14738205913519","-7.86749300102181","-2.9152997678204926","-9.055571099121416"
Quant Momentum Fund,"Thematic Fund","Growth","1318.9129","2.69","0","0","0","0","6.005991428928057","5.924457964065221","2.0337738619676973"
Edelweiss Equity Savings Fund,"Equity Savings","Growth","1313.1794","1.9300000000000002","10.311363418893738","12.663402238850582","10.483419304718321","11.992116721692469","0.9983486996009312","7.931781167396423","1.7809287732496664"
Mahindra Manulife Business Cycle Fund,"Thematic Fund","Growth","1306.3953","3.46","0","0","0","0","-1.9381303395737677","7.803154625472982","-0.24597621811565282"
Mirae Asset Gold Silver Passive FoF,"FoFs - Gold","Growth","1306.3553","39.300000000000004","0","0","0","0","3.785041425490873","0","45.55511341026663"
DSP Global Innovation Overseas Equity Omni FoF,"FoFs (Overseas)","Growth","1306.0213","13.530000000000001","0","24.551069157473677","0","29.73618380223646","12.418453419762313","36.939507633515326","17.528521859065894"
Baroda BNP Paribas India Consumption Fund,"Sectoral Fund - Consumption","Growth","1301.4157","-0.9900000000000001","0","18.844490993280328","13.70009982003162","13.317984784038938","-4.843041211533845","-3.7114382598626947","-9.646939476922734"
Sundaram ELSS Tax Saver Fund,"Equity Linked Savings Scheme (ELSS)","Growth","1296.12718102","-1.1400000000000001","14.293447475736754","16.778303954664732","12.90566332476828","12.57156148697096","-6.878262199104204","-1.6656114815273613","-8.626330782877332"
Bandhan Medium Duration Fund,"Medium Duration Fund","Growth","1294.2637","0.27","7.024529407980595","7.820545975889264","5.71729189250747","6.820433635700618","0.7549315964972403","3.6006897366623845","1.6364390112599638"
ITI Flexi Cap Fund,"Flexi Cap Fund","Growth","1290.3286","3.18","0","23.240630441485898","0","20.487067296465035","-0.4674273095325668","6.469102750859105","-1.660796475807546"
Franklin India Corp Debt Fund-A,"Corporate Bond Fund","Growth","1283.404421377","0.69","7.804534641275684","8.325744586119143","6.5748997816624355","7.820762079603005","0.8672942853866549","5.476309542178437","2.194099894901497"
Bank of India Mid & Small Cap Equity & Debt Fund,"Aggressive Hybrid Fund","Growth","1281.951","2.02","0","22.4699910760462","18.097235138385702","21.43965403510024","5.452380952380951","9.601583766394464","5.527757922325471"
DSP Gilt Fund,"Gilt - Short & Mid Term Fund","Growth","1278.9206","-0.4","7.753720623058791","7.928160746508625","5.6304086110261276","5.962583471977889","-0.8362641352584943","-1.9746217657762337","-0.5023152602067332"
Canara Rob Multi Asset Allocation Fund,"Multi Asset Allocation Fund","Growth","1271.2161","4.53","0","0","0","0","-1.9555555555555613","0","2.129629629629617"
Canara Rob Value Fund,"Value Fund","Growth","1267.4917","0.54","0","20.896326726984444","0","15.302294313086563","-3.5276073619631787","-0.8407777193904369","-5.413533834586458"
ICICI Pru Children's Fund,"Solution Oriented - Children's Fund","Growth","1266.3145178706","3.05","13.23548651441946","20.375225786480996","15.034678922078616","17.598086385320457","-0.030451512886530367","4.809171382963283","-1.6423804984338752"
Quant Liquid Plan,"Liquid Fund","Growth","1266.3058","0.01","6.394508851021152","7.055865966804856","6.1266695143812555","6.828188722433959","1.3914245504584697","5.998022447126602","2.915370484902754"
DSP NIFTY Next 50 Index Fund,"Index Fund","Growth","1261.0303999999999","0.9199999999999999","0","22.36831211488511","14.005768206231984","20.116587587630598","-0.010569822791442068","5.57554579775178","-0.0808569378530589"
Baroda BNP Paribas Arbitrage Fund,"Arbitrage Fund","Growth","1255.4115","0.27","0","7.692198615518259","6.516690970556804","7.48813258579708","1.3685527187109194","6.4987037081083665","3.0032378838157663"
Bajaj Finserv Multi Cap Fund,"Multi Cap Fund","Growth","1251.030604","2.35","0","0","0","0","1.0742441306419523","6.111869031377905","0.1717180389799912"
WOC Arbitrage Fund,"Arbitrage Fund","Growth","1245.5734","0.8699999999999999","0","0","0","0","1.6059184409960379","6.992209766292995","3.406482416674322"
SBI US Specific Equity Active FoF,"FoFs (Overseas)","Growth","1242.6228999999998","5.52","0","25.697005828547752","19.315632913111557","31.130074576926823","10.943927163829757","47.573887960440466","25.860065993713036"
Union Balanced Advantage Fund,"Balanced Advantage Fund","Growth","1241.3718","2.15","0","11.804221559376199","8.447177119769854","9.34243309932048","-3.9626001780943922","1.362781954887214","-4.133333333333332"
Tata India Pharma & Healthcare Fund,"Sectoral Fund - Pharma & Health Care","Growth","1229.4218153961","4.14","14.896514779755087","26.52247546322892","15.7487570979842","26.763373751586506","7.351783878175853","9.620550902137435","3.8899203949123793"
Bajaj Finserv Balanced Advantage Fund,"Balanced Advantage Fund","Growth","1228.803196","1.81","0","0","0","0","-3.801871945663875","1.9935013612013726","-4.686089454247023"
UTI Banking & PSU Fund,"Banking & PSU Fund","Growth","1206.4258","0.44","6.671049006625829","7.719184498108044","7.423123571140344","7.044526248152638","0.9931531966848873","5.267205094074894","2.1558025564152574"
Navi Nifty Next 50 Index Fund,"Index Fund","Growth","1192.9254429999999","0.8099999999999999","0","22.33804970266068","0","20.03211437489889","-0.03696745651778676","5.489719566399139","-0.10719087242468073"
Aditya Birla SL Silver ETF FOF,"FoFs (Domestic) - Silver","Growth","1189.1665","51.88","0","44.63579845287632","0","51.6687353341299","6.963257075416393","170.97259623000159","69.7276872640983"
Franklin India Dynamic Asset Allocation Active FOFs,"FoFs (Domestic) - Hybrid","Growth","1181.185865106","1.35","10.976106622014647","15.009510422926013","13.504382934771453","12.13363685615958","-2.8974590078873557","0.2983351343351538","-3.6550321960194"
Navi Nasdaq100 US Specific Equity Passive FOF,"FoFs (Overseas)","Growth","1179.091645","5.93","0","31.803893079325583","0","35.7140877870709","24.669047912304475","55.07896526998953","32.94961987674234"
Aditya Birla SL Infrastructure Fund,"Sectoral Fund - Infrastructure","Growth","1168.6306","2.71","16.37397222349786","27.13665283167269","20.28588469228567","21.92633507005621","3.9161098737936144","11.556086869894411","4.35187773739633"
Canara Rob Balanced Advantage Fund,"Balanced Advantage Fund","Growth","1165.3403","1.66","0","0","0","0","-3.7842951750236553","-0.48923679060666053","-5.483271375464683"
WOC Large Cap Fund,"Large Cap Fund","Growth","1163.5677","1.9900000000000002","0","20.85525612555972","0","15.802696650556491","-5.15134423763866","0.9740476349322771","-6.9588737935698015"
JM Midcap Fund,"Mid Cap Fund","Growth","1161.709069945","0.9900000000000001","0","29.084912096742624","0","25.791438905275264","5.640679060290293","9.134770692871209","1.3622527741079913"
Axis Silver FoF,"FoFs (Domestic) - Silver","Growth","1160.5016","50.1","0","47.813275728904436","0","51.99699785233503","6.8905128120288","169.68206265726923","69.93927962185032"
Aditya Birla SL Mfg. Equity Fund,"Thematic Fund","Growth","1157.6338","8.36","15.060057984603104","22.625641176529825","15.405039667934894","23.418454096149","6.050870147255684","17.328199052132707","7.054054054054053"
ICICI Pru Retirement Fund-Hybrid Aggressive Plan,"Solution Oriented, Retirement Fund - Equity Oriented","Growth","1156.5549189202","4.93","0","24.034384938498498","17.769219906992628","22.46653249216255","0.39656311962986596","12.144702842377257","0.7962840079628348"
Unifi Dynamic Asset Allocation Fund,"Dynamic Asset Allocation Fund","Growth","1150.255211001","1.06","0","0","0","0","1.3545587717183756","7.240675704840209","3.4884601548743865"
HSBC Business Cycles Fund,"Thematic Fund","Growth","1149.1152","0.8099999999999999","15.015014616157352","24.189138093688108","17.57874162062749","18.314394286147852","-0.09473923736008374","0.04031312783862425","-3.3594788394950923"
DSP Nifty Top 10 Equal Weight Index Fund,"Index Fund","Growth","1147.6349","0.5599999999999999","0","0","0","0","-9.725038527050055","-10.838740687334774","-14.339314060320367"
Baroda BNP Paribas Aggressive Hybrid Fund,"Aggressive Hybrid Fund","Growth","1145.5697","0.64","0","17.231099462212104","12.614319626418702","14.455820042979584","-1.6547778318957795","2.340815259408015","-2.7558395083931018"
UTI Healthcare Fund,"Sectoral Fund - Pharma & Health Care","Growth","1143.575","6.22","14.68542371108228","27.907193382322035","15.467574755144597","29.574315127064498","11.00733413057391","15.413310031205887","7.722086034807981"
DSP Business Cycle Fund,"Thematic Fund","Growth","1142.9267","2.41","0","0","0","0","-2.8117012212439705","5.216767449010971","-2.2751070918610257"
Canara Rob Savings Fund,"Low Duration Fund","Growth","1139.5447","-0.16999999999999998","6.632087911446538","7.505741738499364","6.142841918579545","7.128275240952342","1.0864208493351464","5.795023941675715","2.3862790640156017"
Nippon India Taiwan Equity Fund,"Thematic Fund - Global","Growth","1138.6694","20.19","0","43.380001335256516","0","62.03087952542086","60.986047442334254","199.06307554534237","100.95884189611127"
Motilal Oswal Nifty Smallcap 250 Index Fund,"Index Fund","Growth","1117.0271","1.16","0","25.28498809652633","16.651165822676095","20.117042287682317","4.40438283798831","2.1084749473223283","-1.5952677328157325"
Bandhan Business Cycle Fund,"Thematic Fund","Growth","1108.4288000000001","-0.24","0","0","0","0","-4.602717984326938","-0.5892081868926877","-7.6442907903582"
Union Innovation & Opp Fund,"Thematic Fund","Growth","1105.1492","3.49","0","0","0","0","2.6353276353276427","7.457121551081283","-4.252491694352163"
HDFC Nifty G-Sec Dec 2026 Index Fund,"Index Funds - Debt Oriented","Growth","1100.6468","0.53","0","7.664620846404074","0","6.969667105524713","1.1784392192149544","5.635903648215445","2.5725968424674552"
Kotak CRISIL-IBX Financial Services 9 to 12 Months Debt Index Fund,"Index Funds - Debt Oriented","Growth","1100.5339","0.59","0","0","0","0","1.153177100639137","0","2.4254119044084983"
UTI Children's Equity Fund-Scholarship,"Solution Oriented - Children's Fund","Growth","1096.0537","-1.48","0","0","0","0","-5.3696569692078375","-3.651173537002163","-8.222980744874787"
UTI Children's Equity Fund,"Solution Oriented - Children's Fund","Growth","1096.0537","-1.48","0","0","0","0","-5.3696569692078375","-3.651173537002163","-8.222980744874787"
Aditya Birla SL Equity Savings Fund,"Equity Savings","Growth","1087.3711","0.96","8.948560284489115","10.214435118510972","7.946118520989476","9.21099613771721","-0.15723270440252632","5.877448937057108","0.633914421553091"
Baroda BNP Paribas Flexi Cap Fund,"Flexi Cap Fund","Growth","1086.8002999999999","1.7999999999999998","0","19.175827180517786","0","16.291888366246","-1.0146410387585507","3.8722830428641735","-3.373859278856152"
HDFC Housing Opp Fund,"Thematic Fund","Growth","1086.2417","-2.48","0","22.580977632987366","15.179437884105141","16.190716093074542","-6.522969912649639","-2.307594776214035","-6.242394743246538"
HSBC India Export Opportunities Fund,"Thematic Fund","Growth","1086.1831","4.52","0","0","0","0","4.408090660164278","10.178750329554436","1.6956246654012657"
DSP NIFTY 50 Index Fund,"Index Fund","Growth","1085.2589","0.58","0","14.339672064718261","10.71994194654382","10.116380125097235","-7.40829355632385","-3.212158348652159","-9.53136079919582"
TRUSTMF Flexi Cap Fund,"Flexi Cap Fund","Growth","1081.3157","1.7999999999999998","0","0","0","0","-0.5988023952095833","3.3807829181494573","-4.046242774566476"
SBI Comma Fund,"Thematic Fund","Growth","1081.0245","-0.76","17.95383315217083","20.40606945432095","13.58065007833238","22.21579762090391","2.6742201302011215","15.325833888321306","8.895135498208973"
Sundaram Equity Savings Fund,"Equity Savings","Growth","1079.019654","0.15","10.695285534904242","13.385099527505318","11.244760316979763","11.175394459783327","-2.047093270501018","2.424921838994552","-2.5254770312575916"
Aditya Birla SL Income Plus Arbitrage Active FOF,"FoFs (Domestic) - Debt Oriented","Growth","1074.8567","-0.08","7.163995988128136","7.728541973155127","6.254166824148166","7.038938893348878","0.6895575013795925","4.493587648145471","1.7010099515371113"
Bank of India Multi Cap Fund,"Multi Cap Fund","Growth","1074.3857","4.279999999999999","0","22.223356859978416","0","21.824321891541555","2.9177718832891095","11.944604731679172","1.5706806282722363"
Invesco India Ultra Short Duration Fund,"Ultra Short Duration Fund","Growth","1073.2742","0.79","6.800863331102058","7.494682644947215","6.340921868107308","7.263359383927237","1.4830910829767017","6.363834275997964","2.931062465850462"
Axis Dynamic Bond Fund,"Dynamic Bond Fund","Growth","1073.086801","-0.06999999999999999","7.654311475191911","8.065279387791694","5.938374309492822","6.754345676086482","0.6051333235715135","2.818591895135816","1.4283519271151868"
Axis ESG Integration Strategy Fund,"Thematic Fund","Growth","1072.2227","-0.89","0","15.69483887499024","9.121940022612463","11.213791068507462","-4.856895056374664","-1.9222172552525691","-7.1126164267569845"
Kotak Nifty Next 50 Index Fund,"Index Fund","Growth","1066.5586","0.9400000000000001","0","22.422599135992172","14.14700003892506","20.16033049736896","0.08384503464772489","5.632886353225339","0.019222617627640985"
Tata Silver ETF FoF,"FoFs (Domestic) - Silver","Growth","1066.4073107999","51.6","0","0","0","0","6.874778180695919","165.46442725621114","69.17984894525486"
Baroda BNP Paribas Small Cap Fund,"Small Cap Fund","Growth","1066.1616000000001","2.62","0","0","0","0","6.505530394059845","7.3072684660634275","2.2630792669398208"
Tata Gilt Securities Fund,"Gilt - Short & Mid Term Fund","Growth","1060.8214060318999","-0.16999999999999998","6.821679260469682","7.923216966307407","5.4886790050333145","5.6891325796776915","-0.8963937451282927","-1.554018743488712","-0.6513188694525938"
HSBC Low Duration Fund,"Low Duration Fund","Growth","1057.9681","0.63","7.051833236346061","8.206557592218727","6.698145593570115","7.8358381010215306","1.1445366308853546","5.9222006907073625","2.491959346455688"
Baroda BNP Paribas Value Fund,"Value Fund","Growth","1056.3788","0.47000000000000003","0","0","0","0","-2.077430234004612","0.9425157976476342","-3.088750273582835"
DSP US Specific Equity Omni FoF,"FoFs (Overseas)","Growth","1055.3111999999999","20.94","19.585226593565896","23.406590626989548","20.447659139811456","29.60368667962676","20.496135840599365","61.87052709171154","28.85686449521965"
360 ONE Liquid Fund,"Liquid Fund","Growth","1047.6465884491","0.01","5.758793659836248","6.954254618514563","5.946204944210964","6.7986742226022745","1.559285577356728","6.08709566825846","3.058640327856363"
LIC MF Infra Fund,"Sectoral Fund - Infrastructure","Growth","1046.6526","2.8899999999999997","18.75634615535311","33.51663807997379","25.772096326514358","29.701898153679718","3.7048508406506366","11.947426198113922","4.853963548299545"
Aditya Birla SL Bal Bhavishya Yojna,"Solution Oriented - Children's Fund","Growth","1043.9857000000002","2.36","0","16.780155660110132","11.326969742418491","14.548353999090246","-0.7548845470692636","4.978863316110861","-2.9105125977410866"
Tata Dividend Yield Fund,"Dividend Yield Fund","Growth","1043.8897718659","4.6","0","21.370421777149787","15.64087441540918","18.958710559461434","1.4754951029460788","10.581560738768218","1.0239024557049745"
SBI Nifty Midcap 150 Index Fund,"Index Fund","Growth","1042.1381","0.33999999999999997","0","25.674283094409095","0","22.771257972209558","2.412392210311118","8.94759148347664","0.2632740410769152"
Axis Innovation Fund,"Thematic Fund","Growth","1039.281201","1.97","0","19.228066497981278","13.514026829029557","16.525821495253258","3.4997426659804414","6.458443620963466","-1.710654936461395"
Kotak Gold Silver Passive FOF,"FoFs - Gold","Growth","1039.2682","49.59","0","0","0","0","4.576271186440673","0","55.21289481039781"
ICICI Pru Nifty Midcap 150 Index Fund,"Index Fund","Growth","1036.0203463933","0.76","0","25.523291998134997","0","22.711139095417778","2.41928483530175","9.005488832128687","0.2854857257137062"
Aditya Birla SL Special Opp Fund,"Thematic Fund","Growth","1030.2154","6.47","0","22.09218030980065","16.712513002164677","21.900698003753206","-0.2120141342756264","11.930241775663882","-1.6370602577499214"
Motilal Oswal Consumption Fund,"Sectoral Fund - Consumption","Growth","1028.6112","4.49","0","0","0","0","2.9157893576444383","0","-6.170035277445543"
Invesco India Balanced Advantage Fund,"Dynamic Asset Allocation Fund","Growth","1024.2767","-0.18","10.889452382939346","14.84883381245082","9.699912969700764","11.01089856444415","-4.0793998124413875","-1.5085861017493256","-6.533658239415168"
Mahindra Manulife Multi Asset Allocation Fund,"Multi Asset Allocation Fund","Growth","1020.6451","5.800000000000001","0","0","0","0","-1.1349736879533445","16.998948032821374","3.2077978961121887"
Sundaram Focused Fund,"Focused Fund","Growth","1019.952124","-0.38","14.375181748505161","16.282768334987374","11.766422726641078","12.346461418342546","-3.837133207380564","0.3138623716422753","-5.326880253033698"
Quantum Value Fund,"Value Fund","Growth","1018.4114","-1.25","12.08795034332686","19.281103269953032","12.030892785836468","14.23766944556042","-5.809224157777613","-4.549342872696173","-8.231775700934582"
Axis Momentum Fund,"Thematic Fund","Growth","1018.1587","0.26","0","0","0","0","-3.548387096774194","0.2234636871508531","-6.6597294484911425"
Motilal Oswal Liquid Fund,"Liquid Fund","Growth","1016.6546000000001","-0.03","0","6.726099906080558","5.755340189094116","6.5897957194333","1.47030319811713","5.889576756651333","2.9403709347809377"
Invesco India Business Cycle Fund,"Thematic Fund","Growth","1015.655","6.529999999999999","0","0","0","0","2.196078431372544","14.801762114537443","-0.6102212051868808"
Mahindra Manulife Liquid Fund,"Liquid Fund","Growth","1012.3222000000001","0.18","0","7.098441897190328","6.167828150686505","7.0015839883398545","1.5957063834311387","6.266916423811923","3.1319925158912105"
Edelweiss Focused Fund,"Focused Fund","Growth","1011.9883","1.2","0","20.518808984090377","0","16.544715794646336","-4.424827892516103","1.7916272469252652","-3.7515375153751505"
HDFC Consumption Fund,"Thematic Fund","Growth","997.3871","-0.76","0","0","0","0","-3.863118952760382","-3.4854653239054323","-9.064602960969042"
LIC MF ELSS Tax Saver,"Equity Linked Savings Scheme (ELSS)","Growth","993.7661","-1.9800000000000002","13.219558267397403","17.827442748106794","12.086587589359166","11.948131687415287","-6.606966373108681","-5.862121318291182","-9.13133859261881"
Sundaram Infra Advantage Fund,"Sectoral Fund - Infrastructure","Growth","990.19569011189","2.23","16.517697430977172","25.620246569220928","19.70726503080824","22.90902242952002","1.9007050776259393","11.544731107220041","3.0959075081888674"
Mirae Asset Diversified Equity Allocator Passive FOF,"FoFs (Domestic) - Equity Oriented","Growth","988.7933","0.8","0","17.179552330578616","12.659726147540207","13.809924793436611","-4.266770670826838","0.7966491458607057","-5.950419556304841"
Edelweiss Recently Listed IPO Fund,"Thematic Fund","Growth","984.0872","6.950000000000001","0","19.323856696749658","14.048255804588328","19.05556195946181","9.873059625707242","13.604386043860442","2.825004497333845"
Nippon India Nifty 500 Momentum 50 Index Fund,"Index Fund","Growth","983.4802000000001","0.83","0","0","0","0","0.2762430939226378","1.7639178326882876","-4.0536115269461135"
Kotak Nifty 50 Index Fund,"Index Fund","Growth","980.6852","0.59","0","14.230058171632836","0","9.98920206905838","-7.4352746015759275","-3.203023356669337","-9.546691368031027"
LIC MF Flexi Cap Fund,"Flexi Cap Fund","Growth","973.2846000000001","2.82","11.496063297583326","16.88887469672263","11.801425254878195","12.731232503348778","-2.5239364038298198","5.760208083074387","-7.146169266974641"
Axis Nifty 50 Index Fund,"Index Fund","Growth","972.0652","-0.01","0","14.596237532388045","0","10.131103161467902","-7.396712140734353","-3.1875287683101736","-9.523207044668103"
Quant Business Cycle Fund,"Thematic Fund","Growth","964.6781","1.8599999999999999","0","0","0","0","5.609622607087374","2.617455407900047","0.5203374708844538"
Tata Nifty Midcap 150 Momentum 50 Index Fund,"Index Fund","Growth","963.633793458","0.66","0","27.543972729696097","0","22.323491293076735","0.5730580760763313","4.256873460373189","-1.8724515630413447"
Bandhan Financial Services Fund,"Sectoral Fund - Banks & Financial Services","Growth","956.248","0.43","0","0","0","0","-7.309262166405032","-0.08799241911466023","-8.094141087105415"
Bajaj Finserv Arbitrage Fund,"Arbitrage Fund","Growth","953.997692999999","0.74","0","0","0","0","1.4700912470429155","6.518847006651879","3.1521085630851076"
SBI Nifty50 Equal Weight Index Fund,"Index Fund","Growth","952.4691","-0.21","0","0","0","0","-3.181913334728902","5.251641137855576","-2.9302550855666736"
Nippon India Conservative Hybrid Fund,"Conservative Hybrid Fund","Growth","951.13","1.49","6.4952640469776","9.920616466857515","8.57618101161719","8.710189142121138","-0.14985727878210106","6.635505264043677","1.4500809628537714"
Invesco India Multi Asset Allocation Fund,"Multi Asset Allocation Fund","Growth","949.8782000000001","6.49","0","0","0","0","-0.6344171292624907","18.31916902738432","6.457094307561595"
Kotak Silver ETF FoF,"FoFs (Domestic) - Silver","Growth","944.9031","51.57000000000001","0","55.795338790569716","0","51.483998235452","6.623101858718063","171.3722257743951","70.62350758738938"
Helios Small Cap Fund,"Small Cap Fund","Growth","932.4276","3.29","0","0","0","0","7.880724174653889","0","0"
Union Large & Midcap Fund,"Large & Mid Cap Fund","Growth","919.59","1.4200000000000002","0","18.707437003700765","15.48982553591507","15.763151338586724","-2.1011396011396006","5.527831094049895","-2.9307909604519837"
Nippon India Index Fund-BSE Sensex Plan,"Index Fund","Growth","916.1839","-0.73","12.524800399484203","13.068542168029992","9.802179617575856","7.85424510288093","-8.981149102800945","-6.360452450004837","-11.972165692336286"
Navi Total Stock Market US Specific Equity Passive FoF,"FoFs (Overseas)","Growth","913.425239","12.91","0","23.54495693980893","0","28.043005143541944","13.957005234322487","41.75766404864454","22.421998074566776"
Nippon India Nifty 50 Value 20 Index Fund,"Index Fund","Growth","912.2425999999999","0.4","0","15.594600763094537","11.414191043234156","10.307592578478753","-8.008635703170896","-5.447988052239679","-8.233703753199629"
HSBC Equity Savings Fund,"Equity Savings","Growth","904.5047","3.4799999999999995","10.352262692823789","14.839865597933056","12.207014092148437","14.239331872867211","3.0097551521416204","11.633807550128832","3.1238115934155566"
Quant Dynamic Asset Allocation Fund,"Dynamic Asset Allocation Fund","Growth","901.3244","2.3","0","19.570863339074055","0","19.80248954666637","2.6255789523945827","2.537450503315679","-1.1026112964454209"
Aditya Birla SL Pharma & Healthcare Fund,"Sectoral Fund - Pharma & Health Care","Growth","900.8728","5.9799999999999995","0","25.899980445237187","14.77789047615814","27.66420036710531","10.360094451003535","15.152448413920547","8.945221445221446"
Edelweiss CRISIL IBX 50:50 Gilt Plus SDL April 2037 Index Fund,"Index Funds - Debt Oriented","Growth","898.0664","-0.65","0","8.523831696528624","0","6.465585900164572","-0.528467975906733","-0.2915785697384173","0.12033233184132008"
HDFC NIFTY G-Sec Jun 2036 Index Fund,"Index Funds - Debt Oriented","Growth","893.6144","0.32","0","8.924313290747428","0","6.863686653182044","-0.5583938195071795","0.7925293843688616","0.47844254361460514"
TRUSTMF Liquid Fund,"Liquid Fund","Growth","892.9971","0.18","0","7.6179098814982495","6.079867592026278","6.9221988121360045","1.5821044669050492","6.192324690560818","3.102723742380272"
Mahindra Manulife ELSS Tax Saver Fund,"Equity Linked Savings Scheme (ELSS)","Growth","888.5214","-1.0699999999999998","0","17.452721438332496","13.311021651710742","12.29842927039979","-6.72554047156088","-3.094556400934342","-8.848886428381936"
Union Multi Asset Allocation Fund,"Multi Asset Allocation Fund","Growth","888.1239999999999","6.890000000000001","0","0","0","0","-3.426294820717143","15.86998087954109","3.5897435897435894"
Mahindra Manulife Balanced Advantage Fund,"Balanced Advantage Fund","Growth","886.9989999999999","2.0500000000000003","0","15.550076937532367","0","13.880441719668756","-1.5977975444910033","3.2110489426545916","-2.174380238423329"
Baroda BNP Paribas ELSS Tax Saver Fund,"Equity Linked Savings Scheme (ELSS)","Growth","886.9853999999999","2.31","14.080831742705225","21.56347282540318","14.335720787938566","18.406258175280566","-2.7369434476774166","4.968350419817688","-4.179975996841965"
Baroda BNP Paribas Manufacturing Fund,"Thematic Fund","Growth","884.8211","2.5","0","0","0","0","5.778230101963171","17.270359474022758","7.69580880074373"
Invesco India Short Duration Fund,"Short Duration Fund","Growth","883.319","0.37","7.044624681270317","7.834058114028881","5.998260771530917","7.030947494947748","0.2752129136830858","4.250953494313651","1.1969689581727427"
Axis Children's Fund-Compulsory Lock in,"Solution Oriented - Children's Fund","Growth","881.9413000000001","0.25","10.943404246756261","12.363134286397239","8.887339050747944","9.860358927987845","-3.8827580235895875","-0.32116364841904593","-5.293102429997306"
Axis Children's Fund-No Lock in,"Solution Oriented - Children's Fund","Growth","881.9413000000001","0.25","11.127693383471616","12.559741783065778","9.067985545471547","10.006183104732669","-3.88276233887174","-0.32123614923248733","-5.2932521578993175"
360 ONE Quant Fund,"Thematic Fund","Growth","879.564072608789","1.29","0","28.232690311442006","0","21.398375609828648","-6.5289646335706495","-1.3241934827712494","-6.31008193594802"
Union Money Market Fund,"Money Market Fund","Growth","876.6352","0.77","0","7.293835901596862","0","7.087621891003026","1.4766922209659743","6.268985187627702","2.963070361461491"
Baroda BNP Paribas Innovation Fund,"Thematic Fund","Growth","869.7294999999999","5.26","0","0","0","0","2.558868727007427","12.851103804603097","-0.44900142384679453"
Motilal Oswal Nifty 50 Index Fund,"Index Fund","Growth","869.7186","0.59","0","14.395803330089215","10.732470658683301","10.159339090292674","-7.415812459395072","-3.1936824526726433","-9.520156258956003"
Baroda BNP Paribas Overnight Fund,"Overnight Fund","Growth","867.3246","-0.01","0","6.422852902230849","5.584936233014504","6.243536815724804","1.2531076796103546","5.38386630302561","2.577955646890293"
Axis Equity Savings Fund,"Equity Savings","Growth","865.8851","0.27999999999999997","9.766578143304372","11.948764278682168","9.235998537543155","10.309245987793481","-1.1596443757247805","3.6481556546412586","-1.2359984550019323"
Sundaram Multi-Factor Fund,"Thematic Fund","Growth","865.54253548299","2.54","0","0","0","0","-4.260630056808409","0","-5.062354782113893"
Canara Rob Infrastructure Fund,"Sectoral Fund - Infrastructure","Growth","864.253","3.74","18.20142307224868","30.14867574012994","24.64620181996753","26.168336439234395","2.52037752037753","10.470357101583268","3.385247674670138"
Canara Rob Conservative Hybrid Fund,"Conservative Hybrid Fund","Growth","863.5721000000001","-0.09","9.022227722071108","9.715254035598038","7.5994239334667535","8.09161620065144","-0.5403949443426106","1.4384758285107522","-0.9853332778747799"
LIC MF Multi Asset Allocation Fund,"Multi Asset Allocation Fund","Growth","860.0953999999999","4.73","0","0","0","0","-1.37289102878409","12.186848553560312","0.8415723596078091"
Franklin India Arbitrage Fund,"Arbitrage Fund","Growth","855.9959705729999","0.9199999999999999","0","0","0","0","1.471356673358809","6.896385216375175","3.3578605311321144"
Sundaram Dividend Yield Fund,"Dividend Yield Fund","Growth","855.64514403","-0.9299999999999999","15.850684873190657","19.4683812040662","13.650171418359847","15.075147771375663","-5.147253338759803","-0.43341289572181557","-5.897469294189669"
Nippon India Equity Savings Fund,"Equity Savings","Growth","853.2191","0.27","5.762252604962392","9.870779045468732","8.079886825890537","7.831830489867242","-1.2297283961446919","3.6720107726126914","-0.10258400798491471"
ICICI Pru Long Term Bond Fund,"Long Duration Fund","Growth","850.3804954479","-0.52","7.252932204705909","8.09435323546054","4.981999545666116","5.838895733226557","-0.8762074121973861","-1.578380807820377","-0.764209697927275"
Aditya Birla SL Nifty India Defence Index Fund,"Index Fund","Growth","847.2179","1.9","0","0","0","0","10.930884318544386","12.192462999624977","8.415995954658461"
Motilal Oswal Nifty 200 Momentum 30 Index Fund,"Index Fund","Growth","840.3616999999999","0.67","0","22.277749517774645","0","15.399211497849885","-4.501850640899488","-0.39861214111664395","-6.581210912997852"
PGIM India Balanced Advantage Fund,"Dynamic Asset Allocation Fund","Growth","829.6129","0.61","0","12.228405173057556","8.97274977641105","8.905584618126227","-3.2993401319736093","-0.4323656578134668","-5.620608899297409"
ICICI Pru Nifty SDL Dec 2028 Index Fund,"Index Funds - Debt Oriented","Growth","828.4345367641","-0.02","0","8.435112865057869","0","7.095466716982268","-0.13982487507449673","3.8011579791754375","1.3721049284085431"
Kotak Rural Opportunities Fund,"Thematic Fund","Growth","827.7509","2.42","0","0","0","0","-8.079166268285677","0","0"
HDFC Income Fund,"Medium to Long Duration Fund","Growth","826.3164","-0.19","6.366276663622372","7.8110865907352744","5.542917600198427","6.139207160529381","-0.20409845575168437","0.5455311661786184","0.390203901117645"
JM Value Fund,"Value Fund","Growth","825.6609050210001","0.1","17.086880371113256","26.719047926850344","16.898891121283377","17.82530039456929","-3.731643096144347","-4.900516770589072","-7.382406018721404"
ICICI Pru Conglomerate Fund,"Thematic Fund","Growth","824.005765209","9.379999999999999","0","0","0","0","-2.3552502453385693","0","-0.40040040040040964"
Helios Large & Mid Cap Fund,"Large & Mid Cap Fund","Growth","823.5307","3.49","0","0","0","0","-0.4480286738351318","11.099999999999994","-2.7145359019264492"
Axis Quant Fund,"Thematic Fund","Growth","822.9861999999999","1.81","0","17.092914193383578","0","11.995586155825677","-4.398148148148157","1.4742014742014644","-4.72895040369089"
ICICI Pru Nifty G-Sec Dec 2030 Index Fund,"Index Funds - Debt Oriented","Growth","814.8857837232999","0.48","0","8.560431110771315","0","7.163401942650616","0.3117788204368024","3.2102337503046736","1.3175057693940404"
Quant Focused Fund,"Focused Fund","Growth","813.0152","3.37","15.430175364441334","18.867760966915842","14.040829401327226","17.26576816393215","3.181878184650321","5.735017206674885","0.590122956009484"
Baroda BNP Paribas Conservative Hybrid Fund,"Conservative Hybrid Fund","Growth","790.5944000000001","0.97","8.921968670219549","10.370954998478709","8.096428452255822","9.188761234719035","0.08232505924909372","3.8125779769881234","0.43237714445115605"
UTI Equity Savings Fund,"Equity Savings","Growth","788.0525","0.5499999999999999","0","12.02367439474527","9.868551735018904","10.163339875975064","-1.8115692731115185","3.7531743847276373","-0.6860074367182902"
DSP Quant Fund,"Thematic Fund","Growth","784.7394","2.5100000000000002","0","12.71877297136011","8.783413080944214","10.04260917925106","-5.045239121068502","1.5247834899576336","-6.081138668712177"
PGIM India Large and Mid Cap Fund,"Large & Mid Cap Fund","Growth","783.7365","-0.01","0","0","0","0","-2.270947533281121","1.960784313725492","-5.454545454545446"
Nippon India Nifty G-Sec Jun 2036 Maturity Index Fund,"Index Funds - Debt Oriented","Growth","782.3627","0.32","0","8.975140634309419","0","6.865879516853823","-0.5799541287945994","0.8033449215446827","0.42434359350379364"
LIC MF Gold ETF FoF,"FoFs - Gold","Growth","779.4869","24.62","16.400562900566882","32.70416764113808","25.762503271080096","36.286743016926515","1.893261635100418","65.30736716141361","28.605492739913227"
Mahindra Manulife Value Fund,"Value Fund","Growth","777.0700999999999","4.35","0","0","0","0","-0.08055001830682251","9.72266895393303","2.2650433855736742"
Kotak Global Innovation Overseas Equity Omni FOF,"FoFs (Overseas)","Growth","776.1714999999999","13.309999999999999","0","18.576877930657353","0","24.359604306078065","16.315446612531815","40.88260929400431","23.217595750314953"
Union ELSS Tax Saver Fund,"Equity Linked Savings Scheme (ELSS)","Growth","772.0947","1.4000000000000001","13.668909997356081","17.643452649004153","14.018049993932657","13.645602509638778","-4.300924628747539","1.2000000000000033","-6.424657534246572"
DSP Multi Asset Omni FoF,"FoFs (Domestic) - Hybrid","Growth","769.2905000000001","1.77","0","0","0","0","0","0","0"
DSP Strategic Bond Fund,"Dynamic Bond Fund","Growth","762.694","-1","7.026279809023772","8.03497124680517","5.537397935631105","5.869982865542855","-0.8619311965791108","-1.7560320180549158","-0.6791759575107081"
HDFC CRISIL-IBX Financial Services 9-12 Months Debt Index Fund,"Index Funds - Debt Oriented","Growth","762.6489999999999","1.05","0","0","0","0","0","0","0"
Invesco India Aggressive Hybrid Fund,"Aggressive Hybrid Fund","Growth","762.4397","-2.29","0","18.8399408114484","11.712123813669507","13.371713983942147","-5.148154615187832","-5.484363050752814","-8.79433676417762"
Kotak Credit Risk Fund,"Credit Risk Fund","Growth","761.1708","1.22","7.544688627686069","8.482623409391874","6.578367431525622","8.157171533562192","0.5427819720887617","6.677144903086432","2.1803322521768433"
Motilal Oswal Nifty 500 Momentum 50 Index Fund,"Index Fund","Growth","756.2908","0.79","0","0","0","0","0.24181570451839732","1.6657122226925158","-4.359028412151889"
Bank of India Mfg & Infra Fund,"Sectoral Fund - Infrastructure","Growth","755.2632000000001","8.61","20.244160317446692","29.47254540462216","23.390471259765675","26.985294654991954","5.884867483613558","19.22027915931334","7.136678200692046"
JioBlackRock Overnight Fund,"Overnight Fund","Growth","754.75185101","-0.03","0","0","0","0","1.2528989713033056","0","2.573565889384886"
Quant BFSI Fund,"Sectoral Fund - Banks & Financial Services","Growth","753.0211999999999","9.3","0","0","0","0","0.05371674707444504","22.162016378168985","0.28581204838676744"
Kotak ESG Exclusionary Strategy Fund,"Thematic Fund","Growth","752.3838000000001","0.08","0","16.64737324061479","10.027421000155478","12.164607976427666","-8.039359363550723","-1.4637429196343403","-8.96373056994819"
LIC MF Manufacturing Fund,"Thematic Fund","Growth","750.9299000000001","1.87","0","0","0","0","6.3463238402705615","15.68555720467421","6.841129795161868"
Nippon India US Equity Opp Fund,"Thematic Fund - Global","Growth","749.1016000000001","5.94","16.35432864172619","20.874112017784174","12.258239788950153","20.355323790469072","9.541297738586954","19.844317757157967","14.680886138551092"
Baroda BNP Paribas Gilt Fund,"Gilt - Short & Mid Term Fund","Growth","748.4516","-0.5499999999999999","6.701335811267239","8.041308940997206","5.459758466404385","5.888326776173924","-0.7464454475076849","-0.8309786823958057","-0.49071272099567753"
HSBC Financial Services Fund,"Sectoral Fund - Banks & Financial Services","Growth","746.8573","6.4","0","0","0","0","-3.0073094880176883","9.348995695839314","0.11329305135951508"
Kotak Services Fund,"Sectoral Fund - Service Industry","Growth","743.7269","10.280000000000001","0","0","0","0","0","0","0"
ICICI Pru Nifty Alpha Low - Volatility 30 ETF FOF,"FoFs (Domestic) - Equity Oriented","Growth","742.6860106688999","-0.09","0","19.286003473790185","0","13.496623369014138","-6.173071319887341","-2.3833100930285918","-4.934003358874779"
UTI Innovation Fund,"Thematic Fund","Growth","739.7284","-1.16","0","0","0","0","3.8103770348061534","-4.43510532826798","-10.890586907079854"
Nippon India Nifty Next 50 Junior BeES FoF,"FoFs (Domestic) - Equity Oriented","Growth","736.2222","1.1900000000000002","0","22.401324028105098","13.984288333011708","20.187722035580038","-0.04172616153766443","5.364715946461787","-0.19722207358371058"
360 ONE Balanced Hybrid Fund,"Balanced Hybrid Fund","Growth","734.468141836611","1.0699999999999998","0","0","0","0","-0.016711483827842866","2.65080912458569","-1.100024044241403"
Motilal Oswal Balanced Advantage Fund,"Dynamic Asset Allocation Fund","Growth","734.3827","0.1","0","10.717288252139069","5.619133510285201","6.419680704130082","-0.8018705390105857","-2.415863638564714","-11.41544683282781"
HSBC Medium Duration Fund,"Medium Duration Fund","Growth","732.3031","0.47000000000000003","7.42620802936016","8.484448936163538","6.628551320128917","7.526595334988295","0.4662668859847968","4.393642362715507","1.5655551675977761"
Franklin India NSE Nifty 50 Index Fund,"Index Fund","Growth","729.605899172","1.02","12.497821768306338","14.25320648576187","10.625794034715796","10.03923160541218","-7.388029166979252","-3.2362012901140984","-9.53115298482466"
Nippon India CRISIL-IBX Financial Services 9-12 Months Debt Index Fund,"Index Funds - Debt Oriented","Growth","725.4288","0.73","0","0","0","0","0","0","0"
UTI Nifty 500 Value 50 Index Fund,"Index Fund","Growth","722.2859","0.48","0","27.749246653612285","0","32.23702781753117","-0.7916095480557862","19.857831616692174","9.15141271612091"
Mirae Asset S&P 500 Top 50 ETF FoF,"FoFs (Overseas)","Growth","721.5264","17.69","0","36.7243030187171","0","39.12296667245552","18.085877708853612","50.47736372035725","19.85772108426346"
Bank of India Mid Cap Fund,"Mid Cap Fund","Growth","719.7755999999999","-0.18","0","0","0","0","6.542056074766344","0","1.0837438423645265"
ICICI Pru Nifty Bank Index Fund,"Index Fund","Growth","716.9275601457","0.8699999999999999","0","13.56085900087395","0","7.336582312302964","-12.334019820906397","-1.8184366796646085","-9.695378520610888"
DSP Silver ETF FoF,"FoFs (Domestic) - Silver","Growth","712.8725","51.28","0","0","0","0","6.842904467305895","170.84182442875849","70.3370049098823"
Baroda BNP Paribas Energy Opportunities Fund,"Sectoral Fund - Energy & Power","Growth","712.4069999999999","0.06","0","0","0","0","4.188955709871421","11.971969291198008","6.083492616586888"
Union Aggressive Hybrid Fund,"Aggressive Hybrid Fund","Growth","707.0666","0.69","0","15.22486258692817","11.656527276413374","12.713219691578548","-3.2871083718541376","1.9491066594477502","-3.8795303726391097"
ICICI Pru Diversified Equity All Cap Active FOF,"FoFs (Domestic) - Equity Oriented","Growth","704.350897878","4.02","0","0","0","0","0","0","0"
Parag Parikh Large Cap Fund,"Large Cap Fund","Growth","702.3245","3.1199999999999997","0","0","0","0","-6.104298476933416","0","0"
SBI Nifty 500 Index Fund,"Index Fund","Growth","701.909","0.13999999999999999","0","0","0","0","-3.4894965331358145","0.5810961488978451","-5.791265402034531"
Mahindra Manulife Large Cap Fund,"Large Cap Fund","Growth","700.9276","-0.42","0","17.02751627407868","11.78983041014099","12.607140897814585","-7.929011881485933","-3.8458215859203753","-8.824788791129404"
Axis Retirement Fund-Aggressive Plan,"Solution Oriented, Retirement Fund - Equity Oriented","Growth","700.7171000000001","-0.24","0","16.49164708563528","9.734521890587366","13.102841835616342","-3.663366336633656","-2.014098690835844","-5.94490091831803"
PGIM India ELSS Tax Saver Fund,"Equity Linked Savings Scheme (ELSS)","Growth","700.0421000000001","-0.91","14.39665579643874","14.91790538879063","12.061849309084183","10.492155583377794","-3.774547309359867","-3.405017921146967","-8.355598736944387"
SBI Floating Rate Debt Fund,"Floating Rate Fund","Growth","696.9104","0.42","0","8.045563349992515","6.585440932741626","7.670014455222729","1.5536296871182314","5.620328849028392","2.8514868779202627"
JioBlackRock Low Duration Fund,"Low Duration Fund","Growth","686.5539528630001","0.69","0","0","0","0","1.1026258758200447","0","0"
LIC MF Balanced Advantage Fund,"Balanced Advantage Fund","Growth","681.0327000000001","-0.9199999999999999","0","11.868746936135398","0","8.605763727224524","-2.9958450277915314","-2.8133291981115756","-4.767918526672651"
Motilal Oswal Manufacturing Fund,"Thematic Fund","Growth","679.3231","-3.1399999999999997","0","0","0","0","2.5843073602887183","2.809912849080786","-3.85984890331682"
JM Small Cap Fund,"Small Cap Fund","Growth","677.430037172","3.18","0","0","0","0","8.215279861750664","6.363978478218861","0.11392247527689778"
ICICI Pru Nifty Smallcap 250 Index Fund,"Index Fund","Growth","676.9261818377","1.11","0","25.01609121859462","0","19.809278528754227","4.398046398046407","1.981739135620613","-1.6296875808947493"
Mahindra Manulife Manufacturing Fund,"Thematic Fund","Growth","674.967","-0.97","0","0","0","0","1.8029424177290971","7.713555837089046","1.4068258918533183"
UTI India Consumer Fund,"Sectoral Fund - Consumption","Growth","673.8107000000001","0.32","12.053701974128273","16.417106801170345","12.03989459548116","12.437940781484436","-4.006912770809579","-1.309667729054481","-9.054932036987593"
Bandhan Multi-Factor Fund,"Thematic Fund","Growth","672.5989999999999","1.8599999999999999","0","0","0","0","-6.439180297048323","0","-2.412001176585944"
iSIF Hybrid Long-Short Fund,"Balanced Hybrid Fund","Growth","672.018927596","8.57","0","0","0","0","-1.7520403887215001","0","0"
Quant Manufacturing Fund,"Thematic Fund","Growth","669.3308999999999","-0.79","0","0","0","0","11.510220418754225","7.790882286232702","5.822756624359837"
HDFC Nifty G-Sec Jun 2027 Index Fund,"Index Funds - Debt Oriented","Growth","662.5696","0.58","0","7.991833886313063","0","7.118900197719946","0.938225584811488","5.445095289167561","2.294646358739583"
LIC MF Dividend Yield Fund,"Dividend Yield Fund","Growth","661.2813000000001","2.1999999999999997","0","25.2256017327638","17.357641191843733","22.134118456294804","0.9388869921474836","3.9268468668479724","-1.8583496154887842"
LIC MF Small Cap Fund,"Small Cap Fund","Growth","660.0498","3.37","0","21.931332097184878","19.116184216433197","19.179399558045617","8.949596855254475","7.930487214525135","3.632293195811983"
Axis Global Innovation FoF,"FoFs (Overseas)","Growth","656.0581","12.68","0","23.187896525103124","0","24.507711130455778","17.639902676399018","35.52908199018921","17.711503347534997"
Baroda BNP Paribas Focused Fund,"Focused Fund","Growth","655.3717999999999","-0.06","0","17.446859708823624","12.760443031342405","13.176738510358788","-3.59030472368139","-0.7073470949283834","-7.363941091574976"
Motilal Oswal Digital India Fund,"Sectoral Fund - Technology","Growth","654.7366000000001","-1.52","0","0","0","0","-1.0472203203394124","-9.72670209606897","-18.125504982493933"
Bandhan Transportation and Logistics Fund,"Thematic Fund","Growth","652.8033","3.4000000000000004","0","28.373524179305843","0","22.200500556840552","-5.770251362956538","12.034646933975788","-5.3547199069587155"
JM Aggressive Hybrid Fund,"Aggressive Hybrid Fund","Growth","651.983846654","0.09","13.297852207886063","23.317862047458625","14.82968889506271","17.700003610574623","-2.7900142518933757","-0.6634144139739054","-5.940258363772081"
Baroda BNP Paribas Ultra Short Duration Fund,"Ultra Short Duration Fund","Growth","650.5758999999999","0.02","0","7.478873985590915","6.379462825357796","7.192220963298213","1.4646091793550313","6.208216561885353","2.837908444420195"
Axis Nifty Midcap 50 Index Fund,"Index Fund","Growth","649.6127","0.66","0","27.88610607106891","0","24.066725373948785","3.3480189064597132","10.973088129327369","0.7136662828222551"
Samco Active Momentum Fund,"Thematic Fund","Growth","646.6076","0.13","0","0","0","0","5.303030303030312","0.7246376811594176","1.0909090909090935"
Baroda BNP Paribas Dividend Yield Fund,"Dividend Yield Fund","Growth","644.9634","1.25","0","0","0","0","-2.863528845768355","2.9138482122946554","-3.467269612335158"
ITI Large & Mid Cap Fund,"Large & Mid Cap Fund","Growth","644.8711","-0.3","0","0","0","0","0.3715338294075342","0.4543555462711497","-4.181445024508833"
Tata Nifty Capital Markets Index Fund,"Index Fund","Growth","644.1352375182","1.44","0","0","0","0","19.85793286816705","37.3727629265654","16.82077468028338"
HDFC NIFTY Smallcap 250 Index Fund,"Index Fund","Growth","643.8434","1.11","0","17.764051027307072","0","19.7448624485046","4.395680226339569","1.9812937112041045","-1.6128507787858053"
Tata Nifty SDL Plus AAA PSU Bond Dec 2027 60:40 Index Fund,"Index Funds - Debt Oriented","Growth","641.6462629121","0.38999999999999996","0","7.961924876045313","0","7.117506273172425","0.636633770072831","4.902944173841875","2.006913395288599"
Motilal Oswal Nifty Bank Index Fund,"Index Fund","Growth","640.0383999999999","0.86","0","13.635399222124173","10.506724325213114","7.3534684603325795","-12.365866572537952","-1.8458208343011329","-9.74921501892589"
HDFC Nifty G-Sec Jul 2031 Index Fund,"Index Funds - Debt Oriented","Growth","638.4673","0.13999999999999999","0","8.752566046431367","0","6.997214520790451","-0.41628583936896446","2.120269365573187","0.6614650052404828"
Bajaj Finserv Low Duration Fund,"Low Duration Fund","Growth","634.8753","0.52","0","0","0","0","0","0","0"
Baroda BNP Paribas ESG Best-in-class Strategy Fund,"Thematic Fund","Growth","634.6192","7.380000000000001","0","0","0","0","0","0","0"
Franklin India Equity Savings Fund,"Equity Savings","Growth","633.175217257","0.38999999999999996","0","9.579536710086431","8.375040092789554","8.588372620779294","-0.5206895618521805","4.137911496402061","0.11002717998158464"
Bandhan Overnight Fund,"Overnight Fund","Growth","632.3068","-0.06","0","6.417350001322392","5.5785365568139955","6.2361341058700726","1.2434920391156998","5.370455914191243","2.5648892960670726"
Sundaram Overnight Fund,"Overnight Fund","Growth","623.73891117861","-0.05","0","6.405109191203714","5.557304384637063","6.215534701952508","1.229924004215706","5.328091286725789","2.537283586906982"
Edelweiss Technology Fund,"Sectoral Fund - Technology","Growth","622.9055999999999","3.4799999999999995","0","0","0","0","5.077430381713659","7.504128727998519","-3.1814711122423036"
Baroda BNP Paribas Business Conglomerates Fund,"Thematic Fund","Growth","621.8154","0.11","0","0","0","0","-4.183741170042547","0","-4.780188880485585"
Nippon India Income Plus Arbitrage Active FoF,"FoFs (Domestic) - Hybrid","Growth","621.7951","0.16","0","0","0","0","0.6964445685993108","0","1.8581492560582258"
SBI FMP-67-1467D,"Fixed Maturity Plans","Growth","621.6843","-0.12","0","7.184224585825132","0","7.059220943761169","1.3067469860764225","5.891445120562296","2.7437051069539815"
Sundaram Corp Bond Fund,"Corporate Bond Fund","Growth","616.1745642014499","0.06","7.290290922776377","7.53691351123723","5.85554984807366","6.7766719966232625","0.1916444866698885","3.6006838265392207","0.8927043054751229"
Axis Nifty Smallcap 50 Index Fund,"Index Fund","Growth","615.4585","0.86","0","29.887589826310677","0","25.135308533001478","5.6103506257546805","5.416441380553306","0.3189083151993305"
HDFC Nifty G-Sec Sep 2032 Index Fund,"Index Funds - Debt Oriented","Growth","612.8336","0.08","0","8.793587899748628","0","6.902912464467237","-0.4483400558485906","1.5974794971660067","0.4602595613444569"
Aditya Birla SL CRISIL IBX Gilt Apr 2029 Index Fund,"Index Funds - Debt Oriented","Growth","612.4336","0.43","0","8.565599359986448","0","7.285068423788332","0.1773319532391545","4.123817359111477","1.531946405017001"
HDFC NIFTY200 Momentum 30 Index Fund,"Index Fund","Growth","609.1827","0.76","0","0","0","0","-4.530248908544538","-0.1758789004604408","-6.413094830061783"
WOC Quality Equity Fund,"Thematic Fund","Growth","604.4909","-2.09","0","0","0","0","-2.7839968850384462","-3.376547987616101","-8.60254415667612"
WOC Pharma and Healthcare Fund,"Sectoral Fund - Pharma & Health Care","Growth","602.9331","2.6599999999999997","0","0","0","0","11.03438556933483","20.483217371358656","8.302405498281775"
UTI Silver ETF FoF,"FoFs (Domestic) - Silver","Growth","596.5873","51.83","0","56.517533050298624","0","52.47812204919195","6.73845589954563","170.66213704249722","70.59976163060823"
360 ONE Dynamic Bond Fund,"Dynamic Bond Fund","Growth","594.880683867849","0.35000000000000003","7.138034796955117","8.548569169675611","6.716090456172075","7.481935767916514","-0.14583073161103036","3.66443755776653","0.7609787031654484"
WOC Banking & Financial Services Fund,"Sectoral Fund - Banks & Financial Services","Growth","591.5836","3.11","0","0","0","0","-6.334675942878069","4.110704110704103","-4.6802802205991965"
HDFC Dynamic Debt Fund,"Dynamic Bond Fund","Growth","587.8441","-0.27999999999999997","6.552302734436677","7.716616898375135","6.690392821236535","6.313578274036868","0.013164731683816714","0.38630484748015154","0.6849473237154171"
WOC Ultra Short Duration Fund,"Ultra Short Duration Fund","Growth","586.0298","-0.05","0","7.1830562081782565","6.149048683930047","6.929372151667335","1.4105588214757352","5.9578824449593055","2.728017838689062"
PGIM India Liquid Fund,"Liquid Fund","Growth","584.302","0.22","6.190014171262548","7.092542355021353","6.154064425204164","7.0032908329098476","1.6302403081283985","6.270062572389213","3.153616308500103"
Invesco India Manufacturing Fund,"Thematic Fund","Growth","583.9662999999999","-1.35","0","0","0","0","4.089581304771178","7.653575025176231","2.986512524084766"
HDFC NIFTY Midcap 150 Index Fund,"Index Fund","Growth","583.5165000000001","0.72","0","20.258145683899496","0","22.561502817487167","2.3611022039804217","8.876863083936845","0.19826842091496685"
Union Low Duration Fund,"Low Duration Fund","Growth","575.5417","0.48","0","0","0","0","0.8738014228271024","0","2.129491896970163"
Mirae Asset Short Duration Fund,"Short Duration Fund","Growth","574.7904","0.22","0","7.99451648283085","6.189869523602698","7.0848336216116525","0.07965827753405572","4.016606372575505","1.0008155656530413"
Canara Rob Banking & Financial Services Fund,"Sectoral Fund - Banks & Financial Services","Growth","569.0791","7.5600000000000005","0","0","0","0","0","0","0"
WOC Liquid Fund,"Liquid Fund","Growth","567.8032","0.02","0","7.001143396260434","5.923073704699511","6.864549779148144","1.5767242056821438","6.119635015104123","3.0807507408316908"
Aditya Birla SL ESG Integration Strategy Fund,"Thematic Fund","Growth","565.9608999999999","0.52","0","16.970776276209097","11.836627236687814","13.565145642145705","-5.822267620020415","-0.16242555495396635","-7.009581442259189"
The Wealth Company Liquid Fund,"Liquid Fund","Growth","564.307158251","-0.03","0","0","0","0","1.632532559205257","0","3.173816658275806"
Mahindra Manulife Low Duration Fund,"Low Duration Fund","Growth","560.9698999999999","-0.06","0","7.768263080542996","6.420988390775606","7.397621502089513","1.1458321069657185","6.014855139091588","2.5158860368988143"
Baroda BNP Paribas Business Cycle Fund,"Thematic Fund","Growth","560.8941","3.06","0","19.936661898449078","0","16.654541687385894","-1.5587643508107514","3.8578483707630085","-2.704568052874787"
Navi Nifty Bank Index Fund,"Index Fund","Growth","557.326325","0.86","0","13.610953206666139","0","7.312140758791519","-12.387535932502892","-1.919687946226453","-9.778304606907154"
HSBC Income Plus Arbitrage Active FOF,"FoFs (Domestic) - Hybrid","Growth","552.7366999999999","0.29","6.803869942831264","8.224337020538073","6.334783571620295","7.420943138628333","0.5955903326195365","4.366031085611319","1.683011950202476"
Bandhan Nifty Alpha 50 Index Fund,"Index Fund","Growth","549.9907","0.52","0","0","0","0","1.8093291209812257","4.016860332649808","-0.6081409609788319"
Axis Gold and Silver Passive FoF,"FoFs - Gold","Growth","549.5833","34.160000000000004","0","0","0","0","4.280343198688907","0","0"
Invesco India - Invesco Global Consumer Trends FoF,"FoFs (Overseas)","Growth","549.4872","17.5","0","24.604224435439747","6.7109613905334875","27.280091261119633","21.1366975298097","39.38828062036837","16.31332474924343"
UTI Gilt Fund,"Gilt - Short & Mid Term Fund","Growth","548.3706999999999","0.38","7.612988300932244","7.502528159294254","5.790064490643854","6.653097208913783","1.3387080720613262","1.878751400497601","2.397580172039416"
Bajaj Finserv Consumption Fund,"Sectoral Fund - Consumption","Growth","547.578499","-1.77","0","0","0","0","-2.0480070469059672","-6.160337552742612","-10.014161440420782"
ICICI Pru Nifty 200 Momentum 30 Index Fund,"Index Fund","Growth","545.5993270317999","0.79","0","21.63310849467742","0","15.190069241498506","-4.473665820307951","-0.09744570447152903","-6.359391233858891"
PGIM India Large Cap Fund,"Large Cap Fund","Growth","544.3855","0.45999999999999996","11.960766323262595","14.280490475596588","9.515365728871728","9.857357037527926","-5.45695559319538","-2.052338445105667","-8.441697373113037"
Franklin India Multi-Factor Fund,"Thematic Fund","Growth","539.631703445","5.6899999999999995","0","0","0","0","-4.595590090317364","0","0"
Kotak CRISIL-IBX AAA Financial Services Index - Sep 2027 Fund,"Index Funds - Debt Oriented","Growth","536.9931","0.72","0","0","0","0","0.8104682507096039","5.706397117319483","1.9801533196688053"
UTI Nifty200 Quality 30 Index Fund,"Index Fund","Growth","534.4245","0.7799999999999999","0","0","0","0","-1.015991208199702","-0.35897320118301673","-5.686504968479534"
Mahindra Manulife Equity Savings Fund,"Equity Savings","Growth","531.1519999999999","1.17","0","12.105782838260355","10.21472319116723","11.331217398580474","-0.9104667739526698","5.518725309678812","-0.18864888781626174"
Baroda BNP Paribas Health and Wellness Fund,"Sectoral Fund - Pharma & Health Care","Growth","530.2123","2.74","0","0","0","0","7.113624916051034","0","5.305781372508568"
LIC MF Overnight Fund,"Overnight Fund","Growth","529.759","-0.04","0","6.415424705921843","5.589060028941439","6.236951399043678","1.2494683366285768","5.375536624638627","2.572647426316583"
Invesco India Consumption Fund,"Sectoral Fund - Consumption","Growth","529.4935","6.08","0","0","0","0","0.2098635886673804","0","-4.020100502512549"
Quantum Liquid Fund,"Liquid Fund","Growth","529.1551000000001","-0.06","5.66223193030464","6.733523234556291","5.816352909623079","6.593967762101638","1.3958775594055988","5.7652581623061065","2.842132460597698"
HDFC MNC Fund,"Thematic Fund - MNC","Growth","528.1182","-3.29","0","9.761599285656866","0","9.24033042402035","-1.7393804355638673","3.7883389006984416","-1.3209181463837147"
Franklin India Overnight Fund,"Overnight Fund","Growth","527.068146589","-0.06","0","6.382451701018345","5.547386234618101","6.21818671994645","1.262199351772792","5.4192271399337315","2.602275613267885"
Kotak Nifty 200 Momentum 30 Index Fund,"Index Fund","Growth","526.4328","0.88","0","0","0","0","-4.486328643482879","0.13219230501635099","-6.3081830609986405"
Kotak Technology Fund,"Sectoral Fund - Technology","Growth","525.8368","-3.5000000000000004","0","0","0","0","-6.4380881393832174","-11.950898728627791","-17.138377753940095"
Kotak Nifty SDL Plus AAA PSU Bond Jul 2028 60:40 Index Fund,"Index Funds - Debt Oriented","Growth","523.5315","0.29","0","8.122991624669922","0","7.069884487266709","0.3390355290657108","4.499101147145836","1.6945429441114577"
Franklin Asian Equity Fund,"Thematic Fund - Global","Growth","520.567277988","16.24","11.637805941379487","13.754617314769044","7.526732838547323","20.430090360730425","10.026517527922708","47.1939595326126","24.718515953186003"
Union Corporate Bond Fund,"Corporate Bond Fund","Growth","513.7808","-0.04","0","7.6561936123668355","5.608569793335572","6.692990998416848","-0.14059906349875126","3.11009068699555","0.4930376354139422"
LIC MF Aggressive Hybrid Fund,"Aggressive Hybrid Fund","Growth","508.75199999999995","0.53","10.884223911685464","15.201502426176395","10.6362032865019","12.403493667206389","-1.5854217381876865","1.0306879453065763","-3.8742977666085125"
Union Business Cycle Fund,"Thematic Fund","Growth","507.1741","2.7199999999999998","0","0","0","0","-2.2052586938083105","5.586080586080581","-2.7824620573355827"
Mirae Asset Gold ETF FoF,"FoFs - Gold","Growth","507.0714","23","0","0","0","0","2.1162658977395674","66.52951549248466","28.030987734021952"
Kotak Quant Fund,"Thematic Fund","Growth","506.82489999999996","2.44","0","0","0","0","-3.7419106811046303","4.529640968549957","-3.0085867389760543"
Quantum Gold Saving Fund,"FoFs - Gold","Growth","504.9125","23.549999999999997","16.955182759602728","32.534623367485786","25.443367998581955","36.62085024055668","2.493086058239785","67.2577237481057","29.097696696485176"
Mahindra Manulife Consumption Fund,"Sectoral Fund - Consumption","Growth","503.73269999999997","-0.27","0","18.780297946310288","13.304343998781798","13.109007445866027","-3.6961804925822537","-2.532642081261544","-9.194550532976114"
Quant PSU Fund,"Thematic Fund","Growth","501.75370000000004","0.58","0","0","0","0","8.085563586638015","6.148799017726959","2.371062491327069"
HDFC FMP-Sr 46-1861D-Mar 2022,"Fixed Maturity Plans","Growth","498.9097","0.66","0","8.036232827614418","0","7.420359155844869","1.2133413554249344","6.03060960630939","2.8483865152334484"
Canara Rob Ultra Short Term Fund,"Ultra Short Duration Fund","Growth","497.5473","0.03","6.139315615485685","7.162092066083239","6.017732671024589","6.97464605700735","1.4820275670166636","6.175693726330283","2.863219160261823"
Franklin India Retirement Fund,"Solution Oriented, Retirement Fund - Debt Oriented","Growth","496.83305492","-1.46","8.526074611112321","11.654056517944172","7.872204292963403","9.293804881727574","-2.747980427266495","-0.4173963004661909","-3.760139241431428"
Kotak Healthcare Fund,"Sectoral Fund - Pharma & Health Care","Growth","496","1.3","0","0","0","0","12.653061224489791","18.401445021449526","11.836212412028145"
ITI Focused Fund,"Focused Fund","Growth","492.6106","5.43","0","0","0","0","1.6536470929670026","12.392622452185654","1.763167770285809"
DSP Gold ETF FoF,"FoFs - Gold","Growth","485.9965","0.01","0","0","0","0","2.0468786643242516","66.14840468646378","28.353636448317637"
Edelweiss Consumption Fund,"Sectoral Fund - Consumption","Growth","484.6525","0.88","0","0","0","0","-2.8123489067564407","0.24936504271530127","-7.821323935289367"
Qsif Equity Long-Short Fund,"Large Cap Fund","Growth","483.57379999999995","2.82","0","0","0","0","4.016698060377732","0","0.655204689886197"
Bank of India Money Market Fund,"Money Market Fund","Growth","483.0658","0.74","0","0","0","0","1.329258550541554","6.194388738537025","2.768827840898392"
ICICI Pru FMP-85-10Y-I,"Fixed Maturity Plans","Growth","482.7849751719","0.01","0","8.538029332871151","6.590370557781355","7.223642420975773","0.056262467251276115","3.8567265605644123","1.3201662005225523"
Invesco India Gold ETF FoF,"FoFs - Gold","Growth","479.26199999999994","24.7","16.892016169206435","31.736999144402503","24.973759956393415","35.50731998908785","2.102695401487823","64.8167834595275","28.430869797976957"
Edelweiss Multi Asset Omni FoF,"FoFs (Domestic) - Hybrid","Growth","478.76300000000003","9.47","0","0","0","0","-0.21203747154005229","0","6.588571640738141"
Edelweiss Low Duration Fund,"Low Duration Fund","Growth","478.74550000000005","-0.09","0","0","0","0","1.089414537385411","5.886398428600101","2.4893999807121188"
Mirae Asset Nifty SDL Jun 2027 Index Fund,"Index Funds - Debt Oriented","Growth","477.3643","0.5599999999999999","0","7.981954199277258","0","7.334823100368015","1.0740311554584243","5.753879454150431","2.667772642888177"
JioBlackRock Arbitrage Fund,"Arbitrage Fund","Growth","476.875345606","1.04","0","0","0","0","1.5428019018683259","0","0"
Edelweiss Nifty500 Multicap Momentum Quality 50 Index Fund,"Index Fund","Growth","476.4768","1.08","0","0","0","0","4.095323138743176","1.988167233516703","-1.4488005917784894"
HSBC Credit Risk Fund,"Credit Risk Fund","Growth","475.03860000000003","0.6","7.7910476422307084","12.282012297027146","9.225620353845132","11.51211250461488","0.8582205385031597","5.283186602047531","2.2133564227705502"
Axis Nifty Next 50 Index Fund,"Index Fund","Growth","474.7179","0.6","0","22.668864131816438","0","20.11377966600858","0.09434566621435873","5.69457170794105","0.08327121960310609"
Franklin India Banking & PSU Debt Fund,"Banking & PSU Fund","Growth","472.913289642","0.67","7.4009258828198865","7.808169559015135","6.255221782987297","7.3539239372698795","1.045425903648957","5.5296073295073365","2.276181680382006"
LIC MF Consumption Fund,"Sectoral Fund - Consumption","Growth","472.3179","3.81","0","0","0","0","-2.9825537086242773","0","0"
Bank of India Large & Mid Cap Fund,"Large & Mid Cap Fund","Growth","468.3011","4.45","14.368841125256138","19.960240688027465","15.505825748839497","17.51464767313191","0.1632574666282548","7.603425152171661","-1.1468107288408758"
UTI BSE Low Volatility Index Fund,"Index Fund","Growth","467.4088","0.53","0","16.979449268524156","0","12.584922336232896","-5.8023139418488245","-1.8024740791972307","-7.075891447500607"
Edelweiss Banking and PSU Debt Fund,"Banking & PSU Fund","Growth","465.9653","-0.05","7.4980911615297074","7.840233598401664","6.008658123603272","6.614630817034461","0.18694991031714114","3.295929937052821","0.9826892278761192"
Motilal Oswal Nifty Capital Market Index Fund,"Index Fund","Growth","461.3641","1.6","0","0","0","0","19.869392902179786","37.88426669429622","16.97915842585023"
HDFC Nifty500 Multicap 50:25:25 Index Fund,"Index Fund","Growth","459.9565","0.74","0","0","0","0","-1.3969991889699955","1.8855670319079811","-4.30547629823491"
HSBC Global Emerging Markets Fund,"FoFs (Overseas)","Growth","456.398","25.180000000000003","14.09230749364192","18.835073426483557","12.737408775379233","29.316148766654983","13.624507748171649","69.87383902669396","36.34981949458485"
Abakkus Small Cap Fund,"Small Cap Fund","Growth","453.37655700000005","10.97","0","0","0","0","0","0","0"
Motilal Oswal Nifty Next 50 Index Fund,"Index Fund","Growth","451.25809999999996","0.9199999999999999","0","22.384017496308324","13.946082927495485","20.1317971853014","0.017287405120290738","5.586184358514038","-0.07751875712932058"
WOC ELSS Tax Saver Fund,"Equity Linked Savings Scheme (ELSS)","Growth","450.4508","2.33","0","24.139408945528523","0","19.348319192733697","-1.782363977485931","1.5055603079555138","-7.064536340852138"
Kotak Transportation & Logistics Fund,"Thematic Fund","Growth","448.2087","2.4899999999999998","0","0","0","0","-6.516526802534689","9.213685474189669","-6.548536209553164"
Aditya Birla SL Nifty Midcap 150 Index Fund,"Index Fund","Growth","445.403","0.73","0","25.834614963247102","19.26033364736357","22.91586139296551","2.40099479589325","8.905730050022548","0.25732750953614264"
Invesco India - Invesco EQQQ NASDAQ-100 ETF FoF,"FoFs (Overseas)","Growth","445.0145","17.98","0","30.871690823835614","0","35.26611551790195","24.553888066887428","54.78265437755741","28.699699568524096"
Sundaram Arbitrage Fund,"Arbitrage Fund","Growth","441.514481","0.8500000000000001","4.818000066721528","7.424566452267492","6.16016455014865","7.357926888449029","1.523107920916757","6.777966146592133","3.3080037930239072"
ICICI Pru CRISIL-IBX Financial Services 3-6 Months Debt Index Fund,"Index Funds - Debt Oriented","Growth","441.135505532","0.88","0","0","0","0","1.6818092133079052","6.582692364510188","3.1255062271899923"
Bandhan CRISIL-IBX Financial Services 3-6 Months Debt Index Fund,"Index Funds - Debt Oriented","Growth","440.8629","0.8099999999999999","0","0","0","0","1.6529313484390538","6.477175526737533","3.056515077983015"
Motilal Oswal Innovation Opportunities Fund,"Thematic Fund","Growth","439.6797","4.93","0","0","0","0","4.128650755950147","11.110237183856816","-4.373693157031756"
Union Largecap Fund,"Large Cap Fund","Growth","439.1411","1.41","0","14.866685935236873","11.099598082186436","11.160612381881485","-5.263157894736842","-1.1475409836065475","-7.302075326671786"
Axis Gilt Fund,"Gilt - Short & Mid Term Fund","Growth","438.39289900000006","-0.66","7.299350880640465","8.10941487425234","5.794763216521459","6.654797903231646","0.11002812231942251","0.18653878195608828","0.7180700955848968"
SBI FMP-81-1157D,"Fixed Maturity Plans","Growth","435.7918","-0.13","0","7.225695471108679","0","7.059292406607343","1.2887540959613624","5.882652931126807","2.72454398522282"
Nippon India Nifty 500 Equal Weight Index Fund,"Index Fund","Growth","434.79110000000003","1","0","0","0","0","2.144857155357235","2.9352115159932226","-2.090519274923193"
ITI ELSS Tax Saver Fund,"Equity Linked Savings Scheme (ELSS)","Growth","434.0978","1.4000000000000001","0","24.4415071154784","13.688082773994491","19.079206120836446","0.25900964678786503","0.8067087800285426","-5.720514249803837"
360 ONE Multi Asset Allocation Fund,"Multi Asset Allocation Fund","Growth","430.567156656402","12.9","0","0","0","0","0.008197662026785416","0","9.985575189325637"
Franklin India Low Duration Fund,"Low Duration Fund","Growth","428.66585554700004","0.86","0","0","0","0","1.2436840540942078","6.485678558868351","2.751593077184119"
Bandhan CRISIL IBX Gilt April 2032 Index Fund,"Index Funds - Debt Oriented","Growth","428.30400000000003","0.04","0","8.975541630491557","0","6.993318173705343","-0.39606130340175244","1.8113738918936213","0.631855313832005"
Motilal Oswal Ultra Short Term Fund,"Ultra Short Duration Fund","Growth","427.7335","0.06999999999999999","4.102416462986058","6.496110200711779","5.53711214048116","6.424446605907463","1.4546460176991245","5.965200110915973","2.7941539082289104"
Mahindra Manulife Banking & Financial Services Fund,"Sectoral Fund - Banks & Financial Services","Growth","427.19589999999994","4.2299999999999995","0","0","0","0","-7.189719432186332","0","-3.3530053001541162"
Bandhan Medium to Long Duration Fund,"Medium to Long Duration Fund","Growth","426.2323","0.11","6.943448316088641","6.903062231865967","4.984125321697208","5.852494309987266","1.1241637547152783","2.1772609666763514","1.7864435034095423"
Capitalmind Flexi Cap Fund,"Flexi Cap Fund","Growth","424.7792","0.54","0","0","0","0","-2.7292342981552498","0","-1.892008469923924"
HDFC NIFTY 100 Index Fund,"Index Fund","Growth","424.4045","0.5700000000000001","0","14.99279162124373","0","11.563137744316565","-6.159320226847954","-1.8704581783013372","-8.021353343699435"
JM Large Cap Fund,"Large Cap Fund","Growth","421.647195875","2.46","12.406759876790318","18.80014563881345","13.253689891293252","14.346396207372036","-5.770154021412382","0.7409555580231147","-7.044567818543785"
Aditya Birla SL US Equity Passive FOF,"FoFs (Overseas)","Growth","421.1426","16.33","0","31.458030741087914","0","35.15368863421591","24.5115995115995","54.63602806690831","28.68718624254869"
Bandhan CRISIL IBX 90:10 SDL Plus Gilt - April 2032 Index Fund,"Index Funds - Debt Oriented","Growth","420.77209999999997","-0.58","0","8.675056902896575","0","6.750746198677615","-0.6848623675117482","1.4998452540610894","0.36488331580847144"
JM Large & Mid Cap Fund,"Large & Mid Cap Fund","Growth","419.159447763","1.11","0","0","0","0","-1.323632538569437","0","-5.193565593329775"
Tata Housing Opportunities Fund,"Thematic Fund","Growth","419.089283803","-1.7000000000000002","0","17.302183723796258","0","11.812436959369021","-4.3032374824049935","-0.14556422529670038","-5.775203870760162"
Nippon India MNC Fund,"Thematic Fund - MNC","Growth","418.01019999999994","-1.08","0","0","0","0","-1.4443237981129178","0","-2.2939653492450836"
PGIM India Multi Cap Fund,"Multi Cap Fund","Growth","417.9372","2.62","0","0","0","0","0.4975124378109346","6.652587117212239","-2.4154589371980677"
Union Focused Fund,"Focused Fund","Growth","417.6929","4.15","0","14.905392885242476","13.438259311479307","14.179611794156921","1.6351744186046486","7.618314736437094","0.9747292418772548"
360 ONE Overnight Fund,"Overnight Fund","Growth","415.97056369946006","0.31","0","0","0","0","1.2563175288690704","0","2.6002035892406683"
UTI Dynamic Bond Fund,"Dynamic Bond Fund","Growth","415.86629999999997","0.2","7.249088301673257","7.980350671351768","9.334689631213443","7.13131153080262","0.8400735028142375","2.9651363785446527","1.6457328207312152"
Diviniti Equity Long Short Fund,"Large Cap Fund","Growth","415.671","-5.38","0","0","0","0","-6.164566662327712","0","0"
SBI FMP-49-1823D,"Fixed Maturity Plans","Growth","415.23269999999997","-0.08","0","7.33799849858044","0","7.211277291462115","1.3189803939456188","6.054047171913292","2.803896915327714"
Bajaj Finserv Banking and Financial Services Fund,"Sectoral Fund - Banks & Financial Services","Growth","414.71089800000004","3.73","0","0","0","0","-7.389259114072925","0","0"
ICICI Pru Nifty IT Index Fund,"Index Fund","Growth","414.50522158300004","0.77","0","10.503919648240062","0","2.8103302146855524","-8.670023985060224","-20.047263007011964","-20.7442396313364"
Union Overnight Fund,"Overnight Fund","Growth","411.06370000000004","0","0","6.409468632193578","5.5768420004437935","6.231033940813702","1.258747041882388","5.366888517906774","2.569317097229469"
Bank of India Business Cycle Fund,"Thematic Fund","Growth","410.56239999999997","1.3","0","0","0","0","2.5498891352549937","2.5498891352549937","-2.0127118644067745"
SBI FMP-44-1855D,"Fixed Maturity Plans","Growth","406.8549","-0.13","0","7.179739650140835","0","7.061072887960718","1.3048939162611644","5.865616624617824","2.749998092927814"
Groww Multi Asset Allocation Fund,"Multi Asset Allocation Fund","Growth","403.998223338","2.29","0","0","0","0","-2.444518367152965","0","0.9609899081305419"
Nippon India Active Momentum Fund,"Thematic Fund","Growth","402.8588","3.46","0","0","0","0","-0.8498351859576755","7.664022879270988","0.06934354774798543"
DSP Nifty Midcap 150 Quality 50 Index Fund,"Index Fund","Growth","401.75300000000004","0.8999999999999999","0","16.030182971316474","0","13.687740402528314","0.7230986348456717","-0.6956929032435758","-3.3939986866263774"
Samco Multi Asset Allocation Fund,"Multi Asset Allocation Fund","Growth","401.7092","3.5700000000000003","0","0","0","0","-0.23923444976076047","9.448818897637796","3.388429752066117"
Aditya Birla SL CRISIL IBX 50:50 Gilt Plus SDL Apr 2028 Index Fund,"Index Funds - Debt Oriented","Growth","401.656","0.33999999999999997","0","8.239480993498342","0","7.171226680921539","0.3644314868804621","4.677122509402259","1.854663521057679"
Aditya Birla SL Nifty 50 Equal Weight Index Fund,"Index Fund","Growth","400.4652","0.4","0","18.962382614460964","0","16.26053680933426","-3.168897188505018","5.259863654048935","-2.9034657456580617"
Mirae Asset Infrastructure Fund,"Sectoral Fund - Infrastructure","Growth","398.3958","19.37","0","0","0","0","3.2633808240277284","0","0"
HSBC Brazil Fund,"FoFs (Overseas)","Growth","396.23650000000004","15.939999999999998","7.536130823172038","14.45915972713621","8.186328165367263","17.29984396330202","-0.8557601510859276","47.53713740841112","23.09278566344261"
Motilal Oswal Active Momentum Fund,"Thematic Fund","Growth","395.56809999999996","8.05","0","0","0","0","4.876965369271523","21.551657147297664","-1.1282918388470515"
Edelweiss ELSS Tax saver Fund,"Equity Linked Savings Scheme (ELSS)","Growth","395.10089999999997","3.06","14.439662224038363","19.724054584815182","15.090687571640427","16.95605196600858","-1.3916500994035894","6.649677470733451","-2.8861493836113254"
TRUSTMF Multi Cap Fund,"Multi Cap Fund","Growth","394.140335","6.45","0","0","0","0","3.044719314938157","0","1.0261194029850693"
Kotak NIFTY Midcap 150 Momentum 50 Index Fund,"Index Fund","Growth","393.2357","0.74","0","0","0","0","0.6168900233992939","4.461130742049489","-1.69385846409642"
Aditya Birla SL Multi-Asset Omni FOF,"FoFs (Domestic) - Hybrid","Growth","390.4127","5.2","13.702423516790297","19.598397067568055","14.521664116962496","18.949160593475955","-1.724272470290917","13.753809576532431","3.4510261132235422"
ICICI Pru Global Advantage Fund,"FoFs (Overseas)","Growth","390.1346269388","12.58","0","17.249183182070873","10.120626674198041","20.100949894060548","3.0855432494444215","32.32458830472973","14.252740335135254"
Union Active Momentum Fund,"Thematic Fund","Growth","389.5994","3.8600000000000003","0","0","0","0","4.1284403669724705","7.838479809976249","4.60829493087558"
Baroda BNP Paribas Banking and Fin Serv Fund,"Sectoral Fund - Banks & Financial Services","Growth","389.404","1.9800000000000002","13.409622236702834","19.311646441458535","12.972982837775149","14.849919667195755","-8.339833807911404","0.8837932359796832","-6.530358433606865"
Bandhan Equity Savings Fund,"Equity Savings","Growth","389.38980000000004","0.21","7.3591282023580895","9.012419249801557","7.562357415691978","7.939252565082766","-0.11492319766791098","4.217237446260931","0.658154906502449"
IL&FS Infra Debt Fund - Series 2-B,"Sectoral Fund - Infrastructure (Debt)","Growth","389.20887999999997","0","0","38.913525834554335","18.25155032840451","26.29749358952498","1.841470811697581","7.764170186201558","3.519056373130331"
Baroda BNP Paribas Retirement Fund,"Solution Oriented, Retirement Fund - Equity Oriented","Growth","385.2681","1.66","0","0","0","0","-1.7615106933660196","4.152111709857663","-3.2101934336571194"
Tata BSE Sensex Index Fund,"Index Fund","Growth","384.625449812","-0.7799999999999999","12.417025541861593","12.918056848644508","9.587998092428474","7.720065625125394","-9.024713521131485","-6.484547461368643","-12.019151286480385"
Axis FMP-129-108D,"Fixed Maturity Plans","Growth","383.4106","0.8200000000000001","0","0","0","0","0","0","0"
Aditya Birla SL Retirement Fund-30,"Solution Oriented, Retirement Fund - Equity Oriented","Growth","382.2701","4.53","0","18.22071603001722","13.051779688796872","18.036996148052854","1.8239874026769383","10.789072910717682","1.1251086012163352"
HDFC Nifty LargeMidcap 250 Index Fund,"Index Fund","Growth","381.05980000000005","0.67","0","0","0","0","-1.9141737891737913","3.5280973959529662","-3.8851891703259978"
HDFC NIFTY 100 Equal Weight Index Fund,"Index Fund","Growth","376.41769999999997","0.64","0","20.08685198263179","0","18.09460379528922","-1.3766235274308531","5.586324786324797","-1.565225453892198"
Groww Multicap Fund,"Multi Cap Fund","Growth","376.054775409","6.02","0","0","0","0","4.039042228029515","15.908974002859996","2.996645000868459"
Invesco India ESG Integration Strategy Fund,"Thematic Fund","Growth","375.93370000000004","-2.6","0","15.893025178072307","10.558260385019501","10.88787727544771","-5.23094045631607","-7.64642082429501","-10.790990047145096"
Nippon India Nifty AAA PSU Bond Plus SDL - Sep 2026 Maturity 50:50 Index Fund,"Index Funds - Debt Oriented","Growth","375.6561","0.64","0","7.613094481596734","0","7.102424288503406","1.4307674116116949","6.0889640103887555","2.848784230972141"
Bank of India Consumption Fund,"Sectoral Fund - Consumption","Growth","375.33160000000004","1.83","0","0","0","0","-0.6505576208178465","3.887269193391646","-6.637554585152836"
Union Value Fund,"Value Fund","Growth","373.1411","1.9800000000000002","0","21.09974613920007","15.96334711128824","17.54854185728547","-4.545454545454546","2.705515088449536","-4.974326059050066"
HSBC Nifty 50 Index Fund,"Index Fund","Growth","372.53430000000003","0.58","0","14.315707365603","10.71497830166821","10.104800532946134","-7.414880956338466","-3.2326545361050485","-9.536523651293246"
ITI Large Cap Fund,"Large Cap Fund","Growth","369.6193","0.5700000000000001","0","17.41422859116705","11.059281049595814","12.714592592042218","-5.812860718116356","-2.71785863125854","-7.885771943495381"
Sundaram Low Duration Fund,"Low Duration Fund","Growth","368.74982004335","0.53","4.659057390030297","7.682531330599784","6.343783323818353","7.220284334139793","0.9788078724663749","5.657320114717712","2.272732999411638"
Navi Nifty Midcap 150 Index Fund,"Index Fund","Growth","367.533116","0.6799999999999999","0","25.633216959552023","0","22.689903935034785","2.3844188400906425","8.835421631178415","0.23882569500164869"
JM Arbitrage Fund,"Arbitrage Fund","Growth","366.71709525600005","0.11","5.6833635319309295","7.31696167405734","6.231708760215815","7.151143658012793","1.386343849757482","6.364822546972871","3.079188362140438"
Bandhan FTP-179-3652D,"Fixed Maturity Plans","Growth","365.6211","0.01","0","8.721181248753117","6.64964357678135","7.300439235919409","0.022079054337127736","3.9013661250389564","1.3532739017198505"
Titanium Hybrid Long-Short Fund,"Balanced Hybrid Fund","Growth","364.83837633919995","4.5","0","0","0","0","-1.738658241595497","0","0"
Nippon India Medium to Long Duration Fund,"Medium to Long Duration Fund","Growth","364.3967","-0.31","7.389143616495986","7.859639898637819","5.925310480445312","6.227610345420653","0.34542721797400955","1.0728041426973087","0.8763391396895199"
WOC Digital Bharat Fund,"Sectoral Fund - Technology","Growth","363.907","3.38","0","0","0","0","-1.5066905489410907","-4.825901038485018","-16.138871445231896"
Bandhan US Specific Equity Active FOF,"FoFs (Overseas)","Growth","362.8986","11.55","0","28.673860538070606","0","28.916528477453717","14.040948275862076","33.312338603010645","11.464532097530146"
ITI Banking & Financial Services Fund,"Sectoral Fund - Banks & Financial Services","Growth","362.2604","3.7800000000000002","0","16.900863811720882","0","13.27313500242806","-7.677811787400821","5.3800529477650025","-5.506733622460624"
NJ Overnight Fund,"Overnight Fund","Growth","361.055128027","-0.05","0","7.026448352505079","0","6.16556143196918","1.2304102771090888","5.2929845300409415","2.518920288622045"
LIC MF Nifty 50 Index Fund,"Index Fund","Growth","360.0852","0.4","12.43353779764842","14.19648908238096","10.577069451991438","9.900652749217587","-7.496711048385288","-3.614098867006506","-9.734231239108674"
Nippon India Nifty G-Sec Sep 2027 Maturity Index Fund,"Index Funds - Debt Oriented","Growth","359.5888","0.58","0","8.00538356049706","0","7.120064604541776","0.915179631711454","5.413317455591946","2.2680776297104543"
Mirae Asset Global X Artificial Intelligence & Technology ETF FoF,"FoFs (Overseas)","Growth","359.3661","21.21","0","36.27082577588879","0","42.198736430740254","31.926378528320285","71.85409443820501","42.56086199214161"
Bank of India Multi Asset Allocation Fund,"Multi Asset Allocation Fund","Growth","357.4062","4","0","0","0","0","0.27399212866543105","12.54632880340589","4.683288966782953"
SBI FMP-61-1927D,"Fixed Maturity Plans","Growth","357.3537","-0.06","0","7.5345442818893735","0","7.294621082546837","1.0663122595002232","5.703041029246573","2.5995419032976717"
HSBC Gold ETF FOF,"FoFs - Gold","Growth","355.7867","23.830000000000002","0","0","0","0","0","0","0"
Axis Credit Risk Fund,"Credit Risk Fund","Growth","355.17699999999996","1.18","7.732517950436191","8.838976269821762","7.412774629152885","8.298381393582254","1.0347669001362738","7.085542973030849","2.779904730432252"
SBI LT Advantage Fund-V,"Equity Linked Savings Scheme (ELSS)","Growth","353.3067","1.08","0","25.091156967417866","17.13458712473357","20.46758648815321","-3.174955456222059","0.8517371726623669","-6.3327235065543706"
Quant Healthcare Fund,"Sectoral Fund - Pharma & Health Care","Growth","351.89419999999996","-1.6400000000000001","0","0","0","0","10.891569695949883","8.856939556041219","6.924310595518172"
Quant Arbitrage Fund,"Arbitrage Fund","Growth","351.2970529","1.04","0","0","0","0","1.6900297633019399","7.468743798372701","3.7045902832302486"
ITI Balanced Advantage Fund,"Balanced Advantage Fund","Growth","351.1728","0.22","0","13.76524096165604","9.482037694117373","10.939847522974077","-4.097227719155104","0.25652287382002803","-5.617277292393236"
Taurus Ethical Fund,"Thematic Fund","Growth","350.1454","2.2399999999999998","13.796725027192224","18.289848905270702","12.213475294238641","16.46190220713899","-0.35872546950832873","1.9796990857389678","-3.711256117455144"
Bajaj Finserv Overnight Fund,"Overnight Fund","Growth","348.7189","0.01","0","0","0","0","1.2470743709621197","5.419750926329924","2.6036515203315234"
Bajaj Finserv Overnight Fund-Unclaimed less than 3Y IDCW Plan,"Overnight Fund","Growth","348.7189","0.01","0","0","0","0","1.2548551599221056","5.260896453378801","2.5844732900697633"
Bajaj Finserv Overnight Fund-Unclaimed less than 3Y Redemption Plan,"Overnight Fund","Growth","348.7189","0.06","0","0","0","0","1.2197988534789224","5.463171262987399","2.6091283508160164"
HDFC FMP-Sr 46-1359D-Sep 2022,"Fixed Maturity Plans","Growth","345.2824","0.5499999999999999","0","7.561529305087908","0","6.961481106608436","1.314737287736958","5.829893867924528","2.71836325917448"
Taurus Flexi Cap Fund,"Flexi Cap Fund","Growth","343.62059999999997","1.3","10.240309978617756","15.932087688547233","10.911641982633302","12.577894792848454","-1.988304093567253","-1.5447543622992956","-6.112286816880376"
Quant Commodities Fund,"Thematic Fund","Growth","340.2669","-1.43","0","0","0","0","11.217687938074308","13.424075638888246","10.340511878665797"
JioBlackRock Nifty Smallcap 250 Index Fund,"Index Fund","Growth","333.78014089199996","1.6099999999999999","0","0","0","0","4.538814912039299","0","-1.4695465655709037"
Aditya Birla SL FTP-TI-1837D,"Fixed Maturity Plans","Growth","333.5061","0.6","0","7.698246213440766","0","7.19365566633936","1.3371738852497335","5.969926231184234","2.814827249420095"
Tata Children's Fund,"Solution Oriented - Children's Fund","Growth","331.16899275199995","-3.2800000000000002","11.112575986653894","14.879587874995813","10.390420289416213","9.154807977286005","-5.2874303692927125","-8.278387520253556","-9.681321704800041"
Nippon India Japan Equity Fund,"Thematic Fund - Global","Growth","329.73089999999996","13.86","11.474917894648119","17.6846680420258","11.864271154685447","20.26183200552587","6.574671617724039","36.79274209548546","25.344692947481064"
SBI FMP-53-1839D,"Fixed Maturity Plans","Growth","329.3986","-0.06999999999999999","0","7.389578894315094","0","7.2598786097938905","1.3202512860339368","6.031929960087558","2.7663175298897946"
Zerodha Gold ETF FoF,"FoFs - Gold","Growth","328.73","23.43","0","0","0","0","2.0251081693240214","66.44673539518901","28.62034277431005"
Nippon India Nifty SDL Plus G-Sec-Jun 2028 Maturity 70:30 Index Fund,"Index Funds - Debt Oriented","Growth","328.00660000000005","0.35000000000000003","0","8.26235077517468","0","7.213265241206179","0.5296875000000006","4.782378567647903","1.9780951324277705"
Invesco India Equity Savings Fund,"Equity Savings","Growth","326.7516","-2.22","0","12.800659126464414","8.35002280644388","10.01523145226113","-1.6762984068726101","-1.4515591218578414","-3.8488985905737554"
DSP Floater Fund,"Floating Rate Fund","Growth","325.73240000000004","0.29","0","8.452893166480852","6.444496231000896","7.6500217986632535","0.3291088079909822","3.953636193681053","1.3214382029023422"
Bandhan Gilt Fund with 10 year constant duration Fund,"Gilt - Long Term Fund","Growth","325.4176","0.52","7.981039433633796","8.699375890365467","5.641265103155879","6.93831507872309","-0.38305378409126956","1.5569468858933995","0.5802422558840828"
NJ ELSS Tax Saver Scheme,"Equity Linked Savings Scheme (ELSS)","Growth","323.667354","-0.54","0","0","0","0","0.06973500697349921","-1.0344827586206922","-3.106009453072254"
Bajaj Finserv Banking and PSU Fund,"Banking & PSU Fund","Growth","322.7548","-0.16","0","0","0","0","-0.09575888919688597","3.280738470088651","0.6345982992765519"
Aditya Birla SL Intl. Equity Fund,"Thematic Fund - Global","Growth","320.3861","10.38","13.674239466654647","17.26391864495565","13.244618094739447","20.35329901246643","8.254651921551316","33.76359302495053","20.300925142915126"
SBI BSE PSU Bank Index Fund,"Index Fund","Growth","319.57919999999996","10.11","0","0","0","0","-16.76382951159477","19.018950410314357","-6.341790511730969"
Union Consumption Fund,"Sectoral Fund - Consumption","Growth","316.8742","0.86","0","0","0","0","-2.8601694915254194","0","0"
SBI FMP-51-1846D,"Fixed Maturity Plans","Growth","316.53790000000004","-0.06999999999999999","0","7.357311552072078","0","7.220851252442051","1.3328106624853067","6.045737176135585","2.7921156455159317"
Invesco India Overnight Fund,"Overnight Fund","Growth","316.2587","-0.06","0","6.4103227274294605","5.570794338661567","6.234105067832418","1.245802351569794","5.364743816140982","2.564683720944508"
Franklin India Ultra Short Duration Fund,"Ultra Short Duration Fund","Growth","313.659419838","0.8099999999999999","0","0","0","0","1.3327573949587506","6.389773339254177","2.8393990593177785"
SBI Nifty200 Quality 30 Index Fund,"Index Fund","Growth","313.5269","0.75","0","0","0","0","-0.9935926270229133","0","-5.612891544450483"
SBI BSE Sensex Index Fund,"Index Fund","Growth","313.3517","0.52","0","0","0","0","-9.006906301079386","-6.483394247576672","-12.019733891463607"
Aditya Birla SL Nifty Smallcap 50 Index Fund,"Index Fund","Growth","312.1734","0.86","0","29.37033016495592","14.419911456729695","25.0860925426297","5.6136909723924875","5.262694882948058","0.28029202517973056"
DSP Nifty Smallcap250 Quality 50 Index Fund,"Index Fund","Growth","310.8143","1.35","0","0","0","0","1.5656763460713505","-5.658726721524468","-5.323319512173914"
ITI Bharat Consumption Fund,"Sectoral Fund - Consumption","Growth","309.8798","1.16","0","0","0","0","-1.8369231315588628","0.686634308038358","-6.616609937583935"
Nippon India Nifty SDL Plus G-Sec - Jun 2029 Maturity 70:30 Index Fund,"Index Funds - Debt Oriented","Growth","309.1953","0.08","0","8.579300730971887","0","7.153535091764618","0.0544890271734402","3.8320330426801212","1.3065101626341238"
IL&FS Infra Debt Fund - Series 2-C,"Sectoral Fund - Infrastructure (Debt)","Growth","309.16234000000003","0","0","33.69239991663089","16.794180228157487","22.956837493265848","1.7927411991224953","8.200589446716426","3.843623142446076"
Groww Nifty Total Market Index Fund,"Index Fund","Growth","308.860069948","0.66","0","0","0","0","-3.188982862708305","0.4667201759862013","-5.709044493579507"
Kotak CRISIL-IBX Financial Services 3-6 Months Debt Index Fund,"Index Funds - Debt Oriented","Growth","307.9633","0.8","0","0","0","0","1.6282887023402","6.414260459634652","3.04912264016359"
ITI Value Fund,"Value Fund","Growth","304.9929","2.93","0","22.992667933774026","0","18.039056805671727","-2.2281663768891224","5.794500723589009","-2.3644930710630003"
Helios Balanced Advantage Fund,"Dynamic Asset Allocation Fund","Growth","304.822027777","2.9899999999999998","0","0","0","0","-2.018502943650128","5.144404332129967","-3.078202995008313"
ICICI Pru Diversified Equity All Cap Omni FOF,"FoFs (Domestic) - Equity Oriented","Growth","303.221776441","2.17","0","23.321591098376985","17.263050137673908","19.02526188197502","-3.7197247734527745","1.0936695831188878","-5.372407210581617"
Axis Nifty 500 Index Fund,"Index Fund","Growth","301.5125","0.15","0","0","0","0","-3.6071459933067285","0.6048879837067221","-5.850399778906533"
LIC MF Midcap Fund,"Mid Cap Fund","Growth","300.89459999999997","-0.98","0","23.60823104486019","15.728294500917128","20.720552251906234","2.9789792799338564","4.403929562528181","-1.265054995210634"
Bajaj Finserv Healthcare Fund,"Sectoral Fund - Pharma & Health Care","Growth","300.451502","6.25","0","0","0","0","11.700354240466755","15.552920888122435","6.931976860163577"
Nippon India CRISIL-IBX Financial Services 3-6 Months Debt Index Fund,"Index Funds - Debt Oriented","Growth","300.1841","1.5","0","0","0","0","0","0","0"
UTI Medium to Long Duration Fund,"Medium to Long Duration Fund","Growth","299.7018","-0.44999999999999996","5.8397974914343065","7.39830295779773","8.294299504069414","5.847870062978644","0.0172223329372145","0.9358162631905628","0.27280822272595606"
DSP CRISIL-IBX 50:50 Gilt Plus SDL - April 2033 Index Fund,"Index Funds - Debt Oriented","Growth","299.3234","-0.33999999999999997","0","8.640361223274764","0","6.7709669315394905","-0.26350461133071107","1.5288078492108443","0.553464688952833"
Canara Rob Short Duration Fund,"Short Duration Fund","Growth","298.2428","0.27","7.030017904117392","7.45812606518444","5.835350141810003","6.851683632016625","0.7282577244473569","4.481368312571192","1.7093656057053879"
UTI CRISIL SDL Maturity April 2033 Index Fund,"Index Funds - Debt Oriented","Growth","296.269","-0.8699999999999999","0","8.401674828480957","0","6.549310081595028","-0.2544589399382313","1.0745048576241207","0.39169355925752924"
Groww Small Cap Fund,"Small Cap Fund","Growth","296.070448607","7.049999999999999","0","0","0","0","6.880056694029407","0","0"
Canara Rob Overnight Fund,"Overnight Fund","Growth","295.6748","-0.02","0","6.331448430014905","5.515583408825475","6.146344696288053","1.2283108724273375","5.308541673248983","2.5251522110480127"
Kotak Nifty Commodities Index Fund,"Index Fund","Growth","294.026","0.12","0","0","0","0","3.2354849172883484","17.131290827123014","10.072626664361051"
Baroda BNP Paribas Low Duration Fund,"Low Duration Fund","Growth","292.08389999999997","-0.09","6.979445542935614","7.68173944041426","6.366206150247433","7.308139914693967","1.1366720658407417","5.939497601731518","2.5151037125291507"
ICICI Pru Strategic Metal and Energy Equity FoF,"FoFs (Overseas)","Growth","291.560536804","25.96","0","24.74096551481962","0","33.640069841640916","6.639437978286758","87.09511355163967","44.87907918732416"
Invesco India Technology Fund,"Sectoral Fund - Technology","Growth","290.9244","5.72","0","0","0","0","4.899777282850773","2.838427947598251","-8.007812500000002"
Bandhan Healthcare Fund,"Sectoral Fund - Pharma & Health Care","Growth","290.5462","8.76","0","0","0","0","8.864583333333343","0","0"
Franklin India Floating Rate Fund,"Floating Rate Fund","Growth","289.617583669","0.65","6.949412414508327","8.695092535201757","7.047997206748935","8.298574306273633","1.2522388284342496","6.0108957475068046","2.8562754186014954"
DSP Bond Fund,"Medium Duration Fund","Growth","288.3992","-0.06","6.390312797745801","7.948647505068244","5.969001564429854","6.85178186583093","0.07286258606476416","3.267602654366697","0.6554345938132136"
Samco Flexi Cap Fund,"Flexi Cap Fund","Growth","286.4435","-1.21","0","5.972264270498768","0","2.605153505873048","-0.4798464491362832","-3.2649253731343415","-2.077431539187919"
Edelweiss Nifty 50 Index Fund,"Index Fund","Growth","286.1637","0.6","0","14.249809979664999","0","10.065031294421045","-7.434685013747031","-3.165902459358067","-9.518585357620454"
Shriram Money Market Fund,"Money Market Fund","Growth","285.4524","0.66","0","0","0","0","1.1870036977022684","0","0"
Aditya Birla SL Global Emerging Opp Fund,"FoFs (Overseas)","Growth","284.2201","10.979999999999999","12.40908731549235","13.34081148983131","12.368122795376092","21.432607734071386","15.676949485202648","28.610473538824195","23.09884636743703"
HDFC BSE 500 Index Fund,"Index Fund","Growth","283.5021","2.03","0","14.398240357528964","0","13.539069946963455","-3.763474912278484","0.09552105086331239","-6.075216972034711"
Axis Retirement Fund-Dynamic Plan,"Solution Oriented, Retirement Fund - Equity Oriented","Growth","283.0045","-0.51","0","17.228896699692516","10.889475170667007","13.516996836246697","-3.9999999999999973","-1.9477434679334924","-6.775067750677507"
WOC Balanced Hybrid Fund,"Balanced Hybrid Fund","Growth","281.6608","1.39","0","0","0","0","-1.6804856381403506","3.0013959981386726","-3.7120278402087923"
Baroda BNP Paribas Equity Savings Fund,"Equity Savings","Growth","280.8283","1.2","0","11.578457682751711","8.839104691175637","10.353532132970944","-0.24880779597760896","5.141536019507942","-0.41290800540376177"
Baroda BNP Paribas Short Duration Fund,"Short Duration Fund","Growth","279.7579","-0.06","7.387996321803381","8.147614126133396","6.280384499314606","7.2112225506137495","0.35726763173485343","4.231533777174772","1.2741235801769084"
JM Focused Fund,"Focused Fund","Growth","279.614118737","2.8899999999999997","14.357965611192647","21.751570405728454","14.91432740876666","16.467712763008734","-4.439395300873337","0.8699108409138073","-7.3154738436637645"
Edelweiss NIFTY Large Mid Cap 250 Index Fund,"Index Fund","Growth","278.05580000000003","0.67","0","20.35133812532845","0","17.287168698613087","-1.9331815522225524","3.511110567574516","-3.9115404919084287"
Sundaram Banking & PSU Fund,"Banking & PSU Fund","Growth","277.58908965379","-0.21","6.47463474469725","7.6352720793617355","5.702755638235457","6.809112101357129","0.289019259836284","3.8432014151926963","1.1106624036983521"
Groww Liquid Fund,"Liquid Fund","Growth","277.540211726","0.1","6.085790029138449","7.172686277647598","6.013037514185737","6.990710359400509","1.6241921852862478","6.270794804005965","3.150921689829699"
Bank of India Banking & Financial Services Fund,"Sectoral Fund - Banks & Financial Services","Growth","274.8211","3.66","0","0","0","0","-6.575073601570167","0","0"
SBI FMP-57-1835D,"Fixed Maturity Plans","Growth","274.2345","-0.04","0","7.44702873085078","0","7.2971288930341105","1.3399098959142413","6.018251407861275","2.7340089611238483"
Bank of India Short Term Income Fund,"Short Duration Fund","Growth","271.5856","0.38","5.89083654525564","9.065006241491627","10.452688285005918","7.251105073837594","0.37889973092147056","4.342832705061924","1.3395100186908455"
SBI FMP-55-1849D,"Fixed Maturity Plans","Growth","270.74","-0.06999999999999999","0","7.398326294776723","0","7.254664201051697","1.324493088091138","5.991732200817082","2.725522724427195"
Tata Nifty Midcap 150 Index Fund,"Index Fund","Growth","270.03040322379996","0.7000000000000001","0","0","0","0","2.3844478348062212","0","0.20472559257727857"
HDFC FMP-Sr 46-1406D-Aug 2022,"Fixed Maturity Plans","Growth","269.0988","0.58","0","7.667790668087457","0","7.135766693291679","1.3031539306449091","5.932398063828047","2.7845219426378933"
SBI FMP-58-1842D,"Fixed Maturity Plans","Growth","267.89439999999996","-0.04","0","7.437286512184925","0","7.295422156527498","1.264575716759675","5.998082547150814","2.8622358432298562"
Navi Large & Midcap Fund,"Large & Mid Cap Fund","Growth","267.44926599999997","0.47000000000000003","14.779222102372724","16.17161073721757","14.054078890828059","13.249101391692841","-1.1738689806230993","2.8111737597870077","-2.927886600302763"
Quant ESG Integration Strategy Fund,"Thematic Fund","Growth","264.3966","5.33","0","20.205692379915185","21.225689165571215","20.445763490584202","9.52182036793471","11.414887935638362","5.5182259446083535"
NJ Arbitrage Fund,"Arbitrage Fund","Growth","263.78866600000003","-0.02","0","7.24273156070074","0","7.012673867294672","1.3816477545275179","6.303646962788281","3.064993204892477"
SBI FMP-60-1878D,"Fixed Maturity Plans","Growth","262.8086","-0.04","0","7.5377533248274595","0","7.351243599529034","1.2147380987449434","5.979756329190976","2.7997795449177154"
LIC MF Banking & Financial Services Fund,"Sectoral Fund - Banks & Financial Services","Growth","262.05330000000004","2.21","11.287220583945313","15.302878838648144","11.661922022478688","9.520699108833664","-8.39606139816434","2.1871725051193307","-8.561754019759396"
ICICI Pru Nifty LargeMidcap 250 Index Fund,"Index Fund","Growth","261.61505450420003","0.6799999999999999","0","0","0","0","-1.8954064173275778","3.5525790193862115","-3.8835947114322553"
Navi Flexi Cap Fund,"Flexi Cap Fund","Growth","260.338422","3.47","0","16.169982241256147","13.623723550873802","13.85566065432453","-1.1978324935830416","7.7501575073171125","-0.8177767337380598"
Axis CRISIL-IBX Financial Services 3-6 Months Debt Index Fund,"Index Funds - Debt Oriented","Growth","259.3841","0.84","0","0","0","0","1.638912207406824","0","3.067527171223239"
ICICI Pru Nifty SDL Sep 2026 Index Fund,"Index Funds - Debt Oriented","Growth","256.6780518506","0.5499999999999999","0","7.770973826304536","0","7.124932331572431","1.2829917869388392","5.91536376902231","2.7379199896468593"
Edelweiss Nifty Next 50 Index Fund,"Index Fund","Growth","255.66189999999997","0.95","0","25.14154346325849","0","20.11364517729577","0.00433476793511423","5.663587112983856","-0.0556992734339242"
Bandhan Floater Fund,"Floating Rate Fund","Growth","255.0054","0.26","0","8.125465603525521","6.425877740580033","7.513627013196467","0.9654738934689909","5.071609483027452","2.079346195624073"
Kotak Energy Opportunities Fund,"Sectoral Fund - Energy & Power","Growth","254.81990000000002","-1.94","0","0","0","0","2.091416674552854","6.590257879656159","2.919290211791652"
UTI Credit Risk Fund,"Credit Risk Fund","Growth","252.5152","0.83","3.606715201051802","8.112223499787317","10.008794164154168","7.552817590435046","0.8224443881579815","5.715743812196989","2.298873743354577"
SBI Retirement Benefit Fund-Conservative Hybrid Plan,"Solution Oriented, Retirement Fund - Debt Oriented","Growth","248.1483","-0.6799999999999999","0","10.75732800631374","8.600196411258798","7.754011369440961","-2.030932763769786","-0.8844443327721832","-2.564514236666431"
Tata Income Plus Arbitrage Active FOF,"FoFs (Domestic) - Hybrid","Growth","248.080284391","0.37","0","0","0","0","0.5802149585766914","0","1.8344423120013242"
Samco Multi Cap Fund,"Multi Cap Fund","Growth","247.7374","-4.64","0","0","0","0","-2.6166097838452638","-8.839190628328009","-7.659115426105709"
Motilal Oswal Quant Fund,"Thematic Fund","Growth","246.6951","1.68","0","0","0","0","-0.36935251237672484","2.2176673498975155","-1.763270169504559"
Edelweiss Financial Services Fund,"Sectoral Fund - Banks & Financial Services","Growth","246.31619999999998","7.62","0","0","0","0","-7.632194055154838","0","0"
SBI Nifty India Consumption Index Fund,"Index Fund","Growth","246.248","0.47000000000000003","0","0","0","0","-3.4901856920043586","-0.6523209903969508","-9.613317531626382"
Axis FMP-130-92D,"Fixed Maturity Plans","Growth","244.90700099999998","0.83","0","0","0","0","0","0","0"
JioBlackRock Nifty Midcap 150 Index Fund,"Index Fund","Growth","244.60714043200002","7.28","0","0","0","0","2.4880206413564228","0","0.3456954271332794"
LIC MF Arbitrage Fund,"Arbitrage Fund","Growth","244.45950000000002","0.12","0","7.372541573837443","6.413108614935359","7.210437425034777","1.4595432441242426","6.428337159724505","3.171274530363194"
Tata Nifty India Tourism Index Fund,"Index Fund","Growth","243.3741883488","1.5699999999999998","0","0","0","0","-9.22750303680276","-20.03566952665573","-19.101353723715516"
PGIM India Multi Asset Allocation Fund,"Multi Asset Allocation Fund","Growth","242.43150000000003","8.39","0","0","0","0","-0.9460737937559096","0","0"
WOC Equity Savings Fund,"Equity Savings","Growth","242.08360000000002","2.7199999999999998","0","0","0","0","-0.5151938526021592","9.034357354770801","0.21110036062979073"
DSP Credit Risk Fund,"Credit Risk Fund","Growth","242.06220000000002","2.64","8.813613892203499","15.833387973342344","12.7959811880348","16.3045545275164","6.477791464386639","9.871212546028895","6.131351540692114"
ICICI Pru Nifty50 Equal Weight Index Fund,"Index Fund","Growth","241.82912656969998","0.38999999999999996","0","18.824876375083722","0","16.2128278766819","-3.139122014202706","5.245950922550837","-2.89732803254436"
Baroda BNP Paribas Corp Bond Fund,"Corporate Bond Fund","Growth","241.6923","0.33","6.263607641443691","8.190310181044401","5.913428920435848","7.161419615105191","0.3839885991013833","4.308808204903203","1.219767755154996"
Union Arbitrage Fund,"Arbitrage Fund","Growth","241.25490000000002","0.67","0","7.51990391028418","6.35443903049524","7.3372527016621","1.4105399785438935","6.291298795046918","3.019213174748389"
Nippon India FMP-XLV-5-1158D,"Fixed Maturity Plans","Growth","240.96540000000002","1.18","0","9.007188948573694","0","8.609093939068346","1.806997609998831","7.476650976564119","3.49879310756878"
HDFC NIFTY100 Low Volatility 30 Index Fund,"Index Fund","Growth","240.58540000000002","0.16999999999999998","0","0","0","0","-5.287147617086591","0.4546492351370384","-6.985615147754949"
Invesco India - Invesco Global Equity Income FoF,"FoFs (Overseas)","Growth","240.56439999999998","11.51","14.284446909506121","22.94744046491983","17.459348060459302","23.131888789207487","6.623970338393339","28.342051614330636","21.341206494162353"
Nippon India FMP-XLIII-1-1755D,"Fixed Maturity Plans","Growth","239.7511","0.58","0","7.755607524670659","0","7.204947446571852","1.3162894620844763","5.9409717255519015","2.7943557714550153"
SBI FMP-45-1840D,"Fixed Maturity Plans","Growth","239.64610000000002","-0.15","0","7.175128684669501","0","7.056752304940583","1.2676331993436016","5.809161265966147","2.707985005687756"
Aditya Birla SL Nifty Next 50 Index Fund,"Index Fund","Growth","238.9977","0.8999999999999999","0","22.094371080850145","0","19.92331542828363","0.1104310880949379","5.519717214043728","-0.004644385228542582"
Edelweiss Europe Dynamic Equity Off-shore Fund,"FoFs (Overseas)","Growth","236.9393","10.93","13.233326275842971","23.93509788925038","15.753031500413117","23.174199589634913","2.5408852648192757","30.296447440900586","18.39436589930948"
Quant Teck Fund,"Sectoral Fund - Technology","Growth","235.475","-2.16","0","0","0","0","10.676243725258134","-15.050041505474018","-9.201550192937075"
Zerodha ELSS Tax Saver Nifty LargeMidcap 250 Index Fund,"Equity Linked Savings Scheme (ELSS)","Growth","234.68490000000003","0.91","0","0","0","0","-1.7127587198496204","4.133846565407367","-3.564006221011046"
Bandhan Nifty 100 Index Fund,"Index Fund","Growth","233.60209999999998","0.09","0","15.489309680664237","0","11.79569204397608","-6.121249297142566","-1.6658523689371125","-7.936010627298878"
Aditya Birla SL FTP-TQ-1879D,"Fixed Maturity Plans","Growth","231.7886","0.66","0","7.981775147208812","0","7.303995795099083","1.108391554226749","5.835948078061273","2.6710502512957977"
Invesco India Income Plus Arbitrage Active FoF,"FoFs (Domestic) - Hybrid","Growth","231.26930000000002","0.48","0","0","0","0","0.676222316772824","0","1.7811476143304978"
Helios Overnight Fund,"Overnight Fund","Growth","231.25009999999997","-0.04","0","0","0","0","1.2089267171769034","5.2108738950280955","2.4768853695125017"
Axis Long Duration Fund,"Long Duration Fund","Growth","230.497501","-1.73","0","7.565073189648286","0","4.939556571223802","-0.8898456453853499","-3.5507844170545404","-0.6803200965799895"
Bandhan Credit Risk Fund,"Credit Risk Fund","Growth","230.4779","0.25","0","7.698888339125656","6.180962060483042","6.954875814906103","0.5848936828226678","4.241991441793515","1.7352364959417772"
ICICI Pru Nifty200 Value 30 Index Fund,"Index Fund","Growth","230.316005209","0.62","0","0","0","0","-2.920121542977798","21.297269470839332","8.479843466751072"
ITI Pharma & Healthcare Fund,"Sectoral Fund - Pharma & Health Care","Growth","229.56439999999998","-2.4699999999999998","0","24.452006779190228","0","24.39941448624685","11.192300730103183","7.881580179842634","5.050764170357845"
The Wealth Company Flexi Cap Fund,"Flexi Cap Fund","Growth","227.71436235599998","2.85","0","0","0","0","1.1652789468880123","0","-1.915437561455268"
Edelweiss Nifty Smallcap 250 Index Fund,"Index Fund","Growth","227.6514","1.22","0","24.42702992110893","0","20.14901471254371","4.522840071315","2.2647180152041937","-1.4347463066358295"
Mirae Asset Nifty Smallcap 250 Momentum Quality 100 ETF FoF,"FoFs (Domestic) - Equity Oriented","Growth","226.6411","1.08","0","0","0","0","6.457130639298707","0.38306451612903486","-1.2495041650138778"
Kotak Dividend Yield Fund,"Dividend Yield Fund","Growth","226.6402","-0.18","0","0","0","0","-5.020962267917749","0","0"
IL&FS Infra Debt Fund - Series 2-A,"Sectoral Fund - Infrastructure (Debt)","Growth","226.15989000000002","0","0","51.66747180926205","20.720289798568416","34.30195011575054","1.6952287813222169","7.842503924591575","3.624481606262106"
JioBlackRock Short Duration Fund,"Short Duration Fund","Growth","224.87525639700002","0.37","0","0","0","0","0.7693803754912422","0","0"
SBI LT Advantage Fund-VI,"Equity Linked Savings Scheme (ELSS)","Growth","223.49759999999998","-0.01","0","21.567120503443334","14.227809070580143","15.047554557846343","-4.282104675080628","-1.7704909488333056","-5.08324126273644"
Mirae Asset Nifty MidSmallcap400 Momentum Quality 100 ETF FoF,"FoFs (Domestic) - Equity Oriented","Growth","223.1991","0.9400000000000001","0","0","0","0","7.591485792177815","3.919384241442158","2.0690341191683914"
JM Low Duration Fund,"Low Duration Fund","Growth","223.167682569","-0.13999999999999999","6.291072162806288","7.489426254840109","6.211146910591481","7.168042861746193","1.0674136038457036","5.8191762001638105","2.406527180819362"
Abakkus Liquid Fund,"Liquid Fund","Growth","222.03599999999997","-0.15","0","0","0","0","1.3820893572289683","0","0"
Axis Nifty India Defence Index Fund,"Index Fund","Growth","221.9787","-0.06","0","0","0","0","0","0","0"
ITI Ultra Short Duration Fund,"Ultra Short Duration Fund","Growth","221.899","0.09","0","7.253227958079843","6.151058537817233","7.063984045148208","1.49724857732809","6.206853844057752","2.9375734376199913"
Nippon India Diversified Equity Flexicap Passive FoF,"FoFs (Domestic) - Equity Oriented","Growth","221.8947","0.27","0","17.220860134062086","12.450472819329628","13.700155930213832","-4.032250577892482","-0.29465379384843754","-6.254080818340107"
ICICI Pru Multi Sector Passive FOF,"FoFs (Domestic) - Equity Oriented","Growth","221.4423730352","1.48","13.71156587814102","19.266542330251784","14.572003756399553","15.91913239742162","-2.8060727810884036","3.252072372688142","-2.849369650295685"
Edelweiss Emerging Markets Opp Eq. Offshore Fund,"FoFs (Overseas)","Growth","221.3732","23.48","13.756443780022721","18.109398952505686","10.611122390373783","28.006281287989587","14.446187472020645","71.86518428129166","36.30445399273276"
Zerodha Silver ETF FoF,"FoFs (Domestic) - Silver","Growth","220.68650000000002","54.16","0","0","0","0","6.914466830684677","0","70.35946119669713"
JM ELSS Tax Saver Fund,"Equity Linked Savings Scheme (ELSS)","Growth","219.578273746","3.7199999999999998","17.057638541478013","22.9592127826639","16.1086191092878","18.19774312508393","-0.8490678927958851","3.625724566965247","-6.023075654050782"
JioBlackRock Nifty 50 Index Fund,"Index Fund","Growth","218.85772830599998","0.8200000000000001","0","0","0","0","-7.348196236977142","0","-9.485786985169856"
Edelweiss US Value Equity Offshore Fund,"FoFs (Overseas)","Growth","218.0174","10.95","14.00330422520646","14.977674459034478","14.310136481702163","19.337576245645117","8.175376480699532","32.68658383918828","20.50049300043447"
Axis Conservative Hybrid Fund,"Conservative Hybrid Fund","Growth","217.81449899999998","-0.69","7.749527327864514","9.061096512156624","6.982998153660525","7.26445074338522","-1.7164384666965338","0.8989091407662636","-1.5564777062785893"
Mirae Asset CRISIL IBX Gilt Index - April 2033 Index Fund,"Index Funds - Debt Oriented","Growth","217.6322","0.08","0","8.659277554120896","0","6.772403945556826","-0.5611740552049298","1.4782682921151273","0.2775860746875172"
Aditya Birla SL Global Excellence Equity FoF,"FoFs (Overseas)","Growth","216.4517","10.67","9.560864647712064","18.207765086957743","15.887084931660711","23.240880621765527","9.185580454888061","30.130075318771492","17.465098378422894"
Aditya Birla SL Dynamic Asset Allocation Omni FOF,"FoFs (Domestic) - Equity Oriented","Growth","216.392","2.27","13.384882150195931","18.133368129611217","13.340728867906272","15.342569844994603","-1.9300673949939775","4.036422370845323","-2.374703510630965"
Mahindra Manulife Ultra Short Duration Fund,"Ultra Short Duration Fund","Growth","211.94709999999998","0.09","0","7.486591924356075","6.3481143246975735","7.255224496523471","1.5128676273590338","6.311837199440573","2.9334845159517924"
UTI Nifty Midcap 150 Quality 50 Index Fund,"Index Fund","Growth","210.77810000000002","0.8099999999999999","0","15.66496359030547","0","13.514292843595044","0.6972857719126375","-0.9185756407348601","-3.505211568992887"
Kotak Nifty AAA Bond Financial Services Mar 2028 Index Fund,"Index Funds - Debt Oriented","Growth","209.9827","0.44","0","0","0","0","0.5168782486039424","0","1.560883231487089"
Quantum Small Cap Fund,"Small Cap Fund","Growth","209.3721","2.9899999999999998","0","0","0","0","1.0132501948558128","6.578947368421058","-1.0687022900763268"
Axis NASDAQ 100 US Specific Equity Passive FOF,"FoFs (Overseas)","Growth","208.74669999999998","16.150000000000002","0","31.758790893395773","0","34.696988320095286","24.21895064745699","54.21627264732655","28.499132260621774"
Quantum ELSS Tax Saver Fund,"Equity Linked Savings Scheme (ELSS)","Growth","208.6056","-1.13","12.217103420226127","19.281903108570422","12.142921795298678","14.313147175681884","-5.735373260552006","-4.2558175855067955","-8.053993250843641"
Edelweiss Overnight Fund,"Overnight Fund","Growth","208.4357","-0.04","0","6.361039622858572","5.523104417400582","6.18474857227822","1.2404397876303148","5.32254591614416","2.5493131538781038"
SBI CRISIL-IBX Financial Services 9-12 Months Debt Index Fund,"Index Funds - Debt Oriented","Growth","208.3544","-1.26","0","0","0","0","0","0","0"
LIC MF Value Fund,"Value Fund","Growth","207.8064","5.63","0","18.089680369389573","14.868606480870783","17.736342123694946","3.4371449230451376","12.86868451031934","4.790967462233619"
Tata BSE Select Business Groups Index Fund,"Index Fund","Growth","207.4844663709","4.43","0","0","0","0","-1.4680883943749132","4.685479733196511","-3.0524195081157206"
SBI CRISIL-IBX Financial Services 3-6 Months Debt Index Fund,"Index Funds - Debt Oriented","Growth","207.1068","-0.13999999999999999","0","0","0","0","0","0","0"
UTI Nifty Private Bank Index Fund,"Index Fund","Growth","206.273","0.49","0","0","0","0","-10.091597493907507","-4.886505067267231","-9.233075052316044"
Edelweiss Income Plus Arbitrage Omni FoF,"FoFs (Domestic) - Hybrid","Growth","205.9084","0.45999999999999996","0","0","0","0","0.9161326598869621","0","2.0889316046525233"
PGIM India Aggressive Hybrid Equity Fund,"Aggressive Hybrid Fund","Growth","203.9776","-0.41000000000000003","10.44762230498053","14.312655266701116","9.510300164978203","10.577202558686993","-1.6300129366105962","-0.2950239297187364","-4.454356976817224"
Baroda BNP Paribas Gold ETF FoF,"FoFs - Gold","Growth","200.9104","28.99","0","0","0","0","2.5572374521660794","0","27.62274699735085"
Kotak Nifty Smallcap 50 Index Fund,"Index Fund","Growth","200.0839","0.79","0","22.38329845972269","0","25.06201718931369","5.3673040447018865","5.087172145815212","0.08765095442148972"
UTI BSE Sensex Index Fund,"Index Fund","Growth","199.5479","-0.72","0","13.028416987323403","0","7.8430512433169675","-8.99627703184011","-6.347296278622653","-11.966117561400543"
Samco Dynamic Asset Allocation Fund,"Dynamic Asset Allocation Fund","Growth","198.9899","0.6","0","0","0","0","-1.126760563380291","1.739130434782606","-3.038674033149172"
Union Retirement Fund,"Solution Oriented, Retirement Fund - Equity Oriented","Growth","195.842","3.6999999999999997","0","19.981391606718162","0","17.314494833643536","-2.003535651149086","6.6709429121231505","-1.9457547169811429"
Nippon India Nifty Bank Index Fund,"Index Fund","Growth","195.8384","0.84","0","0","0","0","-12.361685311284043","-1.9012700654172976","-9.745636690929004"
DSP FMP 270-1172D,"Fixed Maturity Plans","Growth","195.6791","0.29","0","7.557117799982976","0","6.6993892555824","0.6115145689105121","5.095815507682971","2.009091281379256"
Nippon India Nifty IT Index Fund,"Index Fund","Growth","195.3341","0.79","0","0","0","0","-8.70013400680342","-20.003010687942187","-20.70961773745934"
Axis Nifty500 Value 50 Index Fund,"Index Fund","Growth","195.22619999999998","0.09","0","0","0","0","-0.5920874049945775","20.356581663568477","9.482436472346775"
HSBC Gilt Fund,"Gilt - Short & Mid Term Fund","Growth","194.71540000000002","-0.88","6.879404702958003","7.1352806088315655","4.982526066694004","5.347885533768948","-0.7975215767372283","-2.1858655424156073","-0.832050078577385"
SBI LT Advantage Fund-IV,"Equity Linked Savings Scheme (ELSS)","Growth","194.4107","1.31","0","17.129706414245195","15.683197892634881","13.326075868183484","-5.546351285907261","2.175038071119823","-6.435530108220227"
SBI Equity Minimum Variance Fund,"Thematic Fund","Growth","193.40740000000002","1.35","0","15.3648966704714","11.755478284489529","12.3302344776544","-1.6166048877290504","1.7966395953491805","-4.509509156820838"
Kotak Nifty SDL Jul 2033 Index Fund,"Index Funds - Debt Oriented","Growth","192.24360000000001","-0.83","0","8.382569082436728","0","6.501401527401618","-0.09912689034979334","1.084863268712281","0.47615629411623495"
Tata Nifty200 Alpha 30 Index Fund,"Index Fund","Growth","191.1110502131","0.69","0","0","0","0","0.26899567317598383","6.821701645061768","-0.9789403479420651"
ICICI Pru Nifty Auto Index Fund,"Index Fund","Growth","190.9018796447","0.6","0","30.54378601217795","0","23.57279657515381","-6.908397970960034","10.815286556371431","-5.902832726697255"
Helios Financial Services Fund,"Sectoral Fund - Banks & Financial Services","Growth","190.715","2.87","0","0","0","0","-5.149501661129562","2.5134649910233335","-7.003257328990224"
Bank of India Large Cap Fund,"Large Cap Fund","Growth","188.1714","3.5000000000000004","0","18.902229971498226","0","16.03831043459163","-3.7619314991577664","5.672009864364992","-2.4473534433693778"
Franklin India Conservative Hybrid Fund,"Conservative Hybrid Fund","Growth","188.069069302","-0.06","7.872618709890666","10.441513895914214","7.598228935708606","8.682827353103217","-1.5767748306137452","1.2342619212848243","-1.6995586569734227"
Sundaram Short Duration Fund,"Short Duration Fund","Growth","187.90366281143","0.38999999999999996","6.205274828710894","7.999736786296197","6.352082733755782","7.21075539824616","0.5455375072111854","4.565988590254674","1.665409919696921"
Qsif Equity Ex-Top 100 Long-Short Fund,"Mid Cap Fund","Growth","187.7425","2.6","0","0","0","0","4.473243260440761","0","-1.2559514859920744"
LIC MF Medium to Long Duration Fund,"Medium to Long Duration Fund","Growth","187.0804","-0.08","6.713278793964084","8.426549524566694","5.851450278565351","6.748409207709449","-0.036945334680897196","1.7719323970240473","0.6528332103832951"
Union Diversified Equity All Cap Active FOF,"FoFs (Domestic) - Equity Oriented","Growth","186.6598","5.87","0","0","0","0","0.9107832736153022","0","-0.17524578964564316"
Mirae Asset Nifty200 Alpha 30 ETF FoF,"FoFs (Domestic) - Equity Oriented","Growth","186.65830000000003","0.54","0","0","0","0","0.0780727191612921","6.517094017094032","-0.9821231516221435"
LIC MF Ultra Short Duration Fund,"Ultra Short Duration Fund","Growth","186.5843","0.1","0","7.0898584923661385","6.0049602012776315","7.011372588179188","1.5236698937369026","6.277032698513365","2.921460205525804"
UTI Income Plus Arbitrage Active FoF,"FoFs (Domestic) - Hybrid","Growth","185.9948","0.05","0","0","0","0","0.6746144384520676","4.864635792917902","1.8736954981521594"
Canara Rob Banking and PSU Debt Fund,"Banking & PSU Fund","Growth","185.37740000000002","-0.08","0","7.271389017571534","0","6.325077760277509","0.04614527806507213","3.4503183770176182","0.8274800346386935"
Nippon India FMP-XLIII-5-2315D,"Fixed Maturity Plans","Growth","185.33509999999998","0.27999999999999997","0","8.501214458264693","0","7.385644923802714","0.38197444409076275","4.5704676261832695","1.8665928335755924"
JioBlackRock Nifty Next 50 Index Fund,"Index Fund","Growth","184.216395158","1.32","0","0","0","0","0.17459624618071373","0","0.09692270414344353"
HDFC Nifty SDL Oct 2026 Index Fund,"Index Funds - Debt Oriented","Growth","182.9233","0.5599999999999999","0","7.839228693789058","0","7.141753019182784","1.2865159993915691","5.944615178489179","2.748225510419543"
HSBC CRISIL IBX Gilt June 2027 Index Fund,"Index Funds - Debt Oriented","Growth","181.8946","0.59","0","8.026885132956645","0","7.142482936877648","0.9551989193709071","5.488670637754458","2.3192137816386014"
Mahindra Manulife Innovation Opportunities Fund,"Thematic Fund","Growth","181.38150000000002","10.54","0","0","0","0","2.550980237776552","0","0"
Motilal Oswal Financial Services Fund,"Sectoral Fund - Banks & Financial Services","Growth","181.21450000000002","16.37","0","0","0","0","-2.195780421957802","0","0"
DSP Regular Savings Fund,"Conservative Hybrid Fund","Growth","179.00709999999998","0.47000000000000003","8.26501241469526","10.866301791205494","8.150881853197255","9.654244715299921","-0.081847783768492","3.096236219633725","0.31596137986581696"
DSP World Mining Overseas Equity Omni FoF,"FoFs (Overseas)","Growth","177.98669999999998","31.740000000000002","19.604499856178958","21.049687264239665","17.340197426693393","27.09900241317451","0.15833041722359367","100.15820517376775","38.202211615334065"
SBI FMP-76-1221D,"Fixed Maturity Plans","Growth","175.5959","-0.18","0","7.041646833197023","0","6.821556640077064","1.2301065554596555","5.698547990432224","2.614881439084211"
Baroda BNP Paribas Credit Risk Fund,"Credit Risk Fund","Growth","174.42860000000002","1.03","8.371879077375866","8.768622630880476","9.11973885276318","8.255752388663362","1.1716044406703994","6.402041278268198","2.5687716709115755"
Bandhan Retirement Fund,"Solution Oriented, Retirement Fund - Equity Oriented","Growth","171.77270000000001","0.51","0","0","0","0","-2.3374060863626003","1.370618353682548","-3.9555190685872037"
Edelweiss MSCI India Domestic & World Healthcare 45 Index Fund,"Index Fund","Growth","171.58630000000002","6.92","0","20.966948393158063","13.659133729706063","22.80368685979859","5.357390124345724","18.20441516879243","6.677477999560686"
Shriram Multi Sector Rotation Fund,"Thematic Fund","Growth","170.8784","0.83","0","0","0","0","-3.3432593394694","0.4809721778062079","-5.174016441928117"
DSP Nifty500 Flexicap Quality 30 Index Fund,"Index Fund","Growth","170.8545","0.8500000000000001","0","0","0","0","-3.4501597773425394","0","-11.326649436223681"
HDFC BSE India Sector Leaders Index Fund,"Index Fund","Growth","169.5966","3.42","0","0","0","0","-4.432565449356872","0","0"
Quant Consumption Fund,"Sectoral Fund - Consumption","Growth","168.03619999999998","-3.19","0","0","0","0","4.32348533504603","-8.145069320741543","-2.5478216524843207"
SBI FMP-74-1243D,"Fixed Maturity Plans","Growth","167.27349999999998","-0.16","0","7.2262751658339734","0","7.0312517831705","1.2336191230977345","5.77656584582441","2.676150111235602"
Invesco India Medium Duration Fund,"Medium Duration Fund","Growth","167.2547","0.22999999999999998","0","7.82822381498883","0","6.734128958609631","0.10438696485770016","2.995662686216025","0.9330125027815759"
PGIM India Ultra Short Duration Fund,"Ultra Short Duration Fund","Growth","166.59310000000002","-0.01","7.26318000613011","7.313409146820453","6.219959332961689","7.031301910799503","1.3721041544414827","5.987378920762013","2.695380131056999"
Invesco India - Invesco Pan European Equity FoF,"FoFs (Overseas)","Growth","166.2686","14.580000000000002","11.696405008274047","19.010559771572435","14.581780139815326","18.877627582113554","3.7258648995329033","36.01541773529946","24.612612936414163"
HDFC NIFTY G-Sec Apr 2029 Index Fund,"Index Funds - Debt Oriented","Growth","166.0884","0.42","0","8.647631337478753","0","7.255327725365901","0.14601405188993433","4.123442078371521","1.5078455711512053"
HDFC FMP-Sr 47-2638D-Feb 2023,"Fixed Maturity Plans","Growth","165.9407","0.27","0","9.024072099201927","0","7.326543888213366","0.06748685169957695","3.0030341743851885","1.0995470148434918"
Unifi Flexi Cap Fund,"Flexi Cap Fund","Growth","165.510170802","1.82","0","0","0","0","-1.255842546423242","0","-2.775669417676277"
Franklin India G-Sec Fund,"Gilt - Short & Mid Term Fund","Growth","164.462287219","0.38999999999999996","6.174927291162202","6.7046353138022","5.322982704179058","6.164243859458174","0.8255075601834223","2.0859505862646577","1.9642909315696646"
Tata Retirement Sav Fund - Cons Plan,"Solution Oriented, Retirement Fund - Debt Oriented","Growth","164.26158234300001","-0.06","8.985045597994446","9.97599670093209","7.477340715527703","8.883272892863037","1.1158413144386334","3.226545246339665","0.31610101454381434"
Tata Nifty MidSmall Healthcare Index Fund,"Index Fund","Growth","163.781943804","0.02","0","0","0","0","14.475471939387154","18.19547134935305","10.836493074363533"
Union Gold ETF FoF,"FoFs - Gold","Growth","163.2548","22.71","0","0","0","0","2.6263892846964887","65.018237806331","28.823575705976207"
The Wealth Company Multi Asset Allocation Fund,"Multi Asset Allocation Fund","Growth","162.55185659999998","10.31","0","0","0","0","2.603604550099797","0","0"
Sundaram Global Brand Theme - Equity Active FoF,"FoFs (Overseas)","Growth","162.247161","10.41","13.95893706501039","17.622142472897874","13.785691857109184","20.277267498700446","10.17962285625124","32.19928802107854","16.310869633674"
SBI Nifty Bank Index Fund,"Index Fund","Growth","162.1266","0.1","0","0","0","0","-12.23903090267256","-1.7432210617050672","-9.605520685698862"
Invesco India Credit Risk Fund,"Credit Risk Fund","Growth","159.4901","1.31","6.735042432691984","10.529275911791533","8.125200170311487","9.261223703294608","2.1187328562839167","6.553906449434533","3.4419165426959184"
Groww Nifty EV & New Age Automotive ETF FOF,"FoFs (Domestic) - Equity Oriented","Growth","159.282049978","0.9299999999999999","0","0","0","0","-2.0438081174494207","2.876954024926092","-4.357774202311066"
Zerodha Multi Asset Passive FoF,"FoFs (Domestic) - Hybrid","Growth","158.672","8.200000000000001","0","0","0","0","-0.6539755976658689","0","4.586777994451916"
Invesco India Gilt Fund,"Gilt - Short & Mid Term Fund","Growth","157.94989999999999","-0.47000000000000003","6.796858538387118","7.760080823163349","5.284109480439714","5.950545734379653","-0.6361078066756103","-1.9549622105693916","-0.6241287653566683"
LIC MF Focused Fund,"Focused Fund","Growth","157.69809999999998","-1.4000000000000001","0","13.420710306226681","10.710657622719078","9.32751461908099","-3.925546085336451","-4.6234556430877225","-7.074619701824347"
Navi ELSS Tax Saver Nifty 50 Index Fund,"Equity Linked Savings Scheme (ELSS)","Growth","155.523563","0.48","0","13.126074608349285","0","10.04621328462758","-7.441165435421069","-3.278511217916227","-9.594485303409416"
Axis Nifty Bank Index Fund,"Index Fund","Growth","155.1826","0.06","0","0","0","0","-12.347130014929641","-1.855721437272706","-9.729128500392571"
The Wealth Company Arbitrage Fund,"Arbitrage Fund","Growth","154.207462545","0.8","0","0","0","0","1.4350187558611938","0","3.1151936444885697"
Bank of India Ultra Short Duration Fund,"Ultra Short Duration Fund","Growth","153.8069","-0.03","6.557089557673201","6.996500965897234","5.955094553264284","6.802573795807998","1.496354674547319","6.1481812177966475","2.8754249583355747"
DynaSIF Equity Long-Short Fund,"Large Cap Fund","Growth","153.575126425353","11.67","0","0","0","0","0","0","0"
Old Bridge Arbitrage Fund,"Arbitrage Fund","Growth","153.3818","0.64","0","0","0","0","1.1524265745248934","0","2.9965616504078163"
Bank of India Balanced Advantage Fund,"Balanced Advantage Fund","Growth","152.70600000000002","2.78","8.117278769332614","12.820937512351332","11.313117307845545","11.491055414983897","-0.32272887568525904","6.2930661176488485","-0.08640789525362463"
Old Bridge Flexi Cap Fund,"Flexi Cap Fund","Growth","152.6157","15.479999999999999","0","0","0","0","0","0","0"
HDFC Retirement Savings Fund-Hybrid-Debt Plan,"Solution Oriented, Retirement Fund - Debt Oriented","Growth","152.5875","-0.53","8.821827345323708","10.131921073245241","7.728395020430767","7.6409405018133425","-2.201240180565142","0.5782376143568162","-2.0560920575802255"
PGIM India Money Market Fund,"Money Market Fund","Growth","152.4377","0.64","0","7.5008519186711835","6.350417013203402","7.1098574156696515","1.2706455633877367","5.959145272571911","2.6274159388587006"
Aditya Birla SL CRISIL IBX SDL Jun 2032 Index Fund,"Index Funds - Debt Oriented","Growth","151.7168","-0.53","0","8.61145304722515","0","6.6935040331491","-0.7227874454963312","1.459689916256506","0.28490706791739934"
HDFC Nifty100 Quality 30 Index Fund,"Index Fund","Growth","151.627","0.66","0","0","0","0","-1.621927045702963","0.8383654247844602","-4.97718529122305"
Bandhan Silver ETF FOF,"FoFs (Domestic) - Silver","Growth","151.0062","7.88","0","0","0","0","6.971264153985429","0","0"
ICICI Pru Quant Fund,"Thematic Fund","Growth","149.914681443","1.6099999999999999","0","18.804529601825617","13.267398901834348","15.255153201097071","-4.295246038365309","0.3937007874015742","-5.516673528200906"
Bandhan CRISIL IBX 90:10 SDL Plus Gilt - Sep 2027 Index Fund,"Index Funds - Debt Oriented","Growth","149.64870000000002","0.52","0","8.288331981054785","0","7.298478468021985","0.8924933396019371","5.4019318925998725","2.482489652976756"
Axis Floater Fund,"Floating Rate Fund","Growth","148.2","0.27999999999999997","0","8.578614647567392","0","7.77782468655992","1.016265199546765","3.6704422240398","2.1241188635470793"
SBI Retirement Benefit Fund-Conservative Plan,"Solution Oriented, Retirement Fund - Debt Oriented","Growth","147.7055","-0.7000000000000001","0","9.270923692503597","7.037793705707585","6.711991541425721","-1.4868072983788965","-0.809976506583625","-1.5368970543371478"
HSBC Nifty Next 50 Index Fund,"Index Fund","Growth","147.5329","0.76","0","22.050102426072193","13.625929608601206","19.71714575677568","-0.3252556049097176","5.138290609546059","-0.4332044659442264"
Axis Nifty500 Momentum 50 Index Fund,"Index Fund","Growth","146.5965","-0.06999999999999999","0","0","0","0","0.43280455506031423","1.8959431497935582","-3.946056150322577"
HDFC Nifty India Consumption Index Fund,"Index Fund","Growth","146.5627","3.5900000000000003","0","0","0","0","-3.526250979514168","0","0"
Edelweiss ASEAN Equity Off-Shore Fund,"FoFs (Overseas)","Growth","146.4965","8.86","9.75781652557095","11.949772939651993","11.042456524814593","14.575369208939337","3.701351488669853","25.41784441440333","16.008298283505724"
Aditya Birla SL US Treasury 3-10 Year Bond ETFs Passive FOF,"FoFs (Overseas)","Growth","146.3086","4.06","0","0","0","0","4.466694170289745","16.86591935813121","8.26495206459358"
HSBC Conservative Hybrid Fund,"Conservative Hybrid Fund","Growth","146.2029","0.61","8.57789099132804","11.246622328145923","8.501595176848298","9.651837310907618","0.9828865338910237","2.7224201380315844","0.6109076671503341"
SBI FMP-52-1848D,"Fixed Maturity Plans","Growth","146.0594","-0.06","0","7.342306105736638","0","7.233387247377965","1.3170149713273998","6.042247393777291","2.7910536344610017"
Bandhan Gold ETF FOF,"FoFs - Gold","Growth","145.681","10.31","0","0","0","0","1.7406629965543075","0","0"
Nippon India Medium Duration Fund,"Medium Duration Fund","Growth","145.1294","1.4200000000000002","3.885164828576926","8.814061995214608","9.299305637443812","7.908145188326543","0.3786536135257717","6.520506069127766","1.626868392271249"
Motilal Oswal Asset Allocation Passive FoF-Aggressive,"FoFs (Domestic) - Equity Oriented","Growth","142.9786","4.64","0","18.377131555708207","14.079886253483288","17.726395855693955","0.07651687146675847","13.727296129973396","3.3591556618487934"
Bandhan US Treasury Bond 0-1 year specific Debt Passive FOF,"FoFs (Overseas)","Growth","142.8267","4.32","0","8.79138199513627","0","10.091111719833235","7.277083117772071","17.51514887309822","10.95890410958905"
JioBlackRock Sector Rotation Fund,"Thematic Fund","Growth","142.818747613","2.75","0","0","0","0","-3.6362367392518236","0","0"
Kotak CRISIL-IBX AAA Bond Financial Services Index - Dec 2026 Fund,"Index Funds - Debt Oriented","Growth","142.3465","0.75","0","0","0","0","1.4782762110815024","6.1699729924028945","2.7172584920202216"
TRUSTMF Mid Cap Fund,"Mid Cap Fund","Growth","142.155883","12.98","0","0","0","0","0","0","0"
Union Equity Savings Fund,"Equity Savings","Growth","142.05200000000002","0.04","0","8.996667652923493","6.8378380739147815","7.670922355139442","-1.5616285554935925","2.556653108657744","-1.2863534675615238"
Aditya Birla SL CRISIL-IBX AAA NBFC-HFC Index-Sep 2026 Fund,"Index Funds - Debt Oriented","Growth","141.8346","0.95","0","0","0","0","1.6896402410421143","6.807845366685622","3.1326337361963876"
Nippon India Retirement Fund-Income Generation,"Solution Oriented, Retirement Fund - Debt Oriented","Growth","141.1219","-1.15","7.857486893209997","9.926324936913389","6.628493988254114","6.80073215090502","-2.2123759915274426","-2.5401420859667523","-2.87072300485609"
Samco Small Cap Fund,"Small Cap Fund","Growth","140.8506","4.37","0","0","0","0","5.1020408163265305","0","0"
SBI FMP-46-1850D,"Fixed Maturity Plans","Growth","139.79219999999998","-0.13999999999999999","0","7.11855867472779","0","7.008262623352657","1.2794526534702735","5.82959994331022","2.7104474874679143"
HDFC Nifty India Digital Index Fund,"Index Fund","Growth","139.493","0.72","0","0","0","0","-4.727508339132721","-7.80074314909429","-16.698664484520403"
Edelweiss CRISIL IBX 50:50 Gilt Plus SDL Short Duration Index Fund,"Index Funds - Debt Oriented","Growth","138.9872","0.53","0","8.11451630813562","0","7.085395430131203","0.48765741469973684","4.490106544901063","1.8488506164179248"
Shriram Multi Asset Allocation Fund,"Multi Asset Allocation Fund","Growth","138.525","5.43","0","0","0","0","-2.7845957925141693","12.110695415312927","1.5638355594205477"
Sundaram Nifty 100 Equal Weight Fund,"Index Fund","Growth","138.368977","-0.18","13.237519859811076","19.853457343789465","13.667571013686363","17.88696280423252","-1.234867642452786","5.66376557369676","-1.3317275182386676"
LIC MF Short Duration Fund,"Short Duration Fund","Growth","138.107","0.31","0","7.957449192714269","6.016529791393999","7.146415538507833","0.24753394309194118","4.216417910447762","1.2715678919729947"
SBI Children's Fund-Savings Plan,"Solution Oriented - Children's Fund","Growth","137.1251","0.8999999999999999","11.637144815561351","13.409202197918837","11.208658000269889","11.975940801873698","2.192205089239262","4.03841238236817","2.091192322036187"
Edelweiss Government Securities Fund,"Gilt - Short & Mid Term Fund","Growth","135.1992","-1.05","7.360279909609035","7.507371447827411","5.25703418163066","5.561174846654637","-0.9986186474956217","-2.2264681386681064","-0.7725699424397078"
Edelweiss CRISIL IBX 50:50 Gilt Plus SDL Sep 2028 Index Fund,"Index Funds - Debt Oriented","Growth","135.1871","0.33999999999999997","0","8.356911537268894","0","7.202036272412071","0.2653297338989569","4.525352588327994","1.776472890976698"
Franklin India Income Plus Arbitrage Active FoF,"FoFs (Domestic) - Hybrid","Growth","135.121297213","1.1900000000000002","8.634935465677662","14.909594600118048","12.842405031168846","13.853548761501377","1.0837085467232177","6.762636946837957","2.4961507184637446"
DSP FMP 268-1281D,"Fixed Maturity Plans","Growth","133.5823","0.53","0","7.5694509448158245","0","7.032698702515017","1.2983609681722816","5.808725945587263","2.7366810292755637"
Tata Nifty G-Sec Dec 2029 Index Fund,"Index Funds - Debt Oriented","Growth","133.5493657251","0.44","0","8.707342619994083","0","7.2751617146735725","0.10077022825628552","3.9497379820562206","1.4399480700421048"
Baroda BNP Paribas NIFTY SDL Dec 2026 Index Fund,"Index Funds - Debt Oriented","Growth","132.4718","0.5499999999999999","0","8.022722540539608","0","7.242904112777215","1.2778021802499713","5.9024443201082235","2.6517941702620256"
Canara Rob Gilt Fund,"Gilt - Short & Mid Term Fund","Growth","132.247","-0.65","7.045810791120211","7.287859769172028","5.242677975350607","5.623830804331598","-0.018877314616206845","-1.3447707793574448","0.2414969121577855"
TRUSTMF Money Market Fund,"Money Market Fund","Growth","131.96790000000001","0.67","0","7.443161077163391","0","7.040090836431201","1.2861416629037596","6.031438105054863","2.711800419052436"
Motilal Oswal Infrastructure Fund,"Sectoral Fund - Infrastructure","Growth","131.0275","6.1899999999999995","0","0","0","0","4.947606328333678","21.513603014645025","1.8707618667730403"
DynaSIF Active Asset Allocator Long-Short Fund,"Multi Asset Allocation Fund","Growth","130.722606785141","3.4000000000000004","0","0","0","0","0","0","0"
Edelweiss Nifty 100 Quality 30 Index Fund,"Index Fund","Growth","130.3683","0.69","0","16.020174975826155","0","12.003477013670683","-1.6223001459933688","0.9132324229001001","-4.930051027808176"
Shriram Liquid Fund,"Liquid Fund","Growth","130.16899999999998","-0.12","0","0","0","0","1.594686547915815","6.058022470860292","3.0662423036044406"
SBI FMP-50-1843D,"Fixed Maturity Plans","Growth","129.6115","-0.06999999999999999","0","7.324091657240949","0","7.186416953001484","1.3379416282642151","6.0081630029566755","2.77777777777778"
Shriram Overnight Fund,"Overnight Fund","Growth","128.4344","0","0","6.377273274087885","0","6.166990824998764","1.2548005012734016","5.336776233892937","2.5599659326350594"
Shriram Flexi Cap Fund,"Flexi Cap Fund","Growth","128.0288","0.33999999999999997","0","14.925802635783395","10.597564037012486","10.892837483658923","-4.699530700550356","0.3003884412362251","-7.600466421063303"
Groww Largecap Fund,"Large Cap Fund","Growth","127.64065869699999","1.6400000000000001","12.736164146795193","16.757276776188377","12.127019063421374","12.88051503381702","-6.2803738317757","1.3133966457870248","-6.837606837606837"
HSBC Dynamic Bond Fund,"Dynamic Bond Fund","Growth","126.66059999999999","-0.44999999999999996","7.077611714785914","7.6169225397481695","5.605407559604436","6.37447319560307","-0.12565817299145163","0.4847363552266516","0.3291225758382869"
Quantum Diversified Equity All Cap Active FOF,"FoFs (Domestic) - Equity Oriented","Growth","126.286032575806","1.03","12.961080178250217","17.758831926451844","12.305599800838873","13.958647355252495","-5.173328412943705","-0.5190123038581149","-6.759346403746498"
Samco Special Opportunities Fund,"Thematic Fund","Growth","126.16940000000001","1.4500000000000002","0","0","0","0","-0.7042253521126611","1.8050541516245528","-6.208425720620829"
Baroda BNP Paribas Dynamic Bond Fund,"Dynamic Bond Fund","Growth","126.01620000000001","-0.89","6.8733458749201","7.833024107174367","5.736803967801385","5.899332951963987","-0.29720085515892625","-0.7143730459539342","-0.22506094588006056"
Groww Nifty Smallcap 250 Index Fund,"Index Fund","Growth","125.60251131499999","1.17","0","0","0","0","4.511108604939668","2.1372741717718107","-1.5763154401026735"
Groww Nifty India Defence ETF FOF,"FoFs (Domestic) - Equity Oriented","Growth","125.579723223","1.96","0","0","0","0","10.969280991043789","12.235654662128983","8.831279706444922"
Nippon India Nifty G-Sec Oct 2028 Maturity Index Fund,"Index Funds - Debt Oriented","Growth","125.4747","0.48","0","8.403714188804802","0","7.168919351446368","0.14320334875523413","4.663536261440918","1.7288647680859284"
Baroda BNP Paribas Multi Asset Active FoF,"FoFs (Domestic) - Hybrid","Growth","125.01389999999999","4.569999999999999","0","0","0","0","0.01760842386998528","0","5.3948991993468605"
Tata Nifty500 Multicap India Manufacturing 50:30:20 Index Fund,"Index Fund","Growth","124.29719723390001","0.4","0","0","0","0","1.8621672111849548","9.55329865411609","0.49484952534841226"
UTI Gilt Fund with 10 year Constant Duration,"Gilt - Long Term Fund","Growth","123.8634","0.21","0","8.25081920426843","0","6.357466639687681","-0.8307729933813218","0.6359793694497284","-0.14006787904907927"
Capitalmind Liquid Fund,"Liquid Fund","Growth","121.7248","0.05","0","0","0","0","1.6373633138076125","0","0"
Aditya Birla SL Long Duration Fund,"Long Duration Fund","Growth","121.3169","-0.9900000000000001","0","8.219430437546707","0","5.910083631558227","-1.0054043341387742","-1.7215676481494162","-0.8550140466593388"
TRUSTMF Corporate Bond Fund,"Corporate Bond Fund","Growth","120.6023","-0.01","0","7.720011391073657","0","6.61901173527526","0.27533430691068805","3.6632126331844086","0.989733151458859"
UTI NIFTY50 Equal Weight Index Fund,"Index Fund","Growth","120.3522","0.43","0","0","0","0","-3.1575869798265317","5.3332673771094194","-2.8742522773774026"
HDFC NIFTY Realty Index Fund,"Index Fund","Growth","118.4957","0.75","0","0","0","0","-6.6668113221876215","-16.942148760330575","-17.02946424265804"
Mirae Asset Nifty India Manufacturing ETF FoF,"FoFs (Domestic) - Equity Oriented","Growth","118.3183","0.41000000000000003","0","24.490354672471238","0","23.224663121881804","0.5833836250251441","12.27755010385674","2.4800163968026325"
Kotak FMP-304-3119D,"Fixed Maturity Plans","Growth","117.8792","0.13","0","9.155468223646618","0","7.123941497331954","-0.2738793383570273","1.8465112236593688","0.61587217334968"
Kotak NIFTY 100 Low Volatility 30 Index Fund,"Index Fund","Growth","117.7435","0.16","0","0","0","0","-5.355058802405952","0.44015510227414123","-7.017868797516361"
Axis NIFTY IT Index Fund,"Index Fund","Growth","117.3353","1.27","0","0","0","0","-8.68628537714766","-20.031784056303184","-20.782796165896332"
Tata Nifty Next 50 Index Fund,"Index Fund","Growth","117.19826118569999","1.5","0","0","0","0","-0.040169692456908955","0","-0.11258945966849594"
Mirae Asset Dynamic Bond Fund,"Dynamic Bond Fund","Growth","116.2184","0.59","0","7.71731372122863","5.837307967444061","7.152737572146828","1.1255034287580343","5.683815374114847","2.5136274358351933"
Samco Large & Mid Cap Fund,"Large & Mid Cap Fund","Growth","114.8554","-4.2299999999999995","0","0","0","0","-1.5021459227467873","0","-2.444208289054202"
Baroda BNP Paribas Children's Fund,"Solution Oriented - Children's Fund","Growth","114.8163","3.5900000000000003","0","0","0","0","-2.2802653399668302","8.65160163989093","-2.9947722834700876"
Groww Gold ETF FOF,"FoFs - Gold","Growth","114.41258167100001","23.080000000000002","0","0","0","0","2.0007506118543756","64.05852795891818","27.33535700145175"
Arudha Hybrid Long-Short Fund,"Conservative Hybrid Fund","Growth","113.738041294","0.16","0","0","0","0","0.8247217806041354","0","0"
Edelweiss Silver ETF FoF,"FoFs (Domestic) - Silver","Growth","113.0807","41.69","0","0","0","0","7.024847144529728","0","0"
Canara Rob Income Fund,"Medium to Long Duration Fund","Growth","112.7588","-0.37","6.998084682136585","7.244300562889596","5.2486180507271385","5.832697877758797","0.09449402170988186","1.2525618035096697","0.6354334091885673"
Bandhan Nifty200 Momentum 30 Index Fund,"Index Fund","Growth","112.4143","-0.19","0","21.904805566979636","0","15.042808948734576","-4.484043575578332","-0.26931318663533793","-6.424788006900419"
Mahindra Manulife Arbitrage Fund,"Arbitrage Fund","Growth","112.2727","-0.05","0","6.561944356059422","5.687554669295269","6.484328891100355","1.2956278178032745","6.146408839779012","2.9627599646783036"
Nippon India Quant Fund,"Thematic Fund","Growth","111.8917","1.94","15.436760815679818","22.60804501144975","16.090897884194067","17.564186099813494","-5.9034717550153815","1.8174244370123231","-4.7811725229755115"
Mirae Asset CRISIL-IBX Financial Services 9-12 Months Debt Index Fund,"Index Funds - Debt Oriented","Growth","110.9127","0.5599999999999999","0","0","0","0","1.164257581156175","0","2.410824827693787"
Tata Floating Rate Fund,"Floating Rate Fund","Growth","110.7799426909","0.36","0","7.875884484882734","0","7.381246794505691","0.7767421216156136","4.965096389441073","2.050294772010516"
Motilal Oswal Services Fund,"Sectoral Fund - Service Industry","Growth","110.4117","6.75","0","0","0","0","3.293783276068485","0","-3.593782647008058"
UTI Nifty Midsmallcap 400 Momentum Quality 100 Index Fund,"Index Fund","Growth","110.2331","1.05","0","0","0","0","7.523988047734827","4.142511751647033","1.9434986494927928"
Taurus Mid Cap Fund,"Mid Cap Fund","Growth","108.9481","-2.8000000000000003","15.457154022208574","19.67333749347924","12.871048055471078","14.375642565978385","0.33365885416667546","0.1299439616665401","-6.114833993298802"
Canara Rob Corp Bond Fund,"Corporate Bond Fund","Growth","108.4921","0.03","6.8869212484631515","7.313909876263734","5.681689798461731","6.537234269299974","0.41791666666666966","3.5351886379062982","1.2009590876070317"
Samco Large Cap Fund,"Large Cap Fund","Growth","107.096","-2.83","0","0","0","0","-2.6315789473684212","-6.0913705583756315","-5.030800821355238"
Samco ELSS Tax Saver Fund,"Equity Linked Savings Scheme (ELSS)","Growth","106.225","-1.11","0","9.462069819219158","0","7.390535687111344","0.23255813953487875","-3.9375928677563232","-4.3639053254437865"
Aditya Birla SL Retirement Fund-40,"Solution Oriented, Retirement Fund - Equity Oriented","Growth","105.6811","1.03","0","15.924990619167817","10.5888269082971","14.222564592230036","-2.562417871222073","2.6145406019868527","-3.1532792238081835"
ICICI Pru Diversified Debt Strategy Active FOF,"FoFs (Domestic) - Debt Oriented","Growth","105.3040649781","0.43","7.386692972460218","8.028770087081835","6.284029908410127","7.031490122974682","0.29807523245110856","3.7181225855305073","1.1897532216831088"
Bank of India Credit Risk Fund,"Credit Risk Fund","Growth","104.6893","4.54","2.6186144450385473","7.0484517754826","27.89164388607559","9.883421819971172","6.731799697579161","17.0572465926564","13.362959497914478"
ICICI Pru Nifty Pharma Index Fund,"Index Fund","Growth","104.6671975221","-0.67","0","24.697565627368334","0","26.791567827560847","10.483945218091836","15.99956499936562","9.45227969763651"
Kotak International REIT Overseas Equity Omni FOF,"FoFs (Overseas)","Growth","104.4781","9.25","0","7.534160513752238","4.78546363347383","9.693406781212556","1.0494923651060086","21.177240793035057","7.403045052223173"
Qsif Hybrid Long-Short Fund,"Balanced Hybrid Fund","Growth","104.32719999999999","3.35","0","0","0","0","5.672991342341615","0","3.4209354120267363"
DSP Global Clean Energy Overseas Equity Omni FoF,"FoFs (Overseas)","Growth","104.2515","21.86","10.225384573982899","15.444953579499494","14.49956847580307","19.091128491694565","11.389411335373211","66.35590422437781","33.463107000210215"
LIC MF Nifty Next 50 Index Fund,"Index Fund","Growth","103.3751","0.95","14.30279985102958","22.181220922631756","13.96267245948084","19.99652751491441","0.04644501387169362","5.659096461829124","-0.05751080532769195"
WOC Consumption Opportunities Fund,"Sectoral Fund - Consumption","Growth","103.2747","3.49","0","0","0","0","-1.5213815789473653","0","0"
ITI Business Cycle Fund,"Thematic Fund","Growth","103.1619","6.67","0","0","0","0","0","0","0"
Tata Nifty India Digital ETF FoF,"FoFs (Domestic) - Equity Oriented","Growth","102.6082818101","0.38","0","19.407641460913077","0","13.637296813730092","-5.725799309184308","-7.561042682838566","-17.253039833643196"
Edelweiss CRISIL IBX AAA Financial Services Bond - Jan 2028 Index Fund,"Index Funds - Debt Oriented","Growth","102.4358","0.7100000000000001","0","0","0","0","0.6262479578870853","5.590476190476188","1.7996510880543544"
TRUSTMF Short Duration Fund,"Short Duration Fund","Growth","102.2949","0.16","0","7.686627573871397","0","6.858774547371138","0.3040170391665898","4.223987956981269","1.3204247669753215"
Axis FTP-113-1228D,"Fixed Maturity Plans","Growth","101.5248","0.7799999999999999","0","7.812892828093948","0","7.238862559551751","1.6257134760960288","6.534322379141769","3.116759358903798"
Navi Aggressive Hybrid Fund,"Aggressive Hybrid Fund","Growth","100.905965","2.41","0","15.59414095110302","12.598983330165602","13.26539979018666","-0.5292333437924905","5.833388974204897","-1.559252420029313"
ICICI Pru Nifty50 Value 20 Index Fund,"Index Fund","Growth","99.1746390991","0.42","0","0","0","0","-8.010905557155196","-5.412507054763461","-8.220666128018667"
SBI Nifty200 Momentum 30 Index Fund,"Index Fund","Growth","98.0689","-0.02","0","0","0","0","-4.49897750511248","0","-6.393609323972859"
Bandhan Conservative Hybrid Fund,"Conservative Hybrid Fund","Growth","97.59110000000001","-0.13","7.348431040331849","8.890962812139097","6.264956339406491","7.238110100419837","-1.497389983090034","0.8956039818257415","-1.1939002105918721"
Axis Income Plus Arbitrage Passive FOF,"FoFs (Domestic) - Hybrid","Growth","97.4557","0.63","0","0","0","0","1.1594259955512765","0","2.56973204929894"
Edelweiss Nifty Alpha Low Volatility 30 Index Fund,"Index Fund","Growth","97.3406","0.1","0","0","0","0","-6.256192085785885","-2.4569453428201644","-5.001279603126158"
PGIM India Retirement Fund,"Solution Oriented, Retirement Fund - Equity Oriented","Growth","97.1437999999999","2.36","0","0","0","0","1.0058675607711736","1.5164279696714533","-3.522818254603679"
Kotak Nifty Financial Services Ex-Bank Index Fund,"Index Fund","Growth","97.00129999999999","0.7100000000000001","0","0","0","0","-1.5275439018523054","11.010169491525415","-2.192222686816802"
PGIM India Arbitrage Fund,"Arbitrage Fund","Growth","96.5157","-0.06999999999999999","6.105962574748092","7.337387457735788","6.322023419982292","7.197909637092059","1.5237786965242968","6.205332635586144","3.1903014834901926"
Kotak Nifty SDL Jul 2026 Index Fund,"Index Funds - Debt Oriented","Growth","96.4752","0.61","0","7.690018254579944","0","7.070930258038599","1.2941364435213214","5.912029535089615","2.761929460580911"
Invesco India Banking and PSU Fund,"Banking & PSU Fund","Growth","96.2243","0.09","6.6528153908526955","7.722571286649911","5.433547276312045","6.726917070782168","-0.13132794895249889","3.141578773902626","0.8160872359212037"
Groww Short Term Fund,"Short Duration Fund","Growth","95.687902823","0.03","6.64326038692058","7.666735428052593","5.9443170098911535","7.065277971872641","0.5049856562919565","4.4457570429140585","1.4389422416293876"
Tata Nifty Auto Index Fund,"Index Fund","Growth","94.6723483649","0.51","0","0","0","0","-7.03962261164142","10.556983234964646","-6.062641968199131"
Edelweiss CRISIL IBX 50:50 Gilt Plus SDL June 2027 Index Fund,"Index Funds - Debt Oriented","Growth","93.473","0.65","0","7.958069753567705","0","7.2008842996053035","1.026362202522017","5.632235265445393","2.498049015048206"
HSBC Multi Asset Active FOF,"FoFs (Domestic) - Hybrid","Growth","93.3019","7.870000000000001","13.000751758915952","17.913490173367766","14.282062604871593","17.751167833279947","0.7991051141329051","17.712982517254147","6.076153012325945"
PGIM India Gilt Fund,"Gilt - Short & Mid Term Fund","Growth","93.06370000000001","-0.63","6.8860408539948015","7.684061900392341","5.4397690431878365","5.875688233150722","-0.5339900516921992","-1.5639657465862806","-0.46087447194643844"
Kotak Long Duration Fund,"Long Duration Fund","Growth","92.6701","-1.03","0","0","0","0","-0.5115159722921168","-3.835131788430908","-1.0250341374601613"
PGIM India Healthcare Fund,"Sectoral Fund - Pharma & Health Care","Growth","92.43719999999999","6.36","0","0","0","0","10.834990059642145","15.185950413223146","8.886718750000002"
Quantum ESG Best In Class Strategy Fund,"Thematic Fund","Growth","92.31309999999999","-1.05","0","15.23692043558616","9.89682138176895","10.763312810681725","-5.229540918163681","-3.964401294498384","-7.87737679472255"
Union Dynamic Bond Fund,"Dynamic Bond Fund","Growth","92.2634","-1.05","5.692175946854849","6.654829233627588","4.11136217122039","4.651153388093632","-0.919217440640666","-2.8989623418911403","-1.2625944200160175"
Motilal Oswal BSE Low Volatility Index Fund,"Index Fund","Growth","91.9101","0.7100000000000001","0","16.789803453514203","0","12.498872027276597","-5.9082628992485136","-1.7942839675989706","-7.1541689304003055"
Kotak BSE PSU Index Fund,"Index Fund","Growth","91.3666","6.15","0","0","0","0","-5.487443148111543","11.022067363530777","2.3337972379830854"
Bandhan CRISIL IBX 90:10 SDL Plus Gilt - Nov 2026 Index Fund,"Index Funds - Debt Oriented","Growth","91.32979999999999","0.5499999999999999","0","7.97433661279908","0","7.228391581291049","1.2923727142981047","6.021590571456864","2.743341598016476"
ICICI Pru Retirement Fund-Hybrid Cons Plan,"Solution Oriented, Retirement Fund - Debt Oriented","Growth","89.94644586189999","1.8499999999999999","0","12.54136054860317","9.110787541061827","11.579999331611802","-0.6426800263144522","6.443883027746761","0.7114535298251375"
Union Gilt Fund,"Gilt - Short & Mid Term Fund","Growth","89.86489999999999","-0.9400000000000001","0","6.709361646672166","0","4.581300676749844","-1.1004092836311095","-3.9822973755383395","-1.2665660808220889"
Motilal Oswal Nifty MidSmall Financial Services Index Fund,"Index Fund","Growth","89.8511","0.9199999999999999","0","0","0","0","5.868367727635163","29.49845644490179","7.1896247796524735"
DSP Nifty SDL Plus G-Sec Sep 2027 50:50 Index Fund,"Index Funds - Debt Oriented","Growth","89.6503","0.5499999999999999","0","8.13864931323186","0","7.20025085759326","0.8804981557133136","5.341848483342443","2.3656589072410488"
JM Overnight Fund,"Overnight Fund","Growth","89.256053966","-0.04","0","6.344338192404349","5.518548841192339","6.139157463030287","1.197946600267067","5.225168732030939","2.4779852378393707"
Quantum Ethical Fund,"Thematic Fund","Growth","88.351311360024","-0.04","0","0","0","0","-1.344364012409522","-2.053388090349087","-5.263157894736853"
Canara Rob Dynamic Bond Fund,"Dynamic Bond Fund","Growth","87.9409","-1.0999999999999999","6.621926788884225","7.019542806804581","5.180552343219835","5.4442447976332575","-0.25603253695779754","-1.0295587909065742","0.22372121935757094"
ITI Arbitrage Fund,"Arbitrage Fund","Growth","87.5858","0.47000000000000003","0","7.410502084498283","6.0368568355721575","7.546303832613543","1.514185301703365","6.802391459923662","3.335136499693466"
SBI Nifty IT Index Fund,"Index Fund","Growth","86.5202","1.23","0","0","0","0","-8.672005960141547","-20.091477988787965","-20.76892417403668"
Quantum Dynamic Bond Fund,"Dynamic Bond Fund","Growth","86.1376","-0.54","7.2919598647403605","8.153319502597096","6.051733641906254","6.737688052731827","-0.3647602105906198","0.7893194221654717","0.16166761499624405"
Nippon India CRISIL-IBX AAA Financial Services - Jan 2028 Index Fund,"Index Funds - Debt Oriented","Growth","86.1165","0.58","0","0","0","0","0.6288797459217643","5.444833128486345","1.7553943706947768"
Mahindra Manulife Short Duration Fund,"Short Duration Fund","Growth","85.9575","0.22","0","8.156510030588478","6.434988093886296","7.442891103058602","0.6517252615952775","4.874975477990558","1.793534779488227"
Union Short Duration Fund,"Short Duration Fund","Growth","85.86049999999999","0.19","0","0","0","0","0.35678779488417706","4.1290683325620865","1.0846778721970567"
ICICI Pru Global Stable Equity Fund,"FoFs (Overseas)","Growth","85.69722059","6.84","10.326267085896657","12.412941659925883","10.592216700677781","12.905572917306785","2.853814793244021","19.810040705563093","13.825330325491455"
Edelweiss CRISIL-IBX AAA Bond NBFC-HFC-Jun 2027 Index Fund,"Index Funds - Debt Oriented","Growth","85.6948","0.88","0","0","0","0","1.005651595744683","6.178891779598492","2.3027638778468877"
ICICI Pru Nifty 500 Index Fund,"Index Fund","Growth","85.5729760139999","0.5599999999999999","0","0","0","0","-3.5866319032946143","0.3384345183474923","-5.890409691181505"
LIC MF BSE Sensex Index Fund,"Index Fund","Growth","85.12540000000001","-0.91","12.15595531909397","12.842983384447995","9.568912311017153","7.574104072121068","-8.977948097027413","-6.732983169700271","-12.084508908798586"
LIC MF Healthcare Fund,"Sectoral Fund - Pharma & Health Care","Growth","84.5254","5.52","0","23.674127879373977","12.681498303060534","26.783361656937288","11.471167624672889","13.027193146448093","5.2919105874876236"
Mirae Asset Nifty 100 ESG Sector Leaders FoF,"FoFs (Domestic) - Equity Oriented","Growth","84.1648","0.44","0","14.256904362646443","9.415219266268293","10.967206826530361","-6.223739495798313","-3.7725680409593063","-9.397675952707162"
HDFC Nifty Top 20 Equal Weight Index Fund,"Index Fund","Growth","83.9075","0.48","0","0","0","0","-9.607383452097457","-5.75613243548746","-12.17340415953903"
Union Children's Fund,"Solution Oriented - Children's Fund","Growth","83.41860000000001","2.36","0","0","0","0","-3.09358081979892","3.0427631578947305","-4.642313546423145"
Aditya Birla SL US Treasury 1-3 Year Bonds ETFs Passive FOF,"FoFs (Overseas)","Growth","83.35979999999999","3.91","0","0","0","0","6.21092087602711","16.856208973770226","10.029928696787538"
PGIM India Dynamic Bond Fund,"Dynamic Bond Fund","Growth","83.3172","-0.44","7.674317096962313","8.15791409574977","6.015383131165675","6.7424882062533165","-0.13550254337022946","0.7229358075355008","0.2372901506338902"
Quant Gilt Fund,"Gilt - Short & Mid Term Fund","Growth","83.20370000000001","-0.5700000000000001","0","7.037539577031182","0","5.616426831281607","-0.15914469925733077","0.26061942188382536","0.35602661175872313"
JM Short Duration Fund,"Short Duration Fund","Growth","83.072762103","-0.03","0","7.74332853036732","0","6.911571500204539","0.449804483939468","4.30363884910819","1.4354559194751961"
HDFC FMP-Sr 47-1269D-March 2023,"Fixed Maturity Plans","Growth","83.05149999999999","0.63","0","7.853199973538591","0","7.144646768207674","1.4094215532831085","5.98799857610225","2.7762938367591943"
Nippon India CRISIL-IBX AAA Financial Services - Dec 2026 Index Fund,"Index Funds - Debt Oriented","Growth","82.9487","0.79","0","0","0","0","1.5315560391730045","6.364646762104703","2.7747691516898176"
Groww Overnight Fund,"Overnight Fund","Growth","82.71562729499999","-0.03","0","6.415538400410186","5.447025546752249","6.148895862279646","1.231133635258938","5.276340638481659","2.516429448809769"
ICICI Pru Retirement Fund-Pure Debt Plan,"Solution Oriented, Retirement Fund - Debt Oriented","Growth","82.678405289","-0.47000000000000003","0","7.482576577784848","5.839827435517764","6.587002174580792","0.2410199199384219","2.8285894383824","1.1053746359544503"
LIC MF Technology Fund,"Sectoral Fund - Technology","Growth","82.1823","14.879999999999999","0","0","0","0","0","0","0"
Bandhan Long Duration Fund,"Long Duration Fund","Growth","81.7797","-0.61","0","0","0","0","-0.4119195269685614","-2.2472506569226782","-0.08952308610493209"
Invesco India Nifty G-sec Jul 2027 Index Fund,"Index Funds - Debt Oriented","Growth","81.5499","0.64","0","8.058287917814342","0","7.158824667324626","0.9616705536178892","5.507255074366261","2.3357608891490385"
PGIM India Corp Bond Fund,"Corporate Bond Fund","Growth","81.3723","0.13999999999999999","7.093414855751523","7.865509725756693","6.160794624145427","6.8902896353507215","0.03634676825020232","3.5800425829202607","0.7499180914705973"
Groww Silver ETF FOF,"FoFs (Domestic) - Silver","Growth","80.783497497","51.53","0","0","0","0","6.900721848532733","0","70.02991370790689"
Mirae Asset Hang Seng TECH ETF FoF,"FoFs (Overseas)","Growth","80.3728","4.78","0","24.976048374428622","0","20.166523364185007","-3.8146084803466445","4.243186582809211","-7.0996188625663335"
Nippon India FMP-XLIV-1-1743D,"Fixed Maturity Plans","Growth","79.20479999999999","0.62","0","8.201438933886232","0","7.455559342006568","1.0943239629282273","5.78755639188439","2.6691641301802758"
Nippon India BSE Sensex Next 30 Index Fund,"Index Fund","Growth","79.089","6.92","0","0","0","0","1.8786113634448043","0","4.385081128798572"
UTI Nifty500 Shariah Index Fund,"Index Fund","Growth","78.4471","3","0","0","0","0","0","0","0"
Axis Nifty500 Quality 50 Index Fund,"Index Fund","Growth","77.8964","0.72","0","0","0","0","6.389209614779057","0","1.0306709328867818"
Groww Multi Asset Omni FOF,"FoFs (Domestic) - Hybrid","Growth","76.136607774","7.430000000000001","0","0","0","0","0.3903286347482277","0","0"
Motilal Oswal Asset Allocation Passive FoF-Conservative,"FoFs (Domestic) - Hybrid","Growth","76.007","3.51","0","14.942779919543032","11.431517301723403","14.414649732549535","0.07183623600750251","11.740742378212458","3.7185988568078536"
Navi Liquid Fund,"Liquid Fund","Growth","75.931443","-0.08","5.9760581687610115","7.630236388313819","5.897254548243991","6.51146237956215","1.3895584224702537","5.73455533641998","2.792977227597567"
Kotak NIFTY Midcap 50 Index Fund,"Index Fund","Growth","75.3764","0.62","0","0","0","0","3.374999999999991","10.880775577557753","0.6647940074906342"
DSP Nifty IT Index Fund,"Index Fund","Growth","75.2421","0.86","0","0","0","0","-8.657457966805488","0","-20.647845034300126"
Mirae Asset Global Electric & Autonomous Vehicles Equity Passive FOF,"FoFs (Overseas)","Growth","74.8589","26.39","0","13.541802489073556","0","23.278569866548548","23.030501803870127","93.40070117550009","43.13186813186814"
UTI Nifty Alpha Low-Volatility 30 Index Fund,"Index Fund","Growth","74.5712","0.08","0","0","0","0","-6.237912478831185","-2.5038813808337888","-5.084195577196193"
Tata Nifty G-Sec Dec 2026 Index Fund,"Index Funds - Debt Oriented","Growth","73.5591299253","0.59","0","7.7601028239516365","0","7.03974131435503","1.1867297667379426","5.761681969216346","2.6515243828138293"
Samco Mid Cap Fund,"Mid Cap Fund","Growth","73.2964","0.8500000000000001","0","0","0","0","-0.3021148036253712","0","0"
Quantum Multi Asset Active FoF,"FoFs (Domestic) - Hybrid","Growth","73.1057","3.2399999999999998","9.975079217625726","13.658743413620307","10.39267640838608","12.523404624894695","-2.4596216940426854","7.8072029266444165","0.6537192871683818"
Tata Nifty500 Multicap Infrastructure 50:30:20 Index Fund,"Index Fund","Growth","72.81629983709999","0.48","0","0","0","0","0.2004209755651183","4.061169403892951","-2.3796786675939274"
TRUSTMF Arbitrage Fund,"Arbitrage Fund","Growth","72.6718","0.7799999999999999","0","0","0","0","1.3726383543849825","0","3.1281125804956433"
Bajaj Finserv ELSS Tax Saver Fund,"Equity Linked Savings Scheme (ELSS)","Growth","71.231201","3.5000000000000004","0","0","0","0","0.20955208242382703","4.593092135241042","-1.771653543307078"
Baroda BNP Paribas Income Plus Arbitrage Active FoF,"FoFs (Domestic) - Hybrid","Growth","70.66329999999999","0.26","0","0","0","0","0.7636447467004731","0","1.8842085838327216"
HSBC Asia Pacific (Ex Japan) DYF,"FoFs (Overseas)","Growth","70.6613","21.59","14.642717161209662","20.140550480529946","14.12563793281807","26.555895808703077","9.88758476199057","58.437645912422084","27.574212109323906"
Motilal Oswal Special Opportunities Fund,"Thematic Fund","Growth","69.7391","6.83","0","0","0","0","6.349038867359852","0","1.2446579245351967"
360 ONE ELSS Tax Saver Nifty 50 Index Fund,"Equity Linked Savings Scheme (ELSS)","Growth","69.7185915908739","0.5700000000000001","0","14.058859302894371","0","10.01319891395378","-7.349988228940194","-3.1934365979120507","-9.492018398268408"
Mirae Asset Nifty SDL June 2028 Index Fund,"Index Funds - Debt Oriented","Growth","69.0858","0.25","0","8.494757833261481","0","7.261482525299612","0.4268482770197348","4.585941662226961","1.8821564111713067"
Mirae Asset Nifty Metal ETF FOF,"FoFs (Domestic) - Equity Oriented","Growth","69.0639","3.95","0","0","0","0","0","0","0"
DSP US Specific Debt Passive FoF,"FoFs (Overseas)","Growth","68.66","4.58","0","0","0","0","4.199393037199091","17.297152168277595","7.990964882372998"
Zerodha Overnight Fund,"Overnight Fund","Growth","68.5898","0.09","0","0","0","0","1.2121501120595148","5.235705927850391","2.488676858298968"
Groww Banking & Financial Services Fund,"Sectoral Fund - Banks & Financial Services","Growth","68.55847258099999","5.13","0","0","0","0","-0.8492954081270649","9.470989761092149","0.6475885531318771"
Nippon India FMP-XLI-8-3654D,"Fixed Maturity Plans","Growth","68.415","0.01","0","8.567805550785913","6.585004434537867","7.264605182406636","0.07457207767056691","3.7990166686652937","1.301406736418304"
Tata Nifty Financial Services Index Fund,"Index Fund","Growth","68.1624738631","0.5599999999999999","0","0","0","0","-10.278387169982594","-3.048262106398976","-9.316603969783152"
Aditya Birla SL BSE 500 Momentum 50 Index Fund,"Index Fund","Growth","67.97149999999999","4.75","0","0","0","0","-4.061611551698342","0","-2.7630331753554596"
DSP Nifty Private Bank Index Fund,"Index Fund","Growth","67.9012","0.49","0","0","0","0","-10.093728683672014","-4.850985704609459","-9.184402592762728"
ICICI Pru FMP-88-1303D-S,"Fixed Maturity Plans","Growth","67.80041501310001","0.62","0","7.961538026026276","0","7.25650397899873","1.3018596848889594","6.055106002167933","2.789360523829685"
UTI Long Duration Fund,"Long Duration Fund","Growth","67.5586","-1.06","0","6.984676711867051","0","4.959612819732895","-0.5950065790018074","-3.477757778349192","-0.14630577907827225"
Bandhan Nifty Smallcap 250 Index Fund,"Index Fund","Growth","67.4508","0.63","0","0","0","0","4.413454642854054","2.0598618313261152","-1.5896153814832594"
Axis CRISIL IBX 50:50 Gilt Plus SDL June 2028 Index Fund,"Index Funds - Debt Oriented","Growth","67.3398","0.13999999999999999","0","8.43579573962054","0","7.1382820698503435","0.3802401850502237","4.596031300557987","1.8543674493002964"
Navi Nifty India Manufacturing Index Fund,"Index Fund","Growth","67.24137999999999","0.29","0","25.246444191864164","0","23.436515135421153","0.6820965493939124","12.456363807906389","2.5218125225113694"
Axis Nifty SDL Sep 2026 Debt Index Fund,"Index Funds - Debt Oriented","Growth","65.7911","0.53","0","7.907790141200416","0","7.177549935904293","1.3000055353033644","6.008573036311268","2.7593951790799296"
Union Income Plus Arbitrage Active FOF,"FoFs (Domestic) - Hybrid","Growth","65.4944","-0.1","0","0","0","0","0.2843963175074733","0","1.1314246291824834"
Sundaram Income Plus Arbitrage Active FoF,"FoFs (Domestic) - Hybrid","Growth","65.270828","0.5599999999999999","0","0","0","0","0.9844981242928855","0","0"
Kotak Multi Asset Active FOF,"FoFs (Domestic) - Hybrid","Growth","64.8783","7.35","0","0","0","0","0","0","0"
UTI CRISIL SDL Maturity June 2027 Index Fund,"Index Funds - Debt Oriented","Growth","64.7696","0.59","0","8.143838522677235","0","7.336712047205252","1.1218482727979489","5.849036233629259","2.7224810200035434"
TRUSTMF FMP-SR-II,"Fixed Maturity Plans","Growth","64.4462","1.09","0","8.886352826353235","0","8.438209100779059","1.786302889033775","7.2379566351736075","3.3932530178483202"
Taurus ELSS Tax Saver Fund,"Equity Linked Savings Scheme (ELSS)","Growth","64.375","0.3","13.869121026468289","18.40197794267013","12.649383197522312","13.454007687059466","-1.9921134838941028","-3.1281635958696126","-7.990384615384618"
Bank of India Conservative Hybrid Fund,"Conservative Hybrid Fund","Growth","64.37","0.5700000000000001","7.866558448261118","8.53104629712921","10.644579760212736","7.626391262057908","0.239415558533763","3.5361015019727944","0.422354788742214"
UTI FTIF-XXXVI-I(1574D),"Fixed Maturity Plans","Growth","63.5586","0.6799999999999999","0","8.356597221520682","0","7.459938728988003","1.1252546628973932","5.765514279579129","2.6409015132085103"
Sundaram LT Micro Cap Tax Adv Fund-Sr III,"Equity Linked Savings Scheme (ELSS)","Growth","63.44403348791","2.54","0","21.28118464486741","20.108636752685527","17.23089518008043","6.838803307684159","8.815776507686243","1.4582884706490356"
Bank of India Midcap Tax Fund-Sr 1,"Equity Linked Savings Scheme (ELSS)","Growth","63.2284","5.41","0","19.968702401327473","15.40343300041782","18.182738999492187","6.751824817518254","10.544217687074825","-0.23874488403820016"
Aditya Birla SL BSE 500 Quality 50 Index Fund,"Index Fund","Growth","62.4502","6.41","0","0","0","0","5.194956353055273","0","2.5307480690874335"
PGIM India Equity Savings Fund,"Equity Savings","Growth","62.27439999999999","0.01","7.858283678777678","7.989141963346248","7.012321971100066","6.800136450481609","-1.0505497569220674","2.9539422156470296","-0.5225595784487612"
Motilal Oswal BSE Quality Index Fund,"Index Fund","Growth","61.1655","3.61","0","20.72290238479148","0","17.501677286691276","3.3522960530174193","5.309517691420494","1.1427095589290202"
Mirae Asset Nifty 50 Index Fund,"Index Fund","Growth","61.0661","0.5700000000000001","0","0","0","0","-7.462756930039593","-3.2491793259135777","-9.557949445708955"
PGIM India Global Select Real Estate Securities FoF,"FoFs (Overseas)","Growth","60.54600000000001","9.42","0","11.036711383106818","0","16.541650027563826","5.882352941176467","29.044117647058805","22.29965156794424"
Groww Value Fund,"Value Fund","Growth","59.58656561","0.66","12.362375747538955","19.666774564404644","14.472999574709577","16.30129277135355","-2.5557689466686395","1.2834457254731326","-4.582112762648725"
Kotak Nifty 50 Equal Weight Index Fund,"Index Fund","Growth","59.1126","0.33","0","0","0","0","-3.215292459478508","5.098526879663281","-2.9502694108294287"
ICICI Pru BSE 500 ETF FOF,"FoFs (Domestic) - Equity Oriented","Growth","58.900706936","1.67","0","16.869327196680295","0","13.617701332256571","-4.026373462170638","-0.13151757022909097","-6.0674198383971305"
DSP Nifty Bank Index Fund,"Index Fund","Growth","58.59479999999999","0.84","0","0","0","0","-12.370107895051158","-1.893486904273707","-9.749956945685945"
Angel One Nifty Total Market Index Fund,"Index Fund","Growth","58.0232009759999","0.72","0","0","0","0","-3.115127594880966","0.6334069375654228","-5.583710257849391"
Kotak Quality Overseas Equity Omni FOF,"FoFs (Overseas)","Growth","58.0155","24.3","0","0","0","0","0","0","0"
UTI Nifty Midcap 150 Index Fund,"Index Fund","Growth","57.679899999999996","0.6799999999999999","0","0","0","0","2.366002625720641","8.763683779603957","0.17502536936868737"
Tata BSE Quality Index Fund,"Index Fund","Growth","57.2175149808","1.59","0","0","0","0","3.2663926686032307","5.10201279622154","1.0240979755589033"
Baroda BNP Paribas Nifty 50 Index Fund,"Index Fund","Growth","57.126400000000004","0.52","0","0","0","0","-7.463780793615083","-3.37106020931021","-9.600390656791737"
Quantum Multi Asset Allocation Fund,"Multi Asset Allocation Fund","Growth","56.8755","0","0","0","0","0","-3.782505910165474","5.258620689655183","-1.2934518997574647"
SBI Nifty100 Low Volatility 30 Index Fund,"Index Fund","Growth","56.2622","-0.19","0","0","0","0","-5.30548932869905","0","-6.982562404770414"
Quant Overnight Fund,"Overnight Fund","Growth","55.9234","-0.05","0","6.720394055055901","0","6.371076888220495","1.186354877690314","5.195742224636696","2.446061006861202"
Motilal Oswal 5 Year G-Sec FoF,"FoFs (Domestic) - Debt Oriented","Growth","55.5809","0.37","0","7.7712109926524064","0","6.47039123552231","-0.30483087302324563","2.6062029700999263","1.1483967188665183"
Groww Nifty India Railways PSU Index Fund,"Index Fund","Growth","55.178022216","1.5599999999999998","0","0","0","0","-6.880185897646694","-17.98980616263804","-9.277689974798175"
ITI Liquid Fund,"Liquid Fund","Growth","54.643699999999995","0.15","0","6.827897009472746","5.921927977040831","6.766622394155974","1.5564526182896585","6.178635928183983","3.0409685947821874"
DSP FMP 264-60M & 17D,"Fixed Maturity Plans","Growth","54.1391","0.62","0","7.780239733188772","0","7.255007200905017","1.2955651807275135","6.053309575979381","2.78559982575416"
JM Dynamic Bond Fund,"Dynamic Bond Fund","Growth","53.15322482","-0.43","6.712177439212996","7.631700088490812","5.876183120003464","6.411501472538683","-0.0008793527963398429","1.6003627339958222","0.36782146868221666"
Motilal Oswal BSE 1000 Index Fund,"Index Fund","Growth","52.3375","2.1399999999999997","0","0","0","0","-3.2930341961269063","0","-5.82817322437254"
Axis BSE Sensex Index Fund,"Index Fund","Growth","52.2393","-1.22","0","0","0","0","-8.832305550029828","-6.105306289694731","-11.822623011159253"
Mahindra Manulife Dynamic Bond Fund,"Dynamic Bond Fund","Growth","52.231","0.03","0","8.106595977179026","5.73161485630298","7.003319264326624","0.6447498042385517","2.7218118772316533","1.1352387237606842"
Shriram Balanced Advantage Fund,"Dynamic Asset Allocation Fund","Growth","51.8082","0.13","0","11.138130042796181","8.185788171770225","8.701987249577625","-3.8214438185282664","-0.7521463032009038","-5.184873432014605"
Taurus Large Cap Fund,"Large Cap Fund","Growth","51.2041","1.8599999999999999","10.90591574502282","16.53386233021045","11.414134339020588","13.541494909753027","-3.723091401011653","0.9435125801677363","-5.941504338332474"
SBI FMP-1-3668D,"Fixed Maturity Plans","Growth","51.069300000000005","-0.2","0","8.113069239302979","6.686814017810394","7.33921928107335","0.2620223731244925","4.098754459084527","1.5656219421446382"
Mirae Asset Nifty Total Market Index Fund,"Index Fund","Growth","50.218","0.7100000000000001","0","0","0","0","-3.139570729451649","0.6385938923198626","-5.612819646276888"
Groww Aggressive Hybrid Fund,"Aggressive Hybrid Fund","Growth","50.116632599000006","0.05","0","14.204018632048045","10.649964485851026","10.968976191305991","-4.744172002969037","0.3640798147788118","-5.114623713407296"
Groww ELSS Tax Saver Fund,"Equity Linked Savings Scheme (ELSS)","Growth","49.772397492","-0.48","0","17.174149570805717","11.774395353183698","12.31106834675555","-5.890168290522579","-1.7568192325473833","-7.928942807625643"
Shriram Aggressive Hybrid Fund,"Aggressive Hybrid Fund","Growth","48.9431","1.03","10.934069425150096","14.144144139695747","10.371442604337556","12.066882310048443","-2.5150639033748488","3.1542530378842057","-3.782742968695824"
WOC ESG Best-In-Class Strategy Fund,"Thematic Fund","Growth","48.8428","-1.1199999999999999","0","0","0","0","-4.275236440841533","-3.474114441416887","-9.990925589836653"
Tata Nifty Realty Index Fund,"Index Fund","Growth","48.3467445642","0.75","0","0","0","0","-6.707005991576197","-17.02772003503256","-17.17105748264565"
DSP 10Y G-Sec Fund,"Gilt - Long Term Fund","Growth","48.3321","0.01","6.5810707559665005","8.014085279864464","4.429347102545922","5.859612669298175","-0.8086693592884389","-0.18079246624023218","-0.7889624724061775"
Helios Arbitrage Fund,"Arbitrage Fund","Growth","48.237700000000004","0.84","0","0","0","0","0","0","0"
HDFC NIFTY SDL Plus G-Sec Jun 2027 40:60 Index Fund,"Index Funds - Debt Oriented","Growth","48.0414","0.58","0","8.067967647535085","0","7.200256523456172","1.009223742089058","5.622172516439343","2.482764247542117"
HSBC Medium to Long Duration Fund Fund,"Medium to Long Duration Fund","Growth","47.9283","-0.59","6.264163864533545","7.513205356044731","5.114038056468595","5.9950946363171775","-0.42282192313888584","0.42134268431368826","-0.18078100750808515"
Axis Retirement Fund-Conservative Plan,"Solution Oriented, Retirement Fund - Debt Oriented","Growth","47.590201","-1.16","0","11.407392567979855","7.444034095424046","8.996957678745776","-3.214872868950285","-1.4583309448196025","-3.6245493841349554"
Invesco India Nifty G-sec Sep 2032 Index Fund,"Index Funds - Debt Oriented","Growth","47.52439999999999","0.1","0","8.86379629087203","0","6.993715578215487","-0.31897599169966095","1.740452046299866","0.6278219114816802"
Nippon India Nifty 500 Quality 50 Index Fund,"Index Fund","Growth","47.309799999999996","1.01","0","0","0","0","6.2077175459481335","3.2935484478246946","0.6161463347545015"
Unifi Liquid Fund,"Liquid Fund","Growth","46.692762836","-0.15","0","0","0","0","1.5590620046910015","0","3.015008615173037"
LIC MF Conservative Hybrid Fund,"Conservative Hybrid Fund","Growth","46.5941","-0.22","7.090703820931621","7.820210368818831","6.2125481282627515","6.393266417430765","-1.7194065090821207","1.2558657933029373","-1.4281685471388101"
Quant Equity Savings Fund,"Equity Savings","Growth","46.3698368","1.55","0","0","0","0","0.9020380817368865","0","1.72879630354766"
Franklin India Medium to Long Duration Fund,"Medium to Long Duration Fund","Growth","46.368975811","0.01","0","0","0","0","-0.13300295157234746","2.330834787965917","0.5281980742778613"
Mirae Asset Corp Bond Fund,"Corporate Bond Fund","Growth","46.325500000000005","0.03","0","7.694015683241587","5.802148140207031","6.698888320723895","0.014115794087704582","3.354292865313891","0.8487717905114402"
DSP FMP 267-1172D,"Fixed Maturity Plans","Growth","46.316","0.29","0","7.506831500397106","0","6.708713606289329","0.6033074886235732","5.096691374384027","2.0039226403871186"
Mirae Asset BSE India Defence ETF FOF,"FoFs (Domestic) - Equity Oriented","Growth","46.0418","37.45","0","0","0","0","0","0","0"
Nippon India Nifty Realty Index Fund,"Index Fund","Growth","45.5713","0.7100000000000001","0","0","0","0","-6.61783079290345","-16.96778342980764","-17.002723521642054"
The Wealth Company Balanced Advantage Fund,"Balanced Advantage Fund","Growth","45.024322173","7.779999999999999","0","0","0","0","-0.6224004009020212","0","0"
Bank of India Arbitrage Fund,"Arbitrage Fund","Growth","44.9063","0.09","0","6.963615076603849","5.680467294673508","6.935860997040155","1.3900032092426216","6.161180572084627","3.0238593440039137"
HSBC Aggressive Hybrid Active FOF,"FoFs (Domestic) - Hybrid","Growth","44.684799999999996","1.9900000000000002","12.729681478391797","16.98621442426434","12.762251522708045","14.389711444691923","0.0622734454875023","5.195170033295794","-0.5429824541143927"
LIC MF Gilt Fund,"Gilt - Short & Mid Term Fund","Growth","44.5963","-0.8099999999999999","6.762854290744147","6.717129283645742","4.477614434660104","4.751924514851891","-0.8152670302697166","-3.2739422935859435","-0.7281012673786363"
Tata BSE Multicap Consumption 50:30:20 Index Fund,"Index Fund","Growth","44.2944304886","4.66","0","0","0","0","-4.214865734875712","0","0"
Zerodha Nifty 50 Index Fund,"Index Fund","Growth","44.281000000000006","0.86","0","0","0","0","-7.471100398445581","0","-9.636725242839713"
Kotak Nifty Smallcap 250 Index Fund,"Index Fund","Growth","43.6271","1.13","0","0","0","0","4.487550665894614","2.054859081911584","-1.5369225172790149"
Bank of India Overnight Fund,"Overnight Fund","Growth","42.82020000000001","0.08","0","6.503068791463586","5.705489241026029","6.377418635136922","1.4330270378520453","5.631821175014305","2.763922566402174"
Edelweiss Nifty LargeMidcap250 Plus 8-13 yr G-Sec 70:30 Index Fund,"Equity Savings","Growth","42.458","16.21","0","0","0","0","0","0","0"
Mahindra Manulife Asia Pacific REITs FOF,"FoFs (Overseas)","Growth","42.2142","10.18","0","6.233425961938114","0","8.811400138074355","1.2503001253857093","28.15609382738283","9.769006806393762"
Shriram ELSS Tax Saver Fund,"Equity Linked Savings Scheme (ELSS)","Growth","42.1304","0.42","0","14.603772926604012","10.514923653818942","10.439126004941478","-4.521912434003114","0.49047258112848335","-7.369810707612315"
Groww Nifty Non-Cyclical Consumer Index Fund,"Index Fund","Growth","41.988781755","0.74","0","0","0","0","-3.7468023311727006","-6.390819218286749","-10.868287469943892"
Bandhan Nifty Total Market Index Fund,"Index Fund","Growth","41.9645","0.11","0","0","0","0","-3.1709036781699274","0.4735194894931487","-5.692158022242145"
Mirae Asset Banking and PSU Fund,"Banking & PSU Fund","Growth","41.66310000000001","-0.21","0","7.57846474887536","5.711319101238543","6.577339366160095","0.013161069556247908","3.034891078369331","0.8069865133760691"
Aditya Birla SL Aggressive Hybrid Omni FOF,"FoFs (Domestic) - Hybrid","Growth","40.999300000000005","0.65","11.003962192761874","15.206329583118702","11.034148101430352","12.569089956210933","-2.525742732288524","1.947744325282774","-3.730702619565473"
PGIM India Overnight Fund,"Overnight Fund","Growth","40.8329","-0.06999999999999999","0","6.39302894588172","5.560607214094038","6.192655010651227","1.1964628995529205","5.260295762800098","2.504309374960825"
Nippon India Nifty Auto Index Fund,"Index Fund","Growth","40.8163","0.59","0","0","0","0","-6.870274102079393","10.783733046891482","-5.897451202769648"
Groww Arbitrage Fund,"Arbitrage Fund","Growth","40.7688815","0.19","0","0","0","0","0","0","0"
Aditya Birla SL Nifty SDL Sep 2027 Index Fund,"Index Funds - Debt Oriented","Growth","40.2703","0.5599999999999999","0","8.238272557603407","0","7.256995954928103","0.9024324367264575","5.394259730992309","2.44791624658219"
SBI FMP-54-1842D,"Fixed Maturity Plans","Growth","40.1301","-0.06999999999999999","0","7.421599483386895","0","7.261495239814386","1.314583638169903","6.021630159727926","2.7299276912745296"
Arudha Equity Long-Short Fund,"Large Cap Fund","Growth","39.302972603","-4.760000000000001","0","0","0","0","0","0","0"
Axis US Specific Treasury Dynamic Debt Passive FoF,"FoFs (Overseas)","Growth","39.064699999999995","4.34","0","0","0","0","3.769736345093296","17.14583530749548","7.44213938693388"
The Wealth Company Small Cap Fund,"Small Cap Fund","Growth","38.804932976","4.62","0","0","0","0","0","0","0"
Bajaj Finserv Nifty 50 Index Fund,"Index Fund","Growth","38.150898000000005","0.4","0","0","0","0","-7.11317290035758","-3.622069352800788","-9.728744787166097"
Mirae Asset Nifty LargeMidcap 250 Index Fund,"Index Fund","Growth","37.992","0.64","0","0","0","0","-1.9157672118966218","3.4482758620689604","-3.937301735398401"
ITI Banking & PSU Debt Fund,"Banking & PSU Fund","Growth","37.736999999999995","0.22999999999999998","0","7.604530622625129","6.271524470775769","7.0136660658092875","0.6757293902536015","4.524513408466766","1.6542977444048033"
The Wealth Company Ethical Fund,"Thematic Fund","Growth","37.574340283","-0.69","0","0","0","0","-0.7089405277668237","0","-3.817269076305224"
ICICI Pru LT Wealth Enhancement Fund,"Equity Linked Savings Scheme (ELSS)","Growth","37.5215653511","-0.49","0","20.976994985936305","15.658602524137333","15.485160736805392","-6.21097601051594","-1.5182884748102183","-9.996846420687485"
Groww Dynamic Term Fund,"Dynamic Bond Fund","Growth","37.519849368","-0.86","0","6.525372634781848","5.029400912490334","5.423413073725447","0.17755624731967218","0.015570588284788122","0.5497943020844723"
Motilal Oswal Developed Market Ex US ETFs Overseas Equity Passive FOF,"FoFs (Overseas)","Growth","37.333836575999996","11.34","0","0","0","0","5.754363409916591","38.5781113684907","26.804074048585765"
Axis CRISIL-IBX AAA Bond NBFC-HFC - Jun 2027 Index Fund,"Index Funds - Debt Oriented","Growth","37.234","0.65","0","0","0","0","1.005984741194216","6.055605656503634","2.27312677515752"
Kotak Nifty Top 10 Equal Weight Index Fund,"Index Fund","Growth","37.1069","0.54","0","0","0","0","-9.692600380494643","-10.870639391244191","-14.373872590904769"
SBI FMP-6-3668D,"Fixed Maturity Plans","Growth","36.8951","-0.22","0","8.019430776572344","6.526507724206154","7.2521506646153755","0.25030172951953844","3.9735099337748183","1.482961589850366"
ICICI Pru Nifty EV & New Age Automotive ETF FOF,"FoFs (Domestic) - Equity Oriented","Growth","36.8575285623","0.7000000000000001","0","0","0","0","-2.599127300322513","2.8342513770656077","-4.940328906394652"
Kotak Multi Factor Passive FOF,"FoFs (Domestic) - Equity Oriented","Growth","36.7568","11.53","0","0","0","0","0","0","0"
Baroda BNP Paribas Aqua FoF,"FoFs (Overseas)","Growth","36.7141","5.52","0","12.97599984713021","10.290624207210364","14.167062155276788","-0.9989119543635634","18.69638277173432","16.222613514995807"
Sundaram LT Micro Cap Tax Adv Fund-Sr VI,"Equity Linked Savings Scheme (ELSS)","Growth","36.597471","2.41","0","21.654774869506408","20.801690108771666","17.53135126998908","6.86492413466098","8.460378748858012","1.2313360821124761"
Axis Multi Factor Passive FoF,"FoFs (Domestic) - Equity Oriented","Growth","36.5877","1.59","0","15.607141036783844","0","12.845940060066209","-2.9755028381239015","4.84918010661987","-2.462664549055553"
Motilal Oswal Nifty MidSmall IT and Telecom Index Fund,"Index Fund","Growth","36.5179","0.9900000000000001","0","0","0","0","2.736682132700879","-5.2496336724075565","-10.38603679601509"
UTI Medium Duration Fund,"Medium Duration Fund","Growth","36.2809","0.16","6.206188285519176","7.640453813183998","6.498104356460277","6.636918614954546","0.17620883717017666","3.271285552459978","1.135335828540303"
Aditya Birla SL BSE India Infrastructure Index Fund,"Index Fund","Growth","36.1803","1.6","0","0","0","0","2.0693690818172303","2.809897870607525","2.5636913734671913"
Kotak Nifty 100 Equal Weight Index Fund,"Index Fund","Growth","35.6489","0.65","0","0","0","0","-1.2434374136501778","5.614657210401894","-1.434087148372868"
Axis CRISIL IBX 50:50 Gilt Plus SDL Sep 2027 Index Fund,"Index Funds - Debt Oriented","Growth","35.5824","0.41000000000000003","0","8.226282033694343","0","7.183826874498789","0.9087367525580587","5.398560051818206","2.367183656351068"
Groww Money Market Fund,"Money Market Fund","Growth","35.560720937","0.32","0","0","0","0","1.1017517557010872","0","2.449775112443768"
Quantum Nifty 50 ETF FoF,"FoFs (Domestic) - Equity Oriented","Growth","34.986826961687505","0.42","0","13.884905164661491","0","10.09442571143444","-7.34259497810104","-3.20684015485581","-9.510722303940554"
Motilal Oswal Diversified Equity Flexicap Passive FoF,"FoFs (Domestic) - Equity Oriented","Growth","34.9454","10.6","0","0","0","0","0.3556801034705821","0","0"
HDFC FMP-Sr 46-1876D-Mar 2022,"Fixed Maturity Plans","Growth","34.8831","0.6799999999999999","0","8.06213422526817","0","7.39048610745765","1.175013545940086","5.91791256432073","2.7408996942328776"
Groww Gilt Fund,"Gilt - Short & Mid Term Fund","Growth","34.790176798000005","-1.2","0","0","0","0","-0.6839005566162611","-2.5832086483487076","-0.5492782504020917"
Axis BSE India Sector Leaders Index Fund,"Index Fund","Growth","34.3244","4.89","0","0","0","0","-4.483135843616783","0","0"
Aditya Birla SL CRISIL IBX Gilt April 2033 Index Fund,"Index Funds - Debt Oriented","Growth","34.2472","0.3","0","0","0","0","0.1609735952736121","2.08387019189472","0.9470903515701271"
Bajaj Finserv Equity Savings Fund,"Equity Savings","Growth","34.2361","1.17","0","0","0","0","1.576949284532277","0","2.8382773233468046"
LIC MF Equity Savings Fund,"Equity Savings","Growth","33.9138","0.35000000000000003","8.021795571684475","10.862420265821944","8.556290023323744","10.382676367784317","1.5079672791757475","3.818513354070582","-0.28565006462248443"
Sundaram LT Tax Adv Fund-Sr III,"Equity Linked Savings Scheme (ELSS)","Growth","33.899191","5.1","0","22.04786908256295","21.469514812903867","18.303739825009657","6.250538899024982","11.505802126843248","2.5427142034504207"
JioBlackRock Large Cap Fund,"Large Cap Fund","Growth","33.798955971","-4.09","0","0","0","0","0","0","0"
Angel One Nifty Total Market Momentum Quality 50 Index Fund,"Index Fund","Growth","33.623219412","2.25","0","0","0","0","4.906753204074928","0","0"
Sundaram Medium Duration Fund,"Medium Duration Fund","Growth","33.55653182934","-0.11","6.121201730159376","6.722875662926145","4.76253626094687","5.643558445647945","-0.0764855581359833","2.416471762045761","0.6180469715698417"
Kotak Nifty India Tourism Index Fund,"Index Fund","Growth","33.1841","1.55","0","0","0","0","-9.177620100034893","-19.983603197376507","-19.037743674823727"
Samco Arbitrage Fund,"Arbitrage Fund","Growth","33.0039","0.26","0","0","0","0","1.2183692596063804","5.365853658536592","2.564102564102577"
Nippon India Nifty 500 Low Volatility 50 Index Fund,"Index Fund","Growth","32.9023","-0.01","0","0","0","0","-4.045377484399243","3.991321514434809","-3.74243507051555"
UTI Nifty SDL Plus AAA PSU Bond Apr 2028 75:25 Index Fund,"Index Funds - Debt Oriented","Growth","32.869099999999996","0.25","0","8.334222356818307","0","7.121059369991123","0.39677501269680604","4.576827383264872","1.7860590847653948"
Nippon India Nifty India Manufacturing Index Fund,"Index Fund","Growth","32.6653","0.69","0","0","0","0","0.6555626145162855","0","2.51406601650413"
Bandhan Nifty 500 Momentum 50 Index Fund,"Index Fund","Growth","32.5765","-0.19","0","0","0","0","0.2594240331334572","1.5957385479240496","-4.192625936436487"
Bandhan Nifty 500 Value 50 Index Fund,"Index Fund","Growth","32.4092","-0.06","0","0","0","0","-0.7633457280847948","19.983050321940514","9.225022815584213"
Kotak Nifty200 Value 30 Index Fund,"Index Fund","Growth","32.1907","2.7","0","0","0","0","-3.3372479937365367","0","0"
Bajaj Finserv Gilt Fund,"Gilt - Short & Mid Term Fund","Growth","32.0521","-0.67","0","0","0","0","0.5311391795982153","-1.231378728355345","0.7335903091559207"
Angel One Gold ETF FOF,"FoFs - Gold","Growth","31.772509694","24.88","0","0","0","0","2.384294738651505","0","28.417941554299873"
Navi Nifty Smallcap250 Momentum Quality 100 Index Fund,"Index Fund","Growth","31.292680999999998","1.09","0","0","0","0","6.63246541366856","0.2695800227014774","-1.066575670875223"
Aditya Birla SL CRISIL-IBX AAA Financial Services Index-Sep 2027 Fund,"Index Funds - Debt Oriented","Growth","31.2137","0.74","0","0","0","0","0.9042181732434891","5.889407061958696","2.093102214228686"
Kotak Nifty Alpha 50 Index Fund,"Index Fund","Growth","30.913400000000003","1.1400000000000001","0","0","0","0","1.9159019864878442","0","-0.5803659256344782"
Edelweiss BSE Internet Economy Index Fund,"Index Fund","Growth","30.735300000000002","5.970000000000001","0","0","0","0","3.077057606171613","8.561955732018056","-7.047856028878331"
Kotak Nifty Midcap 150 Index Fund,"Index Fund","Growth","30.7211","0.65","0","0","0","0","2.3262008345911434","8.705904546312018","0.15642652298601445"
Motilal Oswal Nifty MidSmall Healthcare Index Fund,"Index Fund","Growth","30.593400000000003","0","0","0","0","0","14.401219109739294","18.11576774296996","10.741231408142367"
Sundaram LT Micro Cap Tax Adv Fund-Sr V,"Equity Linked Savings Scheme (ELSS)","Growth","30.563646","2.81","0","21.39279143904861","19.962182666477403","18.15755482996866","6.8868793136674125","9.602555704776572","1.9122670913124589"
Sundaram LT Micro Cap Tax Adv Fund-Sr IV,"Equity Linked Savings Scheme (ELSS)","Growth","30.39799456659","2.56","0","21.50682515149293","20.260176926274287","17.37289764575596","6.453940763052215","8.869699767900372","1.1484163315600906"
Bandhan Nifty Midcap 150 Index Fund,"Index Fund","Growth","30.3209","0.33","0","0","0","0","2.29490133226484","8.920933903601856","0.17165950601298796"
ITI Dynamic Bond Fund,"Dynamic Bond Fund","Growth","30.2125","-0.7100000000000001","0","7.531234075760416","0","6.568667473327228","0.2885655885535599","1.1382754596298703","1.2234248310490423"
Bandhan Nifty Next 50 Index Fund,"Index Fund","Growth","30.0817","0.5599999999999999","0","0","0","0","0.09502900022939172","5.570388034941291","-0.01800238940803582"
Baroda BNP Paribas NIFTY SDL Dec 2028 Index Fund,"Index Funds - Debt Oriented","Growth","29.8414","-0.29","0","8.550485762033757","0","7.034058951242694","-0.1807157294019748","3.7423595894360506","1.3112696791009377"
JM Medium to Long Duration Fund,"Medium to Long Duration Fund","Growth","29.813173238999997","-0.18","4.813628256937363","7.706812250212423","5.356983745572852","6.241250094779671","-0.3430616452564954","1.4148342179637299","0.3665388020903545"
JioBlackRock Nifty 8-13 yr G-Sec Index Fund,"Index Funds - Debt Oriented","Growth","29.556077924","-0.38999999999999996","0","0","0","0","-0.7139214686384582","0","-0.2463199795061812"
SBI FMP-59-1618D,"Fixed Maturity Plans","Growth","29.474800000000002","-0.16999999999999998","0","7.019474706828754","0","6.837534401971879","1.2921717883657624","5.712160715307349","2.6588989777128775"
SBI FMP-34-3682D,"Fixed Maturity Plans","Growth","29.149299999999997","-0.3","0","8.095573428514568","6.398413133488012","7.172925363700133","0.04405832220402495","3.336319808865571","1.21957165244646"
Bandhan Nifty IT Index Fund,"Index Fund","Growth","28.947","1.22","0","0","0","0","-8.725482059368682","-20.173719484164433","-20.855422553793748"
Capitalmind Multi Asset Allocation Fund,"Multi Asset Allocation Fund","Growth","28.625100000000003","4.5","0","0","0","0","0","0","0"
Angel One Nifty 50 Index Fund,"Index Fund","Growth","28.603663551999997","0.51","0","0","0","0","-7.4390034200118516","0","-9.603955777394232"
Bank of India Midcap Tax Fund-Sr 2,"Equity Linked Savings Scheme (ELSS)","Growth","27.914299999999997","3.83","0","20.054495477663362","14.190793745387676","17.196266622840305","4.823747680890523","6.503298774740812","-3.1151757645041536"
Aditya Birla SL FTP-TJ-1838D,"Fixed Maturity Plans","Growth","27.3459","0.64","0","7.781996123973803","0","7.246177863101222","1.339439897890231","6.109132646242626","2.828715307669464"
HDFC Income Plus Arbitrage Omni FOF,"FoFs (Domestic) - Hybrid","Growth","27.090100000000003","0.8999999999999999","0","0","0","0","0","0","0"
Mahindra Manulife Overnight Fund,"Overnight Fund","Growth","27.085","-0.02","0","6.415213956393431","5.588461690417068","6.229176228244038","1.234976661052007","5.363882150191562","2.5570110440678575"
Bandhan BSE India Sector Leaders Index Fund,"Index Fund","Growth","27.0717","-0.06999999999999999","0","0","0","0","-4.461942257217854","0","-7.7145961608113005"
Navi Nifty 500 Multicap 50:25:25 Index Fund,"Index Fund","Growth","26.661671000000002","0.67","0","0","0","0","-1.3847516303035088","1.9783330384739575","-4.157741850297807"
Motilal Oswal BSE Financials ex Bank 30 Index Fund,"Index Fund","Growth","26.6206","5.390000000000001","0","22.453836116626366","0","19.135087796127472","-5.81821163095758","5.034256595308923","-5.6428649655021355"
Aditya Birla SL Multi - Asset Passive FoF,"FoFs (Domestic) - Equity Oriented","Growth","26.6204","4.130000000000001","0","20.159121563462406","0","18.001957557659274","-2.494769398708272","11.041328093132268","1.8275522200187644"
Aditya Birla SL Retirement Fund-50,"Solution Oriented, Retirement Fund - Debt Oriented","Growth","26.3975","0.33","0","9.992857573502594","6.942034501830907","9.063872504499892","-0.5580173970129609","4.5042225089752375","0.43342930988969314"
ICICI Pru Nifty Top 15 Equal Weight Index Fund,"Index Fund","Growth","25.5552280707","0.64","0","0","0","0","-10.189552632349924","0","-12.880582027623579"
Bajaj Finserv Nifty Next 50 Index Fund,"Index Fund","Growth","25.009301999999998","0.61","0","0","0","0","-0.11859926124429336","4.7571571001281985","-0.6358584539452845"
ICICI Pru Nifty200 Quality 30 Index Fund,"Index Fund","Growth","24.904324868099998","0.8200000000000001","0","0","0","0","-1.0168769091813143","0","-5.6201194081843955"
Groww BSE Power ETF FoF,"FoFs (Domestic) - Equity Oriented","Growth","24.776119268000002","14.08","0","0","0","0","16.687862088455557","0","20.88062221268043"
ICICI Pru Nifty Private Bank Index Fund,"Index Fund","Growth","24.757119194","0.6","0","0","0","0","-9.994300012559291","0","-9.092328408891326"
ITI Overnight Fund,"Overnight Fund","Growth","24.7077","-0.04","0","6.202564166508417","5.400374491983007","6.005761804855947","1.1828815371753052","5.1527081524829415","2.436012915692009"
UTI Nifty India Manufacturing Index Fund,"Index Fund","Growth","24.6411","0.33","0","0","0","0","0.4882635303432739","12.003015232439488","2.2353869132528827"
Edelweiss Gold ETF FoF,"FoFs - Gold","Growth","23.3414","6.9","0","0","0","0","0","0","0"
Samco Overnight Fund,"Overnight Fund","Growth","22.7412","-0.12","0","6.258175688514093","0","6.034471834970234","1.170211488266237","5.098230367230698","2.4111865306160234"
Sundaram LT Tax Adv Fund-Sr IV,"Equity Linked Savings Scheme (ELSS)","Growth","22.630892","5.19","0","22.417043008849358","21.415389125256024","18.525771823439218","5.95685896937548","11.793247480897726","2.0860281344438074"
Groww Nifty 50 Index Fund,"Index Fund","Growth","22.439904716","0.5599999999999999","0","0","0","0","-7.4576835997608475","0","-9.670136231440377"
Navi Nifty IT Index Fund,"Index Fund","Growth","22.185253","0.44999999999999996","0","0","0","0","-8.673141883004147","-20.025249267402657","-20.70191147984358"
UTI Annual Interval Fund-I,"Debt - Interval Fund","Growth","21.8735","0.21","5.680137183485701","6.5785634951261756","6.337557143547379","6.359795445229777","1.268413690302376","5.370009201761651","2.5546859378212363"
PGIM India CRISIL IBX Gilt Index - Apr 2028 Fund,"Index Funds - Debt Oriented","Growth","21.726999999999997","0.48","0","8.067103400150542","0","7.022686208466977","0.6378179160907986","4.95357062979928","2.055594487269332"
Mirae Asset Income plus Arbitrage Active FOF,"FoFs (Domestic) - Hybrid","Growth","21.675500000000003","0.48","0","0","0","0","0.7330953988617607","0","1.9923820685613716"
Motilal Oswal Multi Factor Passive FoF,"FoFs (Domestic) - Equity Oriented","Growth","21.383000000000003","4.44","0","0","0","0","0","0","0"
UTI BSE Housing Index Fund,"Index Fund","Growth","21.307199999999998","0.74","0","0","0","0","-5.145875429827357","-5.645593545475059","-8.879338527761124"
DSP BSE Sensex Next 30 Index Fund,"Index Fund","Growth","21.2566","6.43","0","0","0","0","1.8305267502885192","12.03047237745711","4.322836208607697"
Kotak Nifty G-Sec July 2033 Index Fund,"Index Funds - Debt Oriented","Growth","20.953200000000002","0.29","0","0","0","0","-0.2105522885224389","1.865549463927385","0.6704225819566714"
Aditya Birla SL CRISIL IBX Gilt Apr 2028 Index Fund,"Index Funds - Debt Oriented","Growth","20.5872","0.47000000000000003","0","7.83073879345122","0","6.849971158493107","0.663752500161301","4.904185577407975","2.075615201550578"
Bandhan Multi-Asset Passive FOF,"FoFs (Domestic) - Hybrid","Growth","20.3807","1.1199999999999999","9.428029736283072","13.427934583777873","9.968064614636463","11.60078151474979","-2.171845762139941","5.462396273523736","-0.03582351545114197"
Kotak BSE Sensex Index Fund,"Index Fund","Growth","20.0979","-0.79","0","0","0","0","-9.002455215058655","-6.476635514018688","-12.034106891701827"
Mirae Asset Multi Factor Passive FOF,"FoFs (Domestic) - Equity Oriented","Growth","20.0801","4.04","0","0","0","0","-0.5524861878453137","0","-0.5245410266017323"
Mirae Asset Long Duration Fund,"Long Duration Fund","Growth","19.909000000000002","-1.05","0","0","0","0","-0.8894412832812195","-3.4579951951270154","-0.9682927775837321"
Baroda BNP Paribas Nifty200 Momentum 30 Index Fund,"Index Fund","Growth","19.878","0.51","0","0","0","0","-4.605074198180951","-0.7421427504109137","-6.664793218116252"
Navi BSE Sensex Index Fund,"Index Fund","Growth","19.652852","0.98","0","0","0","0","-9.028842785411225","-6.419322031183674","-11.846621555359414"
Motilal Oswal Nifty MidSmall India Consumption Index Fund,"Index Fund","Growth","19.5315","0.33999999999999997","0","0","0","0","-2.1981816089308386","-7.173641039899906","-9.379271567477447"
Bandhan Nifty Bank Index Fund,"Index Fund","Growth","19.3092","0.03","0","0","0","0","-12.39066568738733","-1.9393531752704385","-9.778507395979274"
Mirae Asset Nifty India New Age Consumption ETF FoF,"FoFs (Domestic) - Equity Oriented","Growth","19.1606","0.69","0","0","0","0","-4.836991263584049","-3.2600454890068247","-11.115533883968546"
Sundaram Conservative Hybrid Fund,"Conservative Hybrid Fund","Growth","18.747246","-1.28","7.170862913075626","8.275556483322385","7.3508871330354","6.072858395129699","-2.020097599537848","-1.5612685650747462","-2.5209855256590727"
Mahindra Manulife Income Plus Arbitrage Active FOF,"FoFs (Domestic) - Hybrid","Growth","18.5983","0.42","0","0","0","0","0.9474173482203662","0","0"
DSP Nifty Healthcare Index Fund,"Index Fund","Growth","18.5869","-0.67","0","0","0","0","8.742123777494301","0","6.5286955863139795"
Bandhan BSE Healthcare Index Fund,"Index Fund","Growth","18.0875","5.18","0","0","0","0","10.55655043361034","13.166024756451725","6.818888759283032"
Bandhan Aggressive Hybrid Passive FOF,"FoFs (Domestic) - Hybrid","Growth","17.8855","4.01","11.074425502050955","16.06678789487341","12.54108894347934","15.157486831895062","1.417561670122871","9.381937142189509","2.57678506442941"
Capitalmind Arbitrage Fund,"Arbitrage Fund","Growth","17.5479","1.15","0","0","0","0","0","0","0"
Choice Nifty 50 Index Fund,"Index Fund","Growth","17.511300000000002","-1.5","0","0","0","0","0","0","0"
Kotak Nifty500 Momentum 50 Index Fund,"Index Fund","Growth","16.9161","2.45","0","0","0","0","0.2619911326078174","0","0"
Aditya Birla SL Conservative Hybrid Active FOF,"FoFs (Domestic) - Hybrid","Growth","16.6909","0.44999999999999996","9.20478512755134","12.423722471422444","9.320909703964531","10.53394587039438","-0.8377805946008383","2.576780027170895","-0.6064006560348594"
Groww BSE Hospitals ETF FOF,"FoFs (Domestic) - Equity Oriented","Growth","16.426750225","22.29","0","0","0","0","0","0","0"
Franklin India Long Duration Fund,"Long Duration Fund","Growth","15.788545162","-0.33","0","0","0","0","-0.4879470497536745","-0.3764883053320076","0.2709385272691182"
Zerodha BSE SENSEX Index Fund,"Index Fund","Growth","15.5336","-0.62","0","0","0","0","-9.011657170468492","0","-11.96368913693519"
Zerodha Nifty LargeMidcap250 Plus 8-13 yr G-Sec 70:30 Index Fund,"Index Funds - Debt Oriented","Growth","15.011099999999999","11.78","0","0","0","0","0","0","0"
Nippon India Inv-Qrtly-II,"Debt - Interval Fund","Growth","14.6546","-0.06","6.238350475684262","6.981131472200129","6.055522030157179","6.702915212558658","1.456379878357841","5.851198607500123","2.8566152561560116"
TRUSTMF Overnight Fund,"Overnight Fund","Growth","14.295499999999999","-0.05","0","6.928698606050526","0","6.183956891662845","1.2014484875232017","5.262610927881063","2.4868295961742177"
Aditya Birla SL Retirement Fund-50 Plus-Debt Plan,"Solution Oriented, Retirement Fund - Debt Oriented","Growth","14.093599999999999","-0.8","0","6.66290129077044","5.0604880972840105","5.761392303837232","0.19931332464182458","2.8120184899845944","1.0817771167300279"
Zerodha Nifty Short Duration G-Sec Index Fund,"Index Funds - Debt Oriented","Growth","14.055399999999999","-0.29","0","0","0","0","0.026263244693310157","0","0"
Groww Nifty Capital Markets ETF FOF,"FoFs (Domestic) - Equity Oriented","Growth","14.017463716","4.07","0","0","0","0","20.344613037893385","0","0"
Kotak Nifty 200 Quality 30 Index Fund,"Index Fund","Growth","13.9978","0.98","0","0","0","0","-0.9626101935353191","0","-5.583462132921186"
Groww Nifty Midcap 150 Index Fund,"Index Fund","Growth","13.823985465","1.55","0","0","0","0","2.360777284393203","0","0.21737396298658793"
The Wealth Company Gold ETF FOF,"FoFs - Gold","Growth","13.730632866","3.47","0","0","0","0","2.20579187005209","0","0"
LIC MF Children’s Fund,"Solution Oriented - Children's Fund","Growth","13.5909","1.11","9.131257960511974","12.836562372105233","9.471549869613828","10.623781299903555","0.6860740194823544","1.7560118602581831","-3.197191707098084"
Kotak BSE Housing Index Fund,"Index Fund","Growth","13.2947","0.74","0","0","0","0","-5.188679245283022","-5.555134520651766","-8.876864580286636"
DSP Nifty 500 Index Fund,"Index Fund","Growth","13.2278","2.11","0","0","0","0","-3.516327642385062","0","0"
DSP Nifty Midcap 150 Index Fund,"Index Fund","Growth","13.0023","1.81","0","0","0","0","2.3133627664462537","0","0"
Aditya Birla SL CRISIL IBX Gilt June 2027 Index Fund,"Index Funds - Debt Oriented","Growth","12.3049","0.5499999999999999","0","0","0","0","0.9162867107679088","5.3600909858018175","2.24113071185716"
Groww Nifty India Internet ETF FOF,"FoFs (Domestic) - Equity Oriented","Growth","12.15687458","0.77","0","0","0","0","-2.903454498582097","0","-16.828758867532173"
Groww Nifty PSE ETF FOF,"FoFs (Domestic) - Equity Oriented","Growth","12.08279014","2.03","0","0","0","0","-0.2041934359280859","0","0"
Choice Nifty Next 50 Index Fund,"Index Fund","Growth","11.5133","-1.83","0","0","0","0","0","0","0"
Taurus Banking & Fin Serv Fund,"Sectoral Fund - Banks & Financial Services","Growth","11.421","1.37","13.904910453866325","15.58487152470454","11.358770253467254","9.704984548792739","-7.41274415626001","-2.248140635564568","-7.767145135566195"
Axis CRISIL-IBX AAA Bond Financial Services - Sep 2027 Index Fund,"Index Funds - Debt Oriented","Growth","10.969801","0.49","0","0","0","0","0.7935642214344225","5.553598796752002","1.959504193026342"
Mirae Asset Silver ETF FOF,"FoFs (Domestic) - Silver","Growth","10.4541","54.010000000000005","0","0","0","0","0","0","0"
DSP Nifty Smallcap 250 Index Fund,"Index Fund","Growth","10.356","2.78","0","0","0","0","4.432387227055305","0","0"
Bandhan Nifty 200 Quality 30 Index Fund,"Index Fund","Growth","10.1455","0.7000000000000001","0","0","0","0","-0.9882675700672398","-0.3368200836820224","-5.6326449759817905"
Angel One Silver ETF FOF,"FoFs (Domestic) - Silver","Growth","10.036792341","11.55","0","0","0","0","0","0","0"
Baroda BNP Paribas NIFTY Midcap 150 Index Fund,"Index Fund","Growth","9.697000000000001","0.63","0","0","0","0","2.322609954853915","8.644444221125717","0.09629005527418458"
Bandhan Nifty Alpha Low Volatility 30 Index Fund,"Index Fund","Growth","9.273200000000001","-0.42","0","0","0","0","-6.215115834543923","-2.4863113752223422","-5.018680914493674"
Navi Nifty MidSmallcap 400 Index Fund,"Index Fund","Growth","9.123306","2.6599999999999997","0","0","0","0","2.8424520766773247","0","0"
Taurus Infrastructure Fund,"Sectoral Fund - Infrastructure","Growth","9.008","-1.6199999999999999","15.513150664040708","22.311072897854196","14.377091992350488","17.43260222806253","-0.7096224808401931","-0.2139495079161399","-5.765086206896553"
Groww Nifty Next 50 Index Fund,"Index Fund","Growth","8.698729686","1.23","0","0","0","0","-0.0039003841878334122","0","-0.10909586799398771"
Zerodha Nifty MidSmallcap400 50:50 Index Fund,"Index Fund","Growth","7.8903","28.84","0","0","0","0","0","0","0"
Groww Nifty 500 Momentum 50 ETF FOF,"FoFs (Domestic) - Equity Oriented","Growth","7.776974805999999","0.77","0","0","0","0","0.9867946486107037","1.2243442046100963","-3.645006469611179"
Mirae Asset BSE Select IPO ETF FoF,"FoFs (Domestic) - Equity Oriented","Growth","7.5706","-0.22999999999999998","0","0","0","0","-0.4512126339537511","-7.332866643332174","-11.852838355252203"
Groww Nifty PSU Bank Index Fund,"Index Fund","Growth","6.868433594000001","10.96","0","0","0","0","0","0","0"
Groww Nifty 200 ETF FOF,"FoFs (Domestic) - Equity Oriented","Growth","6.670452689999999","0.53","0","0","0","0","-4.455673714290494","-0.037700448021593246","-6.440071556350616"
Mirae Asset BSE 200 Equal Weight ETF FoF,"FoFs (Domestic) - Equity Oriented","Growth","6.4666999999999994","4.08","0","0","0","0","-0.8099634210067931","4.199451052150042","-1.9542011019283774"
Taurus Nifty 50 Index Fund,"Index Fund","Growth","6.4283","0.24","12.532677885260334","13.417689770640767","9.768897917974485","9.20214163363713","-7.642414803922137","-3.924831772849185","-9.902048823098628"
Bandhan Conservative Hybrid Passive FOF,"FoFs (Domestic) - Hybrid","Growth","5.619400000000001","0.6799999999999999","7.874220204748861","9.869092996914079","7.3933639325648","8.308654273141226","-1.5813206498239523","3.5888433781938667","-0.5894767681590356"
Bandhan CRISIL-IBX 10:90 Gilt+SDL Index - Dec 2029 Fund,"Index Funds - Debt Oriented","Growth","0.38380000000000003","0.19","0","0","0","0","0.11909081605119592","3.485118045871993","1.3525095834157392"
Apex Hybrid Long-Short Fund,"Balanced Hybrid Fund","Growth","0","1.34","0","0","0","0","0","0","0"
Qsif Active Asset Allocator Long-Short Fund,"Multi Asset Allocation Fund","Growth","0","6.950000000000001","0","0","0","0","0","0","0"
Sapphire Equity Long-Short SIF,"Large Cap Fund","Growth","0","2.5100000000000002","0","0","0","0","0","0","0"
WSIF Equity Long-Short Fund,"Large Cap Fund","Growth","0","-2.54","0","0","0","0","0","0","0"
WSIF Equity Ex-Top 100 Long-Short Fund,"Mid Cap Fund","Growth","0","-2.2800000000000002","0","0","0","0","0","0","0"
Invesco India BSE Sensex Index Fund,"Index Fund","Growth","0","-17.79","0","0","0","0","0","0","0"
Invesco India Nifty Bank Index Fund,"Index Fund","Growth","0","-56.85","0","0","0","0","0","0","0"
Qsif Sector Rotation Long-Short Fund,"Thematic Fund","Growth","0","2.9899999999999998","0","0","0","0","0","0","0"